tr_build_id,gh_project_name,gh_is_pr,gh_pr_created_at,gh_pull_req_num,gh_lang,git_merged_with,git_branch,gh_num_commits_in_push,gh_commits_in_push,git_prev_commit_resolution_status,git_prev_built_commit,tr_prev_build,gh_first_commit_created_at,gh_team_size,git_all_built_commits,git_num_all_built_commits,git_trigger_commit,tr_virtual_merged_into,tr_original_commit,gh_num_issue_comments,gh_num_commit_comments,gh_num_pr_comments,git_diff_src_churn,git_diff_test_churn,gh_diff_files_added,gh_diff_files_deleted,gh_diff_files_modified,gh_diff_tests_added,gh_diff_tests_deleted,gh_diff_src_files,gh_diff_doc_files,gh_diff_other_files,gh_num_commits_on_files_touched,gh_sloc,gh_test_lines_per_kloc,gh_test_cases_per_kloc,gh_asserts_cases_per_kloc,gh_by_core_team_member,gh_description_complexity,gh_pushed_at,gh_build_started_at,tr_status,tr_duration,tr_jobs,tr_build_number,tr_job_id,tr_log_lan,tr_log_status,tr_log_setup_time,tr_log_analyzer,tr_log_frameworks,tr_log_bool_tests_ran,tr_log_bool_tests_failed,tr_log_num_tests_ok,tr_log_num_tests_failed,tr_log_num_tests_run,tr_log_num_tests_skipped,tr_log_tests_failed,tr_log_testduration,tr_log_buildduration,build_successful
56817425,mattbrictson/airbrussh,0.0,,,ruby,,master,1,a087ff4a96eb09b9b9057e4b4d8cb761f4376762,build_found,d21e8e9380ed9d32d9f4cf11f6e12996bb52ddcd,56817053,2015-04-02 01:01:07,3,a087ff4a96eb09b9b9057e4b4d8cb761f4376762,1,a087ff4a96eb09b9b9057e4b4d8cb761f4376762,,a087ff4a96eb09b9b9057e4b4d8cb761f4376762,,0,,0,0,0,0,1,0,0,0,0,1,1,311,170.418006430868,22.508038585209,19.2926045016077,1.0,,2015-04-02 01:01:56,2015-04-02 01:03:17,passed,12,[56817426],2,56817426,ruby,ok,2,ruby,,0.0,,,,,,,,,0
60869558,mattbrictson/airbrussh,0.0,,,ruby,,master,1,e5236dc4d4b7d45c8020536a105d834b3be45f3c,build_found,a087ff4a96eb09b9b9057e4b4d8cb761f4376762,56817425,2015-05-01 18:04:49,3,e5236dc4d4b7d45c8020536a105d834b3be45f3c,1,e5236dc4d4b7d45c8020536a105d834b3be45f3c,,e5236dc4d4b7d45c8020536a105d834b3be45f3c,,0,,3,0,0,0,3,0,0,3,0,0,11,311,170.418006430868,22.508038585209,19.2926045016077,1.0,,2015-05-01 18:08:22,2015-05-01 18:09:19,passed,14,[60869559],4,60869559,ruby,ok,1,ruby,,0.0,,,,,,,,,0
60921551,mattbrictson/airbrussh,0.0,,,ruby,,master,1,ec3122b101de53f2304723da842d5c8b6f70f4f3,build_found,e5236dc4d4b7d45c8020536a105d834b3be45f3c,60869558,2015-05-02 04:03:30,3,ec3122b101de53f2304723da842d5c8b6f70f4f3,1,ec3122b101de53f2304723da842d5c8b6f70f4f3,,ec3122b101de53f2304723da842d5c8b6f70f4f3,,0,,64,0,1,0,2,0,0,3,0,0,12,342,154.970760233918,20.4678362573099,17.5438596491228,1.0,,2015-05-02 04:08:19,2015-05-02 04:08:31,passed,13,[60921552],5,60921552,ruby,ok,2,ruby,,0.0,,,,,,,,,0
61063009,mattbrictson/airbrussh,0.0,,,ruby,,master,1,658f880df250fcd04d0951596cd323a45bcbf945,build_found,ec3122b101de53f2304723da842d5c8b6f70f4f3,60921551,2015-05-03 19:31:40,3,658f880df250fcd04d0951596cd323a45bcbf945,1,658f880df250fcd04d0951596cd323a45bcbf945,,658f880df250fcd04d0951596cd323a45bcbf945,,0,,9,0,0,0,2,0,0,2,0,0,10,342,154.970760233918,20.4678362573099,17.5438596491228,1.0,,2015-05-03 19:32:12,2015-05-03 19:32:32,passed,20,[61063010],6,61063010,ruby,ok,7,ruby,,0.0,,,,,,,,,0
61469281,mattbrictson/airbrussh,0.0,,,ruby,,master,2,66271b1566f946afdbd0c4db8c1215b6a84ca2eb#8f82ec86b765dd3fce75ea998950551bcd890d44,build_found,658f880df250fcd04d0951596cd323a45bcbf945,61063014,2015-05-06 13:56:43,3,8f82ec86b765dd3fce75ea998950551bcd890d44#66271b1566f946afdbd0c4db8c1215b6a84ca2eb,2,8f82ec86b765dd3fce75ea998950551bcd890d44,,8f82ec86b765dd3fce75ea998950551bcd890d44,,0,,14,0,0,0,3,0,0,3,0,0,15,339,156.342182890855,20.6489675516224,17.6991150442478,1.0,,2015-05-06 14:02:28,2015-05-06 14:03:16,passed,13,[61469282],8,61469282,ruby,ok,2,ruby,,0.0,,,,,,,,,0
62017995,mattbrictson/airbrussh,0.0,,,ruby,,master,2,4f96607d29c58ba57e1345cfb016114832542ff1#85e4454492d2470ca20258163ed15d570332e439,build_found,8f82ec86b765dd3fce75ea998950551bcd890d44,61469291,2015-05-10 23:44:14,3,85e4454492d2470ca20258163ed15d570332e439#4f96607d29c58ba57e1345cfb016114832542ff1,2,85e4454492d2470ca20258163ed15d570332e439,,85e4454492d2470ca20258163ed15d570332e439,,0,,59,0,2,0,5,0,0,4,0,2,15,332,159.638554216867,21.0843373493976,18.0722891566265,1.0,,2015-05-11 00:20:26,2015-05-11 00:20:42,passed,15,[62017996],11,62017996,ruby,ok,1,ruby,,0.0,,,,,,,,,0
63894451,mattbrictson/airbrussh,0.0,,,ruby,,master,3,5809822c0a10867f30ad4c013b538e459bde0653#cca95a5178385f2ccda83ab354a118570098b542#607ce2aa043194fc4af3b380b550975a9159d0e3,merge_found,,,2015-05-22 17:07:33,3,607ce2aa043194fc4af3b380b550975a9159d0e3,1,607ce2aa043194fc4af3b380b550975a9159d0e3,,607ce2aa043194fc4af3b380b550975a9159d0e3,,0,,26,0,1,0,3,0,0,3,0,1,16,344,154.06976744186,20.3488372093023,17.4418604651163,1.0,,2015-05-24 23:23:52,2015-05-24 23:24:13,passed,180,"[63894452, 63894453, 63894454, 63894455, 63894456, 63894457, 63894458, 63894459, 63894460, 63894461, 63894462, 63894463]",33,63894452,ruby,ok,2,ruby,,0.0,,,,,,,,,0
64110301,mattbrictson/airbrussh,1.0,2015-05-22 12:36:36,13,ruby,commits_in_master,master,5,e04e46034651803d2aac9ba7c829e7043be47fcd#dc215353f59d4389cf88c82808feb940e9d72a53#6d70d1954e8b783046eda2d2f0921808585647d8#831a6b11a84123fb96d6eb52f6e0523861053d0e#ba871b9cdcf35e76dab786d76c573662b6cd166a,build_found,607ce2aa043194fc4af3b380b550975a9159d0e3,63894451,2015-05-22 14:24:42,3,dc215353f59d4389cf88c82808feb940e9d72a53#e04e46034651803d2aac9ba7c829e7043be47fcd,2,dc215353f59d4389cf88c82808feb940e9d72a53,607ce2aa043194fc4af3b380b550975a9159d0e3,a540d02fe5a511d385614741643ec84774ef9e8a,1,0,1,0,341,1,0,2,0,0,1,0,1,5,344,927.325581395349,43.6046511627907,110.46511627907,1.0,170,2015-05-30 15:02:42,2015-05-26 15:19:51,passed,227,"[64110302, 64110303, 64110304, 64110305, 64110306, 64110307, 64110308, 64110309, 64110310, 64110311, 64110312, 64110313]",37,64110313,ruby,ok,2,ruby,,0.0,,,,,,,,,0
64659097,mattbrictson/airbrussh,0.0,,,ruby,,master,1,7c99497dae70fdfd8764210e226761cf23683266,build_found,607ce2aa043194fc4af3b380b550975a9159d0e3,63894451,2015-05-30 00:30:33,3,7c99497dae70fdfd8764210e226761cf23683266,1,7c99497dae70fdfd8764210e226761cf23683266,,7c99497dae70fdfd8764210e226761cf23683266,,0,,2,0,0,0,1,0,0,1,0,0,15,344,154.06976744186,20.3488372093023,17.4418604651163,1.0,,2015-05-30 00:30:56,2015-05-30 00:31:41,passed,157,"[64659098, 64659099, 64659100, 64659101, 64659102, 64659103, 64659106, 64659108, 64659110, 64659112, 64659114, 64659116]",39,64659116,ruby,ok,1,ruby,,0.0,,,,,,,,,0
64672721,mattbrictson/airbrussh,1.0,2015-05-30 03:30:06,18,ruby,commits_in_master,master,,,build_found,dc215353f59d4389cf88c82808feb940e9d72a53,64110301,,3,24343d607a51c8ade671775830a9d3ba383dfc46#97f6619218df20213db1ffcf95939457ac0f10d7,2,24343d607a51c8ade671775830a9d3ba383dfc46,7c99497dae70fdfd8764210e226761cf23683266,5d5b48efd1323f1d377a94f6d48aea0af573f5f8,0,0,0,43,8,1,0,3,0,0,3,0,1,17,376,848.404255319149,39.8936170212766,101.063829787234,1.0,48,,2015-05-30 05:30:30,passed,250,"[64672722, 64672723, 64672724, 64672725, 64672726, 64672727, 64672728, 64672729, 64672730, 64672731, 64672732, 64672733, 64672734, 64672735, 64672736, 64672737]",41,64672731,ruby,ok,1,ruby,,0.0,,,,,,,,,0
64707604,mattbrictson/airbrussh,0.0,,,ruby,,master,5,e04e46034651803d2aac9ba7c829e7043be47fcd#dc215353f59d4389cf88c82808feb940e9d72a53#6d70d1954e8b783046eda2d2f0921808585647d8#831a6b11a84123fb96d6eb52f6e0523861053d0e#ba871b9cdcf35e76dab786d76c573662b6cd166a,merge_found,,,2015-05-22 14:24:42,3,ba871b9cdcf35e76dab786d76c573662b6cd166a,1,ba871b9cdcf35e76dab786d76c573662b6cd166a,,ba871b9cdcf35e76dab786d76c573662b6cd166a,,0,,40,337,2,0,3,0,0,4,0,1,19,369,864.49864498645,40.650406504065,102.981029810298,1.0,,2015-05-30 15:02:42,2015-05-30 15:03:39,passed,249,"[64707605, 64707606, 64707607, 64707608, 64707609, 64707610, 64707611, 64707612, 64707613, 64707614, 64707615, 64707616, 64707617, 64707618, 64707619, 64707620]",43,64707619,ruby,ok,1,ruby,,0.0,,,,,,,,,0
64900321,mattbrictson/airbrussh,1.0,2015-05-26 10:52:08,17,ruby,commits_in_master,master,11,17783c349b5a8161d4379b623d8667142b8e4cc1#ba0e8e8749060b9c9fddcc5a444a8fe1876fa447#512571a72444681be7d63b5d5668664fbb35c762#a489729686f5da09f6f9c80901adcaddadf973d1#69bb264f7894d85daf8febc9d16f714e9e2adbfe#2b29ea7cc061f947e1a418fbc64dcb42ed634285#56ed8853e6c05b16c54912d9691d82f1fa0e1fb9#166847846988f637370493604133c9f8d7c16db7#7ea7a65463f79bca0087e3d9fe6496ac5cdabe30#430ca0843bfd78f58a0db86532d1f69b8dab7387#a3243916900dac02c05f7df78bf7ad7e200a4f18,build_found,ba871b9cdcf35e76dab786d76c573662b6cd166a,64707604,2015-05-26 16:59:40,3,430ca0843bfd78f58a0db86532d1f69b8dab7387#7ea7a65463f79bca0087e3d9fe6496ac5cdabe30#166847846988f637370493604133c9f8d7c16db7#56ed8853e6c05b16c54912d9691d82f1fa0e1fb9#2b29ea7cc061f947e1a418fbc64dcb42ed634285#69bb264f7894d85daf8febc9d16f714e9e2adbfe#a489729686f5da09f6f9c80901adcaddadf973d1#512571a72444681be7d63b5d5668664fbb35c762#ba0e8e8749060b9c9fddcc5a444a8fe1876fa447#17783c349b5a8161d4379b623d8667142b8e4cc1#9ff6c578869bff0b4a33d19ecd95eb33fb184972,11,430ca0843bfd78f58a0db86532d1f69b8dab7387,ba871b9cdcf35e76dab786d76c573662b6cd166a,e37b1312698b34a56acd1591eb093935c2237ef2,3,0,0,215,15,0,1,2,0,0,3,0,0,15,353,932.011331444759,45.3257790368272,110.481586402266,1.0,155,2015-06-23 21:59:03,2015-06-01 11:39:07,passed,257,"[64900322, 64900323, 64900324, 64900328, 64900330, 64900332, 64900333, 64900334, 64900335, 64900336, 64900339, 64900340, 64900342, 64900344, 64900346, 64900347]",45,64900340,ruby,ok,1,ruby,,0.0,,,,,,,,,0
64958871,mattbrictson/airbrussh,0.0,,,ruby,,master,2,9ff6c578869bff0b4a33d19ecd95eb33fb184972#41b94f0b4d77a5894dc78c9ad219d06cb668af44,merge_found,,,2015-06-01 09:54:18,3,41b94f0b4d77a5894dc78c9ad219d06cb668af44,1,41b94f0b4d77a5894dc78c9ad219d06cb668af44,,41b94f0b4d77a5894dc78c9ad219d06cb668af44,,0,,0,15,0,0,1,0,0,1,0,0,5,369,891.59891598916,43.360433604336,105.691056910569,1.0,,2015-06-01 18:14:33,2015-06-01 18:15:26,passed,280,"[64958872, 64958873, 64958874, 64958875, 64958876, 64958877, 64958878, 64958879, 64958880, 64958881, 64958882, 64958883, 64958884, 64958885, 64958886, 64958887]",46,64958886,ruby,ok,2,ruby,,0.0,,,,,,,,,0
66617075,mattbrictson/airbrussh,0.0,,,ruby,,master,2,a105a6dcd8a2ab7bfdcb5840f5de11702e2a18ed#c2b26c639df875ee54722239b1dbe46074936b0d,build_found,41b94f0b4d77a5894dc78c9ad219d06cb668af44,64958871,2015-06-12 22:50:45,3,c2b26c639df875ee54722239b1dbe46074936b0d#a105a6dcd8a2ab7bfdcb5840f5de11702e2a18ed,2,c2b26c639df875ee54722239b1dbe46074936b0d,,c2b26c639df875ee54722239b1dbe46074936b0d,,0,,29,0,0,0,1,0,0,1,0,0,12,369,891.59891598916,43.360433604336,105.691056910569,1.0,,2015-06-12 22:57:02,2015-06-12 22:57:55,passed,249,"[66617076, 66617077, 66617078, 66617079, 66617080, 66617081, 66617082, 66617083, 66617084, 66617085, 66617086, 66617087, 66617088, 66617089, 66617090, 66617091]",47,66617082,ruby,ok,2,ruby,,0.0,,,,,,,,,0
67593108,mattbrictson/airbrussh,0.0,,,ruby,,master,1,2871d0034170ac896c0a6bf35cd25e0231948417,build_found,fa6a4a752ebe37aac41b6b40cce7347d5077db1a,67584838,2015-06-19 22:00:12,3,2871d0034170ac896c0a6bf35cd25e0231948417,1,2871d0034170ac896c0a6bf35cd25e0231948417,,2871d0034170ac896c0a6bf35cd25e0231948417,,0,,5,0,0,0,1,0,0,1,0,0,8,369,891.59891598916,43.360433604336,105.691056910569,1.0,,2015-06-19 22:00:30,2015-06-19 22:01:28,failed,336,"[67593109, 67593110, 67593111, 67593112, 67593113, 67593114, 67593115, 67593116, 67593117, 67593118, 67593119, 67593120, 67593121, 67593122, 67593123, 67593124]",49,67593122,ruby,ok,5,ruby,,0.0,,,,,,,,,0
67593637,mattbrictson/airbrussh,0.0,,,ruby,,master,2,47e6316dabbdfac161c0aed1ffaf6f4c0e185a33#86d64a14b7f755929327339deeac3b3466464c14,build_found,2871d0034170ac896c0a6bf35cd25e0231948417,67593108,2015-06-19 22:03:36,3,86d64a14b7f755929327339deeac3b3466464c14#47e6316dabbdfac161c0aed1ffaf6f4c0e185a33,2,86d64a14b7f755929327339deeac3b3466464c14,,86d64a14b7f755929327339deeac3b3466464c14,,0,,12,0,0,0,2,0,0,2,0,0,9,369,891.59891598916,43.360433604336,105.691056910569,1.0,,2015-06-19 22:04:03,2015-06-19 22:05:25,passed,257,"[67593638, 67593639, 67593640, 67593641, 67593642, 67593643, 67593644, 67593645, 67593650, 67593651, 67593652, 67593653, 67593654, 67593655, 67593656, 67593657]",50,67593640,ruby,ok,2,ruby,,0.0,,,,,,,,,0
67605437,mattbrictson/airbrussh,0.0,,,ruby,,master,1,57a1edfe6007ff0f76fe61fdc92fdcfff0923260,build_found,86d64a14b7f755929327339deeac3b3466464c14,67593637,2015-06-20 00:17:12,3,57a1edfe6007ff0f76fe61fdc92fdcfff0923260,1,57a1edfe6007ff0f76fe61fdc92fdcfff0923260,,57a1edfe6007ff0f76fe61fdc92fdcfff0923260,,0,,13,0,0,0,2,0,0,2,0,0,11,369,891.59891598916,43.360433604336,105.691056910569,1.0,,2015-06-20 00:17:30,2015-06-20 00:18:15,passed,247,"[67605439, 67605441, 67605443, 67605445, 67605446, 67605447, 67605448, 67605449, 67605450, 67605451, 67605452, 67605453, 67605454, 67605455, 67605456, 67605457]",51,67605443,ruby,ok,1,ruby,,0.0,,,,,,,,,0
67606203,mattbrictson/airbrussh,0.0,,,ruby,,master,1,ce6e6952b314e5bcee28bd334fb4eeb8611b9766,build_found,57a1edfe6007ff0f76fe61fdc92fdcfff0923260,67605437,2015-06-20 00:26:38,3,ce6e6952b314e5bcee28bd334fb4eeb8611b9766,1,ce6e6952b314e5bcee28bd334fb4eeb8611b9766,,ce6e6952b314e5bcee28bd334fb4eeb8611b9766,,0,,32,0,1,0,1,0,0,2,0,0,16,369,891.59891598916,43.360433604336,105.691056910569,1.0,,2015-06-20 00:27:02,2015-06-20 00:27:45,passed,238,"[67606204, 67606205, 67606206, 67606207, 67606208, 67606209, 67606210, 67606211, 67606212, 67606213, 67606214, 67606215, 67606216, 67606217, 67606218, 67606219]",52,67606210,ruby,ok,1,ruby,,0.0,,,,,,,,,0
68071459,mattbrictson/airbrussh,0.0,,,ruby,,master,11,17783c349b5a8161d4379b623d8667142b8e4cc1#ba0e8e8749060b9c9fddcc5a444a8fe1876fa447#512571a72444681be7d63b5d5668664fbb35c762#a489729686f5da09f6f9c80901adcaddadf973d1#69bb264f7894d85daf8febc9d16f714e9e2adbfe#2b29ea7cc061f947e1a418fbc64dcb42ed634285#56ed8853e6c05b16c54912d9691d82f1fa0e1fb9#166847846988f637370493604133c9f8d7c16db7#7ea7a65463f79bca0087e3d9fe6496ac5cdabe30#430ca0843bfd78f58a0db86532d1f69b8dab7387#a3243916900dac02c05f7df78bf7ad7e200a4f18,merge_found,,,2015-05-26 16:59:40,3,a3243916900dac02c05f7df78bf7ad7e200a4f18,1,a3243916900dac02c05f7df78bf7ad7e200a4f18,,a3243916900dac02c05f7df78bf7ad7e200a4f18,,0,,145,0,0,1,1,0,0,2,0,0,23,353,932.011331444759,45.3257790368272,110.481586402266,1.0,,2015-06-23 21:59:03,2015-06-23 21:59:51,passed,828,"[68071460, 68071463, 68071464, 68071465, 68071466, 68071467, 68071469, 68071471, 68071472, 68071473, 68071474, 68071475, 68071476, 68071479, 68071481, 68071482]",53,68071471,ruby,ok,4,ruby,,0.0,,,,,,,,,0
68072114,mattbrictson/airbrussh,0.0,,,ruby,,master,6,11b889205ccc1e1e4b2c21621cfdc385df0d6299#2dbc2cd11dd1635677cd7f86a0418c29e76a04fb#08bb9c3b6670aca5309437ea1ccf25502c719f97#395c0bce286abdede9ca31b9912a5f4edd24346f#019d9cd40e12db4068158f2f5a561b166c07cd1b#4f7cbe2f194c00017bc77f326a17ec61a8f2adc8,merge_found,,,2015-06-23 21:34:12,3,4f7cbe2f194c00017bc77f326a17ec61a8f2adc8,1,4f7cbe2f194c00017bc77f326a17ec61a8f2adc8,,4f7cbe2f194c00017bc77f326a17ec61a8f2adc8,,0,,18,43,3,0,6,0,0,11,0,1,33,353,960.339943342776,45.3257790368272,110.481586402266,1.0,,2015-06-23 22:03:28,2015-06-23 22:04:14,passed,607,"[68072115, 68072116, 68072117, 68072118, 68072119, 68072120, 68072121, 68072122, 68072123, 68072124, 68072125, 68072126, 68072127, 68072128, 68072129, 68072130]",54,68072117,ruby,ok,2,ruby,,0.0,,,,,,,,,0
68074617,mattbrictson/airbrussh,0.0,,,ruby,,master,1,5a2064b2b3bab68e83edca76b6b2a4308af641aa,build_found,4f7cbe2f194c00017bc77f326a17ec61a8f2adc8,68072114,2015-06-23 22:19:38,3,5a2064b2b3bab68e83edca76b6b2a4308af641aa,1,5a2064b2b3bab68e83edca76b6b2a4308af641aa,,5a2064b2b3bab68e83edca76b6b2a4308af641aa,,0,,16,0,0,0,2,0,0,1,0,1,24,352,963.068181818182,45.4545454545455,110.795454545455,1.0,,2015-06-23 22:19:40,2015-06-23 22:21:46,passed,601,"[68074618, 68074620, 68074623, 68074624, 68074625, 68074626, 68074627, 68074628, 68074629, 68074632, 68074633, 68074635, 68074637, 68074638, 68074639, 68074640]",55,68074638,ruby,ok,1,ruby,,0.0,,,,,,,,,0
68090650,mattbrictson/airbrussh,0.0,,,ruby,,master,2,187df3c2c9f99ab0f06e7e54ca583a0e740e1598#9f855a71255b4647e777283ee1a710679d3405a1,build_found,5a2064b2b3bab68e83edca76b6b2a4308af641aa,68074617,2015-06-23 23:30:57,3,9f855a71255b4647e777283ee1a710679d3405a1#187df3c2c9f99ab0f06e7e54ca583a0e740e1598,2,9f855a71255b4647e777283ee1a710679d3405a1,,9f855a71255b4647e777283ee1a710679d3405a1,,0,,34,72,1,0,6,0,0,7,0,0,38,349,994.269340974212,48.7106017191977,126.074498567335,1.0,,2015-06-24 01:01:51,2015-06-24 01:02:22,passed,573,"[68090651, 68090652, 68090653, 68090654, 68090658, 68090659, 68090660, 68090661, 68090662, 68090663, 68090664, 68090665, 68090666, 68090667, 68090668, 68090669]",58,68090667,ruby,ok,3,ruby,,0.0,,,,,,,,,0
68090954,mattbrictson/airbrussh,1.0,2015-06-23 23:04:05,21,ruby,commits_in_master,master,4,187df3c2c9f99ab0f06e7e54ca583a0e740e1598#9f855a71255b4647e777283ee1a710679d3405a1#a41a874964d015354d32bf6d1b3cbd94c69417f9#40206b81577d5e328dcacd37dbfcd56f29565514,build_found,9f855a71255b4647e777283ee1a710679d3405a1,68090650,2015-06-23 23:30:57,3,40206b81577d5e328dcacd37dbfcd56f29565514#a41a874964d015354d32bf6d1b3cbd94c69417f9,2,40206b81577d5e328dcacd37dbfcd56f29565514,9f855a71255b4647e777283ee1a710679d3405a1,0dd4ec785ef1097dfc40b0b7d89998c7bf4b08a0,0,0,0,171,99,4,0,2,0,0,6,0,0,28,403,1044.66501240695,54.590570719603,143.920595533499,1.0,110,2015-06-24 01:05:02,2015-06-24 01:08:45,passed,586,"[68090955, 68090956, 68090957, 68090958, 68090959, 68090960, 68090961, 68090962, 68090963, 68090964, 68090965, 68090966, 68090967, 68090968, 68090969, 68090970]",60,68090956,ruby,ok,2,ruby,,0.0,,,,,,,,,0
68091105,mattbrictson/airbrussh,1.0,2015-06-23 23:04:05,21,ruby,commits_in_master,master,1,33685632c58e8ddda454318634ea1b35025cb51a,build_found,40206b81577d5e328dcacd37dbfcd56f29565514,68090954,2015-06-24 01:06:46,3,33685632c58e8ddda454318634ea1b35025cb51a,1,33685632c58e8ddda454318634ea1b35025cb51a,9f855a71255b4647e777283ee1a710679d3405a1,3f255ab713b49f3a85a11efa91b4e0a1b51be78d,0,0,0,6,0,0,0,1,0,0,1,0,0,27,400,1052.5,55.0,145.0,1.0,110,2015-06-24 01:07:02,2015-06-24 01:14:59,passed,578,"[68091106, 68091107, 68091108, 68091109, 68091110, 68091111, 68091112, 68091113, 68091114, 68091115, 68091116, 68091117, 68091123, 68091124, 68091125, 68091126]",62,68091114,ruby,ok,1,ruby,,0.0,,,,,,,,,0
68184906,mattbrictson/airbrussh,0.0,,,ruby,,master,4,a41a874964d015354d32bf6d1b3cbd94c69417f9#40206b81577d5e328dcacd37dbfcd56f29565514#33685632c58e8ddda454318634ea1b35025cb51a#7336761919647c1972ef59759f07048a42343705,merge_found,,,2015-06-23 23:47:10,3,7336761919647c1972ef59759f07048a42343705,1,7336761919647c1972ef59759f07048a42343705,,7336761919647c1972ef59759f07048a42343705,,0,,171,99,4,0,2,0,0,6,0,0,31,400,1052.5,55.0,145.0,1.0,,2015-06-24 16:29:11,2015-06-24 16:30:46,passed,688,"[68184907, 68184908, 68184909, 68184910, 68184911, 68184912, 68184913, 68184914, 68184915, 68184916, 68184917, 68184918, 68184920, 68184922, 68184923, 68184924]",68,68184915,ruby,ok,2,ruby,,0.0,,,,,,,,,0
68186010,mattbrictson/airbrussh,0.0,,,ruby,,master,6,f9a866b504ed80a8419cca5f3d521169b6938e7e#606f4c660e92b2e8b0e257f92a5097e00a5da938#ba2f4e109ec929fab302c47be0e9271a57f6b7e2#3455fad7a1729c269563a1e48ad2c4e575d7c77c#1a08c6b8215f7afb7f5bc0d07025255f9fd31740#a85402691121e83624215482d333b42051c17707,merge_found,,,2015-06-24 04:03:44,3,a85402691121e83624215482d333b42051c17707,1,a85402691121e83624215482d333b42051c17707,,a85402691121e83624215482d333b42051c17707,,0,,184,69,4,0,3,0,0,7,0,0,47,437,1093.82151029748,70.9382151029748,153.318077803204,1.0,,2015-06-24 16:36:36,2015-06-24 16:47:31,passed,613,"[68186012, 68186014, 68186016, 68186017, 68186018, 68186019, 68186020, 68186021, 68186022, 68186023, 68186024, 68186025, 68186026, 68186027, 68186028, 68186029]",73,68186029,ruby,ok,2,ruby,,0.0,,,,,,,,,0
68188753,mattbrictson/airbrussh,0.0,,,ruby,,master,,,build_found,a85402691121e83624215482d333b42051c17707,68186010,,3,f1f9d54e5fe4be63e871fa0bb25c11a067694ef9,1,f1f9d54e5fe4be63e871fa0bb25c11a067694ef9,,f1f9d54e5fe4be63e871fa0bb25c11a067694ef9,,0,,12,0,0,0,2,0,0,2,0,0,18,437,1093.82151029748,70.9382151029748,153.318077803204,1.0,,,2015-06-24 16:58:19,passed,601,"[68188754, 68188755, 68188756, 68188757, 68188758, 68188759, 68188760, 68188761, 68188762, 68188764, 68188767, 68188769, 68188771, 68188773, 68188775, 68188777]",74,68188777,ruby,ok,1,ruby,,0.0,,,,,,,,,0
68215330,mattbrictson/airbrussh,0.0,,,ruby,,master,1,a0c6dd266270a7c59a60c9137f6562af06cde495,build_found,f1f9d54e5fe4be63e871fa0bb25c11a067694ef9,68188778,2015-06-24 19:54:02,3,a0c6dd266270a7c59a60c9137f6562af06cde495,1,a0c6dd266270a7c59a60c9137f6562af06cde495,,a0c6dd266270a7c59a60c9137f6562af06cde495,,0,,4,0,0,0,3,0,0,3,0,0,22,439,1088.83826879271,70.6150341685649,152.619589977221,1.0,,2015-06-24 19:54:37,2015-06-24 19:56:23,passed,612,"[68215331, 68215332, 68215333, 68215334, 68215335, 68215336, 68215337, 68215338, 68215339, 68215340, 68215341, 68215342, 68215343, 68215344, 68215345, 68215346]",76,68215333,ruby,ok,2,ruby,,0.0,,,,,,,,,0
68216175,mattbrictson/airbrussh,0.0,,,ruby,,master,1,8ea51618a2bc26ce097025747d163da50c6cebae,build_found,a0c6dd266270a7c59a60c9137f6562af06cde495,68215330,2015-06-24 19:55:53,3,8ea51618a2bc26ce097025747d163da50c6cebae,1,8ea51618a2bc26ce097025747d163da50c6cebae,,8ea51618a2bc26ce097025747d163da50c6cebae,,0,,8,0,0,0,2,0,0,2,0,0,20,439,1088.83826879271,70.6150341685649,152.619589977221,1.0,,2015-06-24 20:00:22,2015-06-24 20:02:10,passed,833,"[68216177, 68216180, 68216188, 68216196, 68216197, 68216198, 68216200, 68216203, 68216205, 68216206, 68216207, 68216209, 68216211, 68216217, 68216222, 68216223]",77,68216223,ruby,ok,3,ruby,,0.0,,,,,,,,,0
68626915,mattbrictson/airbrussh,1.0,2015-06-27 17:02:10,27,ruby,commits_in_master,master,4,afb6133797145c9276b4d446b1bc675da0c6b316#edba84be2c8839c1c4d99634de3052cd7455b714#3450e439eaaebb3f5f5b4b49698bfa2174b09e1f#fc6aaa0ece670aedce5c4db6669f9d3606bf8a8a,build_found,8ea51618a2bc26ce097025747d163da50c6cebae,68216224,2015-06-27 18:13:08,3,edba84be2c8839c1c4d99634de3052cd7455b714#afb6133797145c9276b4d446b1bc675da0c6b316,2,edba84be2c8839c1c4d99634de3052cd7455b714,8ea51618a2bc26ce097025747d163da50c6cebae,751b740e2d005e78564678b8a457101ff6afd50d,3,0,0,0,101,0,0,1,0,0,1,0,0,5,439,1175.3986332574,70.6150341685649,152.619589977221,1.0,190,2015-06-28 02:29:20,2015-06-27 19:02:36,failed,524,"[68626916, 68626917, 68626918, 68626919, 68626920, 68626921, 68626922, 68626923, 68626924, 68626925, 68626926, 68626927, 68626928, 68626929, 68626930, 68626931]",79,68626919,ruby,broken,2,ruby,,0.0,,,,,,,,,0
68630228,mattbrictson/airbrussh,0.0,,,ruby,,master,1,bc3aa0036704ffb1e93b44c963504de74ccf378c,build_found,8ea51618a2bc26ce097025747d163da50c6cebae,68216224,2015-06-27 19:43:12,3,bc3aa0036704ffb1e93b44c963504de74ccf378c,1,bc3aa0036704ffb1e93b44c963504de74ccf378c,,bc3aa0036704ffb1e93b44c963504de74ccf378c,,0,,8,0,0,0,1,0,0,1,0,0,14,439,1088.83826879271,70.6150341685649,152.619589977221,1.0,,2015-06-27 19:43:39,2015-06-27 19:43:58,passed,499,"[68630230, 68630232, 68630233, 68630235, 68630237, 68630238, 68630239, 68630240, 68630241, 68630242, 68630243, 68630244, 68630245, 68630246, 68630247, 68630248]",80,68630242,ruby,ok,2,ruby,,0.0,,,,,,,,,0
68646279,mattbrictson/airbrussh,1.0,2015-06-27 21:21:09,29,ruby,commits_in_master,master,5,aea54c2e5a0d45608fcf387dde700064b3e6573f#a232671308897f5fadc7153a2f136295ae69ca36#e0fafaef55b560b2e4f29eceab6b8c8ee09ff9fa#e83843ac2e10e3e16bd7032c5b11fc5df72987e3#efe342cd92483add2110d8d6d8dff6804eb96270,build_found,edba84be2c8839c1c4d99634de3052cd7455b714,68626915,2015-06-27 21:59:09,3,e83843ac2e10e3e16bd7032c5b11fc5df72987e3#e0fafaef55b560b2e4f29eceab6b8c8ee09ff9fa#a232671308897f5fadc7153a2f136295ae69ca36#aea54c2e5a0d45608fcf387dde700064b3e6573f#3450e439eaaebb3f5f5b4b49698bfa2174b09e1f,5,e83843ac2e10e3e16bd7032c5b11fc5df72987e3,bc3aa0036704ffb1e93b44c963504de74ccf378c,f864e3a03eacb62eb80c2346a67a349b2c78f586,0,0,0,91,84,1,1,6,0,0,7,0,1,44,403,1275.43424317618,79.4044665012407,166.253101736973,1.0,71,2015-06-28 02:33:40,2015-06-27 23:21:26,passed,363,"[68646280, 68646281, 68646282, 68646283, 68646284, 68646285, 68646286, 68646287, 68646288, 68646289, 68646290, 68646291]",82,68646281,ruby,ok,1,ruby,,0.0,,,,,,,,,0
68655587,mattbrictson/airbrussh,0.0,,,ruby,,master,4,afb6133797145c9276b4d446b1bc675da0c6b316#edba84be2c8839c1c4d99634de3052cd7455b714#3450e439eaaebb3f5f5b4b49698bfa2174b09e1f#fc6aaa0ece670aedce5c4db6669f9d3606bf8a8a,merge_found,,,2015-06-27 18:13:08,3,fc6aaa0ece670aedce5c4db6669f9d3606bf8a8a,1,fc6aaa0ece670aedce5c4db6669f9d3606bf8a8a,,fc6aaa0ece670aedce5c4db6669f9d3606bf8a8a,,0,,0,130,1,0,2,0,0,3,0,0,9,439,1177.67653758542,72.8929384965831,152.619589977221,1.0,,2015-06-28 02:29:20,2015-06-28 02:29:33,passed,483,"[68655588, 68655589, 68655590, 68655591, 68655592, 68655593, 68655594, 68655595, 68655596, 68655597, 68655598, 68655599, 68655600, 68655601, 68655602, 68655603]",83,68655592,ruby,ok,1,ruby,,0.0,,,,,,,,,0
68655750,mattbrictson/airbrussh,0.0,,,ruby,,master,5,aea54c2e5a0d45608fcf387dde700064b3e6573f#a232671308897f5fadc7153a2f136295ae69ca36#e0fafaef55b560b2e4f29eceab6b8c8ee09ff9fa#e83843ac2e10e3e16bd7032c5b11fc5df72987e3#efe342cd92483add2110d8d6d8dff6804eb96270,merge_found,,,2015-06-27 21:59:09,3,efe342cd92483add2110d8d6d8dff6804eb96270,1,efe342cd92483add2110d8d6d8dff6804eb96270,,efe342cd92483add2110d8d6d8dff6804eb96270,,0,,79,41,0,1,5,0,0,5,0,1,49,403,1275.43424317618,79.4044665012407,166.253101736973,1.0,,2015-06-28 02:33:40,2015-06-28 02:33:55,passed,376,"[68655751, 68655752, 68655753, 68655754, 68655755, 68655756, 68655757, 68655758, 68655759, 68655760, 68655761, 68655762]",84,68655757,ruby,ok,1,ruby,,0.0,,,,,,,,,0
68854042,mattbrictson/airbrussh,0.0,,,ruby,,master,2,7f6ba3293fb038cd88e9d1c3b4bcf22b0ea999cb#481fe245436079e7cb6d4cf0fe35af6db1d81a79,build_found,efe342cd92483add2110d8d6d8dff6804eb96270,68655750,2015-06-29 18:10:12,3,481fe245436079e7cb6d4cf0fe35af6db1d81a79#7f6ba3293fb038cd88e9d1c3b4bcf22b0ea999cb,2,481fe245436079e7cb6d4cf0fe35af6db1d81a79,,481fe245436079e7cb6d4cf0fe35af6db1d81a79,,0,,33,1,0,0,5,0,0,4,0,1,33,403,1277.91563275434,79.4044665012407,166.253101736973,1.0,,2015-06-29 18:15:48,2015-06-29 18:17:00,failed,166,"[68854047, 68854051, 68854053, 68854055, 68854057, 68854058, 68854059, 68854060, 68854061, 68854062, 68854063, 68854064]",85,68854061,ruby,broken,2,ruby,,0.0,,,,,,,,,0
68855197,mattbrictson/airbrussh,0.0,,,ruby,,master,1,5811839779492b6db5d7e1cb20df18880db4133e,build_found,481fe245436079e7cb6d4cf0fe35af6db1d81a79,68854042,2015-06-29 18:23:06,3,5811839779492b6db5d7e1cb20df18880db4133e,1,5811839779492b6db5d7e1cb20df18880db4133e,,5811839779492b6db5d7e1cb20df18880db4133e,,0,,5,0,0,0,3,0,0,3,0,0,30,403,1277.91563275434,79.4044665012407,166.253101736973,1.0,,2015-06-29 18:24:19,2015-06-29 18:25:17,failed,305,"[68855198, 68855199, 68855200, 68855201, 68855202, 68855203, 68855204, 68855205, 68855206, 68855207, 68855208, 68855209]",86,68855202,ruby,ok,1,ruby,,0.0,,,,,,,,,0
68855536,mattbrictson/airbrussh,0.0,,,ruby,,master,1,3ead6dd02cf8d7d3e631508a72f53b4fea197833,build_found,5811839779492b6db5d7e1cb20df18880db4133e,68855197,2015-06-29 18:27:02,3,3ead6dd02cf8d7d3e631508a72f53b4fea197833,1,3ead6dd02cf8d7d3e631508a72f53b4fea197833,,3ead6dd02cf8d7d3e631508a72f53b4fea197833,,0,,2,0,0,0,1,0,0,1,0,0,8,403,1277.91563275434,79.4044665012407,166.253101736973,1.0,,2015-06-29 18:27:12,2015-06-29 18:28:01,passed,359,"[68855537, 68855538, 68855539, 68855540, 68855542, 68855543, 68855545, 68855546, 68855547, 68855548, 68855549, 68855550]",87,68855547,ruby,ok,3,ruby,,0.0,,,,,,,,,0
68886433,mattbrictson/airbrussh,0.0,,,ruby,,master,1,9c99ec05ecda9be18aef5ca3614f383685c6afb3,build_found,3ead6dd02cf8d7d3e631508a72f53b4fea197833,68855536,2015-06-29 22:11:12,3,9c99ec05ecda9be18aef5ca3614f383685c6afb3,1,9c99ec05ecda9be18aef5ca3614f383685c6afb3,,9c99ec05ecda9be18aef5ca3614f383685c6afb3,,0,,2,0,0,0,1,0,0,1,0,0,8,403,1277.91563275434,79.4044665012407,166.253101736973,1.0,,2015-06-29 22:11:19,2015-06-29 22:13:51,passed,348,"[68886435, 68886436, 68886438, 68886439, 68886440, 68886441, 68886445, 68886446, 68886447, 68886448, 68886449, 68886450]",88,68886448,ruby,ok,4,ruby,,0.0,,,,,,,,,0
69357465,mattbrictson/airbrussh,0.0,,,ruby,,master,1,2abcc1b034843f3c8fa50ec6e129d6ee628c2698,build_found,9c99ec05ecda9be18aef5ca3614f383685c6afb3,68886433,2015-07-02 21:23:09,3,2abcc1b034843f3c8fa50ec6e129d6ee628c2698,1,2abcc1b034843f3c8fa50ec6e129d6ee628c2698,,2abcc1b034843f3c8fa50ec6e129d6ee628c2698,,0,,7,12,0,0,3,0,0,3,0,0,59,408,1284.3137254902,80.8823529411765,166.666666666667,1.0,,2015-07-02 21:24:58,2015-07-02 21:25:17,passed,411,"[69357466, 69357467, 69357468, 69357469, 69357470, 69357471, 69357472, 69357473, 69357474, 69357478, 69357479, 69357480]",89,69357468,ruby,ok,2,ruby,,0.0,,,,,,,,,0
69503501,mattbrictson/airbrussh,0.0,,,ruby,,master,1,008fb47a5f9f24c5040d8b56914863fbf5c7c6c8,build_found,2abcc1b034843f3c8fa50ec6e129d6ee628c2698,69357465,2015-07-04 00:31:21,3,008fb47a5f9f24c5040d8b56914863fbf5c7c6c8,1,008fb47a5f9f24c5040d8b56914863fbf5c7c6c8,,008fb47a5f9f24c5040d8b56914863fbf5c7c6c8,,0,,27,0,0,0,2,0,0,2,0,0,41,409,1281.17359413203,80.6845965770171,166.259168704156,1.0,,2015-07-04 00:33:29,2015-07-04 00:33:39,passed,296,"[69503502, 69503503, 69503504, 69503505, 69503506, 69503507, 69503508, 69503510, 69503512, 69503513, 69503514, 69503515]",90,69503504,ruby,ok,1,ruby,,0.0,,,,,,,,,0
69546099,mattbrictson/airbrussh,0.0,,,ruby,,master,5,b591411d364bd6e728130f5f5e718aecc537bc09#3f3527e1aef9a8656cd773094d9c21b987340139#57958c141bc5a3abf34b2d8bdb20ddb1b72b9925#3e5f16be4849f4f7d8559aa27d628b5bb75fd386#64aaa2189b7c5d6cc4c85466b20cf20d2c9e55c7,merge_found,,,2015-07-04 05:18:29,3,64aaa2189b7c5d6cc4c85466b20cf20d2c9e55c7,1,64aaa2189b7c5d6cc4c85466b20cf20d2c9e55c7,,64aaa2189b7c5d6cc4c85466b20cf20d2c9e55c7,,0,,120,111,4,0,3,0,0,7,0,0,27,438,1399.54337899543,95.8904109589041,189.497716894977,1.0,,2015-07-04 15:01:16,2015-07-04 15:01:35,passed,321,"[69546100, 69546101, 69546102, 69546103, 69546104, 69546105, 69546106, 69546107, 69546108, 69546109, 69546110, 69546111]",102,69546104,ruby,ok,1,ruby,,0.0,,,,,,,,,0
69547546,mattbrictson/airbrussh,0.0,,,ruby,,master,1,bffe3a64a621c21532952917065de0af2ee47091,build_found,64aaa2189b7c5d6cc4c85466b20cf20d2c9e55c7,69546099,2015-07-04 15:22:06,3,bffe3a64a621c21532952917065de0af2ee47091,1,bffe3a64a621c21532952917065de0af2ee47091,,bffe3a64a621c21532952917065de0af2ee47091,,0,,6,0,0,0,1,0,0,1,0,0,9,438,1399.54337899543,95.8904109589041,189.497716894977,1.0,,2015-07-04 15:23:03,2015-07-04 15:23:12,passed,322,"[69547547, 69547548, 69547549, 69547550, 69547551, 69547552, 69547553, 69547554, 69547556, 69547563, 69547564, 69547565]",103,69547564,ruby,ok,1,ruby,,0.0,,,,,,,,,0
69580506,mattbrictson/airbrussh,0.0,,,ruby,,master,2,d06eb0a80adbc1a492cccda071d212ea5c3d2a8a#42a8278760819fe699a17b236b237d3bc02974d4,build_found,bffe3a64a621c21532952917065de0af2ee47091,69547546,2015-07-04 23:29:13,3,42a8278760819fe699a17b236b237d3bc02974d4#d06eb0a80adbc1a492cccda071d212ea5c3d2a8a,2,42a8278760819fe699a17b236b237d3bc02974d4,,42a8278760819fe699a17b236b237d3bc02974d4,,0,,3,3,0,0,2,0,0,2,0,0,2,439,1400.91116173121,95.6719817767654,191.343963553531,1.0,,2015-07-04 23:40:01,2015-07-04 23:40:17,passed,317,"[69580507, 69580508, 69580509, 69580510, 69580511, 69580512, 69580513, 69580514, 69580515, 69580516, 69580517, 69580518]",104,69580511,ruby,ok,1,ruby,,0.0,,,,,,,,,0
69819536,mattbrictson/airbrussh,1.0,2015-07-06 17:10:54,38,ruby,merge_button,master,1,5190271bab6ccaf23a4a826e3d6e00514dd4d656,build_found,ab0c81d67486787e9b763517497af4845a55725e,69779850,2015-07-07 00:31:55,3,5190271bab6ccaf23a4a826e3d6e00514dd4d656,1,5190271bab6ccaf23a4a826e3d6e00514dd4d656,42a8278760819fe699a17b236b237d3bc02974d4,b59621119ee75d042fb9c1c252c1597405b38dde,5,0,3,2,716,0,0,4,0,0,4,0,0,16,484,1539.25619834711,113.636363636364,237.603305785124,1.0,158,2015-07-07 00:32:12,2015-07-07 00:34:39,passed,320,"[69819537, 69819538, 69819539, 69819540, 69819541, 69819544, 69819546, 69819547, 69819548, 69819549, 69819550, 69819551]",111,69819548,ruby,ok,1,ruby,,0.0,,,,,,,,,0
69829490,mattbrictson/airbrussh,0.0,,,ruby,,master,7,73ec3e78ece33c5a7d7318a2ad3bdb361c38109a#14b98d65febe697a214c4e880411152ca3bf5a62#8f3a2ccbd5390774e256ea2cb0b96c2cf6fb81d6#e3de311a92f70ee83eec29f6a216d06598d8adcf#ab0c81d67486787e9b763517497af4845a55725e#5190271bab6ccaf23a4a826e3d6e00514dd4d656#caa9d708f9fbbc88fd5d28a3393818a3f141d2b4,merge_found,,,2015-07-05 01:17:50,3,caa9d708f9fbbc88fd5d28a3393818a3f141d2b4,1,caa9d708f9fbbc88fd5d28a3393818a3f141d2b4,,caa9d708f9fbbc88fd5d28a3393818a3f141d2b4,,0,,424,181,7,0,5,0,0,12,0,0,53,484,1539.25619834711,113.636363636364,237.603305785124,1.0,,2015-07-07 02:52:11,2015-07-07 02:52:57,passed,315,"[69829491, 69829492, 69829493, 69829494, 69829495, 69829496, 69829497, 69829499, 69829501, 69829502, 69829503, 69829504]",112,69829494,ruby,ok,2,ruby,,0.0,,,,,,,,,0
69901865,mattbrictson/airbrussh,1.0,2015-07-07 12:25:29,41,ruby,commits_in_master,master,7,6c39a7dc6a703745e695e087c38dccabab1b566e#a4410e058f47473f24735a8853a237a24c5b8740#c67aa1ada0007c3b7e75132f957d8d765c358d8b#2e8ecd2f29ea30c61487de60584ac3546177713a#676004a96ca5c8803a696126968e9ded6e4cc6e8#dac6ae370844c7a2e295fb1e310fb5af2b4d86f4#1d8c6e48a651d745e5d785f78d04127c04d4e468,build_found,caa9d708f9fbbc88fd5d28a3393818a3f141d2b4,69829490,2015-07-07 11:31:31,3,2e8ecd2f29ea30c61487de60584ac3546177713a#c67aa1ada0007c3b7e75132f957d8d765c358d8b#a4410e058f47473f24735a8853a237a24c5b8740#6c39a7dc6a703745e695e087c38dccabab1b566e,4,2e8ecd2f29ea30c61487de60584ac3546177713a,caa9d708f9fbbc88fd5d28a3393818a3f141d2b4,3dac4aac23e737e31ceeb687d1466ae128342552,2,0,0,63,0,0,0,1,0,0,1,0,0,2,474,1571.72995780591,116.033755274262,242.616033755274,1.0,158,2015-07-07 22:47:37,2015-07-07 14:25:43,passed,375,"[69901866, 69901867, 69901872, 69901877, 69901882, 69901888, 69901893, 69901897, 69901898, 69901899, 69901900, 69901901]",113,69901893,ruby,ok,1,ruby,,0.0,,,,,,,,,0
69980314,mattbrictson/airbrussh,0.0,,,ruby,,master,7,6c39a7dc6a703745e695e087c38dccabab1b566e#a4410e058f47473f24735a8853a237a24c5b8740#c67aa1ada0007c3b7e75132f957d8d765c358d8b#2e8ecd2f29ea30c61487de60584ac3546177713a#676004a96ca5c8803a696126968e9ded6e4cc6e8#dac6ae370844c7a2e295fb1e310fb5af2b4d86f4#1d8c6e48a651d745e5d785f78d04127c04d4e468,merge_found,,,2015-07-07 11:31:31,3,1d8c6e48a651d745e5d785f78d04127c04d4e468,1,1d8c6e48a651d745e5d785f78d04127c04d4e468,,1d8c6e48a651d745e5d785f78d04127c04d4e468,,0,,43,33,0,0,2,0,0,2,0,0,23,474,1632.91139240506,118.143459915612,251.054852320675,1.0,,2015-07-07 22:47:37,2015-07-07 22:47:51,passed,330,"[69980316, 69980317, 69980320, 69980321, 69980322, 69980323, 69980324, 69980325, 69980326, 69980327, 69980328, 69980329]",115,69980327,ruby,ok,2,ruby,,0.0,,,,,,,,,0
70007279,mattbrictson/airbrussh,0.0,,,ruby,,master,2,7191fad3f9d03369a160ae94d1d1e02298ba62d1#279d4e6554e10bbcf107f52a943b5419ca36b7c5,merge_found,,,2015-07-08 02:16:00,4,279d4e6554e10bbcf107f52a943b5419ca36b7c5,1,279d4e6554e10bbcf107f52a943b5419ca36b7c5,,279d4e6554e10bbcf107f52a943b5419ca36b7c5,,0,,2,0,0,0,1,0,0,1,0,0,3,475,1629.47368421053,117.894736842105,250.526315789474,1.0,,2015-07-08 04:19:30,2015-07-08 04:19:40,passed,325,"[70007280, 70007281, 70007282, 70007283, 70007284, 70007285, 70007286, 70007287, 70007288, 70007289, 70007290, 70007291]",119,70007280,ruby,ok,1,ruby,,0.0,,,,,,,,,0
70049512,mattbrictson/airbrussh,1.0,2015-07-08 09:48:08,48,ruby,merge_button,master,3,6a5ef0687d5d5337d3e172e54f531732d5bf6715#40744f00513b641d94f28747ca57e8a80768b0fc#00ad38d843f84be5716e4cb7f5f1ff757a645d59,build_found,279d4e6554e10bbcf107f52a943b5419ca36b7c5,70007279,2015-07-07 23:46:11,4,6a5ef0687d5d5337d3e172e54f531732d5bf6715,1,6a5ef0687d5d5337d3e172e54f531732d5bf6715,279d4e6554e10bbcf107f52a943b5419ca36b7c5,260c09e9e31c1cbda80f550a1aed0a3a7a66e59d,0,0,0,37,13,0,0,5,0,0,5,0,0,13,471,1636.94267515924,118.895966029724,246.284501061571,1.0,190,2015-07-09 00:10:48,2015-07-08 11:52:06,passed,332,"[70049517, 70049518, 70049519, 70049522, 70049525, 70049528, 70049530, 70049532, 70049533, 70049534, 70049535, 70049537]",124,70049534,ruby,ok,1,ruby,,0.0,,,,,,,,,0
70079543,mattbrictson/airbrussh,0.0,,,ruby,,master,2,3d27303c4572823a850711579ddcd5140bdb30f0#c8ecab758f7968985e3350da0c9d692823387eeb,merge_found,,,2015-07-08 02:06:18,4,c8ecab758f7968985e3350da0c9d692823387eeb,1,c8ecab758f7968985e3350da0c9d692823387eeb,,c8ecab758f7968985e3350da0c9d692823387eeb,,0,,15,19,0,0,2,0,0,2,0,0,3,478,1638.07531380753,119.246861924686,253.138075313808,1.0,,2015-07-08 15:20:10,2015-07-08 15:20:43,passed,371,"[70079544, 70079545, 70079547, 70079549, 70079550, 70079551, 70079552, 70079553, 70079555, 70079557, 70079559, 70079561]",125,70079544,ruby,ok,1,ruby,,0.0,,,,,,,,,0
70152338,mattbrictson/airbrussh,0.0,,,ruby,,master,3,6a5ef0687d5d5337d3e172e54f531732d5bf6715#40744f00513b641d94f28747ca57e8a80768b0fc#00ad38d843f84be5716e4cb7f5f1ff757a645d59,merge_found,,,2015-07-07 23:46:11,4,00ad38d843f84be5716e4cb7f5f1ff757a645d59,1,00ad38d843f84be5716e4cb7f5f1ff757a645d59,,00ad38d843f84be5716e4cb7f5f1ff757a645d59,,0,,37,31,0,0,5,0,0,5,0,0,15,474,1679.32489451477,122.362869198312,257.383966244726,1.0,,2015-07-09 00:10:48,2015-07-09 00:11:08,passed,332,"[70152339, 70152341, 70152343, 70152344, 70152345, 70152346, 70152347, 70152348, 70152349, 70152350, 70152351, 70152352]",127,70152350,ruby,ok,2,ruby,,0.0,,,,,,,,,0
70155197,mattbrictson/airbrussh,0.0,,,ruby,,master,2,ddeb7490aa9eff258bbc164e5f38c7f6c802f768#731df5e75d6cf54bfdbb34ec5e59d9ac625488fa,merge_found,,,2015-07-08 22:45:13,4,731df5e75d6cf54bfdbb34ec5e59d9ac625488fa,1,731df5e75d6cf54bfdbb34ec5e59d9ac625488fa,,731df5e75d6cf54bfdbb34ec5e59d9ac625488fa,,0,,44,35,0,2,5,0,0,7,0,0,20,464,1672.41379310345,120.689655172414,256.465517241379,1.0,,2015-07-09 00:42:12,2015-07-09 00:42:31,passed,339,"[70155198, 70155199, 70155200, 70155201, 70155202, 70155203, 70155204, 70155205, 70155206, 70155209, 70155210, 70155211]",129,70155199,ruby,ok,1,ruby,,0.0,,,,,,,,,0
70285633,mattbrictson/airbrussh,1.0,2015-07-09 04:38:02,51,ruby,merge_button,master,1,9ca17d4aa595ad518624554a2833309bfbe36410,build_found,7ead9db44943dc12220b18b232049374c66a24e8,70177310,2015-07-09 20:33:38,4,9ca17d4aa595ad518624554a2833309bfbe36410,1,9ca17d4aa595ad518624554a2833309bfbe36410,731df5e75d6cf54bfdbb34ec5e59d9ac625488fa,75b136ae3cbe52477cdfcc8bf9b3935835ddf8e4,2,0,0,5,0,0,0,1,0,0,1,0,0,13,463,1730.02159827214,123.110151187905,259.179265658747,1.0,129,2015-07-09 20:34:45,2015-07-09 20:37:49,passed,396,"[70285635, 70285640, 70285642, 70285643, 70285644, 70285645, 70285646, 70285647, 70285648, 70285649, 70285650, 70285651]",133,70285644,ruby,ok,2,ruby,,0.0,,,,,,,,,0
70287711,mattbrictson/airbrussh,0.0,,,ruby,,master,3,7ead9db44943dc12220b18b232049374c66a24e8#9ca17d4aa595ad518624554a2833309bfbe36410#2643e83ae631ad21a623be996b277a549a0e6441,merge_found,,,2015-07-09 06:27:42,4,2643e83ae631ad21a623be996b277a549a0e6441,1,2643e83ae631ad21a623be996b277a549a0e6441,,2643e83ae631ad21a623be996b277a549a0e6441,,0,,11,30,0,0,2,0,0,2,0,0,15,463,1730.02159827214,123.110151187905,259.179265658747,1.0,,2015-07-09 20:47:42,2015-07-09 20:48:12,passed,369,"[70287712, 70287713, 70287714, 70287715, 70287718, 70287721, 70287722, 70287723, 70287724, 70287725, 70287726, 70287727]",135,70287724,ruby,ok,1,ruby,,0.0,,,,,,,,,0
70312182,mattbrictson/airbrussh,0.0,,,ruby,,master,1,f13b9cdf0f7acbf0b72705b53d7af93732d6fc2e,build_found,2643e83ae631ad21a623be996b277a549a0e6441,70287711,2015-07-10 00:04:24,4,f13b9cdf0f7acbf0b72705b53d7af93732d6fc2e,1,f13b9cdf0f7acbf0b72705b53d7af93732d6fc2e,,f13b9cdf0f7acbf0b72705b53d7af93732d6fc2e,,0,,0,94,1,0,0,0,0,1,0,0,0,463,1902.80777537797,140.388768898488,278.617710583153,1.0,,2015-07-10 00:04:42,2015-07-10 00:05:01,passed,327,"[70312183, 70312184, 70312185, 70312186, 70312187, 70312188, 70312189, 70312190, 70312191, 70312192, 70312193, 70312194]",136,70312187,ruby,ok,1,ruby,,0.0,,,,,,,,,0
70312886,mattbrictson/airbrussh,0.0,,,ruby,,master,1,4798ddaa102131f41babbba81623b6c9ecd27baa,build_found,f13b9cdf0f7acbf0b72705b53d7af93732d6fc2e,70312182,2015-07-10 00:13:54,4,4798ddaa102131f41babbba81623b6c9ecd27baa,1,4798ddaa102131f41babbba81623b6c9ecd27baa,,4798ddaa102131f41babbba81623b6c9ecd27baa,,0,,5,0,0,0,1,0,0,1,0,0,22,463,1902.80777537797,140.388768898488,278.617710583153,1.0,,2015-07-10 00:14:03,2015-07-10 00:14:19,passed,344,"[70312887, 70312888, 70312889, 70312890, 70312891, 70312892, 70312893, 70312894, 70312895, 70312896, 70312897, 70312898]",137,70312893,ruby,ok,3,ruby,,0.0,,,,,,,,,0
70413474,mattbrictson/airbrussh,0.0,,,ruby,,master,1,5d4a50f69d6912a5a8b98872da578e6c82aa8547,build_found,4798ddaa102131f41babbba81623b6c9ecd27baa,70312886,2015-07-10 16:43:13,4,5d4a50f69d6912a5a8b98872da578e6c82aa8547,1,5d4a50f69d6912a5a8b98872da578e6c82aa8547,,5d4a50f69d6912a5a8b98872da578e6c82aa8547,,0,,10,0,0,0,2,0,0,2,0,0,24,463,1902.80777537797,140.388768898488,278.617710583153,1.0,,2015-07-10 16:44:12,2015-07-10 16:44:46,passed,427,"[70413475, 70413476, 70413477, 70413478, 70413481, 70413482, 70413483, 70413484, 70413485, 70413486, 70413487, 70413488]",139,70413486,ruby,ok,1,ruby,,0.0,,,,,,,,,0
70681947,mattbrictson/airbrussh,1.0,2015-07-13 02:08:59,55,ruby,merge_button,master,1,2d354d4feee356d66551e5f634b53e93b7b0d8fd,build_found,40a32371b73e82569c2d6110107a38a81ec9b78a,70675561,2015-07-13 02:51:34,4,2d354d4feee356d66551e5f634b53e93b7b0d8fd,1,2d354d4feee356d66551e5f634b53e93b7b0d8fd,5d4a50f69d6912a5a8b98872da578e6c82aa8547,1445eaa614b9ea8575f3ef9299e205552ceda15b,0,0,0,0,26,0,0,1,0,0,1,0,0,26,463,1941.68466522678,140.388768898488,278.617710583153,1.0,260,2015-07-13 02:52:05,2015-07-13 04:09:11,passed,347,"[70681948, 70681949, 70681950, 70681955, 70681960, 70681961, 70681962, 70681963, 70681964, 70681965, 70681966, 70681967]",150,70681948,ruby,ok,1,ruby,,0.0,,,,,,,,,0
71176478,mattbrictson/airbrussh,1.0,2015-07-13 02:08:59,55,ruby,merge_button,master,1,2bbe4177d5e29b142068a9c8a85fdbe5f6412617,build_found,5d4a50f69d6912a5a8b98872da578e6c82aa8547,70413489,2015-07-15 21:06:45,4,2bbe4177d5e29b142068a9c8a85fdbe5f6412617#20db92a800369d1857aa0aa3303b7abf242ee59e#11e3931ba40422f7a9ae81e0f5832b3bbd5d5b03#84af26b1546d7f68760e49d0fa07f6effe5f4409#b358c39be5c77d7c2ff0139b2623d16e2e0b1461#a3f2bc1d7e07731080634152006c1bcc930b89fd#5c79b78d968439d378e8df3e9ca78fe1f993b92d,7,2bbe4177d5e29b142068a9c8a85fdbe5f6412617,5d4a50f69d6912a5a8b98872da578e6c82aa8547,939a4ebdf05ab5e7c644424d7cf431d762b09c47,4,0,0,1,124,1,0,3,0,0,3,0,1,38,463,1935.20518358531,140.388768898488,278.617710583153,1.0,260,2015-07-16 00:23:45,2015-07-16 00:25:04,passed,339,"[71176479, 71176480, 71176481, 71176482, 71176483, 71176484, 71176485, 71176486, 71176487, 71176488, 71176489, 71176490]",159,71176485,ruby,ok,1,ruby,,0.0,,,,,,,,,0
71436745,mattbrictson/airbrussh,0.0,,,ruby,,master,8,5c79b78d968439d378e8df3e9ca78fe1f993b92d#a3f2bc1d7e07731080634152006c1bcc930b89fd#b358c39be5c77d7c2ff0139b2623d16e2e0b1461#84af26b1546d7f68760e49d0fa07f6effe5f4409#11e3931ba40422f7a9ae81e0f5832b3bbd5d5b03#20db92a800369d1857aa0aa3303b7abf242ee59e#2bbe4177d5e29b142068a9c8a85fdbe5f6412617#1bcb808b783a593226075ceae4efc72a8e4d7739,merge_found,,,2015-07-12 22:50:06,4,1bcb808b783a593226075ceae4efc72a8e4d7739,1,1bcb808b783a593226075ceae4efc72a8e4d7739,,1bcb808b783a593226075ceae4efc72a8e4d7739,,0,,1,120,1,0,3,0,0,3,0,1,45,463,1935.20518358531,140.388768898488,278.617710583153,1.0,,2015-07-17 15:28:56,2015-07-17 15:29:09,passed,371,"[71436746, 71436747, 71436748, 71436749, 71436750, 71436751, 71436754, 71436760, 71436764, 71436765, 71436766, 71436768]",160,71436754,ruby,ok,1,ruby,,0.0,,,,,,,,,0
71502697,mattbrictson/airbrussh,0.0,,,ruby,,master,1,6191c3937d5dd158b39e9094c468652923da033e,build_found,1bcb808b783a593226075ceae4efc72a8e4d7739,71436745,2015-07-17 23:53:47,4,6191c3937d5dd158b39e9094c468652923da033e,1,6191c3937d5dd158b39e9094c468652923da033e,,6191c3937d5dd158b39e9094c468652923da033e,,0,,31,0,1,0,0,0,0,1,0,0,0,463,1935.20518358531,140.388768898488,278.617710583153,1.0,,2015-07-17 23:54:19,2015-07-17 23:54:36,passed,329,"[71502698, 71502699, 71502702, 71502707, 71502708, 71502709, 71502710, 71502711, 71502712, 71502713, 71502714, 71502715]",161,71502712,ruby,ok,1,ruby,,0.0,,,,,,,,,0
72197624,mattbrictson/airbrussh,1.0,2015-07-22 14:58:09,58,ruby,merge_button,master,1,3dc16bdebdcceba153a9e6a82c604aac0520d1e6,build_found,6191c3937d5dd158b39e9094c468652923da033e,71502697,2015-07-22 16:55:21,4,3dc16bdebdcceba153a9e6a82c604aac0520d1e6,1,3dc16bdebdcceba153a9e6a82c604aac0520d1e6,6191c3937d5dd158b39e9094c468652923da033e,d8a014c6dea5356e6e29f7a9089319f6c2b4c132,3,0,0,9,17,0,0,2,0,0,2,0,0,6,469,1933.90191897655,140.724946695096,277.185501066098,1.0,30,2015-07-22 21:28:55,2015-07-22 21:30:30,passed,407,"[72197625, 72197626, 72197627, 72197628, 72197629, 72197630, 72197631, 72197632, 72197633, 72197634, 72197635, 72197636]",171,72197634,ruby,ok,2,ruby,,0.0,,,,,,,,,0
72201038,mattbrictson/airbrussh,0.0,,,ruby,,master,2,3dc16bdebdcceba153a9e6a82c604aac0520d1e6#49335592a15a45796dae4fc051ad6f66840d5cff,merge_found,,,2015-07-22 16:55:21,4,49335592a15a45796dae4fc051ad6f66840d5cff,1,49335592a15a45796dae4fc051ad6f66840d5cff,,49335592a15a45796dae4fc051ad6f66840d5cff,,0,,9,17,0,0,2,0,0,2,0,0,7,469,1933.90191897655,140.724946695096,277.185501066098,1.0,,2015-07-22 21:49:52,2015-07-22 21:50:05,passed,382,"[72201039, 72201040, 72201041, 72201042, 72201043, 72201044, 72201045, 72201046, 72201047, 72201048, 72201049, 72201050]",172,72201045,ruby,ok,1,ruby,,0.0,,,,,,,,,0
72203080,mattbrictson/airbrussh,0.0,,,ruby,,master,1,72dca97ab79defad4b568118672efd31a0d42f15,build_found,49335592a15a45796dae4fc051ad6f66840d5cff,72201038,2015-07-22 22:03:46,4,72dca97ab79defad4b568118672efd31a0d42f15,1,72dca97ab79defad4b568118672efd31a0d42f15,,72dca97ab79defad4b568118672efd31a0d42f15,,1,,3,5,0,0,2,0,0,2,0,0,8,470,1929.78723404255,140.425531914894,276.595744680851,1.0,,2015-07-22 22:04:51,2015-07-22 22:05:05,passed,381,"[72203082, 72203083, 72203084, 72203088, 72203089, 72203090, 72203091, 72203092, 72203093, 72203094, 72203095, 72203096]",173,72203088,ruby,ok,2,ruby,,0.0,,,,,,,,,0
72543520,mattbrictson/airbrussh,1.0,2015-07-24 21:12:41,59,ruby,merge_button,master,2,1b376f8dc8964dad717a0da2a9e93cc041d667be#0363d4502e0712b8231cb4b20289d38dd2bc42fe,build_found,72dca97ab79defad4b568118672efd31a0d42f15,72203080,2015-07-24 23:06:26,4,1b376f8dc8964dad717a0da2a9e93cc041d667be,1,1b376f8dc8964dad717a0da2a9e93cc041d667be,72dca97ab79defad4b568118672efd31a0d42f15,8aeeccc34083eaa1f238d67b8ec6948f1fb1557a,0,0,0,12,0,0,0,1,0,0,1,0,0,4,476,1905.46218487395,138.655462184874,273.109243697479,1.0,94,2015-08-03 19:04:54,2015-07-24 23:12:50,passed,300,"[72543521, 72543528, 72543529, 72543530, 72543531, 72543532, 72543533, 72543534, 72543535, 72543536, 72543537, 72543538]",175,72543537,ruby,ok,1,ruby,,0.0,,,,,,,,,0
73942319,mattbrictson/airbrussh,0.0,,,ruby,,master,2,1b376f8dc8964dad717a0da2a9e93cc041d667be#0363d4502e0712b8231cb4b20289d38dd2bc42fe,merge_found,,,2015-07-24 23:06:26,4,0363d4502e0712b8231cb4b20289d38dd2bc42fe,1,0363d4502e0712b8231cb4b20289d38dd2bc42fe,,0363d4502e0712b8231cb4b20289d38dd2bc42fe,,0,,12,0,0,0,1,0,0,1,0,0,5,476,1905.46218487395,138.655462184874,273.109243697479,1.0,,2015-08-03 19:04:54,2015-08-03 19:05:10,passed,360,"[73942320, 73942321, 73942322, 73942323, 73942325, 73942327, 73942329, 73942330, 73942331, 73942332, 73942339, 73942341]",176,73942331,ruby,ok,2,ruby,,0.0,,,,,,,,,0
74673035,mattbrictson/airbrussh,0.0,,,ruby,,master,1,1a9d90167b9c4f04b8321f21a59900a8c100aa94,build_found,0363d4502e0712b8231cb4b20289d38dd2bc42fe,73942319,2015-08-08 06:36:18,4,1a9d90167b9c4f04b8321f21a59900a8c100aa94,1,1a9d90167b9c4f04b8321f21a59900a8c100aa94,,1a9d90167b9c4f04b8321f21a59900a8c100aa94,,0,,17,0,0,0,2,0,0,2,0,0,25,476,1905.46218487395,138.655462184874,273.109243697479,1.0,,2015-08-08 06:36:42,2015-08-08 06:36:51,failed,335,"[74673036, 74673037, 74673038, 74673039, 74673040, 74673041, 74673042, 74673043, 74673044, 74673045, 74673046, 74673047]",177,74673037,ruby,broken,2,ruby,,0.0,,,,,,,,,0
74673373,mattbrictson/airbrussh,0.0,,,ruby,,master,1,e89831af59612a96d8b2197b54ce4c5e3216ead4,build_found,1a9d90167b9c4f04b8321f21a59900a8c100aa94,74673048,2015-08-08 06:41:30,4,e89831af59612a96d8b2197b54ce4c5e3216ead4,1,e89831af59612a96d8b2197b54ce4c5e3216ead4,,e89831af59612a96d8b2197b54ce4c5e3216ead4,,0,,2,0,0,0,1,0,0,1,0,0,6,476,1905.46218487395,138.655462184874,273.109243697479,1.0,,2015-08-08 06:41:46,2015-08-08 06:41:59,passed,367,"[74673374, 74673375, 74673376, 74673377, 74673378, 74673379, 74673380, 74673381, 74673382, 74673383, 74673384, 74673385]",179,74673379,ruby,ok,2,ruby,,0.0,,,,,,,,,0
74673586,mattbrictson/airbrussh,0.0,,,ruby,,master,2,001ebd0223af19ba2f86e89d71764632a84386ad#98768ad37cf953e58cfad8930364695d29ae1deb,build_found,e89831af59612a96d8b2197b54ce4c5e3216ead4,74673373,2015-08-08 06:43:57,4,98768ad37cf953e58cfad8930364695d29ae1deb#001ebd0223af19ba2f86e89d71764632a84386ad,2,98768ad37cf953e58cfad8930364695d29ae1deb,,98768ad37cf953e58cfad8930364695d29ae1deb,,0,,2,0,0,0,2,0,0,1,0,1,11,476,1905.46218487395,138.655462184874,273.109243697479,1.0,,2015-08-08 06:45:20,2015-08-08 06:45:30,passed,378,"[74673587, 74673588, 74673589, 74673590, 74673591, 74673592, 74673593, 74673594, 74673595, 74673596, 74673597, 74673598]",180,74673592,ruby,ok,2,ruby,,0.0,,,,,,,,,0
78908961,mattbrictson/airbrussh,0.0,,,ruby,,master,2,7dd3910f9bef5784b29fd2bd872b9ba92460f194#3a318d50e00c5ff19f06cfcf1c1444a953eb153f,build_found,98768ad37cf953e58cfad8930364695d29ae1deb,74673586,2015-09-05 16:19:03,4,3a318d50e00c5ff19f06cfcf1c1444a953eb153f#7dd3910f9bef5784b29fd2bd872b9ba92460f194,2,3a318d50e00c5ff19f06cfcf1c1444a953eb153f,,3a318d50e00c5ff19f06cfcf1c1444a953eb153f,,0,,34,0,0,0,1,0,0,1,0,0,21,476,1905.46218487395,138.655462184874,273.109243697479,1.0,,2015-09-05 16:19:31,2015-09-05 16:19:43,passed,356,"[78908962, 78908963, 78908965, 78908967, 78908968, 78908969, 78908970, 78908971, 78908972, 78908973, 78908974, 78908975]",181,78908969,ruby,ok,2,ruby,,0.0,,,,,,,,,0
78909086,mattbrictson/airbrussh,0.0,,,ruby,,master,1,5e4a7acbed40770b6bc0db27c712bf3270054123,build_found,3a318d50e00c5ff19f06cfcf1c1444a953eb153f,78908961,2015-09-05 16:20:38,4,5e4a7acbed40770b6bc0db27c712bf3270054123,1,5e4a7acbed40770b6bc0db27c712bf3270054123,,5e4a7acbed40770b6bc0db27c712bf3270054123,,0,,2,0,0,0,1,0,0,1,0,0,23,476,1905.46218487395,138.655462184874,273.109243697479,1.0,,2015-09-05 16:20:42,2015-09-05 16:20:56,passed,332,"[78909087, 78909088, 78909089, 78909090, 78909091, 78909092, 78909093, 78909094, 78909095, 78909096, 78909097, 78909098]",182,78909091,ruby,ok,1,ruby,,0.0,,,,,,,,,0
78909298,mattbrictson/airbrussh,0.0,,,ruby,,master,1,09bbbf8440d22ca061bdb8310f2dc6b828cf88b2,build_found,5e4a7acbed40770b6bc0db27c712bf3270054123,78909086,2015-09-05 16:22:10,4,09bbbf8440d22ca061bdb8310f2dc6b828cf88b2,1,09bbbf8440d22ca061bdb8310f2dc6b828cf88b2,,09bbbf8440d22ca061bdb8310f2dc6b828cf88b2,,0,,4,0,0,0,1,0,0,1,0,0,24,476,1905.46218487395,138.655462184874,273.109243697479,1.0,,2015-09-05 16:22:14,2015-09-05 16:22:28,passed,373,"[78909299, 78909300, 78909301, 78909302, 78909303, 78909304, 78909305, 78909307, 78909309, 78909310, 78909311, 78909312]",183,78909312,ruby,ok,2,ruby,,0.0,,,,,,,,,0
81614939,mattbrictson/airbrussh,0.0,,,ruby,,master,1,ce927be04bcac0794358fa851e012fed14c20fda,build_found,09bbbf8440d22ca061bdb8310f2dc6b828cf88b2,78909298,2015-09-22 15:58:29,4,ce927be04bcac0794358fa851e012fed14c20fda,1,ce927be04bcac0794358fa851e012fed14c20fda,,ce927be04bcac0794358fa851e012fed14c20fda,,0,,11,0,0,0,1,0,0,1,0,0,25,476,1905.46218487395,138.655462184874,273.109243697479,1.0,,2015-09-22 15:58:39,2015-09-22 15:58:52,passed,365,"[81614940, 81614942, 81614944, 81614946, 81614948, 81614949, 81614950, 81614951, 81614952, 81614954, 81614956, 81614958]",184,81614940,ruby,ok,2,ruby,,0.0,,,,,,,,,0
88042008,mattbrictson/airbrussh,0.0,,,ruby,,master,1,0ff324418b733be58decd11d6883da016947266f,build_found,ce927be04bcac0794358fa851e012fed14c20fda,81614939,2015-10-29 04:16:11,3,0ff324418b733be58decd11d6883da016947266f,1,0ff324418b733be58decd11d6883da016947266f,,0ff324418b733be58decd11d6883da016947266f,,0,,3,0,0,0,1,0,0,1,0,0,9,476,1905.46218487395,138.655462184874,273.109243697479,1.0,,2015-10-29 04:17:43,2015-10-29 04:24:26,passed,310,"[88042009, 88042010, 88042011, 88042012, 88042013, 88042014, 88042015, 88042016, 88042017, 88042018, 88042019, 88042020]",190,88042018,ruby,ok,1,ruby,,0.0,,,,,,,,,0
88462902,mattbrictson/airbrussh,0.0,,,ruby,,master,2,0944629a211172c9a00e2c76d48e0a3aed8368d7#c7b73b5a3e12f779d84c681a401bb768e4ac40a9,merge_found,,,2015-10-30 22:22:32,3,c7b73b5a3e12f779d84c681a401bb768e4ac40a9,1,c7b73b5a3e12f779d84c681a401bb768e4ac40a9,,c7b73b5a3e12f779d84c681a401bb768e4ac40a9,,0,,9,34,0,0,3,0,0,3,0,0,30,476,1947.47899159664,142.857142857143,277.310924369748,1.0,,2015-10-31 00:11:45,2015-10-31 00:13:06,passed,319,"[88462906, 88462907, 88462908, 88462909, 88462910, 88462911, 88462912, 88462913, 88462914, 88462915, 88462916, 88462917]",199,88462906,ruby,ok,2,ruby,,0.0,,,,,,,,,0
88702230,mattbrictson/airbrussh,0.0,,,ruby,,master,2,a633f644ec004bf5186ebc9a912a29b6bed1b2c2#a642958567d639fe551189ca3bdd0a004e6b48c5,merge_found,,,2015-11-01 23:39:02,3,a642958567d639fe551189ca3bdd0a004e6b48c5,1,a642958567d639fe551189ca3bdd0a004e6b48c5,,a642958567d639fe551189ca3bdd0a004e6b48c5,,0,,0,45,0,0,1,0,0,1,0,0,26,476,1943.27731092437,142.857142857143,277.310924369748,1.0,,2015-11-01 23:49:02,2015-11-01 23:49:11,passed,323,"[88702231, 88702232, 88702233, 88702234, 88702235, 88702236, 88702237, 88702238, 88702239, 88702240, 88702241, 88702242]",202,88702242,ruby,ok,1,ruby,,0.0,,,,,,,,,0
92345218,mattbrictson/airbrussh,0.0,,,ruby,,master,1,6f291f2c5fb869c942514d95cdb2f860e32d1eee,build_found,a642958567d639fe551189ca3bdd0a004e6b48c5,88702230,2015-11-20 21:00:57,3,6f291f2c5fb869c942514d95cdb2f860e32d1eee,1,6f291f2c5fb869c942514d95cdb2f860e32d1eee,,6f291f2c5fb869c942514d95cdb2f860e32d1eee,,0,,8,0,0,0,2,0,0,2,0,0,28,476,1943.27731092437,142.857142857143,277.310924369748,1.0,,2015-11-20 21:02:32,2015-11-20 21:02:50,passed,339,"[92345219, 92345220, 92345225, 92345226, 92345228, 92345230, 92345231, 92345232, 92345233, 92345234, 92345235, 92345236]",203,92345220,ruby,ok,3,ruby,,0.0,,,,,,,,,0
98452922,mattbrictson/airbrussh,1.0,2015-10-29 03:00:52,64,ruby,unknown,master,1,10acc778a0b5c92c006374ce5605bc1f5f0a9891,build_found,6f291f2c5fb869c942514d95cdb2f860e32d1eee,92345237,2015-12-23 04:14:28,3,10acc778a0b5c92c006374ce5605bc1f5f0a9891#b23b84c766903e2f91f9a7dcfe4ccebf49bc6590#772620bb97ec5fd8dd1d6caceb57c3185df04342#473222e6dda0eeaa602461fa31eec22545bdb0c7#898207173b15fb72c5da8d82fee4ef99cde0badc,5,10acc778a0b5c92c006374ce5605bc1f5f0a9891,6f291f2c5fb869c942514d95cdb2f860e32d1eee,40de4bae71f386380ae92c6dd4b434021f57a780,0,0,0,165,159,0,0,9,0,0,9,0,0,48,514,1902.72373540856,151.750972762646,272.373540856031,1.0,59,2015-12-23 04:17:46,2015-12-23 04:19:18,passed,321,"[98452923, 98452924, 98452925, 98452926, 98452930, 98452931, 98452932, 98452933, 98452936, 98452937, 98452938, 98452939]",208,98452938,ruby,ok,2,ruby,,0.0,,,,,,,,,0
99029432,mattbrictson/airbrussh,0.0,,,ruby,,master,4,bab716033bae72cc7d421d65152c836ab8884e56#807f6b6ea5c618ebc322719dac14cf6595ccaa8f#b9f0dc8838fa17b302364401192f6e3a4e88f034#d4525ca45123dc0646dde8f6d29edf0223eb282d,merge_found,,,2015-12-25 01:38:21,3,d4525ca45123dc0646dde8f6d29edf0223eb282d,1,d4525ca45123dc0646dde8f6d29edf0223eb282d,,d4525ca45123dc0646dde8f6d29edf0223eb282d,,0,,39,63,0,1,10,0,0,9,0,2,97,499,1949.8997995992,148.296593186373,290.581162324649,1.0,,2015-12-27 23:38:43,2015-12-27 23:38:51,passed,341,"[99029433, 99029434, 99029435, 99029436, 99029437, 99029438, 99029439, 99029440, 99029441, 99029442, 99029443, 99029444]",211,99029439,ruby,ok,1,ruby,,0.0,,,,,,,,,0
99030096,mattbrictson/airbrussh,0.0,,,ruby,,master,1,997a89791f0c7ac5d4f188ec5cfee6fa2e197ab8,build_found,d4525ca45123dc0646dde8f6d29edf0223eb282d,99029432,2015-12-27 23:45:31,3,997a89791f0c7ac5d4f188ec5cfee6fa2e197ab8,1,997a89791f0c7ac5d4f188ec5cfee6fa2e197ab8,,997a89791f0c7ac5d4f188ec5cfee6fa2e197ab8,,0,,8,0,0,0,2,0,0,2,0,0,31,499,1949.8997995992,148.296593186373,290.581162324649,1.0,,2015-12-27 23:45:42,2015-12-27 23:45:52,passed,326,"[99030097, 99030098, 99030103, 99030111, 99030117, 99030121, 99030122, 99030123, 99030124, 99030125, 99030126, 99030127]",212,99030117,ruby,ok,3,ruby,,0.0,,,,,,,,,0
101134467,mattbrictson/airbrussh,0.0,,,ruby,,master,1,3fbb09ae8cdb600104161661c029369d87d0881b,build_found,997a89791f0c7ac5d4f188ec5cfee6fa2e197ab8,99030128,2016-01-08 19:05:38,3,3fbb09ae8cdb600104161661c029369d87d0881b,1,3fbb09ae8cdb600104161661c029369d87d0881b,,3fbb09ae8cdb600104161661c029369d87d0881b,,0,,0,0,0,0,1,0,0,0,0,0,2,499,1949.8997995992,148.296593186373,290.581162324649,1.0,,2016-01-08 19:05:41,2016-01-08 19:06:01,passed,337,"[101134469, 101134472, 101134475, 101134478, 101134483, 101134486, 101134490, 101134495, 101134499, 101134502, 101134506, 101134512]",214,101134506,ruby,ok,1,ruby,,0.0,,,,,,,,,0
101183365,mattbrictson/airbrussh,0.0,,,ruby,,master,2,8901c22adf4a9894a97f5711aac89016a807dd79#ffde8178cc190e91283b10c6f0b4b364672b140b,build_found,3fbb09ae8cdb600104161661c029369d87d0881b,101134467,2016-01-08 23:04:32,3,ffde8178cc190e91283b10c6f0b4b364672b140b#8901c22adf4a9894a97f5711aac89016a807dd79,2,ffde8178cc190e91283b10c6f0b4b364672b140b,,ffde8178cc190e91283b10c6f0b4b364672b140b,,0,,17,0,0,0,2,0,0,2,0,0,29,499,1949.8997995992,148.296593186373,290.581162324649,1.0,,2016-01-08 23:05:19,2016-01-08 23:05:45,passed,346,"[101183367, 101183368, 101183369, 101183370, 101183371, 101183372, 101183373, 101183374, 101183375, 101183376, 101183377, 101183378]",215,101183368,ruby,ok,2,ruby,,0.0,,,,,,,,,0
105822622,mattbrictson/airbrussh,1.0,2016-01-30 02:50:43,72,ruby,commits_in_master,master,2,2e6e45caea8db9eff92c2c63eab1ff1d54322206#3cb9281f7ef15a8dc03501a47551306554e3ab2d,build_found,ffde8178cc190e91283b10c6f0b4b364672b140b,101183365,2016-01-30 02:50:01,3,2e6e45caea8db9eff92c2c63eab1ff1d54322206,1,2e6e45caea8db9eff92c2c63eab1ff1d54322206,ffde8178cc190e91283b10c6f0b4b364672b140b,7acffddcf4d672c2fdc62a739ef6f58effbbfb5a,0,0,0,21,4,0,0,8,0,0,7,0,1,74,499,1949.8997995992,148.296593186373,290.581162324649,1.0,7,2016-02-08 23:37:16,2016-01-30 02:51:47,passed,331,"[105822623, 105822624, 105822625, 105822626, 105822627, 105822628, 105822629, 105822630, 105822631, 105822632, 105822633, 105822634]",219,105822633,ruby,ok,2,ruby,,0.0,,,,,,,,,0
107903137,mattbrictson/airbrussh,0.0,,,ruby,,master,2,2e6e45caea8db9eff92c2c63eab1ff1d54322206#3cb9281f7ef15a8dc03501a47551306554e3ab2d,merge_found,,,2016-01-30 02:50:01,3,3cb9281f7ef15a8dc03501a47551306554e3ab2d,1,3cb9281f7ef15a8dc03501a47551306554e3ab2d,,3cb9281f7ef15a8dc03501a47551306554e3ab2d,,0,,21,4,0,0,8,0,0,7,0,1,75,499,1949.8997995992,148.296593186373,290.581162324649,1.0,,2016-02-08 23:37:16,2016-02-08 23:37:36,failed,370,"[107903138, 107903139, 107903140, 107903141, 107903142, 107903143, 107903144, 107903145, 107903146, 107903147, 107903148, 107903149]",220,107903149,ruby,broken,1,ruby,,0.0,,,,,,,,,0
107903522,mattbrictson/airbrussh,1.0,2016-01-30 02:31:16,71,ruby,commits_in_master,master,4,2e6e45caea8db9eff92c2c63eab1ff1d54322206#3cb9281f7ef15a8dc03501a47551306554e3ab2d#6e9cfe0e08d2f98fc61459136a41144befa157f0#f4d17f8be969794f3448ce1e991f0acf941b6103,build_found,3cb9281f7ef15a8dc03501a47551306554e3ab2d,107903137,2016-01-30 02:29:51,3,f4d17f8be969794f3448ce1e991f0acf941b6103#6e9cfe0e08d2f98fc61459136a41144befa157f0,2,f4d17f8be969794f3448ce1e991f0acf941b6103,3cb9281f7ef15a8dc03501a47551306554e3ab2d,d8ce4c4a3ed19e0a71175a86f9078e868badb682,0,0,0,4,0,0,0,3,0,0,2,0,1,29,499,1949.8997995992,148.296593186373,290.581162324649,1.0,6,2016-02-08 23:39:18,2016-02-08 23:41:43,passed,598,"[107903527, 107903532, 107903535, 107903536, 107903537, 107903538, 107903539, 107903540, 107903541, 107903542, 107903543, 107903544, 107903545, 107903546, 107903547]",222,107903538,ruby,ok,2,ruby,,0.0,,,,,,,,,0
107905182,mattbrictson/airbrussh,0.0,,,ruby,,master,3,6e9cfe0e08d2f98fc61459136a41144befa157f0#f4d17f8be969794f3448ce1e991f0acf941b6103#de673dde000751f0e3adad36de68b4ae40451834,merge_found,,,2016-01-30 02:29:51,3,de673dde000751f0e3adad36de68b4ae40451834,1,de673dde000751f0e3adad36de68b4ae40451834,,de673dde000751f0e3adad36de68b4ae40451834,,0,,4,0,0,0,3,0,0,2,0,1,31,499,1949.8997995992,148.296593186373,290.581162324649,1.0,,2016-02-08 23:47:22,2016-02-08 23:47:38,passed,591,"[107905190, 107905197, 107905202, 107905207, 107905209, 107905213, 107905215, 107905219, 107905221, 107905223, 107905225, 107905228, 107905229, 107905230, 107905231]",223,107905228,ruby,ok,3,ruby,,0.0,,,,,,,,,0
112327412,mattbrictson/airbrussh,0.0,,,ruby,,master,1,44c2e0cbfd76b31fd40bfe9135b5171446b0c02e,build_found,de673dde000751f0e3adad36de68b4ae40451834,107905182,2016-02-28 00:10:52,3,44c2e0cbfd76b31fd40bfe9135b5171446b0c02e,1,44c2e0cbfd76b31fd40bfe9135b5171446b0c02e,,44c2e0cbfd76b31fd40bfe9135b5171446b0c02e,,0,,17,0,0,0,3,0,0,3,0,0,59,499,1949.8997995992,148.296593186373,290.581162324649,1.0,,2016-02-28 00:11:15,2016-02-28 00:11:30,passed,763,"[112327413, 112327414, 112327415, 112327416, 112327417, 112327418, 112327419, 112327420, 112327422, 112327424, 112327425, 112327426, 112327428, 112327430, 112327432]",226,112327414,ruby,ok,3,ruby,,0.0,,,,,,,,,0
112698494,mattbrictson/airbrussh,0.0,,,ruby,,master,2,0306c64f4a8b475c917950f167885510475ef116#d7703064473e9019a4a122010b6a5b3e7ff7442e,merge_found,,,2016-02-29 20:57:26,3,d7703064473e9019a4a122010b6a5b3e7ff7442e,1,d7703064473e9019a4a122010b6a5b3e7ff7442e,,d7703064473e9019a4a122010b6a5b3e7ff7442e,,0,,6,0,0,0,1,0,0,1,0,0,33,499,1949.8997995992,148.296593186373,290.581162324649,1.0,,2016-02-29 21:27:29,2016-02-29 21:30:28,passed,860,"[112698495, 112698496, 112698497, 112698498, 112698499, 112698500, 112698501, 112698502, 112698503, 112698504, 112698505, 112698506, 112698507, 112698508, 112698509]",231,112698502,ruby,ok,3,ruby,,0.0,,,,,,,,,0
113145921,mattbrictson/airbrussh,0.0,,,ruby,,master,1,4ca7f0331b038ac72a36ff7738a1a2ef6a838bc0,build_found,d7703064473e9019a4a122010b6a5b3e7ff7442e,112698726,2016-03-02 15:07:18,3,4ca7f0331b038ac72a36ff7738a1a2ef6a838bc0,1,4ca7f0331b038ac72a36ff7738a1a2ef6a838bc0,,4ca7f0331b038ac72a36ff7738a1a2ef6a838bc0,,0,,0,0,0,0,1,0,0,0,0,1,10,499,1949.8997995992,148.296593186373,290.581162324649,1.0,,2016-03-02 15:07:25,2016-03-02 15:16:12,passed,1168,"[113145924, 113145925, 113145926, 113145927, 113145928, 113145929, 113145930, 113145931, 113145932, 113145933, 113145934, 113145935, 113145936, 113145937, 113145938]",233,113145933,ruby,ok,6,ruby,,0.0,,,,,,,,,0
115458193,mattbrictson/airbrussh,0.0,,,ruby,,master,1,449f621835600fc93916a52be93db139aa30b3fd,build_found,4ca7f0331b038ac72a36ff7738a1a2ef6a838bc0,113145921,2016-03-12 00:38:43,3,449f621835600fc93916a52be93db139aa30b3fd,1,449f621835600fc93916a52be93db139aa30b3fd,,449f621835600fc93916a52be93db139aa30b3fd,,0,,48,0,1,0,0,0,0,1,0,0,0,499,1949.8997995992,148.296593186373,290.581162324649,1.0,,2016-03-12 00:39:07,2016-03-12 00:39:18,passed,690,"[115458196, 115458199, 115458200, 115458201, 115458202, 115458203, 115458204, 115458207, 115458208, 115458209, 115458210, 115458211, 115458212, 115458213, 115458214]",234,115458207,ruby,ok,1,ruby,,0.0,,,,,,,,,0
117296015,mattbrictson/airbrussh,1.0,2016-03-17 19:48:05,76,ruby,commits_in_master,master,2,24c659053c7b9bcb043bd309da458333f739dd3c#30c1460f025722a03170437b37e2c18c4bf02b6d,build_found,449f621835600fc93916a52be93db139aa30b3fd,115458193,2016-03-17 19:41:48,3,24c659053c7b9bcb043bd309da458333f739dd3c,1,24c659053c7b9bcb043bd309da458333f739dd3c,449f621835600fc93916a52be93db139aa30b3fd,3458015017e96ee746448d32118a01f57c635b0c,4,0,0,16,9,1,0,3,0,0,3,0,1,44,500,1962.0,150.0,292.0,0.0,37,2016-03-21 16:34:20,2016-03-20 17:49:39,passed,742,"[117296016, 117296017, 117296018, 117296019, 117296020, 117296021, 117296022, 117296027, 117296028, 117296029, 117296032, 117296033, 117296034, 117296035, 117296036]",238,117296035,ruby,ok,0,ruby,,0.0,,,,,,,,,0
117495291,mattbrictson/airbrussh,0.0,,,ruby,,master,2,24c659053c7b9bcb043bd309da458333f739dd3c#30c1460f025722a03170437b37e2c18c4bf02b6d,merge_found,,,2016-03-17 19:41:48,3,30c1460f025722a03170437b37e2c18c4bf02b6d,1,30c1460f025722a03170437b37e2c18c4bf02b6d,,30c1460f025722a03170437b37e2c18c4bf02b6d,,0,,16,9,1,0,3,0,0,3,0,1,45,500,1962.0,150.0,292.0,1.0,,2016-03-21 16:34:20,2016-03-21 16:34:51,passed,899,"[117495292, 117495293, 117495294, 117495295, 117495296, 117495297, 117495298, 117495299, 117495300, 117495301, 117495302, 117495303, 117495304, 117495305, 117495306]",239,117495304,ruby,ok,1,ruby,,0.0,,,,,,,,,0
117497356,mattbrictson/airbrussh,0.0,,,ruby,,master,2,23b9feaa44d93e109ccf4db1a9ba9c5a3a9bb674#876cbd45858e84c2e964d9b5a92840aafc459442,build_found,30c1460f025722a03170437b37e2c18c4bf02b6d,117495291,2016-03-21 16:36:07,3,876cbd45858e84c2e964d9b5a92840aafc459442#23b9feaa44d93e109ccf4db1a9ba9c5a3a9bb674,2,876cbd45858e84c2e964d9b5a92840aafc459442,,876cbd45858e84c2e964d9b5a92840aafc459442,,0,,13,0,0,1,3,0,0,2,0,2,39,500,1962.0,150.0,292.0,1.0,,2016-03-21 16:41:09,2016-03-21 16:41:46,passed,965,"[117497357, 117497358, 117497359, 117497360, 117497361, 117497362, 117497363, 117497365, 117497367, 117497368, 117497369, 117497370, 117497371, 117497372, 117497373]",240,117497363,ruby,ok,3,ruby,,0.0,,,,,,,,,0
121991142,mattbrictson/airbrussh,0.0,,,ruby,,master,,,build_found,876cbd45858e84c2e964d9b5a92840aafc459442,117497387,,3,3ef3d70099c07affa19f8b60b134ff2968bf5c87,1,3ef3d70099c07affa19f8b60b134ff2968bf5c87,,3ef3d70099c07affa19f8b60b134ff2968bf5c87,,0,,2,0,0,0,1,0,0,1,0,0,1,500,1962.0,150.0,292.0,1.0,,,2016-04-10 01:40:50,passed,662,"[121991143, 121991144, 121991145, 121991146, 121991147, 121991148, 121991149, 121991150, 121991151, 121991152, 121991153, 121991154, 121991155, 121991156, 121991157]",242,121991145,ruby,ok,3,ruby,,0.0,,,,,,,,,0
123211233,mattbrictson/airbrussh,1.0,2016-02-24 16:55:27,73,ruby,commits_in_master,master,,,build_found,44c2e0cbfd76b31fd40bfe9135b5171446b0c02e,112327436,,3,2abbaee5aa1cd8b34612ef90340391f330e88a8a,1,2abbaee5aa1cd8b34612ef90340391f330e88a8a,3ef3d70099c07affa19f8b60b134ff2968bf5c87,b737439643f8ade7dc42993250f762d840250c2a,0,0,0,212,0,1,0,2,0,0,1,0,2,30,499,1949.8997995992,148.296593186373,290.581162324649,1.0,41,,2016-04-15 00:16:57,passed,792,"[123211234, 123211235, 123211236, 123211237, 123211238, 123211239, 123211240, 123211241, 123211242, 123211243, 123211244, 123211245, 123211246, 123211247, 123211248]",244,123211248,ruby,ok,0,ruby,,0.0,,,,,,,,,0
125613624,mattbrictson/airbrussh,0.0,,,ruby,,master,,,merge_found,,,,3,ca10c83edcc467c0150614e29f1bf558627f0e9d,1,ca10c83edcc467c0150614e29f1bf558627f0e9d,,ca10c83edcc467c0150614e29f1bf558627f0e9d,,0,,212,0,1,0,2,0,0,1,0,2,31,500,1962.0,150.0,292.0,1.0,,,2016-04-25 16:37:13,passed,685,"[125613625, 125613626, 125613627, 125613628, 125613629, 125613630, 125613631, 125613632, 125613633, 125613634, 125613635, 125613636, 125613637, 125613638, 125613639]",245,125613635,ruby,ok,3,ruby,,0.0,,,,,,,,,0
130046493,mattbrictson/airbrussh,1.0,2016-05-13 16:17:49,79,ruby,commits_in_master,master,,,build_found,3ef3d70099c07affa19f8b60b134ff2968bf5c87,121991142,,3,6f7b8077ee8b55744cd83270a215d5a9a27e7948,1,6f7b8077ee8b55744cd83270a215d5a9a27e7948,ca10c83edcc467c0150614e29f1bf558627f0e9d,020b3faec3ec7b8a7b2f20a73226fd97535d3b6a,2,0,0,3,22,0,0,4,0,0,4,0,0,22,501,1974.05189620758,149.700598802395,291.417165668663,1.0,,,2016-05-13 16:42:14,passed,800,"[130046494, 130046495, 130046496, 130046497, 130046498, 130046501, 130046504, 130046507, 130046510, 130046512, 130046514, 130046523, 130046524, 130046525, 130046530]",254,130046498,ruby,ok,1,ruby,,0.0,,,,,,,,,0
130051085,mattbrictson/airbrussh,0.0,,,ruby,,master,,,merge_found,,,,3,1d32a492801d2c5dbee55c9ddf46915cc6fcdfee,1,1d32a492801d2c5dbee55c9ddf46915cc6fcdfee,,1d32a492801d2c5dbee55c9ddf46915cc6fcdfee,,0,,3,22,0,0,4,0,0,4,0,0,23,501,1974.05189620758,149.700598802395,291.417165668663,1.0,,,2016-05-13 16:51:46,passed,833,"[130051089, 130051091, 130051094, 130051097, 130051101, 130051103, 130051116, 130051118, 130051119, 130051121, 130051124, 130051132, 130051133, 130051134, 130051135]",256,130051121,ruby,ok,3,ruby,,0.0,,,,,,,,,0
130058444,mattbrictson/airbrussh,0.0,,,ruby,,master,,,merge_found,,,,3,19666a50caf1f1c5987425fed313ee1f2d479cbf,1,19666a50caf1f1c5987425fed313ee1f2d479cbf,,19666a50caf1f1c5987425fed313ee1f2d479cbf,,0,,19,5,0,0,4,0,0,4,0,0,52,501,1982.03592814371,151.696606786427,293.413173652695,1.0,,,2016-05-13 17:22:31,passed,746,"[130058446, 130058447, 130058448, 130058449, 130058450, 130058451, 130058452, 130058453, 130058463, 130058464, 130058465, 130058466, 130058467, 130058468, 130058469]",258,130058447,ruby,ok,3,ruby,,0.0,,,,,,,,,0
130058909,mattbrictson/airbrussh,0.0,,,ruby,,master,,,build_found,19666a50caf1f1c5987425fed313ee1f2d479cbf,130058444,,3,f94253651324dc2b63e49bbe2f80a7674931a61d,1,f94253651324dc2b63e49bbe2f80a7674931a61d,,f94253651324dc2b63e49bbe2f80a7674931a61d,,0,,8,0,0,0,2,0,0,2,0,0,42,501,1982.03592814371,151.696606786427,293.413173652695,1.0,,,2016-05-13 17:25:13,passed,774,"[130058911, 130058913, 130058915, 130058917, 130058919, 130058920, 130058921, 130058922, 130058924, 130058926, 130058927, 130058928, 130058929, 130058930, 130058931]",259,130058929,ruby,ok,1,ruby,,0.0,,,,,,,,,0
143958684,mattbrictson/airbrussh,0.0,,,ruby,,master,,,merge_found,,,,3,43e119fe4f3e213e42de0225fade27cce4758cd1,1,43e119fe4f3e213e42de0225fade27cce4758cd1,,43e119fe4f3e213e42de0225fade27cce4758cd1,,0,,3,0,0,0,1,0,0,1,0,0,11,501,1982.03592814371,151.696606786427,293.413173652695,1.0,,,2016-07-11 18:08:25,passed,769,"[143958693, 143958710, 143958724, 143958725, 143958726, 143958727, 143958734, 143958767, 143958770, 143958771, 143958773, 143958775, 143958778, 143958792, 143958793]",264,143958770,ruby,ok,1,ruby,,0.0,,,,,,,,,0
143968214,mattbrictson/airbrussh,0.0,,,ruby,,master,,,merge_found,,,,3,741e21016bff6bb7fcbcad3f0870786e5e905017,1,741e21016bff6bb7fcbcad3f0870786e5e905017,,741e21016bff6bb7fcbcad3f0870786e5e905017,,0,,0,2,0,0,1,0,0,1,0,0,32,501,1982.03592814371,151.696606786427,293.413173652695,1.0,,,2016-07-11 18:50:01,passed,714,"[143968216, 143968218, 143968220, 143968222, 143968232, 143968234, 143968236, 143968246, 143968249, 143968250, 143968253, 143968254, 143968262, 143968264, 143968268]",269,143968222,ruby,ok,3,ruby,,0.0,,,,,,,,,0
147601227,mattbrictson/airbrussh,0.0,,,ruby,,master,,,merge_found,,,,3,460446b3964b7f2c5bb5c15d742a57462737f6a2,1,460446b3964b7f2c5bb5c15d742a57462737f6a2,,460446b3964b7f2c5bb5c15d742a57462737f6a2,,0,,13,18,0,0,6,0,0,6,0,0,109,501,1982.03592814371,151.696606786427,293.413173652695,1.0,,,2016-07-26 21:42:15,passed,708,"[147601229, 147601230, 147601236, 147601240, 147601244, 147601245, 147601248, 147601250, 147601252, 147601253, 147601255, 147601257, 147601260, 147601262, 147601264]",277,147601260,ruby,ok,1,ruby,,0.0,,,,,,,,,0
147627540,mattbrictson/airbrussh,0.0,,,ruby,,master,,,build_found,460446b3964b7f2c5bb5c15d742a57462737f6a2,147601227,,3,6548715c543273465fbd7e045532ddf15d7366d9,1,6548715c543273465fbd7e045532ddf15d7366d9,,6548715c543273465fbd7e045532ddf15d7366d9,,0,,15,0,0,0,2,0,0,2,0,0,45,501,1982.03592814371,151.696606786427,293.413173652695,1.0,,,2016-07-26 23:44:20,passed,699,"[147627541, 147627542, 147627543, 147627546, 147627547, 147627548, 147627549, 147627550, 147627551, 147627554, 147627555, 147627556, 147627560, 147627562, 147627563]",278,147627543,ruby,ok,2,ruby,,0.0,,,,,,,,,0
