tr_build_id,gh_project_name,gh_is_pr,gh_pr_created_at,gh_pull_req_num,gh_lang,git_merged_with,git_branch,gh_num_commits_in_push,gh_commits_in_push,git_prev_commit_resolution_status,git_prev_built_commit,tr_prev_build,gh_first_commit_created_at,gh_team_size,git_all_built_commits,git_num_all_built_commits,git_trigger_commit,tr_virtual_merged_into,tr_original_commit,gh_num_issue_comments,gh_num_commit_comments,gh_num_pr_comments,git_diff_src_churn,git_diff_test_churn,gh_diff_files_added,gh_diff_files_deleted,gh_diff_files_modified,gh_diff_tests_added,gh_diff_tests_deleted,gh_diff_src_files,gh_diff_doc_files,gh_diff_other_files,gh_num_commits_on_files_touched,gh_sloc,gh_test_lines_per_kloc,gh_test_cases_per_kloc,gh_asserts_cases_per_kloc,gh_by_core_team_member,gh_description_complexity,gh_pushed_at,gh_build_started_at,tr_status,tr_duration,tr_jobs,tr_build_number,tr_job_id,tr_log_lan,tr_log_status,tr_log_setup_time,tr_log_analyzer,tr_log_frameworks,tr_log_bool_tests_ran,tr_log_bool_tests_failed,tr_log_num_tests_ok,tr_log_num_tests_failed,tr_log_num_tests_run,tr_log_num_tests_skipped,tr_log_tests_failed,tr_log_testduration,tr_log_buildduration,build_successful
40462560,pedrovgs/Algorithms,0.0,,,java,,master,,,no_previous_build,127ffe7b9dedd93afef2c86b0d02b831fb585349,,,2,421c254b5a11549f6a01a84b0cc5fd6ec92ecc14#077458fba76c7520904ff14ccfe7d2dfa987f264#127ffe7b9dedd93afef2c86b0d02b831fb585349,3,421c254b5a11549f6a01a84b0cc5fd6ec92ecc14,,421c254b5a11549f6a01a84b0cc5fd6ec92ecc14,,0,,52,38,6,0,0,0,0,3,0,3,0,8,2500.0,125.0,125.0,1.0,,,2014-11-09 14:38:05,passed,28,[40462561],1,40462561,java,ok,,java-maven,junit,1.0,,1,0,1,0,,0.02,,0
40462723,pedrovgs/Algorithms,0.0,,,java,,master,,,build_found,421c254b5a11549f6a01a84b0cc5fd6ec92ecc14,40462560,,2,8e7c4e652e8d8fb6e04b2c4fdbed90ff4487a5b7,1,8e7c4e652e8d8fb6e04b2c4fdbed90ff4487a5b7,,8e7c4e652e8d8fb6e04b2c4fdbed90ff4487a5b7,,0,,2,0,0,0,1,0,0,1,0,0,1,8,2500.0,125.0,125.0,1.0,,,2014-11-09 14:41:20,passed,21,[40462724],2,40462724,java,ok,,java-maven,junit,1.0,,1,0,1,0,,0.01,,0
40464674,pedrovgs/Algorithms,0.0,,,java,,master,,,build_found,8e7c4e652e8d8fb6e04b2c4fdbed90ff4487a5b7,40462723,,2,9905927d6d5631944f5e890cdd678b5dc0e8c694#c0272213a1c95a514a5266cadd78d7d170825a1a#a9c24e7628a3ea4c3bfd71e8270d7626c45aa1b1#655ba95123e6dd8092a0c59bf92e1f8c72e05c4b#2b2bedf8ac93ffc1e2af9c5fa0d16f2aa13bc91f#08b6771963178b4ba85c5a2c0c621c4fb9d65936#fa9f73285afbcbd99d1ea9af180b7bd02d3a2432,7,9905927d6d5631944f5e890cdd678b5dc0e8c694,,9905927d6d5631944f5e890cdd678b5dc0e8c694,,0,,87,103,2,2,3,0,10,4,0,1,1,22,1818.18181818182,454.545454545455,500.0,1.0,,,2014-11-09 15:27:00,passed,32,[40464675],3,40464675,java,ok,,java-maven,junit,1.0,,10,0,10,0,,0.13,,0
40548989,pedrovgs/Algorithms,0.0,,,java,,master,9,5a2f161f791ba1508dd6c52c29b7c37317e179c0#bbcd63bea80779f2a6af8f71136049ae3c7e603c#80c9e6587d849c7b14abec309a15b3e7e45ee5c1#0d4ab14ba8879d7b1f387eb91b90118d18bfc5f4#01c076eb8f8a855113d2de7e5750b8c8802fe074#79d994d81fd6f65019dc12aac6c6466afbe55383#846bacd3859092956b2174f0f8da44d2682def79#3f40b52dba8cfde357565dd93557c82a5ccb18eb#bfd76bce0358f4b987cdf1f3197f4e6a88b235a5,build_found,9905927d6d5631944f5e890cdd678b5dc0e8c694,40464674,2014-11-10 14:16:23,3,bfd76bce0358f4b987cdf1f3197f4e6a88b235a5#3f40b52dba8cfde357565dd93557c82a5ccb18eb#846bacd3859092956b2174f0f8da44d2682def79#79d994d81fd6f65019dc12aac6c6466afbe55383#01c076eb8f8a855113d2de7e5750b8c8802fe074#0d4ab14ba8879d7b1f387eb91b90118d18bfc5f4#80c9e6587d849c7b14abec309a15b3e7e45ee5c1#bbcd63bea80779f2a6af8f71136049ae3c7e603c#5a2f161f791ba1508dd6c52c29b7c37317e179c0,9,bfd76bce0358f4b987cdf1f3197f4e6a88b235a5,,bfd76bce0358f4b987cdf1f3197f4e6a88b235a5,,0,,130,96,4,0,5,0,15,5,0,0,0,56,1392.85714285714,267.857142857143,267.857142857143,1.0,,2014-11-10 14:59:13,2014-11-10 15:02:36,passed,57,[40548990],4,40548990,java,ok,,java-maven,junit,1.0,,15,0,15,0,,0.14,,0
40704253,pedrovgs/Algorithms,0.0,,,java,,master,6,99523a039f2642d8258b80aefc937fb10e932bb2#56a8f9e3b6dcdf3087ed088f2a9472b39ff0d4c1#ff3eac4df091c3bef96a385e19bb800a49cf151a#de63025fc7ecf9c7af2a0aad0ae9dd0dbd6e8919#e63d5a1a7016280ad8f47bf7019b3822f8ea2e0e#a7ed6fb5967e0f8c63bc7eadcb61fab336dd183a,build_found,bfd76bce0358f4b987cdf1f3197f4e6a88b235a5,40548989,2014-11-11 19:59:55,3,a7ed6fb5967e0f8c63bc7eadcb61fab336dd183a#e63d5a1a7016280ad8f47bf7019b3822f8ea2e0e#de63025fc7ecf9c7af2a0aad0ae9dd0dbd6e8919#ff3eac4df091c3bef96a385e19bb800a49cf151a#56a8f9e3b6dcdf3087ed088f2a9472b39ff0d4c1#99523a039f2642d8258b80aefc937fb10e932bb2,6,a7ed6fb5967e0f8c63bc7eadcb61fab336dd183a,,a7ed6fb5967e0f8c63bc7eadcb61fab336dd183a,,0,,138,151,2,0,2,0,15,2,0,0,0,136,1257.35294117647,220.588235294118,183.823529411765,1.0,,2014-11-11 20:32:58,2014-11-11 20:43:38,passed,29,[40704254],5,40704254,java,ok,,java-maven,junit,1.0,,30,0,30,0,,0.18,,0
40814604,pedrovgs/Algorithms,0.0,,,java,,master,3,ca8a51528937352bf610fc9bf1546187a564566c#30d00e585c6c3f4a3122d4cfe136f13f472faa9b#7ae15ca6ee4675b4ec73c7cb16e0a017d1e923cf,build_found,a7ed6fb5967e0f8c63bc7eadcb61fab336dd183a,40704253,2014-11-12 19:47:14,3,7ae15ca6ee4675b4ec73c7cb16e0a017d1e923cf#30d00e585c6c3f4a3122d4cfe136f13f472faa9b#ca8a51528937352bf610fc9bf1546187a564566c,3,7ae15ca6ee4675b4ec73c7cb16e0a017d1e923cf,,7ae15ca6ee4675b4ec73c7cb16e0a017d1e923cf,,0,,95,96,2,0,3,0,6,3,0,0,6,177,1163.8418079096,203.389830508475,180.790960451977,1.0,,2014-11-12 20:10:36,2014-11-12 20:17:48,passed,33,[40814605],6,40814605,java,ok,,java-maven,junit,1.0,,36,0,36,0,,0.16,,0
40924142,pedrovgs/Algorithms,0.0,,,java,,master,3,d66178bb2543e20a098f51c3c5fb097ce9a09ad7#3c435d3026b0df4fe380fc8648b1c61904879a0d#915cf88072a7ef641c7cc3a41e961b9428d47c8c,build_found,7ae15ca6ee4675b4ec73c7cb16e0a017d1e923cf,40814604,2014-11-13 19:32:12,3,915cf88072a7ef641c7cc3a41e961b9428d47c8c#3c435d3026b0df4fe380fc8648b1c61904879a0d#d66178bb2543e20a098f51c3c5fb097ce9a09ad7,3,915cf88072a7ef641c7cc3a41e961b9428d47c8c,,915cf88072a7ef641c7cc3a41e961b9428d47c8c,,0,,73,121,2,0,2,0,8,2,0,0,0,207,1280.19323671498,212.56038647343,188.405797101449,1.0,,2014-11-13 19:40:56,2014-11-13 19:48:55,passed,32,[40924143],7,40924143,java,ok,0,java-maven,junit,1.0,,44,0,44,0,,0.17,,0
41115481,pedrovgs/Algorithms,0.0,,,java,,master,2,699bc2fceda223f2291f6bc79a316beacbe9adaf#422b64e579d42998c34b64f063028cee1ac8b9ad,build_found,915cf88072a7ef641c7cc3a41e961b9428d47c8c,40924142,2014-11-15 20:44:41,3,422b64e579d42998c34b64f063028cee1ac8b9ad#699bc2fceda223f2291f6bc79a316beacbe9adaf,2,422b64e579d42998c34b64f063028cee1ac8b9ad,,422b64e579d42998c34b64f063028cee1ac8b9ad,,0,,59,65,2,0,2,0,3,2,0,0,0,231,1264.06926406926,203.463203463203,181.818181818182,1.0,,2014-11-15 20:51:10,2014-11-15 20:51:58,passed,30,[41115482],8,41115482,java,ok,0,java-maven,junit,1.0,,47,0,47,0,,0.17,,0
41158683,pedrovgs/Algorithms,0.0,,,java,,master,4,f5b9b2b9f47f37015ec8d9ac82b6457dd0c9c5cc#fee1a1c1655e5e5975183a416090c63f9202545e#21d67b8c0a71efde9be907801d6d2934ab8b81ec#beca5c449c1aa602162b57fddf40104d751b61a1,build_found,422b64e579d42998c34b64f063028cee1ac8b9ad,41115481,2014-11-16 14:23:11,3,beca5c449c1aa602162b57fddf40104d751b61a1#21d67b8c0a71efde9be907801d6d2934ab8b81ec#fee1a1c1655e5e5975183a416090c63f9202545e#f5b9b2b9f47f37015ec8d9ac82b6457dd0c9c5cc,4,beca5c449c1aa602162b57fddf40104d751b61a1,,beca5c449c1aa602162b57fddf40104d751b61a1,,0,,109,90,2,0,2,0,9,2,0,0,0,274,1211.67883211679,204.379562043796,178.832116788321,1.0,,2014-11-16 14:35:03,2014-11-16 14:35:48,passed,30,[41158684],9,41158684,java,ok,0,java-maven,junit,1.0,,56,0,56,0,,0.16,,0
41296242,pedrovgs/Algorithms,0.0,,,java,,master,5,09762f1873be185ad4695e47a59020524eb5e555#dac2ec685699897e4e1755cc787835e32502c1bd#adc26cc859b5f8e708cad85daa8f5a825dadeb7d#76c8d5adad64ce5a1ebf09aaf23ed34901dcc091#0e9fe628e248d33a9dedb741737f7fd0f5b21eab,build_found,beca5c449c1aa602162b57fddf40104d751b61a1,41158683,2014-11-17 19:51:51,3,0e9fe628e248d33a9dedb741737f7fd0f5b21eab#76c8d5adad64ce5a1ebf09aaf23ed34901dcc091#adc26cc859b5f8e708cad85daa8f5a825dadeb7d#dac2ec685699897e4e1755cc787835e32502c1bd#09762f1873be185ad4695e47a59020524eb5e555,5,0e9fe628e248d33a9dedb741737f7fd0f5b21eab,,0e9fe628e248d33a9dedb741737f7fd0f5b21eab,,0,,136,195,2,0,2,0,15,2,0,0,0,344,1229.6511627907,206.395348837209,186.046511627907,1.0,,2014-11-17 21:47:05,2014-11-17 21:54:06,passed,33,[41296243],10,41296243,java,ok,0,java-maven,junit,1.0,,71,0,71,0,,0.19,,0
41309970,pedrovgs/Algorithms,0.0,,,java,,master,6,318567591c956bf7e4917a19402a582d4d009f37#8c05bafd487722cf88d1a67c63de7de8bd01af2a#1fb656417455ac3ad00fac045a5d28bbca1e7037#83d6ad88f117fcdb97cf4edd4bb747d4cc5e60c0#e864a087e1fd03ba5550d6ef40557b82e80627ac#557982ed92f4ccf570fea76407054ae55f2ef5d4,build_found,0e9fe628e248d33a9dedb741737f7fd0f5b21eab,41296242,2014-11-18 00:09:10,3,557982ed92f4ccf570fea76407054ae55f2ef5d4#e864a087e1fd03ba5550d6ef40557b82e80627ac#83d6ad88f117fcdb97cf4edd4bb747d4cc5e60c0#1fb656417455ac3ad00fac045a5d28bbca1e7037#8c05bafd487722cf88d1a67c63de7de8bd01af2a#318567591c956bf7e4917a19402a582d4d009f37,6,557982ed92f4ccf570fea76407054ae55f2ef5d4,,557982ed92f4ccf570fea76407054ae55f2ef5d4,,0,,3,94,0,0,6,4,15,6,0,0,21,341,1398.82697947214,240.469208211144,219.941348973607,1.0,,2014-11-18 00:11:43,2014-11-18 00:14:46,passed,50,[41309971],11,41309971,java,ok,1,java-maven,junit,1.0,,82,0,82,0,,0.21,,0
41405116,pedrovgs/Algorithms,0.0,,,java,,master,5,a9f93af5dcd5017dbe12f383ec7c5526e34f5edb#e95ae78cb00b8bec856964813b1241880f7fdf82#e530236ff31adafd25b8e983bdcde1c1937cbf49#2a845b27957abf7e90d46527d2244646d2db9b92#a82a693d1a36d4c7955aa6edf47614627a89ac2b,build_found,557982ed92f4ccf570fea76407054ae55f2ef5d4,41309970,2014-11-18 20:11:27,3,a82a693d1a36d4c7955aa6edf47614627a89ac2b#2a845b27957abf7e90d46527d2244646d2db9b92#e530236ff31adafd25b8e983bdcde1c1937cbf49#e95ae78cb00b8bec856964813b1241880f7fdf82#a9f93af5dcd5017dbe12f383ec7c5526e34f5edb,5,a82a693d1a36d4c7955aa6edf47614627a89ac2b,,a82a693d1a36d4c7955aa6edf47614627a89ac2b,,0,,92,118,2,0,2,0,12,2,0,0,0,377,1419.09814323607,249.336870026525,225.464190981432,1.0,,2014-11-18 20:32:43,2014-11-18 20:36:06,passed,28,[41405117],12,41405117,java,ok,0,java-maven,junit,1.0,,94,0,94,0,,0.24,,0
41531916,pedrovgs/Algorithms,0.0,,,java,,master,4,278316d926e3225692174954b9af3babdd102a3f#f309f28d8cddde3cd783fc68d7c75ecfd1c69b56#3fd82a88e082b0c45e475490a602b074fd07befa#62bb15a2920d4ccbd45349d2685679c46935a76e,build_found,a82a693d1a36d4c7955aa6edf47614627a89ac2b,41405116,2014-11-19 20:51:31,3,62bb15a2920d4ccbd45349d2685679c46935a76e#3fd82a88e082b0c45e475490a602b074fd07befa#f309f28d8cddde3cd783fc68d7c75ecfd1c69b56#278316d926e3225692174954b9af3babdd102a3f,4,62bb15a2920d4ccbd45349d2685679c46935a76e,,62bb15a2920d4ccbd45349d2685679c46935a76e,,0,,91,173,2,0,2,0,14,2,0,0,0,412,1521.84466019417,262.135922330097,240.291262135922,1.0,,2014-11-19 21:31:09,2014-11-19 21:47:22,passed,50,[41531917],13,41531917,java,ok,0,java-maven,junit,1.0,,108,0,108,0,,0.26,,0
41532611,pedrovgs/Algorithms,0.0,,,java,,master,1,e23d7b1184033a07a263914ffa91b29daf4b1bc5,build_found,62bb15a2920d4ccbd45349d2685679c46935a76e,41531916,2014-11-19 21:36:46,3,e23d7b1184033a07a263914ffa91b29daf4b1bc5,1,e23d7b1184033a07a263914ffa91b29daf4b1bc5,,e23d7b1184033a07a263914ffa91b29daf4b1bc5,,0,,14,0,0,0,1,0,0,1,0,0,4,412,1521.84466019417,262.135922330097,240.291262135922,1.0,,2014-11-19 21:36:52,2014-11-19 21:46:09,passed,32,[41532612],14,41532612,java,ok,0,java-maven,junit,1.0,,108,0,108,0,,0.27,,0
41543934,pedrovgs/Algorithms,0.0,,,java,,master,3,238d25cd2bae6d3a52307a11389af3d5ebba234b#a0d8b3af5400eb16cd8dfec051b7a82587d27e14#511761a0f9633a443663029da9ffb208d5b52fbe,build_found,e23d7b1184033a07a263914ffa91b29daf4b1bc5,41532611,2014-11-19 23:00:26,3,511761a0f9633a443663029da9ffb208d5b52fbe#a0d8b3af5400eb16cd8dfec051b7a82587d27e14#238d25cd2bae6d3a52307a11389af3d5ebba234b,3,511761a0f9633a443663029da9ffb208d5b52fbe,,511761a0f9633a443663029da9ffb208d5b52fbe,,0,,58,53,2,0,1,0,5,2,0,0,0,433,1505.77367205543,260.969976905312,242.494226327945,1.0,,2014-11-19 23:16:16,2014-11-19 23:24:25,passed,52,[41543935],15,41543935,java,ok,1,java-maven,junit,1.0,,113,0,113,0,,0.28,,0
41664567,pedrovgs/Algorithms,0.0,,,java,,master,4,13307d3be9ea71f3fa17c3d352b502bf365264c4#ef650907ed813543e152a1c2e80a856676e0c0ae#072f01d4be795f46234c430b215fb22ba0ea4eca#df1f34917a9429734f90d4c2b44959621eca1feb,build_found,511761a0f9633a443663029da9ffb208d5b52fbe,41543934,2014-11-20 23:02:00,3,df1f34917a9429734f90d4c2b44959621eca1feb#072f01d4be795f46234c430b215fb22ba0ea4eca#ef650907ed813543e152a1c2e80a856676e0c0ae#13307d3be9ea71f3fa17c3d352b502bf365264c4,4,df1f34917a9429734f90d4c2b44959621eca1feb,,df1f34917a9429734f90d4c2b44959621eca1feb,,0,,88,170,2,0,2,0,12,2,0,0,0,474,1548.52320675105,263.713080168776,251.054852320675,1.0,,2014-11-21 00:05:59,2014-11-21 00:07:09,passed,30,[41664568],16,41664568,java,ok,0,java-maven,junit,1.0,,125,0,125,0,,0.28,,0
41889067,pedrovgs/Algorithms,0.0,,,java,,master,5,f0aa786fd5aac37590e7397fa4c863074d9f509a#fe931707fa6e14b91963efc698d76b835379bb4d#3c250faddd9ab5b14b49e80c8556a0610439bb33#652f75dbfe66d42c7bbb5a91ebd8ed842123572c#37c22f4b6d3318324f3589ec879a8dcb70c8d947,build_found,df1f34917a9429734f90d4c2b44959621eca1feb,41664567,2014-11-23 17:32:36,3,37c22f4b6d3318324f3589ec879a8dcb70c8d947#652f75dbfe66d42c7bbb5a91ebd8ed842123572c#3c250faddd9ab5b14b49e80c8556a0610439bb33#fe931707fa6e14b91963efc698d76b835379bb4d#f0aa786fd5aac37590e7397fa4c863074d9f509a,5,37c22f4b6d3318324f3589ec879a8dcb70c8d947,,37c22f4b6d3318324f3589ec879a8dcb70c8d947,,0,,170,145,3,0,4,0,8,4,0,0,1,554,1480.14440433213,240.072202166065,227.436823104693,1.0,,2014-11-23 18:02:39,2014-11-23 18:03:10,passed,30,[41889068],17,41889068,java,ok,0,java-maven,junit,1.0,,133,0,133,0,,0.29,,0
42010338,pedrovgs/Algorithms,0.0,,,java,,master,5,a5c68c49b3ec415d5ab882326b7270acfada8fce#19c33acb38f84e41272d8b1f4c30235ca37a348c#afd56a085c2eec225d0597096269f69772f668ee#2f0425f1e65dd9bce5bdc2e01649d33d3700c62a#c8db59ffcd78d4be3916f7e67d4b14a372de7d97,build_found,37c22f4b6d3318324f3589ec879a8dcb70c8d947,41889067,2014-11-24 17:44:22,3,c8db59ffcd78d4be3916f7e67d4b14a372de7d97#2f0425f1e65dd9bce5bdc2e01649d33d3700c62a#afd56a085c2eec225d0597096269f69772f668ee#19c33acb38f84e41272d8b1f4c30235ca37a348c#a5c68c49b3ec415d5ab882326b7270acfada8fce,5,c8db59ffcd78d4be3916f7e67d4b14a372de7d97,,c8db59ffcd78d4be3916f7e67d4b14a372de7d97,,0,,106,118,2,0,5,0,6,5,0,0,4,601,1462.56239600666,231.281198003328,217.970049916805,1.0,,2014-11-24 21:30:53,2014-11-24 21:35:09,passed,48,[42010339],18,42010339,java,ok,0,java-maven,junit,1.0,,139,0,139,0,,0.29,,0
42226895,pedrovgs/Algorithms,0.0,,,java,,master,4,efb1c6b51dba3d545edddf1f74d3671ec29a8393#930b3f77437f183dc4fee92ce36101b7cafb5dc8#d4d2cd38fb08eaffdcb5a604748734fe1fa29d0c#a871f09351082939882ab913c4443e9dd281649b,build_found,c8db59ffcd78d4be3916f7e67d4b14a372de7d97,42010338,2014-11-26 18:25:03,3,a871f09351082939882ab913c4443e9dd281649b#d4d2cd38fb08eaffdcb5a604748734fe1fa29d0c#930b3f77437f183dc4fee92ce36101b7cafb5dc8#efb1c6b51dba3d545edddf1f74d3671ec29a8393,4,a871f09351082939882ab913c4443e9dd281649b,,a871f09351082939882ab913c4443e9dd281649b,,0,,85,101,2,0,2,0,6,2,0,0,0,642,1462.61682242991,225.856697819315,211.83800623053,1.0,,2014-11-26 18:37:47,2014-11-26 18:40:32,passed,42,[42226896],19,42226896,java,ok,0,java-maven,junit,1.0,,145,0,145,0,,0.33,,0
42256072,pedrovgs/Algorithms,0.0,,,java,,master,8,9949a20b3956114097b7891d9771e00e16fe74e2#9b02bdb1f083479985c4288b5721c87e5350097b#b28cb65f6e22ecff3070f4972b7b15803b5aff01#3231ff32cefa6b0f674ceeab4371534aae232d45#958dc476f5b9b6c964fe3f36299c37641b55d522#9eb5b167adb0479ee4b356087c097e159ec294b6#201b793ac6ea76e1c139cfe1d6ac808267884552#09e07d714cd4898774aabd47b52bd44d3ad55b41,build_found,a871f09351082939882ab913c4443e9dd281649b,42226895,2014-11-26 23:23:16,3,09e07d714cd4898774aabd47b52bd44d3ad55b41#201b793ac6ea76e1c139cfe1d6ac808267884552#9eb5b167adb0479ee4b356087c097e159ec294b6#958dc476f5b9b6c964fe3f36299c37641b55d522#3231ff32cefa6b0f674ceeab4371534aae232d45#b28cb65f6e22ecff3070f4972b7b15803b5aff01#9b02bdb1f083479985c4288b5721c87e5350097b#9949a20b3956114097b7891d9771e00e16fe74e2,8,09e07d714cd4898774aabd47b52bd44d3ad55b41,,09e07d714cd4898774aabd47b52bd44d3ad55b41,,0,,309,112,2,0,14,0,6,14,0,0,42,707,1414.42715700141,213.578500707214,199.434229137199,1.0,,2014-11-26 23:46:55,2014-11-26 23:47:37,passed,31,[42256073],20,42256073,java,ok,0,java-maven,junit,1.0,,151,0,151,0,,0.29,,0
42355590,pedrovgs/Algorithms,0.0,,,java,,master,5,7351ebad5c08f4546615347a681a34443a1ab85e#d61d8f974a9846c99cff38cd79e84edb7f47d745#417aa1c162d59d335616ddd1d5724ec312c07a78#e83b598082e5336aec9e883760cfacb8b1fce0ce#146c71ea3299842ccd390c7c1a3beac4f47be291,build_found,09e07d714cd4898774aabd47b52bd44d3ad55b41,42256072,2014-11-27 22:59:34,3,146c71ea3299842ccd390c7c1a3beac4f47be291#e83b598082e5336aec9e883760cfacb8b1fce0ce#417aa1c162d59d335616ddd1d5724ec312c07a78#d61d8f974a9846c99cff38cd79e84edb7f47d745#7351ebad5c08f4546615347a681a34443a1ab85e,5,146c71ea3299842ccd390c7c1a3beac4f47be291,,146c71ea3299842ccd390c7c1a3beac4f47be291,,0,,121,159,2,0,3,0,10,3,0,0,3,772,1417.09844559585,208.549222797927,195.59585492228,1.0,,2014-11-27 23:29:40,2014-11-27 23:30:18,passed,30,[42355591],21,42355591,java,ok,0,java-maven,junit,1.0,,161,0,161,0,,0.32,,0
42478345,pedrovgs/Algorithms,0.0,,,java,,master,4,e4f0eb7fd8c376edc1a3de145d28820f445bc3ef#20feefc964f9062e3974f829abf32cd40832a343#a156819d991c9a6503efac73e4a0105658174f8d#bb95ee953a8966ece5947b958cf4fca42b9cda91,build_found,146c71ea3299842ccd390c7c1a3beac4f47be291,42355590,2014-11-29 14:17:45,3,bb95ee953a8966ece5947b958cf4fca42b9cda91#a156819d991c9a6503efac73e4a0105658174f8d#20feefc964f9062e3974f829abf32cd40832a343#e4f0eb7fd8c376edc1a3de145d28820f445bc3ef,4,bb95ee953a8966ece5947b958cf4fca42b9cda91,,bb95ee953a8966ece5947b958cf4fca42b9cda91,,0,,104,94,2,0,4,0,8,4,0,0,6,814,1417.69041769042,207.616707616708,195.331695331695,1.0,,2014-11-29 14:58:11,2014-11-29 14:59:46,passed,31,[42478346],22,42478346,java,ok,0,java-maven,junit,1.0,,169,0,169,0,,0.28,,0
42482868,pedrovgs/Algorithms,0.0,,,java,,master,1,c9e26b4ced78e3018e1302d852268871f48a0a95,build_found,bb95ee953a8966ece5947b958cf4fca42b9cda91,42478345,2014-11-29 16:13:19,3,c9e26b4ced78e3018e1302d852268871f48a0a95,1,c9e26b4ced78e3018e1302d852268871f48a0a95,,c9e26b4ced78e3018e1302d852268871f48a0a95,,0,,9,0,0,0,1,0,0,1,0,0,4,813,1419.43419434194,207.872078720787,195.571955719557,1.0,,2014-11-29 16:13:25,2014-11-29 16:18:38,passed,32,[42482869],23,42482869,java,ok,0,java-maven,junit,1.0,,169,0,169,0,,0.31,,0
42536324,pedrovgs/Algorithms,0.0,,,java,,master,3,0f8c4945f2f72ea49e190c47d2bdaaeb6f466bdb#54959ef8beacd82413ac776489763247b7cc46b0#29d771f754552e5e2fe8076bc119b3558b3bd3bc,build_found,c9e26b4ced78e3018e1302d852268871f48a0a95,42482868,2014-11-30 11:11:51,3,29d771f754552e5e2fe8076bc119b3558b3bd3bc#54959ef8beacd82413ac776489763247b7cc46b0#0f8c4945f2f72ea49e190c47d2bdaaeb6f466bdb,3,29d771f754552e5e2fe8076bc119b3558b3bd3bc,,29d771f754552e5e2fe8076bc119b3558b3bd3bc,,0,,49,90,2,0,2,0,5,2,0,0,0,830,1453.01204819277,209.638554216867,197.590361445783,1.0,,2014-11-30 11:16:29,2014-11-30 11:17:28,passed,32,[42536325],24,42536325,java,ok,0,java-maven,junit,1.0,,174,0,174,0,,0.33,,0
42581409,pedrovgs/Algorithms,0.0,,,java,,master,4,cb0c2e29d0888ee27d58eeab8fc653f63a670f64#84e1c1587c697bbd758e9c591f6875991399af51#21fd4d15d077d02fa26b829811ce3eef27eea44b#4b3e50e3fe4f613aba33392d73ebaeeab9a5a69e,build_found,29d771f754552e5e2fe8076bc119b3558b3bd3bc,42536324,2014-11-30 23:38:26,3,4b3e50e3fe4f613aba33392d73ebaeeab9a5a69e#21fd4d15d077d02fa26b829811ce3eef27eea44b#84e1c1587c697bbd758e9c591f6875991399af51#cb0c2e29d0888ee27d58eeab8fc653f63a670f64,4,4b3e50e3fe4f613aba33392d73ebaeeab9a5a69e,,4b3e50e3fe4f613aba33392d73ebaeeab9a5a69e,,0,,110,103,2,0,1,0,178,44,0,0,1,845,1453.25443786982,210.650887573964,200.0,1.0,,2014-11-30 23:47:11,2014-11-30 23:48:42,passed,48,[42581410],25,42581410,java,ok,1,java-maven,junit,1.0,,178,0,178,0,,0.34,,0
42774849,pedrovgs/Algorithms,0.0,,,java,,master,5,db680c44d4ab4db4442a7f3afd25bd8657ca27e6#d0b58bf6a69383cca336c7b98c62b2968020d054#9c0e7a79fe29bd181aa533386c3623d13f895f38#cd9b16c24e62d16a234ddbd36b64f4faf45042e1#de3748998f612c462ad5351b7d5835bde9a3ca6e,build_found,4b3e50e3fe4f613aba33392d73ebaeeab9a5a69e,42581409,2014-12-02 18:37:39,3,de3748998f612c462ad5351b7d5835bde9a3ca6e#cd9b16c24e62d16a234ddbd36b64f4faf45042e1#9c0e7a79fe29bd181aa533386c3623d13f895f38#d0b58bf6a69383cca336c7b98c62b2968020d054#db680c44d4ab4db4442a7f3afd25bd8657ca27e6,5,de3748998f612c462ad5351b7d5835bde9a3ca6e,,de3748998f612c462ad5351b7d5835bde9a3ca6e,,0,,115,129,2,0,2,0,4,2,0,0,0,913,1398.6856516977,199.34282584885,188.389923329682,1.0,,2014-12-02 18:57:00,2014-12-02 19:03:32,passed,29,[42774850],26,42774850,java,ok,0,java-maven,junit,1.0,,182,0,182,0,,0.34,,0
42805566,pedrovgs/Algorithms,0.0,,,java,,master,7,7a65dcf2168279ae6a3154cb02bf9d4e226f7b12#8605d256ec5ee3b99042c5ad5242c146a405b2d9#e31a6807ff5f9fc08ffb3efe395e4ab7bc0d7d96#0aea740fef8b6d3e6543b4d138c1e4b6923a3d5d#4ab2e5fd46b4bc92abd58a6ac83c9fec9600116d#7de7eebf45a2c1b70bf91c94f5f8135e33663290#fe1dacde7739d4f0065d26e1b5d19a5ec3a59af6,build_found,de3748998f612c462ad5351b7d5835bde9a3ca6e,42774849,2014-12-02 23:11:00,3,fe1dacde7739d4f0065d26e1b5d19a5ec3a59af6#7de7eebf45a2c1b70bf91c94f5f8135e33663290#4ab2e5fd46b4bc92abd58a6ac83c9fec9600116d#0aea740fef8b6d3e6543b4d138c1e4b6923a3d5d#e31a6807ff5f9fc08ffb3efe395e4ab7bc0d7d96#8605d256ec5ee3b99042c5ad5242c146a405b2d9#7a65dcf2168279ae6a3154cb02bf9d4e226f7b12,7,fe1dacde7739d4f0065d26e1b5d19a5ec3a59af6,,fe1dacde7739d4f0065d26e1b5d19a5ec3a59af6,,0,,178,105,3,0,5,0,6,6,0,0,5,971,1371.78166838311,193.614830072091,188.465499485067,1.0,,2014-12-02 23:41:07,2014-12-02 23:45:21,passed,42,[42805567],27,42805567,java,ok,0,java-maven,junit,1.0,,188,0,188,0,,0.42,,0
42924171,pedrovgs/Algorithms,0.0,,,java,,master,5,16a457f20c5cb77690d2302542ef7a713dbee98c#83d11e803d4a6bd8c35ac5d20650c037e70acf39#11e375162fdcaa6fcd83b229d791dc92114239d5#9b39cfccd3ae36a99ec3f4f21bfc5f753d34ca42#2fd174fad855802559efaa0f1acec5a8cd16a084,build_found,fe1dacde7739d4f0065d26e1b5d19a5ec3a59af6,42805566,2014-12-03 23:00:08,3,2fd174fad855802559efaa0f1acec5a8cd16a084#9b39cfccd3ae36a99ec3f4f21bfc5f753d34ca42#11e375162fdcaa6fcd83b229d791dc92114239d5#83d11e803d4a6bd8c35ac5d20650c037e70acf39#16a457f20c5cb77690d2302542ef7a713dbee98c,5,2fd174fad855802559efaa0f1acec5a8cd16a084,,2fd174fad855802559efaa0f1acec5a8cd16a084,,0,,106,54,3,0,2,0,3,3,0,0,0,1016,1334.64566929134,187.992125984252,183.070866141732,1.0,,2014-12-03 23:16:17,2014-12-03 23:19:13,passed,25,[42924172],28,42924172,java,ok,0,java-maven,junit,1.0,,191,0,191,0,,0.39,,0
42925690,pedrovgs/Algorithms,0.0,,,java,,master,1,bc5082b03cb7c48e25e938b8f73af440133ebc44,build_found,2fd174fad855802559efaa0f1acec5a8cd16a084,42924171,2014-12-03 23:32:50,3,bc5082b03cb7c48e25e938b8f73af440133ebc44,1,bc5082b03cb7c48e25e938b8f73af440133ebc44,,bc5082b03cb7c48e25e938b8f73af440133ebc44,,0,,2,0,1,0,3,0,0,1,0,3,4,1016,1334.64566929134,187.992125984252,183.070866141732,1.0,,2014-12-03 23:32:59,2014-12-03 23:34:34,passed,39,[42925691],29,42925691,java,ok,0,java-ant,,0.0,,,,,,,,11.9,0
42926205,pedrovgs/Algorithms,0.0,,,java,,master,1,375695f31ec0534f59d068f5c8eb85d7af840519,build_found,bc5082b03cb7c48e25e938b8f73af440133ebc44,42925690,2014-12-03 23:38:25,3,375695f31ec0534f59d068f5c8eb85d7af840519,1,375695f31ec0534f59d068f5c8eb85d7af840519,,375695f31ec0534f59d068f5c8eb85d7af840519,,0,,0,0,0,0,1,0,0,0,0,1,1,1016,1334.64566929134,187.992125984252,183.070866141732,1.0,,2014-12-03 23:38:33,2014-12-03 23:39:16,passed,40,[42926206],30,42926206,java,ok,0,java-ant,,0.0,,,,,,,,13.05,0
43534365,pedrovgs/Algorithms,0.0,,,java,,master,3,8a96ae6bca0c9693121ca23a95a86e19485f58a9#49688eb9e69b4ed174eb70bca76a515a9f077e0f#7ad76b3a7b51e99cec390fe431b1985eb96006dd,build_found,375695f31ec0534f59d068f5c8eb85d7af840519,42926205,2014-12-09 22:42:17,3,7ad76b3a7b51e99cec390fe431b1985eb96006dd#49688eb9e69b4ed174eb70bca76a515a9f077e0f#8a96ae6bca0c9693121ca23a95a86e19485f58a9,3,7ad76b3a7b51e99cec390fe431b1985eb96006dd,,7ad76b3a7b51e99cec390fe431b1985eb96006dd,,0,,67,91,2,0,4,1,5,4,0,0,1,1039,1341.67468719923,187.680461982676,182.868142444658,1.0,,2014-12-09 23:14:54,2014-12-09 23:25:46,passed,40,[43534368],31,43534368,java,ok,1,java-ant,,0.0,,,,,,,,12.53,0
43536678,pedrovgs/Algorithms,0.0,,,java,,master,3,e18762d76cc9a623ceb83bdce944c2de7ac1c657#94acc473630dd84e6b604220804fb6f3bac4bd94#e9afd8c7d06aa8ba71e5394caf24aa3b256ae7c4,build_found,7ad76b3a7b51e99cec390fe431b1985eb96006dd,43534365,2014-12-09 23:20:25,3,e9afd8c7d06aa8ba71e5394caf24aa3b256ae7c4#94acc473630dd84e6b604220804fb6f3bac4bd94#e18762d76cc9a623ceb83bdce944c2de7ac1c657,3,e9afd8c7d06aa8ba71e5394caf24aa3b256ae7c4,,e9afd8c7d06aa8ba71e5394caf24aa3b256ae7c4,,0,,67,54,2,0,1,0,3,2,0,0,0,1069,1328.34424695978,185.219831618335,181.478016838166,1.0,,2014-12-09 23:35:26,2014-12-09 23:46:00,passed,47,[43536679],32,43536679,java,ok,1,java-ant,,0.0,,,,,,,,10.14,0
43760095,pedrovgs/Algorithms,0.0,,,java,,master,4,3928cba10f0d5f6dc9b97d72842d2deae7fa2677#9b81571b20ee795b0af95d5ab24f2905fad6f273#bdad3630b202f9266d3ca048e5e3007da2000065#8909336fdbf95abd4cf6697f31584d939b560d90,build_found,e9afd8c7d06aa8ba71e5394caf24aa3b256ae7c4,43536678,2014-12-11 20:09:53,3,8909336fdbf95abd4cf6697f31584d939b560d90#bdad3630b202f9266d3ca048e5e3007da2000065#9b81571b20ee795b0af95d5ab24f2905fad6f273#3928cba10f0d5f6dc9b97d72842d2deae7fa2677,4,8909336fdbf95abd4cf6697f31584d939b560d90,,8909336fdbf95abd4cf6697f31584d939b560d90,,0,,55,59,2,0,1,0,4,3,0,0,1,1086,1334.25414364641,186.003683241252,183.241252302026,1.0,,2014-12-11 20:18:23,2014-12-11 20:27:29,passed,38,[43760097],33,43760097,java,ok,0,java-ant,,0.0,,,,,,,,8.84,0
43776833,pedrovgs/Algorithms,0.0,,,java,,master,3,6efa8c49e6c3f995802146c02ed020ba4cb50bb1#f12876207902d7b23d02ce3cb6823461481504f4#61152ed517a58d386ecd0cd4d4a5a4f36eb826e4,build_found,8909336fdbf95abd4cf6697f31584d939b560d90,43760095,2014-12-11 23:01:06,3,61152ed517a58d386ecd0cd4d4a5a4f36eb826e4#f12876207902d7b23d02ce3cb6823461481504f4#6efa8c49e6c3f995802146c02ed020ba4cb50bb1,3,61152ed517a58d386ecd0cd4d4a5a4f36eb826e4,,61152ed517a58d386ecd0cd4d4a5a4f36eb826e4,,0,,52,57,2,0,1,0,4,2,0,0,0,1104,1336.05072463768,186.594202898551,183.876811594203,1.0,,2014-12-11 23:02:32,2014-12-11 23:08:03,passed,36,[43776834],34,43776834,java,ok,0,java-ant,,0.0,,,,,,,,13.53,0
43897407,pedrovgs/Algorithms,0.0,,,java,,master,1,fcb8687371c4406d92643b43a6138ffd41f7387e,build_found,833d4fb0437587d198f56279e9a902cc738d328f,43896797,2014-12-13 00:13:52,3,fcb8687371c4406d92643b43a6138ffd41f7387e,1,fcb8687371c4406d92643b43a6138ffd41f7387e,,fcb8687371c4406d92643b43a6138ffd41f7387e,,0,,52,2,1,0,2,0,0,3,0,0,4,1164,1315.29209621993,183.848797250859,182.13058419244,1.0,,2014-12-13 00:13:59,2014-12-13 00:14:51,passed,37,[43897408],36,43897408,java,ok,0,java-ant,,0.0,,,,,,,,11.51,0
43998000,pedrovgs/Algorithms,0.0,,,java,,master,3,ba92e0468c9a0099dfa40b89132a1f582e13c69e#40f41b993c98021107ad683b55274355277a3df5#d690539a96d94d0c98fcaeabb1615729373cdede,build_found,fcb8687371c4406d92643b43a6138ffd41f7387e,43897407,2014-12-14 13:03:56,3,d690539a96d94d0c98fcaeabb1615729373cdede#40f41b993c98021107ad683b55274355277a3df5#ba92e0468c9a0099dfa40b89132a1f582e13c69e,3,d690539a96d94d0c98fcaeabb1615729373cdede,,d690539a96d94d0c98fcaeabb1615729373cdede,,0,,76,54,2,0,1,0,5,2,0,0,0,1194,1304.02010050251,183.417085427136,182.579564489112,1.0,,2014-12-14 13:13:19,2014-12-14 13:14:00,passed,32,[43998001],37,43998001,java,ok,0,java-ant,,0.0,,,,,,,,9.75,0
44037225,pedrovgs/Algorithms,0.0,,,java,,master,4,a1a7d14544b82669dc125f5e616ddf86fb60a0be#2e31e380cf3d5e296a84b7f9003a13ec1f157220#64237331f227f1cfa11b9f3b26f19c763a940ec1#647de49643c50b76fe54e9bfa2189ec20b3065a2,build_found,d690539a96d94d0c98fcaeabb1615729373cdede,43998000,2014-12-14 23:00:53,3,647de49643c50b76fe54e9bfa2189ec20b3065a2#64237331f227f1cfa11b9f3b26f19c763a940ec1#2e31e380cf3d5e296a84b7f9003a13ec1f157220#a1a7d14544b82669dc125f5e616ddf86fb60a0be,4,647de49643c50b76fe54e9bfa2189ec20b3065a2,,647de49643c50b76fe54e9bfa2189ec20b3065a2,,0,,150,76,3,1,2,0,4,4,0,0,1,1220,1298.3606557377,182.786885245902,181.147540983607,1.0,,2014-12-14 23:13:15,2014-12-14 23:13:59,passed,31,[44037226],38,44037226,java,ok,0,java-ant,,0.0,,,,,,,,9.01,0
44155127,pedrovgs/Algorithms,0.0,,,java,,master,9,e234e2db7e61886fcb8f825c0211d13f7f2fb491#2f6d19cce07bb95343e4663c3d346c8213fd8758#676c82cc599c86b9e8d4cd6b566c99648025884f#261c263fe40baff31a46b4f19f0099ab6015b3d7#b7ca0a2afc43e167e38993cd0ede6e8c1fb60ff8#e17dd71e6c58f1f00a46ef86fadef5145cb66713#817a60fc20ebc18c3b68dbd1d29d383798212592#0fce45f26e8edb20a036de3e9d3b865e2b449160#9c652071363079a538db2095619131037a9f101f,build_found,647de49643c50b76fe54e9bfa2189ec20b3065a2,44037225,2014-12-15 23:34:18,3,9c652071363079a538db2095619131037a9f101f#0fce45f26e8edb20a036de3e9d3b865e2b449160#817a60fc20ebc18c3b68dbd1d29d383798212592#e17dd71e6c58f1f00a46ef86fadef5145cb66713#b7ca0a2afc43e167e38993cd0ede6e8c1fb60ff8#261c263fe40baff31a46b4f19f0099ab6015b3d7#676c82cc599c86b9e8d4cd6b566c99648025884f#2f6d19cce07bb95343e4663c3d346c8213fd8758#e234e2db7e61886fcb8f825c0211d13f7f2fb491,9,9c652071363079a538db2095619131037a9f101f,,9c652071363079a538db2095619131037a9f101f,,0,,113,153,2,0,2,0,12,3,0,0,1,1275,1297.25490196078,184.313725490196,181.960784313725,1.0,,2014-12-16 00:12:42,2014-12-16 00:13:52,passed,39,[44155128],39,44155128,java,ok,1,java-ant,,0.0,,,,,,,,10.22,0
44389101,pedrovgs/Algorithms,0.0,,,java,,master,3,0d17de96bbc00cb9496e7e9c79619e5d7a257e94#f9796b503ddf06d796e73592842c70bf9751806a#5f3d5bd5de9ee50b7aa73c7b55b3d205dd2f0a67,build_found,9c652071363079a538db2095619131037a9f101f,44155127,2014-12-17 21:48:20,3,5f3d5bd5de9ee50b7aa73c7b55b3d205dd2f0a67#f9796b503ddf06d796e73592842c70bf9751806a#0d17de96bbc00cb9496e7e9c79619e5d7a257e94,3,5f3d5bd5de9ee50b7aa73c7b55b3d205dd2f0a67,,5f3d5bd5de9ee50b7aa73c7b55b3d205dd2f0a67,,0,,55,65,2,0,1,0,4,2,0,0,0,1295,1301.9305019305,184.555984555985,183.011583011583,1.0,,2014-12-17 22:23:02,2014-12-17 22:25:16,passed,284,[44389102],40,44389102,java,ok,0,java-ant,,0.0,,,,,,,,9.76,0
44397355,pedrovgs/Algorithms,0.0,,,java,,master,3,dc929a03f8f3ca3b08a6e8a67cea9a3ed5a8804e#e9b01bf2dbc8f3b551533e5546feb34875203063#75f90536a3ff93eb0b0f009a8d16f2db9a6e03e8,build_found,5f3d5bd5de9ee50b7aa73c7b55b3d205dd2f0a67,44389101,2014-12-17 23:21:53,3,75f90536a3ff93eb0b0f009a8d16f2db9a6e03e8#e9b01bf2dbc8f3b551533e5546feb34875203063#dc929a03f8f3ca3b08a6e8a67cea9a3ed5a8804e,3,75f90536a3ff93eb0b0f009a8d16f2db9a6e03e8,,75f90536a3ff93eb0b0f009a8d16f2db9a6e03e8,,0,,61,110,2,0,1,0,9,2,0,0,0,1320,1324.24242424242,187.878787878788,187.121212121212,1.0,,2014-12-17 23:41:54,2014-12-17 23:42:49,passed,38,[44397356],41,44397356,java,ok,0,java-ant,,0.0,,,,,,,,10.81,0
44521431,pedrovgs/Algorithms,0.0,,,java,,master,3,888912cff63f2147d8ded660a2af77db5d84f7fd#fea56e9ca49bea858242bc54754130beacc509e2#e79acb3e21590fd580348e7d248efca7b573e2ad,build_found,75f90536a3ff93eb0b0f009a8d16f2db9a6e03e8,44397355,2014-12-18 22:59:11,3,e79acb3e21590fd580348e7d248efca7b573e2ad#fea56e9ca49bea858242bc54754130beacc509e2#888912cff63f2147d8ded660a2af77db5d84f7fd,3,e79acb3e21590fd580348e7d248efca7b573e2ad,,e79acb3e21590fd580348e7d248efca7b573e2ad,,0,,66,71,2,0,2,0,4,2,0,0,0,1349,1320.97850259451,186.805040770941,186.805040770941,1.0,,2014-12-18 23:12:48,2014-12-18 23:14:01,passed,32,[44521432],42,44521432,java,ok,0,java-ant,,0.0,,,,,,,,10.43,0
44667181,pedrovgs/Algorithms,0.0,,,java,,master,3,e31bceff568d7efe09f176d78248265f369e9f7a#351339b0b94735e3ae861a2bb6435fdec9ae5d0c#9d9525883b8d901c9bacd44285d009041e0f1de0,build_found,e79acb3e21590fd580348e7d248efca7b573e2ad,44521431,2014-12-20 13:17:49,3,9d9525883b8d901c9bacd44285d009041e0f1de0#351339b0b94735e3ae861a2bb6435fdec9ae5d0c#e31bceff568d7efe09f176d78248265f369e9f7a,3,9d9525883b8d901c9bacd44285d009041e0f1de0,,9d9525883b8d901c9bacd44285d009041e0f1de0,,0,,72,68,2,0,1,0,4,2,0,0,0,1381,1315.7132512672,185.372918175235,186.097031136857,1.0,,2014-12-20 13:28:18,2014-12-20 13:29:38,passed,43,[44667182],43,44667182,java,ok,0,java-ant,,0.0,,,,,,,,12.07,0
44749950,pedrovgs/Algorithms,0.0,,,java,,master,4,2e6d156c2a4b2432a8884aa887b95f2ba934caf5#a976228d99c8af4f5689c53d2741bcd4770aaba0#c7e39eccb3d8a36e4c64d709e9f6bea1b36cd50b#e381083181f07443cc74caec6f91a9d1e822eea5,build_found,9d9525883b8d901c9bacd44285d009041e0f1de0,44667181,2014-12-21 16:47:10,3,e381083181f07443cc74caec6f91a9d1e822eea5#c7e39eccb3d8a36e4c64d709e9f6bea1b36cd50b#a976228d99c8af4f5689c53d2741bcd4770aaba0#2e6d156c2a4b2432a8884aa887b95f2ba934caf5,4,e381083181f07443cc74caec6f91a9d1e822eea5,,e381083181f07443cc74caec6f91a9d1e822eea5,,0,,58,127,2,0,1,0,9,3,0,0,0,1405,1353.73665480427,185.76512455516,186.476868327402,1.0,,2014-12-21 17:13:34,2014-12-21 17:14:21,passed,34,[44749951],44,44749951,java,ok,0,java-ant,,0.0,,,,,,,,12.94,0
44865893,pedrovgs/Algorithms,0.0,,,java,,master,3,8726bb80de129d71c7c06949a012e28fe6ced97e#b80988e0dc6d542a5ae81a0c17ba84c5b51034dd#6327840345060132cc6ce422f4d8f33b77d18031,build_found,e381083181f07443cc74caec6f91a9d1e822eea5,44749950,2014-12-22 20:23:22,3,6327840345060132cc6ce422f4d8f33b77d18031#b80988e0dc6d542a5ae81a0c17ba84c5b51034dd#8726bb80de129d71c7c06949a012e28fe6ced97e,3,6327840345060132cc6ce422f4d8f33b77d18031,,6327840345060132cc6ce422f4d8f33b77d18031,,0,,72,43,2,0,1,0,2,2,0,0,0,1441,1331.71408743928,182.512144344205,183.206106870229,1.0,,2014-12-22 20:31:10,2014-12-22 20:33:01,passed,62,[44865894],45,44865894,java,ok,1,java-ant,,0.0,,,,,,,,18.24,0
44920182,pedrovgs/Algorithms,0.0,,,java,,master,3,03c8ef8d8d661623dae96b01ee39176fb1e80c8d#f9ae6d80be42241ab230fb051426e661e939182c#9e548dedc05062cad6665815078a8b4fc7d8b90e,build_found,6327840345060132cc6ce422f4d8f33b77d18031,44865893,2014-12-23 10:06:28,3,9e548dedc05062cad6665815078a8b4fc7d8b90e#f9ae6d80be42241ab230fb051426e661e939182c#03c8ef8d8d661623dae96b01ee39176fb1e80c8d,3,9e548dedc05062cad6665815078a8b4fc7d8b90e,,9e548dedc05062cad6665815078a8b4fc7d8b90e,,0,,56,73,2,0,1,0,4,2,0,0,0,1469,1343.0905377808,181.756296800545,188.56364874064,1.0,,2014-12-23 10:19:42,2014-12-23 10:20:26,passed,34,[44920183],46,44920183,java,ok,0,java-ant,,0.0,,,,,,,,10.26,0
45034996,pedrovgs/Algorithms,0.0,,,java,,master,3,e51876992d680fd1bd7752797bf2c168350fa954#f1ae8d240abcbb231183da4c51c170821b17208b#442a6caceb932401c12e4dcb2388c57fe6a30349,build_found,9e548dedc05062cad6665815078a8b4fc7d8b90e,44920182,2014-12-24 14:39:40,3,442a6caceb932401c12e4dcb2388c57fe6a30349#f1ae8d240abcbb231183da4c51c170821b17208b#e51876992d680fd1bd7752797bf2c168350fa954,3,442a6caceb932401c12e4dcb2388c57fe6a30349,,442a6caceb932401c12e4dcb2388c57fe6a30349,,0,,53,64,2,0,1,0,4,2,0,0,0,1495,1340.46822742475,181.270903010033,188.628762541806,1.0,,2014-12-24 14:49:15,2014-12-24 14:50:08,passed,45,[45034997],47,45034997,java,ok,1,java-ant,,0.0,,,,,,,,12.64,0
45104409,pedrovgs/Algorithms,0.0,,,java,,master,5,36ce5975f62b327ffca49ed5cfcf5262c837c398#7b7b4292c6fc3d4b04491c9b49425eeeb417d998#325194ee84e180e9b1ee017bea6d148504210d7a#873140e9b34305c4ef9b9cb1f32fbfa98184782d#b47b115d2120c88c923fc6bad83c54749ce9be88,build_found,442a6caceb932401c12e4dcb2388c57fe6a30349,45034996,2014-12-25 18:18:23,3,b47b115d2120c88c923fc6bad83c54749ce9be88#873140e9b34305c4ef9b9cb1f32fbfa98184782d#325194ee84e180e9b1ee017bea6d148504210d7a#7b7b4292c6fc3d4b04491c9b49425eeeb417d998#36ce5975f62b327ffca49ed5cfcf5262c837c398,5,b47b115d2120c88c923fc6bad83c54749ce9be88,,b47b115d2120c88c923fc6bad83c54749ce9be88,,0,,80,66,2,0,2,0,3,2,0,0,0,1531,1327.23709993468,178.967994774657,186.80600914435,1.0,,2014-12-25 19:00:56,2014-12-25 19:02:27,passed,43,[45104410],48,45104410,java,ok,0,java-ant,,0.0,,,,,,,,15.81,0
45142235,pedrovgs/Algorithms,0.0,,,java,,master,3,f32775723e112f69ab0431cb1a674e66fc503623#cc53e46ef235e3017d5af179ca018f7d5b94db1f#13354c5e98c2d6de172808468ff421a4e99f34a2,build_found,b47b115d2120c88c923fc6bad83c54749ce9be88,45104409,2014-12-26 11:04:22,3,13354c5e98c2d6de172808468ff421a4e99f34a2#cc53e46ef235e3017d5af179ca018f7d5b94db1f#f32775723e112f69ab0431cb1a674e66fc503623,3,13354c5e98c2d6de172808468ff421a4e99f34a2,,13354c5e98c2d6de172808468ff421a4e99f34a2,,0,,113,62,2,0,1,0,3,2,0,0,0,1584,1303.0303030303,174.873737373737,183.080808080808,1.0,,2014-12-26 11:29:30,2014-12-26 11:30:04,passed,30,[45142236],49,45142236,java,ok,0,java-ant,,0.0,,,,,,,,8.26,0
45212523,pedrovgs/Algorithms,0.0,,,java,,master,3,7fd4ba72863d09c2855a6df1b70351f730ab4a1b#43b0f7812556191aa66ff9a84bc6957ea0371712#a1c80a86faa459922c23222caaf08f7e331ad1d7,build_found,13354c5e98c2d6de172808468ff421a4e99f34a2,45142235,2014-12-27 12:26:23,3,a1c80a86faa459922c23222caaf08f7e331ad1d7#43b0f7812556191aa66ff9a84bc6957ea0371712#7fd4ba72863d09c2855a6df1b70351f730ab4a1b,3,a1c80a86faa459922c23222caaf08f7e331ad1d7,,a1c80a86faa459922c23222caaf08f7e331ad1d7,,0,,68,71,2,0,1,0,3,2,0,0,0,1610,1307.45341614907,173.913043478261,181.987577639752,1.0,,2014-12-27 12:36:47,2014-12-27 12:37:21,passed,30,[45212524],50,45212524,java,ok,0,java-ant,,0.0,,,,,,,,8.91,0
45247353,pedrovgs/Algorithms,0.0,,,java,,master,3,50ff4b0c754a9d16c3200ba43915767711474af2#baa9316dfe9c04f69096ce7b2818a7fa28825f22#c7e371b3890e2fb54ca0c6bde9616686e9122b86,build_found,a1c80a86faa459922c23222caaf08f7e331ad1d7,45212523,2014-12-27 23:05:48,3,c7e371b3890e2fb54ca0c6bde9616686e9122b86#baa9316dfe9c04f69096ce7b2818a7fa28825f22#50ff4b0c754a9d16c3200ba43915767711474af2,3,c7e371b3890e2fb54ca0c6bde9616686e9122b86,,c7e371b3890e2fb54ca0c6bde9616686e9122b86,,0,,64,70,2,0,1,0,3,2,0,0,0,1641,1306.52041438147,172.455819622182,183.424741011578,1.0,,2014-12-27 23:19:29,2014-12-27 23:19:58,passed,32,[45247354],51,45247354,java,ok,0,java-ant,,0.0,,,,,,,,8.76,0
45361487,pedrovgs/Algorithms,0.0,,,java,,master,4,54118f222141ecbece642cd571b60d88f82b93a4#c69c93ed12c8e038d905fb3728ac5e178bd75af0#3cb6e1093986b9545f081bb5fe243713ce44a670#f82df8bf0a86f15c0b9f6063a95b8eb49ad85f62,build_found,c7e371b3890e2fb54ca0c6bde9616686e9122b86,45247353,2014-12-29 15:09:08,3,f82df8bf0a86f15c0b9f6063a95b8eb49ad85f62#3cb6e1093986b9545f081bb5fe243713ce44a670#c69c93ed12c8e038d905fb3728ac5e178bd75af0#54118f222141ecbece642cd571b60d88f82b93a4,4,f82df8bf0a86f15c0b9f6063a95b8eb49ad85f62,,f82df8bf0a86f15c0b9f6063a95b8eb49ad85f62,,0,,87,75,2,0,1,0,4,2,0,0,0,1671,1309.99401555955,171.753441053262,181.328545780969,1.0,,2014-12-29 15:23:22,2014-12-29 15:23:58,passed,34,[45361488],52,45361488,java,ok,0,java-ant,,0.0,,,,,,,,11.9,0
45443601,pedrovgs/Algorithms,0.0,,,java,,master,1,6dcccf658d395c053dd994cac7d3aa65f1b9c258,build_found,23af3ef32fa015e9726789c45c5f275fb86948a4,45443573,2014-12-30 12:25:15,3,6dcccf658d395c053dd994cac7d3aa65f1b9c258,1,6dcccf658d395c053dd994cac7d3aa65f1b9c258,,6dcccf658d395c053dd994cac7d3aa65f1b9c258,,0,,43,0,0,0,1,0,0,1,0,0,1,1708,1297.42388758782,170.374707259953,178.571428571429,1.0,,2014-12-30 12:25:22,2014-12-30 12:26:03,passed,44,[45443602],54,45443602,java,ok,0,java-ant,,0.0,,,,,,,,12.03,0
45551470,pedrovgs/Algorithms,0.0,,,java,,master,4,4eb3051c57681db531b79c3d4c642e3fed88836f#33c3d286fe3c2ed26e74e644a22747978661d3b0#676d180c869b409c2531ec01b09b368d6c497ca9#2156c317cf117e2c2e1eac679667a902a59e2c3d,build_found,6dcccf658d395c053dd994cac7d3aa65f1b9c258,45443601,2014-12-31 14:41:41,3,2156c317cf117e2c2e1eac679667a902a59e2c3d#676d180c869b409c2531ec01b09b368d6c497ca9#33c3d286fe3c2ed26e74e644a22747978661d3b0#4eb3051c57681db531b79c3d4c642e3fed88836f,4,2156c317cf117e2c2e1eac679667a902a59e2c3d,,2156c317cf117e2c2e1eac679667a902a59e2c3d,,0,,91,59,2,0,2,0,4,3,0,0,1,1759,1280.84138715179,167.708925525867,175.099488345651,1.0,,2014-12-31 15:18:29,2014-12-31 15:19:32,passed,52,[45551471],55,45551471,java,ok,0,java-ant,,0.0,,,,,,,,13.62,0
45602422,pedrovgs/Algorithms,0.0,,,java,,master,4,7e4cbfceed86dfc0131261ef8a526384d0209790#db527c3c0c25f459a3a55b066713ca040639eb67#00910b4250cdea660e71b003d390277d8858057c#9b061197f8c89eb2a27479e5d8ec15ed3516b6ad,build_found,2156c317cf117e2c2e1eac679667a902a59e2c3d,45551470,2015-01-01 11:45:20,3,9b061197f8c89eb2a27479e5d8ec15ed3516b6ad#00910b4250cdea660e71b003d390277d8858057c#db527c3c0c25f459a3a55b066713ca040639eb67#7e4cbfceed86dfc0131261ef8a526384d0209790,4,9b061197f8c89eb2a27479e5d8ec15ed3516b6ad,,9b061197f8c89eb2a27479e5d8ec15ed3516b6ad,,0,,56,92,2,0,2,0,6,3,0,0,2,1784,1286.99551569507,168.72197309417,176.008968609865,1.0,,2015-01-01 11:59:06,2015-01-01 11:59:33,failed,30,[45602423],56,45602423,java,broken,0,java-ant,,0.0,,,,,,,,9.01,0
45602573,pedrovgs/Algorithms,0.0,,,java,,master,1,4ee3db17b8f6db9647ea37c6748fdfd67205937f,build_found,9b061197f8c89eb2a27479e5d8ec15ed3516b6ad,45602422,2015-01-01 12:03:37,3,4ee3db17b8f6db9647ea37c6748fdfd67205937f,1,4ee3db17b8f6db9647ea37c6748fdfd67205937f,,4ee3db17b8f6db9647ea37c6748fdfd67205937f,,0,,4,0,0,0,1,0,0,1,0,0,3,1785,1286.27450980392,168.627450980392,175.910364145658,1.0,,2015-01-01 12:03:40,2015-01-01 12:04:30,failed,28,[45602574],57,45602574,java,broken,0,java-ant,,0.0,,,,,,,,7.2,0
45602728,pedrovgs/Algorithms,0.0,,,java,,master,1,4373cde9fe3ab2d9568bf3162489b22cb6468c24,build_found,4ee3db17b8f6db9647ea37c6748fdfd67205937f,45602573,2015-01-01 12:08:32,3,4373cde9fe3ab2d9568bf3162489b22cb6468c24,1,4373cde9fe3ab2d9568bf3162489b22cb6468c24,,4373cde9fe3ab2d9568bf3162489b22cb6468c24,,0,,2,0,0,0,1,0,0,1,0,0,4,1785,1286.27450980392,168.627450980392,175.910364145658,1.0,,2015-01-01 12:08:35,2015-01-01 12:09:09,passed,38,[45602729],58,45602729,java,ok,0,java-ant,,0.0,,,,,,,,11.87,0
45639975,pedrovgs/Algorithms,0.0,,,java,,master,3,9b92f0501475ebd917acfcda1e4df4ff0fb331b5#dbdddd88534082192f71f4fcb8551f60279df28f#c40492f287ddd9af16aae10b2f77deeb8bbd324d,build_found,4373cde9fe3ab2d9568bf3162489b22cb6468c24,45602728,2015-01-01 23:20:45,3,c40492f287ddd9af16aae10b2f77deeb8bbd324d#dbdddd88534082192f71f4fcb8551f60279df28f#9b92f0501475ebd917acfcda1e4df4ff0fb331b5,3,c40492f287ddd9af16aae10b2f77deeb8bbd324d,,c40492f287ddd9af16aae10b2f77deeb8bbd324d,,0,,87,65,2,0,1,0,4,2,0,0,0,1832,1271.83406113537,166.484716157205,173.580786026201,1.0,,2015-01-01 23:22:05,2015-01-01 23:22:37,passed,32,[45639976],59,45639976,java,ok,0,java-ant,,0.0,,,,,,,,9.59,0
45734190,pedrovgs/Algorithms,0.0,,,java,,master,3,5e4e2891b3754d5f67ec2735f1c36f97678a1139#5faa9c49b4ba1159f9f76ada349e3339faea9d91#d9820cfa066e53ed9cdc6a24bccd2113e2c9a356,build_found,c40492f287ddd9af16aae10b2f77deeb8bbd324d,45639975,2015-01-02 23:27:30,3,d9820cfa066e53ed9cdc6a24bccd2113e2c9a356#5faa9c49b4ba1159f9f76ada349e3339faea9d91#5e4e2891b3754d5f67ec2735f1c36f97678a1139,3,d9820cfa066e53ed9cdc6a24bccd2113e2c9a356,,d9820cfa066e53ed9cdc6a24bccd2113e2c9a356,,0,,71,75,2,0,1,0,4,2,0,0,0,1862,1273.3619763695,165.950590762621,175.080558539205,1.0,,2015-01-02 23:46:24,2015-01-02 23:47:04,passed,33,[45734191],60,45734191,java,ok,0,java-ant,,0.0,,,,,,,,12.43,0
45813210,pedrovgs/Algorithms,0.0,,,java,,master,5,6a596409766a21971254daa4cd3e60fc341708f0#605c4bbb3d3a143a7242d8fdd01ae4ceca827bbb#d54df58a8d1767b3536da3233de9c0e8e04b9248#35dc1d92df57b391ca632ff0eea93bf49e0ea16e#ace8a82bed68b68999097c73766309b077d279a9,build_found,d9820cfa066e53ed9cdc6a24bccd2113e2c9a356,45734190,2015-01-03 23:42:46,3,ace8a82bed68b68999097c73766309b077d279a9#35dc1d92df57b391ca632ff0eea93bf49e0ea16e#d54df58a8d1767b3536da3233de9c0e8e04b9248#605c4bbb3d3a143a7242d8fdd01ae4ceca827bbb#6a596409766a21971254daa4cd3e60fc341708f0,5,ace8a82bed68b68999097c73766309b077d279a9,,ace8a82bed68b68999097c73766309b077d279a9,,0,,136,75,2,0,2,0,8,2,0,0,0,1896,1269.51476793249,167.194092827004,176.160337552743,1.0,,2015-01-04 00:15:24,2015-01-04 00:15:59,passed,30,[45813211],61,45813211,java,ok,0,java-ant,,0.0,,,,,,,,8.55,0
45890791,pedrovgs/Algorithms,0.0,,,java,,master,5,7ed4052dab74d84b4f6c851cda4033d67275f073#fe9c96b40bc286e00bf3bcda7fc3fb5ef17d0464#313da800dabefbaa3cff5b5d4bb9b32a7cf1181d#be39309088071ce09aea3ca547af45442be10e32#11312b98ee912db3186a4af652c1f0b00284659d,build_found,ace8a82bed68b68999097c73766309b077d279a9,45813210,2015-01-04 22:40:59,3,11312b98ee912db3186a4af652c1f0b00284659d#be39309088071ce09aea3ca547af45442be10e32#313da800dabefbaa3cff5b5d4bb9b32a7cf1181d#fe9c96b40bc286e00bf3bcda7fc3fb5ef17d0464#7ed4052dab74d84b4f6c851cda4033d67275f073,5,11312b98ee912db3186a4af652c1f0b00284659d,,11312b98ee912db3186a4af652c1f0b00284659d,,0,,66,95,2,0,2,0,8,2,0,0,0,1924,1272.86902286902,168.918918918919,177.234927234927,1.0,,2015-01-04 22:57:33,2015-01-04 22:58:07,passed,36,[45890792],62,45890792,java,ok,0,java-ant,,0.0,,,,,,,,9.49,0
45894114,pedrovgs/Algorithms,0.0,,,java,,master,6,3f10cbcac67518f73d06749f8b5894ebf73d7d5b#56dc9068aed9448285b54d5559e6898cd0cd40d5#536e3dbdcca4f02acc666ab8e9603ec153a22d59#7511e75761ef170df53586300a97351064b35881#f04c5faf44e49d7c628265c72d39fc99098c330c#6736cece590e68e2aa6419223b09846875777cc9,build_found,11312b98ee912db3186a4af652c1f0b00284659d,45890791,2015-01-04 23:00:08,3,6736cece590e68e2aa6419223b09846875777cc9#f04c5faf44e49d7c628265c72d39fc99098c330c#7511e75761ef170df53586300a97351064b35881#536e3dbdcca4f02acc666ab8e9603ec153a22d59#56dc9068aed9448285b54d5559e6898cd0cd40d5#3f10cbcac67518f73d06749f8b5894ebf73d7d5b,6,6736cece590e68e2aa6419223b09846875777cc9,,6736cece590e68e2aa6419223b09846875777cc9,,0,,100,157,2,0,2,0,10,2,0,0,0,1973,1293.96857577293,169.792194627471,177.394830207805,1.0,,2015-01-04 23:44:36,2015-01-04 23:45:11,passed,33,[45894115],63,45894115,java,ok,0,java-ant,,0.0,,,,,,,,9.26,0
46016147,pedrovgs/Algorithms,0.0,,,java,,master,4,bbc875b76e3c83a69bacf0aaadf5d6b32622d953#1e7e5e185fc0fed090296c3822c2f03d77813768#87f8b58711e3a7599d2c68b19fac9bcd7137f366#42b5b6eb069cf520e4802a8aa5dffde87653f7fb,build_found,6736cece590e68e2aa6419223b09846875777cc9,45894114,2015-01-05 23:48:31,3,42b5b6eb069cf520e4802a8aa5dffde87653f7fb#87f8b58711e3a7599d2c68b19fac9bcd7137f366#1e7e5e185fc0fed090296c3822c2f03d77813768#bbc875b76e3c83a69bacf0aaadf5d6b32622d953,4,42b5b6eb069cf520e4802a8aa5dffde87653f7fb,,42b5b6eb069cf520e4802a8aa5dffde87653f7fb,,0,,94,71,2,0,2,0,5,2,0,0,0,2015,1283.3746898263,168.734491315136,176.178660049628,1.0,,2015-01-06 00:10:51,2015-01-06 00:12:14,passed,43,[46016148],64,46016148,java,ok,0,java-ant,,0.0,,,,,,,,14.01,0
46016792,pedrovgs/Algorithms,0.0,,,java,,master,1,26177b7bbd3683828b36c0122c1d49123dc17a25,build_found,42b5b6eb069cf520e4802a8aa5dffde87653f7fb,46016147,2015-01-06 00:20:04,3,26177b7bbd3683828b36c0122c1d49123dc17a25,1,26177b7bbd3683828b36c0122c1d49123dc17a25,,26177b7bbd3683828b36c0122c1d49123dc17a25,,0,,46,37,0,0,2,0,5,2,0,0,4,2047,1275.03663898388,168.539325842697,175.378602833415,1.0,,2015-01-06 00:20:12,2015-01-06 00:20:58,passed,38,[46016793],65,46016793,java,ok,0,java-ant,,0.0,,,,,,,,9.93,0
46135524,pedrovgs/Algorithms,0.0,,,java,,master,3,f552ece89a68f48f1316d202caa6b4e15e6a4389#f77d9cf699d12d81a43a16119ca3a9347ec5f87c#025b08205a696149336baab899f95dc43f07521a,build_found,26177b7bbd3683828b36c0122c1d49123dc17a25,46016792,2015-01-06 23:10:25,3,025b08205a696149336baab899f95dc43f07521a#f77d9cf699d12d81a43a16119ca3a9347ec5f87c#f552ece89a68f48f1316d202caa6b4e15e6a4389,3,025b08205a696149336baab899f95dc43f07521a,,025b08205a696149336baab899f95dc43f07521a,,0,,77,59,2,0,1,0,4,2,0,0,0,2089,1262.80516993777,167.065581617999,172.809956917185,1.0,,2015-01-06 23:12:20,2015-01-06 23:13:08,passed,39,[46135525],66,46135525,java,ok,0,java-ant,,0.0,,,,,,,,10.25,0
46263934,pedrovgs/Algorithms,0.0,,,java,,master,4,71a11059bffc8c6cff42919070caa97abfeadd89#19f1e833cf3c9853dea270048dfc0be85c3ab32e#fd738ab6fe5bc8e1e437ae5039034e4742fa5033#d76487d560e3686a4fc86e570ea710413c9b9b15,build_found,025b08205a696149336baab899f95dc43f07521a,46135524,2015-01-07 23:53:16,3,d76487d560e3686a4fc86e570ea710413c9b9b15#fd738ab6fe5bc8e1e437ae5039034e4742fa5033#19f1e833cf3c9853dea270048dfc0be85c3ab32e#71a11059bffc8c6cff42919070caa97abfeadd89,4,d76487d560e3686a4fc86e570ea710413c9b9b15,,d76487d560e3686a4fc86e570ea710413c9b9b15,,0,,77,83,2,0,2,0,5,3,0,0,1,2128,1260.80827067669,166.353383458647,171.992481203008,1.0,,2015-01-08 00:34:41,2015-01-08 00:35:16,passed,34,[46263935],67,46263935,java,ok,0,java-ant,,0.0,,,,,,,,10.22,0
46383938,pedrovgs/Algorithms,0.0,,,java,,master,3,267440aa74dbbb6c0890a8c0464846217446f0f8#0ab1ef022a5faeca97ce337b1d01ffa1dffd76c7#a9496cef5a20a5e02c1eef6fced6651ad5fd9512,build_found,d76487d560e3686a4fc86e570ea710413c9b9b15,46263934,2015-01-08 23:15:02,3,a9496cef5a20a5e02c1eef6fced6651ad5fd9512#0ab1ef022a5faeca97ce337b1d01ffa1dffd76c7#267440aa74dbbb6c0890a8c0464846217446f0f8,3,a9496cef5a20a5e02c1eef6fced6651ad5fd9512,,a9496cef5a20a5e02c1eef6fced6651ad5fd9512,,0,,61,62,2,0,1,0,4,2,0,0,0,2150,1262.32558139535,166.511627906977,172.093023255814,1.0,,2015-01-08 23:17:06,2015-01-08 23:18:06,passed,41,[46383939],68,46383939,java,ok,0,java-ant,,0.0,,,,,,,,10.85,0
46514831,pedrovgs/Algorithms,0.0,,,java,,master,4,0b44c120d3aa63f8660bc6909f8417c7cd2bdf1f#9a35a380d5089ee933c731ffb851477943f699bd#9f7771388a3f83323163b905c33f1ec0e61673ac#bfa797fc1938c6474ede03068bbe99bee08d8fc3,build_found,a9496cef5a20a5e02c1eef6fced6651ad5fd9512,46383938,2015-01-10 00:11:30,3,bfa797fc1938c6474ede03068bbe99bee08d8fc3#9f7771388a3f83323163b905c33f1ec0e61673ac#9a35a380d5089ee933c731ffb851477943f699bd#0b44c120d3aa63f8660bc6909f8417c7cd2bdf1f,4,bfa797fc1938c6474ede03068bbe99bee08d8fc3,,bfa797fc1938c6474ede03068bbe99bee08d8fc3,,0,,84,103,2,0,2,0,6,2,0,0,0,2195,1265.14806378132,165.831435079727,172.665148063781,1.0,,2015-01-10 00:17:27,2015-01-10 00:18:17,passed,39,[46514832],69,46514832,java,ok,0,java-ant,,0.0,,,,,,,,11.51,0
46633214,pedrovgs/Algorithms,0.0,,,java,,master,6,67e3b30aff59294aa671970f826cdadf20848f60#ef5c9a4702fea3c4823ee9bec003d155a4b7210c#c24d7348a73cc8d8632a3e538dfef7c204782669#73ecaa592ff742ef8c527fd9ca83d944343ed44b#7e737f5d24fbf2ad3ba6e4efc5bbcbfb8a46b8df#55873b320915890e08ab9acf88a26cb17fc8adf7,build_found,bfa797fc1938c6474ede03068bbe99bee08d8fc3,46514831,2015-01-11 14:41:30,3,55873b320915890e08ab9acf88a26cb17fc8adf7#7e737f5d24fbf2ad3ba6e4efc5bbcbfb8a46b8df#73ecaa592ff742ef8c527fd9ca83d944343ed44b#c24d7348a73cc8d8632a3e538dfef7c204782669#ef5c9a4702fea3c4823ee9bec003d155a4b7210c#67e3b30aff59294aa671970f826cdadf20848f60,6,55873b320915890e08ab9acf88a26cb17fc8adf7,,55873b320915890e08ab9acf88a26cb17fc8adf7,,0,,141,161,2,0,3,0,18,3,0,0,1,2279,1264.15094339623,167.617376042124,170.688898639754,1.0,,2015-01-11 14:48:46,2015-01-11 14:49:35,failed,31,[46633215],70,46633215,java,broken,0,java-ant,,0.0,,,,,,,,7.75,0
46633549,pedrovgs/Algorithms,0.0,,,java,,master,1,887057f85801d980d6e507e9800d3e1863633560,build_found,55873b320915890e08ab9acf88a26cb17fc8adf7,46633214,2015-01-11 14:53:26,3,887057f85801d980d6e507e9800d3e1863633560,1,887057f85801d980d6e507e9800d3e1863633560,,887057f85801d980d6e507e9800d3e1863633560,,0,,5,0,0,0,1,0,0,1,0,0,2,2276,1265.81722319859,167.838312829526,170.91388400703,1.0,,2015-01-11 14:53:33,2015-01-11 14:54:19,passed,32,[46633550],71,46633550,java,ok,0,java-ant,,0.0,,,,,,,,8.67,0
46673618,pedrovgs/Algorithms,0.0,,,java,,master,4,9a87f62d8830a50f9b9f35c031d98209885ef7af#0869bf475312e556e379b300d2ac02ff1665974b#2d808cf56b98549fcbac1ea44103fdc483c0acca#ea5beaf9616b7891e7ea375840accaeb3ed5c08b,build_found,887057f85801d980d6e507e9800d3e1863633560,46633549,2015-01-11 23:15:23,3,ea5beaf9616b7891e7ea375840accaeb3ed5c08b#2d808cf56b98549fcbac1ea44103fdc483c0acca#0869bf475312e556e379b300d2ac02ff1665974b#9a87f62d8830a50f9b9f35c031d98209885ef7af,4,ea5beaf9616b7891e7ea375840accaeb3ed5c08b,,ea5beaf9616b7891e7ea375840accaeb3ed5c08b,,0,,58,84,2,0,2,0,4,3,0,0,3,2298,1275.02175805048,167.972149695387,172.758920800696,1.0,,2015-01-11 23:16:59,2015-01-11 23:17:30,passed,44,[46673619],72,46673619,java,ok,0,java-ant,,0.0,,,,,,,,13.32,0
46795431,pedrovgs/Algorithms,0.0,,,java,,master,3,f6fe2da42764c2a0c6e0011a13272164dc127359#30797b36b70b1baabaa83f1fcc3160e8821a7994#2600a9732918ce2708de70f57c46322c4aea9617,build_found,ea5beaf9616b7891e7ea375840accaeb3ed5c08b,46673618,2015-01-12 23:20:36,3,2600a9732918ce2708de70f57c46322c4aea9617#30797b36b70b1baabaa83f1fcc3160e8821a7994#f6fe2da42764c2a0c6e0011a13272164dc127359,3,2600a9732918ce2708de70f57c46322c4aea9617,,2600a9732918ce2708de70f57c46322c4aea9617,,0,,74,89,2,0,1,0,4,2,0,0,0,2334,1278.06341045416,167.095115681234,173.521850899743,1.0,,2015-01-12 23:21:53,2015-01-12 23:22:44,passed,44,[46795432],73,46795432,java,ok,0,java-ant,,0.0,,,,,,,,12.98,0
46926797,pedrovgs/Algorithms,0.0,,,java,,master,5,f4d4ab8adaba250e990ece5c92eab0670fd92c16#1c683d5e0d2445304b98f1ea1b9d4f71db8f144e#27ae84f447a7f37e776462a430fa91561025ff69#293ae051172c30db3fd427e9c7b1536cab9f161c#dd25e1b09e0a5985b78279c11ba315df7d95928d,build_found,2600a9732918ce2708de70f57c46322c4aea9617,46795431,2015-01-13 23:56:15,3,dd25e1b09e0a5985b78279c11ba315df7d95928d#293ae051172c30db3fd427e9c7b1536cab9f161c#27ae84f447a7f37e776462a430fa91561025ff69#1c683d5e0d2445304b98f1ea1b9d4f71db8f144e#f4d4ab8adaba250e990ece5c92eab0670fd92c16,5,dd25e1b09e0a5985b78279c11ba315df7d95928d,,dd25e1b09e0a5985b78279c11ba315df7d95928d,,0,,101,121,2,0,2,0,10,2,0,0,0,2383,1283.25639949643,167.855644146034,172.891313470415,1.0,,2015-01-14 00:00:22,2015-01-14 00:01:04,passed,38,[46926798],74,46926798,java,ok,0,java-ant,,0.0,,,,,,,,10.83,0
47057297,pedrovgs/Algorithms,0.0,,,java,,master,5,29a479bfd331dccdd646e2e9e616ad61c268b2de#966a5ace521afeb68f0a425f995920e76304105a#b370de88793a2f59aee61db30df6f320944d8781#af79414f3b39e2317e2fd83f6f15e35ea3345a90#a9aef207d3524c836f25bdca8580604d119f1bb8,build_found,dd25e1b09e0a5985b78279c11ba315df7d95928d,46926797,2015-01-14 23:29:01,3,a9aef207d3524c836f25bdca8580604d119f1bb8#af79414f3b39e2317e2fd83f6f15e35ea3345a90#b370de88793a2f59aee61db30df6f320944d8781#966a5ace521afeb68f0a425f995920e76304105a#29a479bfd331dccdd646e2e9e616ad61c268b2de,5,a9aef207d3524c836f25bdca8580604d119f1bb8,,a9aef207d3524c836f25bdca8580604d119f1bb8,,0,,99,122,2,0,2,0,10,2,0,0,0,2435,1285.42094455852,168.377823408624,173.305954825462,1.0,,2015-01-14 23:32:40,2015-01-14 23:33:43,passed,66,[47057298],75,47057298,java,ok,0,java-ant,,0.0,,,,,,,,19.47,0
47212944,pedrovgs/Algorithms,0.0,,,java,,master,5,d463a9d0b46fa5c712079fac6f3f3dd0a8538da8#f83b8bafd520c37d5396f13920dbb25542636218#0b05b0dbf72651092cfdbfe56003384bf58d64fd#989876f9a15ce99b38a4ac68ed530fdb7e2664da#8dae381b3fadf92266f3ebdfc9ca9d2bfd9e45f6,build_found,a9aef207d3524c836f25bdca8580604d119f1bb8,47057297,2015-01-16 06:47:22,3,8dae381b3fadf92266f3ebdfc9ca9d2bfd9e45f6#989876f9a15ce99b38a4ac68ed530fdb7e2664da#0b05b0dbf72651092cfdbfe56003384bf58d64fd#f83b8bafd520c37d5396f13920dbb25542636218#d463a9d0b46fa5c712079fac6f3f3dd0a8538da8,5,8dae381b3fadf92266f3ebdfc9ca9d2bfd9e45f6,,8dae381b3fadf92266f3ebdfc9ca9d2bfd9e45f6,,0,,91,75,2,0,2,0,4,2,0,0,0,2483,1278.29238824003,166.733789770439,171.96939186468,1.0,,2015-01-16 06:54:57,2015-01-16 06:55:27,passed,29,[47212945],76,47212945,java,ok,0,java-ant,,0.0,,,,,,,,8.05,0
47352910,pedrovgs/Algorithms,0.0,,,java,,master,5,bed66f34f39112aaa20c0e65fc6906268f4c495c#7058e03346dd0360ea773682efe811373b9eb7ef#c59bc2992f94c91d6865336b30d63d4951a8430b#d6b99c468bcac483b2b0182b15814d655ed1acef#f396706e281fe1bc20e9a617faa609a102012feb,build_found,8dae381b3fadf92266f3ebdfc9ca9d2bfd9e45f6,47212944,2015-01-17 15:05:05,3,f396706e281fe1bc20e9a617faa609a102012feb#d6b99c468bcac483b2b0182b15814d655ed1acef#c59bc2992f94c91d6865336b30d63d4951a8430b#7058e03346dd0360ea773682efe811373b9eb7ef#bed66f34f39112aaa20c0e65fc6906268f4c495c,5,f396706e281fe1bc20e9a617faa609a102012feb,,f396706e281fe1bc20e9a617faa609a102012feb,,0,,81,87,2,0,2,0,6,2,0,0,0,2521,1278.46092820309,166.600555335184,171.360571201904,1.0,,2015-01-17 15:08:31,2015-01-17 15:09:20,passed,33,[47352911],77,47352911,java,ok,0,java-ant,,0.0,,,,,,,,9.01,0
47356863,pedrovgs/Algorithms,0.0,,,java,,master,7,3dc0cc702aab939329dc2833ea0aaae3892cf474#c3bee9a21f7b0a1187b0e41b1acb4c068823ee6e#8dd7df53d9411d9af30744609650827306ff6b9c#6508cea5572d8570093d76334466b6003701c4e5#18b7638a7c137eeac9050d15d3a4400957a50378#76c9d07a21916f3754add052c2b86282c2dacf3b#ee8245b681636ce348462fb8697d9f22084a3b2c,build_found,f396706e281fe1bc20e9a617faa609a102012feb,47352910,2015-01-17 15:31:48,3,ee8245b681636ce348462fb8697d9f22084a3b2c#76c9d07a21916f3754add052c2b86282c2dacf3b#18b7638a7c137eeac9050d15d3a4400957a50378#6508cea5572d8570093d76334466b6003701c4e5#8dd7df53d9411d9af30744609650827306ff6b9c#c3bee9a21f7b0a1187b0e41b1acb4c068823ee6e#3dc0cc702aab939329dc2833ea0aaae3892cf474,7,ee8245b681636ce348462fb8697d9f22084a3b2c,,ee8245b681636ce348462fb8697d9f22084a3b2c,,0,,107,0,0,0,2,0,0,2,0,0,3,2521,1278.46092820309,166.600555335184,171.360571201904,1.0,,2015-01-17 16:09:36,2015-01-17 16:10:27,passed,39,[47356864],78,47356864,java,ok,0,java-ant,,0.0,,,,,,,,10.75,0
47357970,pedrovgs/Algorithms,0.0,,,java,,master,1,80b9b9f727f368958b3e080316b70225eb563bc5,build_found,ee8245b681636ce348462fb8697d9f22084a3b2c,47356863,2015-01-17 16:21:39,3,80b9b9f727f368958b3e080316b70225eb563bc5,1,80b9b9f727f368958b3e080316b70225eb563bc5,,80b9b9f727f368958b3e080316b70225eb563bc5,,0,,23,0,0,0,2,0,0,2,0,0,12,2521,1278.46092820309,166.600555335184,171.360571201904,1.0,,2015-01-17 16:26:11,2015-01-17 16:27:41,passed,42,[47357971],79,47357971,java,ok,0,java-ant,,0.0,,,,,,,,10.8,0
47554726,pedrovgs/Algorithms,0.0,,,java,,master,3,9f5d2757c1447fb543b77d3403b5e697c2173a17#ee2adad0943b89aeae960921fdb4cc49ed84a0d5#a13dd4713cb1d21ca5687f49fbbda5166f0c5f65,build_found,80b9b9f727f368958b3e080316b70225eb563bc5,47357970,2015-01-19 18:37:01,3,a13dd4713cb1d21ca5687f49fbbda5166f0c5f65#ee2adad0943b89aeae960921fdb4cc49ed84a0d5#9f5d2757c1447fb543b77d3403b5e697c2173a17,3,a13dd4713cb1d21ca5687f49fbbda5166f0c5f65,,a13dd4713cb1d21ca5687f49fbbda5166f0c5f65,,0,,54,73,2,0,1,0,3,2,0,0,0,2540,1285.43307086614,166.535433070866,172.047244094488,1.0,,2015-01-19 18:37:56,2015-01-19 18:43:36,passed,44,[47554727],80,47554727,java,ok,0,java-ant,,0.0,,,,,,,,13.06,0
47584094,pedrovgs/Algorithms,0.0,,,java,,master,4,e8dfcf1242a0976c8589f9df635576342c15dab4#120ad3c7199e399f4302ec65a3ca76b7edcab840#20a07a103ae2dd9e00bc3e934a29cb6bf921dfd4#ff8c430d41740f8797ca2e8bd078ca8cf08d07f2,build_found,a13dd4713cb1d21ca5687f49fbbda5166f0c5f65,47554726,2015-01-19 23:19:13,3,ff8c430d41740f8797ca2e8bd078ca8cf08d07f2#20a07a103ae2dd9e00bc3e934a29cb6bf921dfd4#120ad3c7199e399f4302ec65a3ca76b7edcab840#e8dfcf1242a0976c8589f9df635576342c15dab4,4,ff8c430d41740f8797ca2e8bd078ca8cf08d07f2,,ff8c430d41740f8797ca2e8bd078ca8cf08d07f2,,0,,63,69,2,0,3,0,3,4,0,0,11,2572,1284.21461897356,165.629860031104,173.794712286159,1.0,,2015-01-19 23:20:32,2015-01-19 23:24:16,failed,44,[47584095],81,47584095,java,broken,0,java-ant,,0.0,,,,,,,,12.16,0
47584538,pedrovgs/Algorithms,0.0,,,java,,master,1,e2b15c4c7d8521247bca8a106fd5100491a09fdc,build_found,ff8c430d41740f8797ca2e8bd078ca8cf08d07f2,47584094,2015-01-19 23:26:20,3,e2b15c4c7d8521247bca8a106fd5100491a09fdc,1,e2b15c4c7d8521247bca8a106fd5100491a09fdc,,e2b15c4c7d8521247bca8a106fd5100491a09fdc,,0,,4,0,0,0,1,0,0,1,0,0,2,2570,1285.2140077821,165.758754863813,173.929961089494,1.0,,2015-01-19 23:26:30,2015-01-19 23:28:41,passed,42,[47584539],82,47584539,java,ok,0,java-ant,,0.0,,,,,,,,10.91,0
47859453,pedrovgs/Algorithms,0.0,,,java,,master,4,89b2e5999b1dd9d2c73b1604ff8d8c97df318d45#5d700f39832be9af4dfb42f122c3a85b2a0e7f33#4e7587b72d33e5f17958a17be5ca29bca73d4002#9d23b87c288d22c844a57c54a549fe311060c6b0,build_found,e2b15c4c7d8521247bca8a106fd5100491a09fdc,47584538,2015-01-22 00:08:29,3,9d23b87c288d22c844a57c54a549fe311060c6b0#4e7587b72d33e5f17958a17be5ca29bca73d4002#5d700f39832be9af4dfb42f122c3a85b2a0e7f33#89b2e5999b1dd9d2c73b1604ff8d8c97df318d45,4,9d23b87c288d22c844a57c54a549fe311060c6b0,,9d23b87c288d22c844a57c54a549fe311060c6b0,,0,,52,43,2,0,2,0,1,3,0,0,11,2582,1285.8249419055,165.375677769171,173.896204492641,1.0,,2015-01-22 00:10:08,2015-01-22 00:13:38,passed,50,[47859454],83,47859454,java,ok,1,java-ant,,0.0,,,,,,,,11.43,0
47987599,pedrovgs/Algorithms,0.0,,,java,,master,4,18b88764aac6171dff74e54fc139997e7a111d8e#a2066a64b362be8968e26a160dae727b650b56ea#503b2c4209c4fb0a56f63543a739c3ac97a75e32#4562a87d1b000919e55efdb9324cfb6f4065f667,build_found,9d23b87c288d22c844a57c54a549fe311060c6b0,47859453,2015-01-22 23:17:41,3,4562a87d1b000919e55efdb9324cfb6f4065f667#503b2c4209c4fb0a56f63543a739c3ac97a75e32#a2066a64b362be8968e26a160dae727b650b56ea#18b88764aac6171dff74e54fc139997e7a111d8e,4,4562a87d1b000919e55efdb9324cfb6f4065f667,,4562a87d1b000919e55efdb9324cfb6f4065f667,,0,,40,46,2,0,2,0,3,3,0,0,12,2588,1290.57187017002,166.151468315301,175.425038639876,1.0,,2015-01-22 23:19:54,2015-01-22 23:28:10,passed,56,[47987600],84,47987600,java,ok,0,java-ant,,0.0,,,,,,,,18.89,0
48192760,pedrovgs/Algorithms,0.0,,,java,,master,4,10480b399f95fe55515a2a71466625133eb70bd8#476df5141ac0d80df5ec435f781fd195b08739e2#830a9b0111ba612109b204ce1b414b11b4946254#6e87667b40d5b752b39b00d5e01431dd5a9e945e,build_found,4562a87d1b000919e55efdb9324cfb6f4065f667,47987599,2015-01-24 20:54:15,3,6e87667b40d5b752b39b00d5e01431dd5a9e945e#830a9b0111ba612109b204ce1b414b11b4946254#476df5141ac0d80df5ec435f781fd195b08739e2#10480b399f95fe55515a2a71466625133eb70bd8,4,6e87667b40d5b752b39b00d5e01431dd5a9e945e,,6e87667b40d5b752b39b00d5e01431dd5a9e945e,,0,,49,69,2,0,2,0,4,3,0,0,13,2598,1298.69130100077,167.051578137028,176.674364896074,1.0,,2015-01-24 20:55:45,2015-01-24 20:56:35,passed,42,[48192761],85,48192761,java,ok,0,java-ant,,0.0,,,,,,,,10.8,0
48202156,pedrovgs/Algorithms,0.0,,,java,,master,4,d7f0b9c1e462231ec7f97de3b5b773113f7650ff#cb7b9e1453e2b9e052e56e8095ca8ae2520bb3a5#fffcd6d89bf17d6ec829859f4e5703c5294dd1a2#1b22e6e79d339249c66bd2a8f9f1fc698f2a75ac,build_found,6e87667b40d5b752b39b00d5e01431dd5a9e945e,48192760,2015-01-24 23:04:33,3,1b22e6e79d339249c66bd2a8f9f1fc698f2a75ac#fffcd6d89bf17d6ec829859f4e5703c5294dd1a2#cb7b9e1453e2b9e052e56e8095ca8ae2520bb3a5#d7f0b9c1e462231ec7f97de3b5b773113f7650ff,4,1b22e6e79d339249c66bd2a8f9f1fc698f2a75ac,,1b22e6e79d339249c66bd2a8f9f1fc698f2a75ac,,0,,52,66,2,0,2,0,4,3,0,0,14,2610,1304.59770114943,167.816091954023,177.777777777778,1.0,,2015-01-24 23:07:19,2015-01-24 23:08:24,passed,42,[48202157],86,48202157,java,ok,0,java-ant,,0.0,,,,,,,,13.11,0
48203212,pedrovgs/Algorithms,0.0,,,java,,master,1,d30a784c667ba694c3db1e4adb8d0d3f43e2d5e9,build_found,1b22e6e79d339249c66bd2a8f9f1fc698f2a75ac,48202156,2015-01-24 23:18:28,3,d30a784c667ba694c3db1e4adb8d0d3f43e2d5e9,1,d30a784c667ba694c3db1e4adb8d0d3f43e2d5e9,,d30a784c667ba694c3db1e4adb8d0d3f43e2d5e9,,0,,0,2,0,0,0,0,4,1,0,0,0,2610,1304.59770114943,167.816091954023,177.777777777778,1.0,,2015-01-24 23:21:36,2015-01-24 23:22:08,passed,32,[48203213],87,48203213,java,ok,0,java-ant,,0.0,,,,,,,,10.2,0
48287834,pedrovgs/Algorithms,0.0,,,java,,master,4,97c67b5b0ef7046566fdf6eadf93050571b10b7b#5c16c9cbb3492ee001755aa841ac1789e9b7ca08#62038802b51ab67910517ac6cd0d75132d25ef79#212defc751a80b7beb93292368f8178908b585ed,build_found,d30a784c667ba694c3db1e4adb8d0d3f43e2d5e9,48203212,2015-01-25 23:12:57,3,212defc751a80b7beb93292368f8178908b585ed#62038802b51ab67910517ac6cd0d75132d25ef79#5c16c9cbb3492ee001755aa841ac1789e9b7ca08#97c67b5b0ef7046566fdf6eadf93050571b10b7b,4,212defc751a80b7beb93292368f8178908b585ed,,212defc751a80b7beb93292368f8178908b585ed,,0,,73,73,2,0,2,0,5,3,0,0,15,2635,1305.50284629981,168.121442125237,178.368121442125,1.0,,2015-01-25 23:14:45,2015-01-25 23:15:19,passed,29,[48287835],88,48287835,java,ok,0,java-ant,,0.0,,,,,,,,7.83,0
48287922,pedrovgs/Algorithms,0.0,,,java,,master,1,f634ae6754399a82eda492fbb92322447116e57c,build_found,212defc751a80b7beb93292368f8178908b585ed,48287834,2015-01-25 23:15:57,3,f634ae6754399a82eda492fbb92322447116e57c,1,f634ae6754399a82eda492fbb92322447116e57c,,f634ae6754399a82eda492fbb92322447116e57c,,0,,1,0,0,0,1,0,0,1,0,0,16,2635,1305.50284629981,168.121442125237,178.368121442125,1.0,,2015-01-25 23:16:09,2015-01-25 23:17:39,passed,48,[48287923],89,48287923,java,ok,0,java-ant,,0.0,,,,,,,,13.81,0
48415932,pedrovgs/Algorithms,0.0,,,java,,master,4,f69e5f4c4ef340c5201a801a3be4e9c7e6b5dc06#0cc555edd98a85827b978cfdf7f0040d11ced5b5#58d332d819a52c4dbfc25c9151280c98d0669b3e#5041f961b4aae3f0536b975ba241500286bf1236,build_found,f634ae6754399a82eda492fbb92322447116e57c,48287922,2015-01-26 23:19:28,3,5041f961b4aae3f0536b975ba241500286bf1236#58d332d819a52c4dbfc25c9151280c98d0669b3e#0cc555edd98a85827b978cfdf7f0040d11ced5b5#f69e5f4c4ef340c5201a801a3be4e9c7e6b5dc06,4,5041f961b4aae3f0536b975ba241500286bf1236,,5041f961b4aae3f0536b975ba241500286bf1236,,0,,62,49,2,0,2,0,3,3,0,0,17,2661,1300.63885757234,167.60616309658,177.376925967681,1.0,,2015-01-26 23:21:14,2015-01-26 23:23:09,passed,45,[48415933],90,48415933,java,ok,0,java-ant,,0.0,,,,,,,,12.33,0
48556995,pedrovgs/Algorithms,0.0,,,java,,master,4,61833cd2206d96c71a20db7abc513c5637322900#5996ebc06c65cfeb1261fed401423cbba68f4f20#a2112fe11715e1fcaef9547fd12ed6c86a83cbba#1518388ab7443a31ac31dff48258f53e9f73214d,build_found,5041f961b4aae3f0536b975ba241500286bf1236,48415932,2015-01-27 23:04:10,3,1518388ab7443a31ac31dff48258f53e9f73214d#a2112fe11715e1fcaef9547fd12ed6c86a83cbba#5996ebc06c65cfeb1261fed401423cbba68f4f20#61833cd2206d96c71a20db7abc513c5637322900,4,1518388ab7443a31ac31dff48258f53e9f73214d,,1518388ab7443a31ac31dff48258f53e9f73214d,,0,,44,72,2,0,2,0,6,3,0,0,18,2676,1310.53811659193,168.908819133034,178.998505231689,1.0,,2015-01-27 23:06:47,2015-01-27 23:08:27,passed,46,[48556996],91,48556996,java,ok,0,java-ant,,0.0,,,,,,,,17.12,0
48696191,pedrovgs/Algorithms,0.0,,,java,,master,4,700378b95bb3be53c13f1a73fdca2077ebd0d1d6#5bf9b54a6c516a6c557b7a615690e221fa665ed6#fa3f2a28de42f7ff0e368d2b356fb14af1c33644#4949bb98b5ec17b448af042b03f4fcc27965aa79,build_found,1518388ab7443a31ac31dff48258f53e9f73214d,48556995,2015-01-28 23:24:43,3,4949bb98b5ec17b448af042b03f4fcc27965aa79#fa3f2a28de42f7ff0e368d2b356fb14af1c33644#5bf9b54a6c516a6c557b7a615690e221fa665ed6#700378b95bb3be53c13f1a73fdca2077ebd0d1d6,4,4949bb98b5ec17b448af042b03f4fcc27965aa79,,4949bb98b5ec17b448af042b03f4fcc27965aa79,,0,,73,58,2,0,2,0,5,3,0,0,19,2705,1310.16635859519,168.946395563771,178.927911275416,1.0,,2015-01-28 23:26:24,2015-01-28 23:29:24,passed,56,[48696192],92,48696192,java,ok,0,java-ant,,0.0,,,,,,,,11.69,0
48912411,pedrovgs/Algorithms,0.0,,,java,,master,4,f185c0457f535e682f35cf14bf4dd23c4921aae7#68df82605858cd36668ad36bd6c41775b7a5b33e#105cbcaa9b29a9d1d3247f1ab079b751eac58c32#8e3bbeeb9f84fd3a0600730f902c14a67492274e,build_found,4949bb98b5ec17b448af042b03f4fcc27965aa79,48696191,2015-01-30 15:38:31,3,8e3bbeeb9f84fd3a0600730f902c14a67492274e#105cbcaa9b29a9d1d3247f1ab079b751eac58c32#68df82605858cd36668ad36bd6c41775b7a5b33e#f185c0457f535e682f35cf14bf4dd23c4921aae7,4,8e3bbeeb9f84fd3a0600730f902c14a67492274e,,8e3bbeeb9f84fd3a0600730f902c14a67492274e,,0,,30,166,2,0,3,5,5,5,0,0,4,2710,1311.43911439114,168.634686346863,178.59778597786,1.0,,2015-01-30 16:11:03,2015-01-30 16:11:56,passed,53,[48912413],93,48912413,java,ok,0,java-ant,,0.0,,,,,,,,13.26,0
49072750,pedrovgs/Algorithms,0.0,,,java,,master,6,b5291a053a31bf77e68517da0cc9c2bee197c7cb#9061f9d88dace1ea774cc026bab274474ac5dec5#11b93bb673142f6e053627359cd59720a515f148#cd31852e2c0bd088e8dcd868b79f069a67335d12#430eb408786535da462609f0fad1d51ccdd426e3#7023c1792ccb764c597f3fad7b7d0548ed655fad,build_found,8e3bbeeb9f84fd3a0600730f902c14a67492274e,48912411,2015-02-01 11:14:06,3,7023c1792ccb764c597f3fad7b7d0548ed655fad#430eb408786535da462609f0fad1d51ccdd426e3#cd31852e2c0bd088e8dcd868b79f069a67335d12#11b93bb673142f6e053627359cd59720a515f148#9061f9d88dace1ea774cc026bab274474ac5dec5#b5291a053a31bf77e68517da0cc9c2bee197c7cb,6,7023c1792ccb764c597f3fad7b7d0548ed655fad,,7023c1792ccb764c597f3fad7b7d0548ed655fad,,0,,72,29,2,0,4,0,0,5,0,0,24,2725,1307.15596330275,167.706422018349,177.614678899083,1.0,,2015-02-01 11:19:09,2015-02-01 11:19:47,passed,43,[49072751],94,49072751,java,ok,0,java-ant,,0.0,,,,,,,,12.6,0
49079720,pedrovgs/Algorithms,0.0,,,java,,master,1,2dff13cbbb9549b83800a44e392acd8017367be5,build_found,7023c1792ccb764c597f3fad7b7d0548ed655fad,49072750,2015-02-01 13:18:46,3,2dff13cbbb9549b83800a44e392acd8017367be5,1,2dff13cbbb9549b83800a44e392acd8017367be5,,2dff13cbbb9549b83800a44e392acd8017367be5,,0,,15,0,0,0,1,0,0,1,0,0,2,2725,1307.15596330275,167.706422018349,177.614678899083,1.0,,2015-02-01 13:19:02,2015-02-01 13:20:03,passed,52,[49079721],95,49079721,java,ok,1,java-ant,,0.0,,,,,,,,10.48,0
49368872,pedrovgs/Algorithms,0.0,,,java,,master,4,8f057a328a760b45227b1b2cfc57e0a3d877a052#5a262ff8296db5eafea9dde9e393c3ce1024828c#d5fc249f555f4ccb7956a0b6eedb8c770435e7dc#77cc0f38259a0dc67720df02e2ff946724bdfc36,build_found,2dff13cbbb9549b83800a44e392acd8017367be5,49079720,2015-02-02 19:17:35,3,77cc0f38259a0dc67720df02e2ff946724bdfc36#d5fc249f555f4ccb7956a0b6eedb8c770435e7dc#5a262ff8296db5eafea9dde9e393c3ce1024828c#8f057a328a760b45227b1b2cfc57e0a3d877a052,4,77cc0f38259a0dc67720df02e2ff946724bdfc36,,77cc0f38259a0dc67720df02e2ff946724bdfc36,,0,,50,29,2,0,2,0,0,3,0,0,21,2742,1301.9693654267,166.666666666667,176.513493800146,1.0,,2015-02-03 20:43:26,2015-02-03 20:44:55,passed,49,[49368873],96,49368873,java,ok,1,java-ant,,0.0,,,,,,,,12.58,0
50989068,pedrovgs/Algorithms,0.0,,,java,,master,3,4c203f9aa823d2e7d854810f829b33b1b0335a50#51a8819b4d3644460d9be0683b9d3c518381c4a0#742fd235af3ac3b45cb0d519175e51bb979d0e3f,build_found,77cc0f38259a0dc67720df02e2ff946724bdfc36,49368872,2015-02-16 20:02:49,3,742fd235af3ac3b45cb0d519175e51bb979d0e3f#51a8819b4d3644460d9be0683b9d3c518381c4a0#4c203f9aa823d2e7d854810f829b33b1b0335a50,3,742fd235af3ac3b45cb0d519175e51bb979d0e3f,,742fd235af3ac3b45cb0d519175e51bb979d0e3f,,0,,35,0,1,0,2,0,0,2,0,0,22,2753,1296.76716309481,166.000726480203,175.808209226299,1.0,,2015-02-16 20:05:08,2015-02-16 20:05:47,passed,47,[50989070],97,50989070,java,ok,0,java-ant,,0.0,,,,,,,,12.03,0
51710328,pedrovgs/Algorithms,0.0,,,java,,master,4,a8b9ab08f338edaa332f69c75537b62e0eb13fd9#b04b32151dbba9fb1fd05e38f446691e7f3b9ae2#2c7f29712fbd1ea478b78431aceac5aef729f8db#0c7e43bc531adb20afa201f04c915f2c833028d8,build_found,742fd235af3ac3b45cb0d519175e51bb979d0e3f,50989068,2015-02-22 11:41:04,3,0c7e43bc531adb20afa201f04c915f2c833028d8#2c7f29712fbd1ea478b78431aceac5aef729f8db#b04b32151dbba9fb1fd05e38f446691e7f3b9ae2#a8b9ab08f338edaa332f69c75537b62e0eb13fd9,4,0c7e43bc531adb20afa201f04c915f2c833028d8,,0c7e43bc531adb20afa201f04c915f2c833028d8,,0,,31,44,2,0,2,0,2,3,0,0,23,2759,1300.10873504893,166.364624864081,176.875679594056,1.0,,2015-02-22 11:45:19,2015-02-22 11:45:47,passed,35,[51710330],98,51710330,java,ok,0,java-ant,,0.0,,,,,,,,10.34,0
52676941,pedrovgs/Algorithms,0.0,,,java,,master,4,95d3bdc1fa1b54b0babfa6101ae34000ea1f2826#78cf7be3394ff5c808812333aabf8a90fd24a83f#df24f13a2922459185fbfa29460eb085335e35bd#7ebdadbc657a68da22826ce3cc402e3635e80d4c,build_found,0c7e43bc531adb20afa201f04c915f2c833028d8,51710328,2015-03-01 23:42:56,3,7ebdadbc657a68da22826ce3cc402e3635e80d4c#df24f13a2922459185fbfa29460eb085335e35bd#78cf7be3394ff5c808812333aabf8a90fd24a83f#95d3bdc1fa1b54b0babfa6101ae34000ea1f2826,4,7ebdadbc657a68da22826ce3cc402e3635e80d4c,,7ebdadbc657a68da22826ce3cc402e3635e80d4c,,0,,95,29,2,0,2,0,0,3,0,0,24,2804,1282.0970042796,163.694721825963,174.037089871612,1.0,,2015-03-01 23:44:34,2015-03-01 23:45:23,passed,35,[52676942],99,52676942,java,ok,0,java-ant,,0.0,,,,,,,,11.08,0
54709930,pedrovgs/Algorithms,1.0,2015-03-17 11:18:01,2,java,commits_in_master,master,2,fd87cbc2cdbe813564f0a2c7e8070964220cdcc6#c8604d6f6d23a0cd5d3f9fac472dbf467fe11b8e,build_found,7ebdadbc657a68da22826ce3cc402e3635e80d4c,52676941,2015-03-17 12:17:14,3,fd87cbc2cdbe813564f0a2c7e8070964220cdcc6,1,fd87cbc2cdbe813564f0a2c7e8070964220cdcc6,7ebdadbc657a68da22826ce3cc402e3635e80d4c,39ab7b3fe0736774d58a1fba119ffb04ad44d86e,0,0,0,7,0,0,0,1,0,0,1,0,0,2,2809,1279.81488074048,163.403346386614,173.72730509078,1.0,24,2015-03-17 23:36:49,2015-03-17 12:19:52,passed,50,[54709931],100,54709931,java,ok,0,java-ant,,0.0,,,,,,,,14.49,0
54800289,pedrovgs/Algorithms,0.0,,,java,,master,2,fd87cbc2cdbe813564f0a2c7e8070964220cdcc6#c8604d6f6d23a0cd5d3f9fac472dbf467fe11b8e,merge_found,,,2015-03-17 12:17:14,3,c8604d6f6d23a0cd5d3f9fac472dbf467fe11b8e,1,c8604d6f6d23a0cd5d3f9fac472dbf467fe11b8e,,c8604d6f6d23a0cd5d3f9fac472dbf467fe11b8e,,0,,7,0,0,0,1,0,0,1,0,0,3,2809,1279.81488074048,163.403346386614,173.72730509078,1.0,,2015-03-17 23:36:49,2015-03-17 23:40:19,passed,43,[54800290],101,54800290,java,ok,0,java-ant,,0.0,,,,,,,,12.28,0
62277026,pedrovgs/Algorithms,0.0,,,java,,master,1,1f8f61c50d4e36ab8677b271a58648e90a2f1b28,build_found,c8604d6f6d23a0cd5d3f9fac472dbf467fe11b8e,54800289,2015-05-12 18:01:34,3,1f8f61c50d4e36ab8677b271a58648e90a2f1b28,1,1f8f61c50d4e36ab8677b271a58648e90a2f1b28,,1f8f61c50d4e36ab8677b271a58648e90a2f1b28,,0,,4,0,0,0,1,0,0,1,0,0,25,2809,1279.81488074048,163.403346386614,173.72730509078,1.0,,2015-05-12 18:01:35,2015-05-12 18:07:35,passed,61,[62277028],102,62277028,java,ok,1,java-ant,,0.0,,,,,,,,14.73,0
62883250,pedrovgs/Algorithms,0.0,,,java,,master,2,22ee3ce03f74349ed3b0f36bfdf1dc119e2be70b#128ccf0f25f401f2218c03166a6f4ebc5ce21385,merge_found,,,2015-05-15 23:15:38,3,128ccf0f25f401f2218c03166a6f4ebc5ce21385,1,128ccf0f25f401f2218c03166a6f4ebc5ce21385,,128ccf0f25f401f2218c03166a6f4ebc5ce21385,,0,,11,0,0,0,1,0,0,1,0,0,2,2810,1279.35943060498,163.345195729537,173.665480427046,1.0,,2015-05-17 07:55:32,2015-05-17 07:56:30,passed,34,[62883251],105,62883251,java,ok,0,java-ant,,0.0,,,,,,,,10.9,0
94382818,pedrovgs/Algorithms,0.0,,,java,,master,2,03d7c1872d5b17434fd460f7b8a0b8c9c90849f7#ffa4a6ccd332fad6dc1c5a269b3854a5a2bfff91,merge_found,,,2015-12-01 15:09:29,3,ffa4a6ccd332fad6dc1c5a269b3854a5a2bfff91,1,ffa4a6ccd332fad6dc1c5a269b3854a5a2bfff91,,ffa4a6ccd332fad6dc1c5a269b3854a5a2bfff91,,0,,8,10,0,0,2,0,0,2,0,0,4,2814,1279.67306325515,163.468372423596,173.773987206823,1.0,,2015-12-02 12:05:48,2015-12-02 12:06:54,passed,35,[94382819],107,94382819,java,ok,1,java-ant,,0.0,,,,,,,,10.16,0
97326353,pedrovgs/Algorithms,0.0,,,java,,master,8,3a151b70ac2700eeaee93a656a5c582e447e0361#deaa316e2165940e50e4e00e83e18d27417fb642#216529baa98d8646b192b1c6897b01d3181f2ac6#bd12c26f0778257f554c4b8cc818e83ff33fce1b#f520d2cde4f3089610b1ad9eee422a54b16e662c#ab5494b92e1e7e578a509b18ecd05ac81c57787b#296f6b09446b63e8b036e4840879c2d890ae925d#c7c288a43e324748f1f25ee72f9639d808c70b7e,merge_found,,,2015-12-16 03:45:50,3,c7c288a43e324748f1f25ee72f9639d808c70b7e,1,c7c288a43e324748f1f25ee72f9639d808c70b7e,,c7c288a43e324748f1f25ee72f9639d808c70b7e,,0,,6,0,0,0,1,0,0,1,0,0,11,2814,1279.67306325515,163.468372423596,173.773987206823,1.0,,2015-12-16 22:09:17,2015-12-16 22:11:09,passed,27,[97326354],113,97326354,java,ok,1,java-ant,,0.0,,,,,,,,8.18,0
106072503,pedrovgs/Algorithms,0.0,,,java,,master,3,e5e2d0e4211eaa08e1b69eff1643b830e22a3fa9#7f89b8c5fbe85848e96a0cdaffb83664588c8474#247b66cb2c7792336c5d1c2c1502a55d5222c823,merge_found,,,2016-01-26 14:25:39,3,247b66cb2c7792336c5d1c2c1502a55d5222c823,1,247b66cb2c7792336c5d1c2c1502a55d5222c823,,247b66cb2c7792336c5d1c2c1502a55d5222c823,,0,,6,6,0,0,2,0,0,2,0,0,3,2814,1279.67306325515,163.468372423596,173.773987206823,1.0,,2016-01-31 19:37:45,2016-01-31 19:38:45,passed,25,[106072504],115,106072504,java,ok,1,java-ant,,0.0,,,,,,,,8.17,0
107691661,pedrovgs/Algorithms,1.0,2016-02-04 12:49:20,12,java,commits_in_master,master,7,cd2e02b8bc249becd7dc58407c7a23d470e14be0#3030c54ca85e874f7622ea77fccd9829e0b64032#af25d4206fb0f82ad3b353f6f3db33127a4cb800#5dbe5663dae969ba93316c2be8c31fa73446a20d#7277d077469a282e3df0ea8e2800e7429012b9b5#67360ca7159643f3a9fc20f30e164b36a4e4f859#bceffabe0d850ea9c67c93a9fb578d2ca8600022,build_found,c7c288a43e324748f1f25ee72f9639d808c70b7e,97326353,2016-02-04 10:30:42,3,5dbe5663dae969ba93316c2be8c31fa73446a20d#af25d4206fb0f82ad3b353f6f3db33127a4cb800#3030c54ca85e874f7622ea77fccd9829e0b64032#cd2e02b8bc249becd7dc58407c7a23d470e14be0#7f89b8c5fbe85848e96a0cdaffb83664588c8474#e5e2d0e4211eaa08e1b69eff1643b830e22a3fa9,6,5dbe5663dae969ba93316c2be8c31fa73446a20d,247b66cb2c7792336c5d1c2c1502a55d5222c823,32e5f88a67a699ec421b8b9abaa7f0879d1eb141,5,0,1,282,8,0,0,5,0,0,5,0,0,1,2800,1286.07142857143,164.285714285714,174.642857142857,1.0,43,2016-02-08 08:18:48,2016-02-08 02:52:13,failed,30,[107691662],119,107691662,java,broken,1,java-ant,,0.0,,,,,,,,9.82,0
107692098,pedrovgs/Algorithms,1.0,2016-02-08 02:54:00,13,java,commits_in_master,master,7,cd2e02b8bc249becd7dc58407c7a23d470e14be0#3030c54ca85e874f7622ea77fccd9829e0b64032#af25d4206fb0f82ad3b353f6f3db33127a4cb800#5dbe5663dae969ba93316c2be8c31fa73446a20d#7277d077469a282e3df0ea8e2800e7429012b9b5#67360ca7159643f3a9fc20f30e164b36a4e4f859#bceffabe0d850ea9c67c93a9fb578d2ca8600022,build_found,c7c288a43e324748f1f25ee72f9639d808c70b7e,97326353,2016-02-04 10:30:42,3,5dbe5663dae969ba93316c2be8c31fa73446a20d#af25d4206fb0f82ad3b353f6f3db33127a4cb800#3030c54ca85e874f7622ea77fccd9829e0b64032#cd2e02b8bc249becd7dc58407c7a23d470e14be0#7f89b8c5fbe85848e96a0cdaffb83664588c8474#e5e2d0e4211eaa08e1b69eff1643b830e22a3fa9,6,5dbe5663dae969ba93316c2be8c31fa73446a20d,247b66cb2c7792336c5d1c2c1502a55d5222c823,a3bd2c7897d7ae5424b92f4d18aa5f98b8b8cc1e,0,0,0,282,8,0,0,5,0,0,5,0,0,1,2800,1286.07142857143,164.285714285714,174.642857142857,1.0,40,2016-02-08 08:18:48,2016-02-08 02:55:02,failed,23,[107692099],120,107692099,java,broken,1,java-ant,,0.0,,,,,,,,6.57,0
107720410,pedrovgs/Algorithms,0.0,,,java,,master,7,cd2e02b8bc249becd7dc58407c7a23d470e14be0#3030c54ca85e874f7622ea77fccd9829e0b64032#af25d4206fb0f82ad3b353f6f3db33127a4cb800#5dbe5663dae969ba93316c2be8c31fa73446a20d#7277d077469a282e3df0ea8e2800e7429012b9b5#67360ca7159643f3a9fc20f30e164b36a4e4f859#bceffabe0d850ea9c67c93a9fb578d2ca8600022,merge_found,,,2016-02-04 10:30:42,3,bceffabe0d850ea9c67c93a9fb578d2ca8600022,1,bceffabe0d850ea9c67c93a9fb578d2ca8600022,,bceffabe0d850ea9c67c93a9fb578d2ca8600022,,0,,213,2,0,0,4,0,0,4,0,0,7,2800,1286.07142857143,164.285714285714,174.642857142857,1.0,,2016-02-08 08:18:48,2016-02-08 08:20:21,passed,23,[107720411],122,107720411,java,ok,1,java-ant,,0.0,,,,,,,,7.05,0
108053266,pedrovgs/Algorithms,0.0,,,java,,master,2,9aa3611952f1715d8f5cf6404a3dad0e95bf175f#60d87e9a120e330eb34c9d558d0f00e52b5ce438,merge_found,,,2016-02-09 02:43:36,3,60d87e9a120e330eb34c9d558d0f00e52b5ce438,1,60d87e9a120e330eb34c9d558d0f00e52b5ce438,,60d87e9a120e330eb34c9d558d0f00e52b5ce438,,0,,2,0,0,0,1,0,0,1,0,0,3,2800,1286.07142857143,164.285714285714,174.642857142857,1.0,,2016-02-09 15:41:39,2016-02-09 15:43:32,passed,26,[108053267],124,108053267,java,ok,1,java-ant,,0.0,,,,,,,,7.72,0
108781742,pedrovgs/Algorithms,1.0,2016-02-10 10:15:39,16,java,commits_in_master,master,6,8a1a1a7fb53732edaf17ef9876545c4bca568e05#2c4e69eb243a81ba05d24456b3cad7e8a696f630#d7e0b1c03fa7cacf40b32dcfde30871e8947445a#ccc1573285b4b4947066ddded7c155ba2821511a#aa882141f26ef82107658c214ec18a799403bb57#38ec459e6f163991c6f88210720dcda4fecc64e8,merge_found,,,2016-02-10 10:12:28,3,ccc1573285b4b4947066ddded7c155ba2821511a#d7e0b1c03fa7cacf40b32dcfde30871e8947445a,2,ccc1573285b4b4947066ddded7c155ba2821511a,60d87e9a120e330eb34c9d558d0f00e52b5ce438,f09ed5d040df6a74697dbd523fdfc6f10fe2e3d3,2,0,1,0,60,0,0,1,0,0,1,0,0,3,2820,1287.58865248227,165.248226950355,175.177304964539,1.0,20,2016-02-14 11:32:32,2016-02-12 14:21:28,passed,26,[108781743],127,108781743,java,ok,1,java-ant,,0.0,,,,,,,,8.09,0
109144636,pedrovgs/Algorithms,0.0,,,java,,master,6,8a1a1a7fb53732edaf17ef9876545c4bca568e05#2c4e69eb243a81ba05d24456b3cad7e8a696f630#d7e0b1c03fa7cacf40b32dcfde30871e8947445a#ccc1573285b4b4947066ddded7c155ba2821511a#aa882141f26ef82107658c214ec18a799403bb57#38ec459e6f163991c6f88210720dcda4fecc64e8,merge_found,,,2016-02-10 10:12:28,3,38ec459e6f163991c6f88210720dcda4fecc64e8,1,38ec459e6f163991c6f88210720dcda4fecc64e8,,38ec459e6f163991c6f88210720dcda4fecc64e8,,0,,45,46,0,0,2,0,0,2,0,0,7,2820,1287.58865248227,165.248226950355,175.177304964539,1.0,,2016-02-14 11:32:32,2016-02-14 11:34:05,passed,22,[109144638],130,109144638,java,ok,1,java-ant,,0.0,,,,,,,,6.67,0
109382269,pedrovgs/Algorithms,1.0,2016-02-15 15:58:59,19,java,commits_in_master,master,,,build_found,38ec459e6f163991c6f88210720dcda4fecc64e8,109144636,,3,9879c0da5d7c31602112c485ed568915148d2fa5,1,9879c0da5d7c31602112c485ed568915148d2fa5,38ec459e6f163991c6f88210720dcda4fecc64e8,de5917a006a1a14adab5541151c8b19879e9d553,0,0,0,44,36,0,0,2,0,5,2,0,0,5,2858,1278.51644506648,164.80055983205,174.247725682295,1.0,7,,2016-02-15 16:10:06,passed,25,[109382270],131,109382270,java,ok,1,java-ant,,0.0,,,,,,,,7.33,0
111670965,pedrovgs/Algorithms,1.0,2016-02-15 15:58:59,19,java,commits_in_master,master,,,build_found,9879c0da5d7c31602112c485ed568915148d2fa5,109382269,,3,4342b16e18da9082b32d5b8e9b5b6e3378461ce4,1,4342b16e18da9082b32d5b8e9b5b6e3378461ce4,38ec459e6f163991c6f88210720dcda4fecc64e8,970a0bc35547dcec3f7b10834d0916e18a0083ab,0,0,0,1,0,0,0,1,0,0,1,0,0,4,2858,1278.51644506648,164.80055983205,174.247725682295,1.0,7,,2016-02-25 05:34:41,passed,52,[111670966],132,111670966,java,ok,1,java-ant,,0.0,,,,,,,,8.12,0
112201592,pedrovgs/Algorithms,1.0,2016-02-27 07:10:54,20,java,commits_in_master,master,,,build_found,38ec459e6f163991c6f88210720dcda4fecc64e8,109144636,,3,eb3260404e596031bc9ee037b29bd1fcbb87f625,1,eb3260404e596031bc9ee037b29bd1fcbb87f625,38ec459e6f163991c6f88210720dcda4fecc64e8,68217b617f29bf2cbb9c5a2ade11700b5d679dec,0,0,0,35,0,0,0,1,0,0,1,0,0,7,2820,1287.58865248227,165.248226950355,175.177304964539,0.0,79,,2016-02-27 07:11:56,passed,39,[112201593],133,112201593,java,ok,1,java-ant,,0.0,,,,,,,,7.34,0
129234927,pedrovgs/Algorithms,0.0,,,java,,master,,,merge_found,,,,3,ae5dac889d19edd6c773e60420f00d4e7177f31f,1,ae5dac889d19edd6c773e60420f00d4e7177f31f,,ae5dac889d19edd6c773e60420f00d4e7177f31f,,0,,35,0,0,0,1,0,0,1,0,0,8,2820,1287.58865248227,165.248226950355,175.177304964539,1.0,,,2016-05-10 19:18:50,passed,45,[129234928],134,129234928,java,ok,1,java-ant,,0.0,,,,,,,,9.07,0
129235547,pedrovgs/Algorithms,0.0,,,java,,master,,,merge_found,,,,3,e866ae7916d6b763f7d32f72f54edd735b5ea6bc,1,e866ae7916d6b763f7d32f72f54edd735b5ea6bc,,e866ae7916d6b763f7d32f72f54edd735b5ea6bc,,0,,45,36,0,0,3,0,0,3,0,0,11,2858,1278.51644506648,164.80055983205,174.247725682295,1.0,,,2016-05-10 19:21:45,passed,45,[129235548],135,129235548,java,ok,2,java-ant,,0.0,,,,,,,,8.73,0
129801583,pedrovgs/Algorithms,0.0,,,java,,master,,,build_found,e866ae7916d6b763f7d32f72f54edd735b5ea6bc,129235547,,3,e121b3943958ba1558d8828db6f13c632e99f298,1,e121b3943958ba1558d8828db6f13c632e99f298,,e121b3943958ba1558d8828db6f13c632e99f298,,0,,4,0,0,0,1,0,0,1,0,0,26,2858,1278.51644506648,164.80055983205,174.247725682295,1.0,,,2016-05-12 17:54:39,passed,43,[129801595],136,129801595,java,ok,1,java-ant,,0.0,,,,,,,,8.07,0
