tr_build_id,gh_project_name,gh_is_pr,gh_pr_created_at,gh_pull_req_num,gh_lang,git_merged_with,git_branch,gh_num_commits_in_push,gh_commits_in_push,git_prev_commit_resolution_status,git_prev_built_commit,tr_prev_build,gh_first_commit_created_at,gh_team_size,git_all_built_commits,git_num_all_built_commits,git_trigger_commit,tr_virtual_merged_into,tr_original_commit,gh_num_issue_comments,gh_num_commit_comments,gh_num_pr_comments,git_diff_src_churn,git_diff_test_churn,gh_diff_files_added,gh_diff_files_deleted,gh_diff_files_modified,gh_diff_tests_added,gh_diff_tests_deleted,gh_diff_src_files,gh_diff_doc_files,gh_diff_other_files,gh_num_commits_on_files_touched,gh_sloc,gh_test_lines_per_kloc,gh_test_cases_per_kloc,gh_asserts_cases_per_kloc,gh_by_core_team_member,gh_description_complexity,gh_pushed_at,gh_build_started_at,tr_status,tr_duration,tr_jobs,tr_build_number,tr_job_id,tr_log_lan,tr_log_status,tr_log_setup_time,tr_log_analyzer,tr_log_frameworks,tr_log_bool_tests_ran,tr_log_bool_tests_failed,tr_log_num_tests_ok,tr_log_num_tests_failed,tr_log_num_tests_run,tr_log_num_tests_skipped,tr_log_tests_failed,tr_log_testduration,tr_log_buildduration,build_successful
4200090,47deg/appsly-android-rest,0.0,,,java,,master,,,merge_found,,,,4,410d89dd4f003f081da9525c94fa670f7682ee30,1,410d89dd4f003f081da9525c94fa670f7682ee30,,410d89dd4f003f081da9525c94fa670f7682ee30,,0,,48,0,1,0,1,0,0,2,0,0,3,2213,0.0,0.0,0.0,0.0,,,2013-01-17 01:27:00,failed,17,[4200091],1,4200091,ruby,unknown,,ruby,,0.0,,,,,,,,,0
16085872,47deg/appsly-android-rest,0.0,,,java,,master,1,9e95266846b00e8f60a2eddda76e2703da7237ff,build_found,ca1569d8143d698d158bd0855410bac069b8fcdd,16085694,2013-12-28 23:23:39,6,9e95266846b00e8f60a2eddda76e2703da7237ff,1,9e95266846b00e8f60a2eddda76e2703da7237ff,,9e95266846b00e8f60a2eddda76e2703da7237ff,,0,,17,0,1,0,0,0,0,1,0,0,0,2258,192.205491585474,0.885739592559787,6.64304694419841,1.0,,2013-12-28 23:23:56,2013-12-28 23:24:31,failed,403,[16085873],64,16085873,java,broken,,java-gradle,,0.0,,,,,,,,,0
16086085,47deg/appsly-android-rest,0.0,,,java,,master,1,d04dc26c7124d007b11dfe3891085a12a8983f3c,build_found,9e95266846b00e8f60a2eddda76e2703da7237ff,16085872,2013-12-28 23:31:56,6,d04dc26c7124d007b11dfe3891085a12a8983f3c,1,d04dc26c7124d007b11dfe3891085a12a8983f3c,,d04dc26c7124d007b11dfe3891085a12a8983f3c,,0,,0,0,0,0,1,0,0,0,0,1,14,2258,192.205491585474,0.885739592559787,6.64304694419841,1.0,,2013-12-28 23:32:02,2013-12-28 23:32:44,failed,400,[16086086],65,16086086,java,broken,,java-gradle,,0.0,,,,,,,,,0
16086596,47deg/appsly-android-rest,0.0,,,java,,master,1,0cdaa1e82c1506d64453c902376a8c495a45cc8d,build_found,d04dc26c7124d007b11dfe3891085a12a8983f3c,16086085,2013-12-28 23:51:15,6,0cdaa1e82c1506d64453c902376a8c495a45cc8d,1,0cdaa1e82c1506d64453c902376a8c495a45cc8d,,0cdaa1e82c1506d64453c902376a8c495a45cc8d,,0,,0,16,0,0,1,0,0,1,0,0,2,2258,188.662533215235,0.885739592559787,6.64304694419841,1.0,,2013-12-28 23:51:22,2013-12-28 23:52:10,passed,378,[16086597],66,16086597,java,ok,,java-gradle,,0.0,,,,,,,,,0
16285598,47deg/appsly-android-rest,0.0,,,java,,master,1,93cc9bd702c92d5f85d269e024ceda2ada200753,build_found,0cdaa1e82c1506d64453c902376a8c495a45cc8d,16086596,2014-01-02 22:28:36,6,93cc9bd702c92d5f85d269e024ceda2ada200753,1,93cc9bd702c92d5f85d269e024ceda2ada200753,,93cc9bd702c92d5f85d269e024ceda2ada200753,,0,,2,0,0,0,1,0,0,1,0,0,50,2258,188.662533215235,0.885739592559787,6.64304694419841,1.0,,2014-01-02 22:28:37,2014-01-02 22:32:13,passed,1096,[16285599],67,16285599,java,ok,,java-gradle,,0.0,,,,,,,,,0
16885765,47deg/appsly-android-rest,0.0,,,java,,master,2,bb3012b9e350f3c2504cb3eb463d593a376771a3#3dda9ae0862a21245c02a9c8ff73ecae37275a07,merge_found,,,2014-01-13 19:07:58,6,3dda9ae0862a21245c02a9c8ff73ecae37275a07,1,3dda9ae0862a21245c02a9c8ff73ecae37275a07,,3dda9ae0862a21245c02a9c8ff73ecae37275a07,,0,,14,0,0,0,1,0,0,1,0,0,53,2262,188.328912466843,0.884173297966401,6.63129973474801,1.0,,2014-01-13 19:08:41,2014-01-13 19:21:00,failed,490,[16885766],70,16885766,java,broken,,java-gradle,,0.0,,,,,,,,,0
16896581,47deg/appsly-android-rest,0.0,,,java,,master,1,9a8f02896ac60ce4c2cb10f6feef13ba9f64dbbf,build_found,3dda9ae0862a21245c02a9c8ff73ecae37275a07,16885765,2014-01-13 22:19:40,6,9a8f02896ac60ce4c2cb10f6feef13ba9f64dbbf,1,9a8f02896ac60ce4c2cb10f6feef13ba9f64dbbf,,9a8f02896ac60ce4c2cb10f6feef13ba9f64dbbf,,0,,398,15,1,0,6,0,0,6,0,1,14,2530,173.122529644269,0.790513833992095,6.71936758893281,1.0,,2014-01-13 22:19:49,2014-01-13 22:33:52,failed,581,[16896582],71,16896582,java,broken,,java-gradle,,0.0,,,,,,,,,0
16896806,47deg/appsly-android-rest,0.0,,,java,,master,1,f9aa5b63abf7f88ac3fb58f654e789f8164d3473,build_found,2f88833888713257f8a13f08d487fe6d32ace766,16896783,2014-01-13 22:23:46,6,f9aa5b63abf7f88ac3fb58f654e789f8164d3473,1,f9aa5b63abf7f88ac3fb58f654e789f8164d3473,,f9aa5b63abf7f88ac3fb58f654e789f8164d3473,,0,,0,0,0,0,1,0,0,0,0,1,7,2534,172.849250197317,0.789265982636148,6.70876085240726,1.0,,2014-01-13 22:23:56,2014-01-13 22:37:03,failed,485,[16896807],73,16896807,java,broken,,java-gradle,,0.0,,,,,,,,,0
16904017,47deg/appsly-android-rest,0.0,,,java,,master,1,1029837655607ec03b884975a333e352cef1cbf9,build_found,48234d14bbe286fe0bb6878fa9df714e80b7f709,16903979,2014-01-14 00:56:03,6,1029837655607ec03b884975a333e352cef1cbf9,1,1029837655607ec03b884975a333e352cef1cbf9,,1029837655607ec03b884975a333e352cef1cbf9,,0,,0,0,0,0,1,0,0,0,0,1,9,2568,170.95015576324,0.778816199376947,6.61993769470405,1.0,,2014-01-14 00:56:13,2014-01-14 01:01:29,failed,630,[16904018],75,16904018,java,broken,,java-gradle,,0.0,,,,,,,,,0
16904178,47deg/appsly-android-rest,0.0,,,java,,master,1,0bb5c2a1b3d13d2c80dcb1dd93991add242a48d2,build_found,1029837655607ec03b884975a333e352cef1cbf9,16904017,2014-01-14 00:59:48,6,0bb5c2a1b3d13d2c80dcb1dd93991add242a48d2,1,0bb5c2a1b3d13d2c80dcb1dd93991add242a48d2,,0bb5c2a1b3d13d2c80dcb1dd93991add242a48d2,,0,,0,0,0,0,1,0,0,0,0,1,15,2568,170.95015576324,0.778816199376947,6.61993769470405,1.0,,2014-01-14 00:59:56,2014-01-14 01:02:06,passed,559,[16904179],76,16904179,java,ok,,java-gradle,,0.0,,,,,,,,,0
17193322,47deg/appsly-android-rest,0.0,,,java,,master,1,67db0e1dc3480f506b397b0d0e9670b33c75fb90,build_found,0bb5c2a1b3d13d2c80dcb1dd93991add242a48d2,16904178,2014-01-18 19:31:09,6,67db0e1dc3480f506b397b0d0e9670b33c75fb90,1,67db0e1dc3480f506b397b0d0e9670b33c75fb90,,67db0e1dc3480f506b397b0d0e9670b33c75fb90,,0,,52,0,0,0,1,0,0,1,0,0,3,2551,172.089376715014,0.784006272050176,6.6640533124265,1.0,,2014-01-18 19:33:53,2014-01-18 19:34:55,passed,514,[17193323],77,17193323,java,ok,,java-gradle,,0.0,,,,,,,,,0
