tr_build_id,gh_project_name,gh_is_pr,gh_pr_created_at,gh_pull_req_num,gh_lang,git_merged_with,git_branch,gh_num_commits_in_push,gh_commits_in_push,git_prev_commit_resolution_status,git_prev_built_commit,tr_prev_build,gh_first_commit_created_at,gh_team_size,git_all_built_commits,git_num_all_built_commits,git_trigger_commit,tr_virtual_merged_into,tr_original_commit,gh_num_issue_comments,gh_num_commit_comments,gh_num_pr_comments,git_diff_src_churn,git_diff_test_churn,gh_diff_files_added,gh_diff_files_deleted,gh_diff_files_modified,gh_diff_tests_added,gh_diff_tests_deleted,gh_diff_src_files,gh_diff_doc_files,gh_diff_other_files,gh_num_commits_on_files_touched,gh_sloc,gh_test_lines_per_kloc,gh_test_cases_per_kloc,gh_asserts_cases_per_kloc,gh_by_core_team_member,gh_description_complexity,gh_pushed_at,gh_build_started_at,tr_status,tr_duration,tr_jobs,tr_build_number,tr_job_id,tr_log_lan,tr_log_status,tr_log_setup_time,tr_log_analyzer,tr_log_frameworks,tr_log_bool_tests_ran,tr_log_bool_tests_failed,tr_log_num_tests_ok,tr_log_num_tests_failed,tr_log_num_tests_run,tr_log_num_tests_skipped,tr_log_tests_failed,tr_log_testduration,tr_log_buildduration,build_successful
1182344,rumblelabs/asset_sync,0.0,,,ruby,,master,3,fb9bc9fdbc065bda933a2688040851ce9797a821#eb6553ec67b200f09ed1baef0a598ecfca42d001#ccfd4759efd1ae6d42bba964883bddbc5deba0ed,merge_found,,,2012-04-26 15:35:43,4,ccfd4759efd1ae6d42bba964883bddbc5deba0ed,1,ccfd4759efd1ae6d42bba964883bddbc5deba0ed,,ccfd4759efd1ae6d42bba964883bddbc5deba0ed,,0,,7,0,1,0,2,0,0,2,0,1,55,355,642.253521126761,107.042253521127,129.577464788732,1.0,,2012-04-26 17:03:02,2012-04-26 17:03:07,passed,96,"[1182347, 1182345, 1182346]",1,1182345,ruby,unknown,,ruby,rspec,1.0,,38,0,38,0,,0.12,,0
1182408,rumblelabs/asset_sync,0.0,,,ruby,,master,1,33e5cd69d8d9e7a071677e54c59775344d549529,build_found,ccfd4759efd1ae6d42bba964883bddbc5deba0ed,1182344,2012-04-26 17:09:28,4,33e5cd69d8d9e7a071677e54c59775344d549529,1,33e5cd69d8d9e7a071677e54c59775344d549529,,33e5cd69d8d9e7a071677e54c59775344d549529,,0,,2,0,0,0,1,0,0,1,0,0,54,355,642.253521126761,107.042253521127,129.577464788732,1.0,,2012-04-26 17:10:12,2012-04-26 17:10:15,passed,100,"[1182410, 1182409, 1182411]",2,1182409,ruby,unknown,,ruby,rspec,1.0,,38,0,38,0,,0.11,,0
1182515,rumblelabs/asset_sync,0.0,,,ruby,,master,8,dbdf7d9344372f0719705d5b997da2362d76d550#9e62c1d870b3c798fd1a239815dbef5fd1649196#c2ed0fa88250245c7e25f7ef56681a222b3d3b1f#9b42def53005e499f595de530cbf10be51ab39b4#f47dd7269e33be51911f6c8e54589b669e0a9620#ce09c1b8b93b89055cb8a33c080f04dcb1215d2e#5a26847cf37316e5a48470b45f1693cd7150905f#daebde5398e68b42e03dabfcfbdc3298ce2a9aef,merge_found,,,2012-03-21 13:43:45,4,daebde5398e68b42e03dabfcfbdc3298ce2a9aef,1,daebde5398e68b42e03dabfcfbdc3298ce2a9aef,,daebde5398e68b42e03dabfcfbdc3298ce2a9aef,,0,,2,0,0,0,1,0,0,1,0,0,57,365,712.328767123288,109.58904109589,131.506849315068,1.0,,2012-04-26 17:23:41,2012-04-26 17:23:44,passed,115,"[1182518, 1182517, 1182516]",3,1182518,ruby,unknown,,ruby,rspec,1.0,,40,0,40,0,,0.13,,0
1182520,rumblelabs/asset_sync,0.0,,,ruby,,master,1,098a8d305bc868ca01a13b23b4963ba2e58cc363,build_found,daebde5398e68b42e03dabfcfbdc3298ce2a9aef,1182515,2012-04-26 17:25:46,4,098a8d305bc868ca01a13b23b4963ba2e58cc363,1,098a8d305bc868ca01a13b23b4963ba2e58cc363,,098a8d305bc868ca01a13b23b4963ba2e58cc363,,0,,2,0,0,0,1,0,0,1,0,0,58,365,712.328767123288,109.58904109589,131.506849315068,1.0,,2012-04-26 17:25:54,2012-04-26 17:25:55,passed,108,"[1182521, 1182523, 1182522]",4,1182522,ruby,unknown,,ruby,rspec,1.0,,40,0,40,0,,0.15,,0
1183122,rumblelabs/asset_sync,0.0,,,ruby,,master,5,627bf09c4f4465162d3c5459c0323dcf5228d047#99d12a6d6db8deff5cfed6a377effde259ab92d3#b24cb7d6c29592041a2f08d835928eb225e84a99#6737327b34cb99864018cc61bc9ae142c2413cf7#2535099a4ff6db54bd63747493de2ebad91cb2af,build_found,098a8d305bc868ca01a13b23b4963ba2e58cc363,1182520,2012-04-21 03:33:49,4,2535099a4ff6db54bd63747493de2ebad91cb2af#6737327b34cb99864018cc61bc9ae142c2413cf7#b24cb7d6c29592041a2f08d835928eb225e84a99#99d12a6d6db8deff5cfed6a377effde259ab92d3#627bf09c4f4465162d3c5459c0323dcf5228d047,5,2535099a4ff6db54bd63747493de2ebad91cb2af,,2535099a4ff6db54bd63747493de2ebad91cb2af,,0,,38,141,2,0,4,0,0,4,0,2,54,391,953.964194373401,156.010230179028,194.373401534527,0.0,,2012-04-26 18:34:53,2012-04-26 18:34:58,passed,99,"[1183124, 1183125, 1183123]",5,1183125,ruby,unknown,,ruby,rspec,1.0,,61,0,61,0,,0.22,,0
1184229,rumblelabs/asset_sync,0.0,,,ruby,,master,2,aca0678f6882c9e1308aff8deef5e654861771c3#13c66297c4a8d4dd8788042a9cca91587edcae8c,build_found,2535099a4ff6db54bd63747493de2ebad91cb2af,1183122,2012-04-26 20:12:36,4,13c66297c4a8d4dd8788042a9cca91587edcae8c#aca0678f6882c9e1308aff8deef5e654861771c3,2,13c66297c4a8d4dd8788042a9cca91587edcae8c,,13c66297c4a8d4dd8788042a9cca91587edcae8c,,0,,10,0,0,0,2,0,0,2,0,0,74,393,949.10941475827,155.216284987277,193.384223918575,1.0,,2012-04-26 20:14:48,2012-04-26 20:14:50,passed,93,"[1184230, 1184232, 1184231]",6,1184230,ruby,unknown,,ruby,rspec,1.0,,61,0,61,0,,0.16,,0
1184256,rumblelabs/asset_sync,0.0,,,ruby,,master,1,96c005776397f8fb27fbe61403e40bbbfa307447,build_found,13c66297c4a8d4dd8788042a9cca91587edcae8c,1184229,2012-04-26 20:16:04,4,96c005776397f8fb27fbe61403e40bbbfa307447,1,96c005776397f8fb27fbe61403e40bbbfa307447,,96c005776397f8fb27fbe61403e40bbbfa307447,,0,,2,0,0,0,1,0,0,1,0,0,40,393,949.10941475827,155.216284987277,193.384223918575,1.0,,2012-04-26 20:16:57,2012-04-26 20:17:09,passed,94,"[1184257, 1184258, 1184259]",7,1184259,ruby,unknown,,ruby,rspec,1.0,,61,0,61,0,,0.21,,0
1185311,rumblelabs/asset_sync,0.0,,,ruby,,master,1,00556ee0529fb1d03fe4aa264fc383929e43e0dc,build_found,96c005776397f8fb27fbe61403e40bbbfa307447,1184256,2012-04-26 21:52:19,4,00556ee0529fb1d03fe4aa264fc383929e43e0dc,1,00556ee0529fb1d03fe4aa264fc383929e43e0dc,,00556ee0529fb1d03fe4aa264fc383929e43e0dc,,0,,2,0,0,0,1,0,0,1,0,0,32,393,949.10941475827,155.216284987277,193.384223918575,1.0,,2012-04-26 21:52:38,2012-04-26 21:52:41,passed,92,"[1185313, 1185314, 1185312]",8,1185314,ruby,unknown,,ruby,rspec,1.0,,61,0,61,0,,0.18,,0
1246481,rumblelabs/asset_sync,0.0,,,ruby,,master,7,91570f96e9aeb33aa5d2f341188fe43f9a335d28#a9fbf9871abe2fa50f2c0e37c57f68c29a5425a9#7ce85ff74ee27b1b1887bc42659caec1d038c25b#85ae5e1f7e96857d3da6c5e46b30f5fcfc48f32b#b3bf139fc929257f04fb05b2514e8fb6079d2b4e#05f5a4578eb2e4874b35c4e7604ff454f3ae67e7#56ea0b47edd1f4366467570b1f224164f4f7d2dc,build_found,00556ee0529fb1d03fe4aa264fc383929e43e0dc,1185311,2012-04-24 18:19:15,5,56ea0b47edd1f4366467570b1f224164f4f7d2dc#05f5a4578eb2e4874b35c4e7604ff454f3ae67e7#b3bf139fc929257f04fb05b2514e8fb6079d2b4e#85ae5e1f7e96857d3da6c5e46b30f5fcfc48f32b#7ce85ff74ee27b1b1887bc42659caec1d038c25b#a9fbf9871abe2fa50f2c0e37c57f68c29a5425a9#91570f96e9aeb33aa5d2f341188fe43f9a335d28,7,56ea0b47edd1f4366467570b1f224164f4f7d2dc,,56ea0b47edd1f4366467570b1f224164f4f7d2dc,,0,,33,39,0,0,7,0,0,6,0,1,128,406,997.536945812808,160.098522167488,201.970443349754,0.0,,2012-05-04 17:06:22,2012-05-04 17:06:26,passed,94,"[1246484, 1246482, 1246483]",9,1246484,ruby,unknown,,ruby,rspec,1.0,,65,0,65,0,,0.19,,0
1246703,rumblelabs/asset_sync,0.0,,,ruby,,master,1,f91df4f452865984a287d88e07cda5e0d5bd6c95,build_found,56ea0b47edd1f4366467570b1f224164f4f7d2dc,1246481,2012-05-04 17:29:33,5,f91df4f452865984a287d88e07cda5e0d5bd6c95,1,f91df4f452865984a287d88e07cda5e0d5bd6c95,,f91df4f452865984a287d88e07cda5e0d5bd6c95,,0,,4,0,0,0,2,0,0,2,0,0,49,406,997.536945812808,160.098522167488,201.970443349754,1.0,,2012-05-04 17:29:46,2012-05-04 17:29:48,passed,91,"[1246705, 1246706, 1246704]",10,1246706,ruby,unknown,,ruby,rspec,1.0,,65,0,65,0,,0.21,,0
1246730,rumblelabs/asset_sync,0.0,,,ruby,,master,1,ea389cd97b8baa3de5371c9160df126ce4505539,build_found,f91df4f452865984a287d88e07cda5e0d5bd6c95,1246703,2012-05-04 12:51:27,5,ea389cd97b8baa3de5371c9160df126ce4505539,1,ea389cd97b8baa3de5371c9160df126ce4505539,,ea389cd97b8baa3de5371c9160df126ce4505539,,0,,8,7,0,0,3,0,0,3,0,0,41,408,1007.35294117647,161.764705882353,203.43137254902,0.0,,2012-05-04 17:34:33,2012-05-04 17:34:40,passed,91,"[1246733, 1246732, 1246731]",11,1246731,ruby,unknown,,ruby,rspec,1.0,,66,0,66,0,,0.17,,0
1506589,rumblelabs/asset_sync,0.0,,,ruby,,master,3,2956d40b782be66ba971044e335178991e726800#c9c09271291335c0d576be9e41ff7f3d3b519544#d47f412de89923df3b0ed6b16ff6a4523ffc22df,merge_found,,,2012-05-03 07:07:10,5,d47f412de89923df3b0ed6b16ff6a4523ffc22df,1,d47f412de89923df3b0ed6b16ff6a4523ffc22df,,d47f412de89923df3b0ed6b16ff6a4523ffc22df,,0,,33,46,0,0,10,0,0,9,0,1,173,429,986.013986013986,156.177156177156,195.804195804196,1.0,,2012-06-02 09:19:18,2012-06-02 09:19:21,passed,94,"[1506591, 1506592, 1506590]",12,1506590,ruby,unknown,,ruby,rspec,1.0,,67,0,67,0,,0.19,,0
1506670,rumblelabs/asset_sync,0.0,,,ruby,,master,2,9152e838707e5ff17a81ae5105db19ad63e81d4c#2ee82281571585bf8a0aee86c0ff51f2e9619ac8,build_found,d47f412de89923df3b0ed6b16ff6a4523ffc22df,1506589,2012-06-02 09:30:16,5,2ee82281571585bf8a0aee86c0ff51f2e9619ac8#9152e838707e5ff17a81ae5105db19ad63e81d4c,2,2ee82281571585bf8a0aee86c0ff51f2e9619ac8,,2ee82281571585bf8a0aee86c0ff51f2e9619ac8,,0,,4,1,0,0,3,0,0,3,0,0,53,429,983.682983682984,156.177156177156,195.804195804196,1.0,,2012-06-02 09:36:48,2012-06-02 09:36:50,passed,102,"[1506672, 1506671, 1506673]",13,1506673,ruby,unknown,,ruby,rspec,1.0,,67,0,67,0,,0.21,,0
1506705,rumblelabs/asset_sync,0.0,,,ruby,,master,3,b8b3f3326393c33379380a1a4d4a87bff9308e5b#516d450100b9f7212fe64e5a20be040209000c3c#e9aac2656a4c3c5d126a55659caab8eb1d46dc16,merge_found,,,2012-05-11 03:51:34,5,e9aac2656a4c3c5d126a55659caab8eb1d46dc16,1,e9aac2656a4c3c5d126a55659caab8eb1d46dc16,,e9aac2656a4c3c5d126a55659caab8eb1d46dc16,,0,,4,0,0,0,1,0,0,1,0,0,65,429,983.682983682984,156.177156177156,195.804195804196,1.0,,2012-06-02 09:40:19,2012-06-02 09:40:21,passed,98,"[1506708, 1506706, 1506707]",14,1506708,ruby,unknown,,ruby,rspec,1.0,,67,0,67,0,,0.21,,0
1506780,rumblelabs/asset_sync,0.0,,,ruby,,master,2,6010fe6ec5e275f44412383251dca10b02542187#06454e73484b7ac4869ccfb278a3e2241e77f708,merge_found,,,2012-06-02 09:42:30,5,06454e73484b7ac4869ccfb278a3e2241e77f708,1,06454e73484b7ac4869ccfb278a3e2241e77f708,,06454e73484b7ac4869ccfb278a3e2241e77f708,,0,,4,0,0,0,1,0,0,1,0,0,67,429,983.682983682984,156.177156177156,195.804195804196,1.0,,2012-06-02 10:07:08,2012-06-02 10:07:11,passed,93,"[1506783, 1506782, 1506781]",15,1506782,ruby,unknown,,ruby,rspec,1.0,,67,0,67,0,,0.18,,0
1507175,rumblelabs/asset_sync,0.0,,,ruby,,master,1,224f6a1bece9fc2a9f3dee2a112829c97f4dfc0f,build_found,06454e73484b7ac4869ccfb278a3e2241e77f708,1506780,2012-06-02 11:40:15,5,224f6a1bece9fc2a9f3dee2a112829c97f4dfc0f,1,224f6a1bece9fc2a9f3dee2a112829c97f4dfc0f,,224f6a1bece9fc2a9f3dee2a112829c97f4dfc0f,,0,,0,0,0,0,1,0,0,0,0,1,3,429,983.682983682984,156.177156177156,195.804195804196,1.0,,2012-06-02 11:40:09,2012-06-02 11:40:12,passed,157,"[1507178, 1507179, 1507177, 1507176]",16,1507177,ruby,unknown,,ruby,rspec,1.0,,67,0,67,0,,0.21,,0
1507464,rumblelabs/asset_sync,0.0,,,ruby,,master,1,82abb16f432cac2bf06d23df5978c4a6753e78a1,build_found,224f6a1bece9fc2a9f3dee2a112829c97f4dfc0f,1507175,2012-06-02 12:33:19,5,82abb16f432cac2bf06d23df5978c4a6753e78a1,1,82abb16f432cac2bf06d23df5978c4a6753e78a1,,82abb16f432cac2bf06d23df5978c4a6753e78a1,,0,,0,0,0,0,1,0,0,0,0,1,4,429,983.682983682984,156.177156177156,195.804195804196,1.0,,2012-06-02 12:33:11,2012-06-02 12:37:36,failed,538,"[1507469, 1507468, 1507473, 1507466, 1507465, 1507467, 1507474, 1507470, 1507471, 1507472]",17,1507467,ruby,unknown,,ruby,rspec,1.0,,67,0,67,0,,0.28,,0
1507600,rumblelabs/asset_sync,0.0,,,ruby,,master,1,02ab12020b5e8968e86aa2f036edd20ae3f4749b,build_found,82abb16f432cac2bf06d23df5978c4a6753e78a1,1507464,2012-06-02 12:51:33,5,02ab12020b5e8968e86aa2f036edd20ae3f4749b,1,02ab12020b5e8968e86aa2f036edd20ae3f4749b,,02ab12020b5e8968e86aa2f036edd20ae3f4749b,,0,,1,0,0,0,1,0,0,1,0,0,36,429,983.682983682984,156.177156177156,195.804195804196,1.0,,2012-06-02 12:51:40,2012-06-02 12:51:41,failed,659,"[1507604, 1507605, 1507609, 1507606, 1507607, 1507603, 1507608, 1507602, 1507601, 1507610]",18,1507602,ruby,unknown,,ruby,rspec,1.0,,67,0,67,0,,0.23,,0
1508541,rumblelabs/asset_sync,0.0,,,ruby,,master,1,8cd935cd8e5870399288bdbeae0636f2af260e15,build_found,0f0bc9a6d9c8454cc48d865a4c97877bf2a7496f,1508335,2012-06-02 14:32:53,5,8cd935cd8e5870399288bdbeae0636f2af260e15,1,8cd935cd8e5870399288bdbeae0636f2af260e15,,8cd935cd8e5870399288bdbeae0636f2af260e15,,0,,6,0,0,0,1,0,0,1,0,0,68,429,983.682983682984,156.177156177156,195.804195804196,1.0,,2012-06-02 14:33:04,2012-06-02 14:41:54,passed,685,"[1508550, 1508551, 1508545, 1508546, 1508544, 1508547, 1508548, 1508549, 1508542, 1508543]",20,1508548,ruby,unknown,,ruby,rspec,1.0,,67,0,67,0,,0.73,,0
2163242,rumblelabs/asset_sync,0.0,,,ruby,,master,1,2ab7b967f0caa7c24cceff91c6b3925a0fc009a5,build_found,8cd935cd8e5870399288bdbeae0636f2af260e15,1508541,2012-08-18 18:15:22,4,2ab7b967f0caa7c24cceff91c6b3925a0fc009a5,1,2ab7b967f0caa7c24cceff91c6b3925a0fc009a5,,2ab7b967f0caa7c24cceff91c6b3925a0fc009a5,,0,,8,0,0,0,1,0,0,1,0,0,69,429,983.682983682984,156.177156177156,195.804195804196,1.0,,2012-08-18 18:15:24,2012-08-18 18:15:29,failed,467,"[2163250, 2163251, 2163252, 2163247, 2163248, 2163245, 2163243, 2163249, 2163244, 2163246]",22,2163252,ruby,unknown,,ruby,rspec,1.0,,67,0,67,0,,0.19,,0
2163287,rumblelabs/asset_sync,0.0,,,ruby,,master,2,76095f9613d0c14696b8a7dd832633d55c114f33#810890e7c91b6735f3bf72a64a4f2e7d69378123,merge_found,,,2012-08-07 05:14:45,4,810890e7c91b6735f3bf72a64a4f2e7d69378123,1,810890e7c91b6735f3bf72a64a4f2e7d69378123,,810890e7c91b6735f3bf72a64a4f2e7d69378123,,0,,2,0,0,0,1,0,0,1,0,0,71,429,983.682983682984,156.177156177156,195.804195804196,1.0,,2012-08-18 18:21:32,2012-08-18 18:21:35,failed,476,"[2163295, 2163290, 2163296, 2163297, 2163289, 2163294, 2163293, 2163292, 2163291, 2163288]",23,2163293,ruby,unknown,,ruby,rspec,1.0,,67,0,67,0,,0.51,,0
2163305,rumblelabs/asset_sync,0.0,,,ruby,,master,2,3b9a5572c0f6802a320f9c583c0c070c9215d630#48a7376014d92cca077dda8b2cee2a8c980918a4,merge_found,,,2012-06-26 14:24:33,4,48a7376014d92cca077dda8b2cee2a8c980918a4,1,48a7376014d92cca077dda8b2cee2a8c980918a4,,48a7376014d92cca077dda8b2cee2a8c980918a4,,0,,0,0,0,0,0,0,0,0,0,0,0,429,983.682983682984,156.177156177156,195.804195804196,1.0,,2012-08-18 18:23:17,2012-08-18 18:23:22,failed,476,"[2163313, 2163315, 2163312, 2163311, 2163307, 2163310, 2163306, 2163314, 2163308, 2163309]",24,2163310,ruby,unknown,,ruby,rspec,1.0,,67,0,67,0,,3.05,,0
2163517,rumblelabs/asset_sync,0.0,,,ruby,,master,1,c50b99cc408052ed5281ad5907d85deee5450aa9,build_found,48a7376014d92cca077dda8b2cee2a8c980918a4,2163305,2012-08-18 19:04:11,4,c50b99cc408052ed5281ad5907d85deee5450aa9,1,c50b99cc408052ed5281ad5907d85deee5450aa9,,c50b99cc408052ed5281ad5907d85deee5450aa9,,0,,0,0,0,0,1,0,0,0,0,1,5,429,983.682983682984,156.177156177156,195.804195804196,1.0,,2012-08-18 19:04:13,2012-08-18 19:04:18,passed,467,"[2163525, 2163527, 2163526, 2163519, 2163518, 2163524, 2163520, 2163521, 2163522, 2163523]",25,2163527,ruby,unknown,,ruby,rspec,1.0,,67,0,67,0,,0.33,,0
2168746,rumblelabs/asset_sync,0.0,,,ruby,,master,2,d38d6b5dc566aa5ea9c0b5857f5cab551e868d9c#e6371ec2ebf5f72533f5664d2610a7e77e933a9c,merge_found,,,2012-08-05 09:47:16,4,e6371ec2ebf5f72533f5664d2610a7e77e933a9c,1,e6371ec2ebf5f72533f5664d2610a7e77e933a9c,,e6371ec2ebf5f72533f5664d2610a7e77e933a9c,,0,,2,0,0,0,1,0,0,1,0,0,53,429,983.682983682984,156.177156177156,195.804195804196,1.0,,2012-08-19 14:37:00,2012-08-19 14:37:03,passed,486,"[2168754, 2168755, 2168752, 2168753, 2168756, 2168750, 2168747, 2168749, 2168751, 2168748]",26,2168748,ruby,unknown,,ruby,rspec,1.0,,67,0,67,0,,0.31,,0
2168799,rumblelabs/asset_sync,0.0,,,ruby,,master,1,4a8e385e4a8b2af5398ff5d3bbf4a99f8cc88473,build_found,e6371ec2ebf5f72533f5664d2610a7e77e933a9c,2168746,2012-08-19 14:43:28,4,4a8e385e4a8b2af5398ff5d3bbf4a99f8cc88473,1,4a8e385e4a8b2af5398ff5d3bbf4a99f8cc88473,,4a8e385e4a8b2af5398ff5d3bbf4a99f8cc88473,,0,,5,0,0,0,1,0,0,1,0,0,54,430,981.395348837209,155.813953488372,195.348837209302,1.0,,2012-08-19 14:43:48,2012-08-19 14:43:55,passed,458,"[2168807, 2168800, 2168809, 2168803, 2168808, 2168806, 2168801, 2168804, 2168802, 2168805]",27,2168807,ruby,unknown,,ruby,,0.0,,,,,,,,,0
2168904,rumblelabs/asset_sync,0.0,,,ruby,,master,1,58629dd9e79879122b66b72c173a076ccffa5b41,build_found,4a8e385e4a8b2af5398ff5d3bbf4a99f8cc88473,2168799,2012-08-19 14:47:58,4,58629dd9e79879122b66b72c173a076ccffa5b41,1,58629dd9e79879122b66b72c173a076ccffa5b41,,58629dd9e79879122b66b72c173a076ccffa5b41,,0,,4,0,0,0,2,0,0,2,0,0,54,430,981.395348837209,155.813953488372,195.348837209302,1.0,,2012-08-19 14:52:48,2012-08-19 14:52:54,passed,488,"[2168912, 2168913, 2168910, 2168909, 2168908, 2168911, 2168914, 2168907, 2168905, 2168906]",28,2168908,ruby,unknown,,ruby,rspec,1.0,,67,0,67,0,,2.05,,0
2211331,rumblelabs/asset_sync,0.0,,,ruby,,master,4,6ac9b074f16747013ca5f6c2c419974059b148d4#f4e1912c5a88353aa6434649f59b81504b78999b#9ef002506c3f882b07bcc764f246244e7b5c184a#8035d167b40891d8aa6f13b764f0e25a2407d985,build_found,58629dd9e79879122b66b72c173a076ccffa5b41,2168904,2012-08-02 00:49:52,4,8035d167b40891d8aa6f13b764f0e25a2407d985#9ef002506c3f882b07bcc764f246244e7b5c184a#f4e1912c5a88353aa6434649f59b81504b78999b#6ac9b074f16747013ca5f6c2c419974059b148d4,4,8035d167b40891d8aa6f13b764f0e25a2407d985,,8035d167b40891d8aa6f13b764f0e25a2407d985,,0,,61,82,1,0,6,0,0,7,0,0,191,435,1119.54022988506,181.609195402299,227.586206896552,0.0,,2012-08-23 10:41:43,2012-08-23 10:41:47,passed,665,"[2211339, 2211340, 2211341, 2211334, 2211333, 2211338, 2211337, 2211335, 2211332, 2211336]",30,2211332,ruby,unknown,,ruby,rspec,1.0,,79,0,79,0,,0.29,,0
2211363,rumblelabs/asset_sync,0.0,,,ruby,,master,6,27ca12fff496a79a055220b56376f0ce7f55efac#c91100302f063ff56307a169118e69f452a73a8b#03218dd920c01171876f51ddc8e1be57614346ff#b5f686050564616aff888b251a4bf91777a70e57#b77d9ed0bcaf409ff3366bf83d682f15b1213f56#75843fd6833780b2ff6d3e1c416c24559a431591,merge_found,,,2012-08-02 00:49:52,4,75843fd6833780b2ff6d3e1c416c24559a431591,1,75843fd6833780b2ff6d3e1c416c24559a431591,,75843fd6833780b2ff6d3e1c416c24559a431591,,0,,0,0,0,0,0,0,0,0,0,0,0,435,1119.54022988506,181.609195402299,227.586206896552,1.0,,2012-08-23 10:44:29,2012-08-23 10:44:34,passed,679,"[2211371, 2211370, 2211369, 2211373, 2211364, 2211365, 2211366, 2211368, 2211372, 2211367]",31,2211371,ruby,unknown,,ruby,,0.0,,,,,,,,,0
2237424,rumblelabs/asset_sync,0.0,,,ruby,,master,1,7a4de74b2ecd56537ee60a32d8a05d7b58f971a0,build_found,75843fd6833780b2ff6d3e1c416c24559a431591,2211363,2012-08-25 20:55:22,4,7a4de74b2ecd56537ee60a32d8a05d7b58f971a0,1,7a4de74b2ecd56537ee60a32d8a05d7b58f971a0,,7a4de74b2ecd56537ee60a32d8a05d7b58f971a0,,0,,4,0,0,0,1,0,0,1,0,0,76,435,1119.54022988506,181.609195402299,227.586206896552,1.0,,2012-08-25 20:55:22,2012-08-25 20:55:27,passed,501,"[2237432, 2237431, 2237428, 2237426, 2237430, 2237427, 2237425, 2237433, 2237434, 2237429]",33,2237432,ruby,unknown,,ruby,,0.0,,,,,,,,,0
2242207,rumblelabs/asset_sync,0.0,,,ruby,,master,1,aac201437058a1096f03891ccaaa1d049e11d3ef,build_found,7a4de74b2ecd56537ee60a32d8a05d7b58f971a0,2237424,2012-08-26 14:55:50,4,aac201437058a1096f03891ccaaa1d049e11d3ef,1,aac201437058a1096f03891ccaaa1d049e11d3ef,,aac201437058a1096f03891ccaaa1d049e11d3ef,,0,,691,0,1,0,0,0,0,1,0,0,0,435,1119.54022988506,181.609195402299,227.586206896552,1.0,,2012-08-26 14:56:34,2012-08-26 14:56:37,passed,506,"[2242215, 2242216, 2242214, 2242211, 2242209, 2242208, 2242217, 2242213, 2242212, 2242210]",34,2242217,ruby,unknown,,ruby,rspec,1.0,,79,0,79,0,,0.21,,0
2718276,rumblelabs/asset_sync,0.0,,,ruby,,master,,,build_found,aac201437058a1096f03891ccaaa1d049e11d3ef,2242207,,4,9cd59402460b222c75fd096d8c593f2ec14e3ed8,1,9cd59402460b222c75fd096d8c593f2ec14e3ed8,,9cd59402460b222c75fd096d8c593f2ec14e3ed8,,0,,0,0,0,0,1,0,0,0,0,1,6,435,1119.54022988506,181.609195402299,227.586206896552,1.0,,,2012-10-09 09:58:54,failed,704,"[2718284, 2718285, 2718286, 2718283, 2718282, 2718281, 2718280, 2718279, 2718277, 2718278]",38,2718283,ruby,unknown,,ruby,rspec,1.0,,79,0,79,0,,0.73,,0
2733029,rumblelabs/asset_sync,0.0,,,ruby,,master,1,25f57e5667d575202027639ad7d748f2221fb98f,build_found,9cd59402460b222c75fd096d8c593f2ec14e3ed8,2718276,2012-10-10 10:56:56,4,25f57e5667d575202027639ad7d748f2221fb98f,1,25f57e5667d575202027639ad7d748f2221fb98f,,25f57e5667d575202027639ad7d748f2221fb98f,,0,,0,0,0,0,1,0,0,0,0,1,7,435,1119.54022988506,181.609195402299,227.586206896552,1.0,,2012-10-10 10:56:43,2012-10-10 10:56:48,failed,488,"[2733037, 2733031, 2733035, 2733030, 2733036, 2733034, 2733038, 2733033, 2733032, 2733039]",39,2733030,ruby,unknown,,ruby,rspec,1.0,,79,0,79,0,,0.28,,0
2733064,rumblelabs/asset_sync,0.0,,,ruby,,master,1,649511a0738dd7c5a0267d2dd0117fd91b1ec8ea,build_found,25f57e5667d575202027639ad7d748f2221fb98f,2733029,2012-10-10 11:01:32,4,649511a0738dd7c5a0267d2dd0117fd91b1ec8ea,1,649511a0738dd7c5a0267d2dd0117fd91b1ec8ea,,649511a0738dd7c5a0267d2dd0117fd91b1ec8ea,,0,,0,0,0,0,1,0,0,0,0,1,8,435,1119.54022988506,181.609195402299,227.586206896552,1.0,,2012-10-10 11:01:18,2012-10-10 11:01:24,passed,665,"[2733072, 2733068, 2733069, 2733066, 2733067, 2733065, 2733071, 2733073, 2733074, 2733070]",40,2733074,ruby,unknown,,ruby,rspec,1.0,,79,0,79,0,,0.18,,0
2811075,rumblelabs/asset_sync,1.0,2012-10-16 11:31:33,115,ruby,merge_button,master,,,build_found,649511a0738dd7c5a0267d2dd0117fd91b1ec8ea,2733064,,4,3083f951924ca8ad439d1cf6d38fab9e29ec5c88,1,3083f951924ca8ad439d1cf6d38fab9e29ec5c88,649511a0738dd7c5a0267d2dd0117fd91b1ec8ea,60da677600cda1bed4ecfe63220e1c4189077a0a,0,0,0,4,0,0,0,1,0,0,1,0,0,77,435,1119.54022988506,181.609195402299,227.586206896552,0.0,8,,2012-10-16 13:31:41,passed,472,"[2811083, 2811077, 2811084, 2811085, 2811082, 2811078, 2811081, 2811079, 2811080, 2811076]",41,2811084,ruby,unknown,,ruby,rspec,1.0,,79,0,79,0,,1.23,,0
2885125,rumblelabs/asset_sync,0.0,,,ruby,,master,,,merge_found,,,,4,f33680da429a62364a1f74ee38a532f2726ba12b,1,f33680da429a62364a1f74ee38a532f2726ba12b,,f33680da429a62364a1f74ee38a532f2726ba12b,,0,,4,0,0,0,1,0,0,1,0,0,78,435,1119.54022988506,181.609195402299,227.586206896552,1.0,,,2012-10-22 11:56:11,passed,836,"[2885133, 2885127, 2885129, 2885128, 2885130, 2885135, 2885131, 2885132, 2885126, 2885134]",42,2885131,ruby,unknown,,ruby,rspec,1.0,,79,0,79,0,,0.5,,0
2887387,rumblelabs/asset_sync,0.0,,,ruby,,master,,,build_found,d0d1b19664395f775c7cc42c37e62665ebce2714,2885453,,4,64ff23b18f6bd69727e2a9086bdd73e32ca2164c,1,64ff23b18f6bd69727e2a9086bdd73e32ca2164c,,64ff23b18f6bd69727e2a9086bdd73e32ca2164c,,0,,20,0,0,0,3,0,0,3,0,0,57,435,1119.54022988506,181.609195402299,227.586206896552,1.0,,,2012-10-22 14:46:15,passed,925,"[2887395, 2887393, 2887392, 2887388, 2887390, 2887391, 2887389, 2887397, 2887396, 2887394]",45,2887392,java,unknown,,java-ant,,0.0,,,,,,,,,0
2888052,rumblelabs/asset_sync,0.0,,,ruby,,master,19,061f45b19f7d8739294d29e834f6c7406696c86a#db9e543ec24953dcdcf12f557b594ee5364a2e3a#4f24a20a22eb0e6c61c7b0e0b17a968c4256e502#8d77636e3d2f33b8cf3e365c2a8814bdd63d66a7#f424b597bf182fb6fc5dfee46021284d8c42ba92#9436a23fadebb73280fca8729a131dd96c40a0fb#04aec14942ce7e78f497abaddb35437afab23581#254cc55a6f07181f6d645e530b0cf49c68a2854c#e2841772760cb8a05b5874d627ba6f1bc891d374#b35804eae898ef41a17914a4d04caff591653889#22b8ee2ffbd4b64d78673ce02dd91f88f9bbaedf#7ad84f08e77d13dccaf415f2a4deabbc1026c989#ce47efebe3d4ed42a167d716606a15a8f478a136#b4d0403c1de05e5c13a80a349101b9b60fffc28d#6547ec7358cb4a82b4a209569b62d50eee462e93#067a71238be54f006fc7352a084b09f7880a760d#47aaa7660b68dca166fe9d49da74851ad1b8018c#5e8938aceb53f2f1863193c37206cf0c8aaeb659#e15798cac3a0c0c339e0c966cba71a069472766d,build_found,64ff23b18f6bd69727e2a9086bdd73e32ca2164c,2887387,2012-10-22 15:29:30,4,061f45b19f7d8739294d29e834f6c7406696c86a,1,061f45b19f7d8739294d29e834f6c7406696c86a,,061f45b19f7d8739294d29e834f6c7406696c86a,,0,,4,0,0,0,1,0,0,1,0,0,79,435,1119.54022988506,181.609195402299,227.586206896552,1.0,,2013-01-07 20:29:17,2012-10-22 15:29:54,passed,1029,"[2888060, 2888062, 2888056, 2888054, 2888058, 2888059, 2888057, 2888055, 2888053, 2888061]",48,2888062,ruby,unknown,,ruby,rspec,1.0,,79,0,79,0,,0.22,,0
4001542,rumblelabs/asset_sync,1.0,2013-01-07 12:58:59,141,ruby,merge_button,master,2,8d77636e3d2f33b8cf3e365c2a8814bdd63d66a7#7ad84f08e77d13dccaf415f2a4deabbc1026c989,build_found,061f45b19f7d8739294d29e834f6c7406696c86a,2888052,2013-01-07 13:56:25,3,8d77636e3d2f33b8cf3e365c2a8814bdd63d66a7,1,8d77636e3d2f33b8cf3e365c2a8814bdd63d66a7,061f45b19f7d8739294d29e834f6c7406696c86a,f0cc19ef141d21c0e0748738f8a6b5697cce684d,0,0,0,22,0,0,0,1,0,0,1,0,0,80,435,1119.54022988506,181.609195402299,227.586206896552,0.0,14,2013-01-07 18:10:20,2013-01-07 13:59:05,passed,579,"[4001551, 4001544, 4001547, 4001545, 4001552, 4001548, 4001550, 4001549, 4001546, 4001543]",59,4001545,ruby,unknown,,ruby,rspec,1.0,,79,0,79,0,,0.16,,0
4005638,rumblelabs/asset_sync,0.0,,,ruby,,master,2,8d77636e3d2f33b8cf3e365c2a8814bdd63d66a7#7ad84f08e77d13dccaf415f2a4deabbc1026c989,merge_found,,,2013-01-07 13:56:25,3,7ad84f08e77d13dccaf415f2a4deabbc1026c989,1,7ad84f08e77d13dccaf415f2a4deabbc1026c989,,7ad84f08e77d13dccaf415f2a4deabbc1026c989,,0,,22,0,0,0,1,0,0,1,0,0,81,435,1119.54022988506,181.609195402299,227.586206896552,1.0,,2013-01-07 18:10:20,2013-01-07 18:10:27,passed,686,"[4005645, 4005639, 4005647, 4005642, 4005646, 4005641, 4005640, 4005643, 4005648, 4005644]",65,4005642,ruby,unknown,,ruby,rspec,1.0,,79,0,79,0,,2.38,,0
4005678,rumblelabs/asset_sync,0.0,,,ruby,,master,2,db9e543ec24953dcdcf12f557b594ee5364a2e3a#ce47efebe3d4ed42a167d716606a15a8f478a136,merge_found,,,2012-12-24 16:28:50,3,ce47efebe3d4ed42a167d716606a15a8f478a136,1,ce47efebe3d4ed42a167d716606a15a8f478a136,,ce47efebe3d4ed42a167d716606a15a8f478a136,,0,,0,0,0,0,1,0,0,0,0,1,14,435,1119.54022988506,181.609195402299,227.586206896552,1.0,,2013-01-07 18:12:31,2013-01-07 18:12:40,passed,626,"[4005683, 4005687, 4005688, 4005680, 4005685, 4005684, 4005686, 4005681, 4005682, 4005679]",66,4005679,ruby,unknown,,ruby,rspec,1.0,,79,0,79,0,,0.25,,0
4005859,rumblelabs/asset_sync,0.0,,,ruby,,master,1,b4d0403c1de05e5c13a80a349101b9b60fffc28d,build_found,ce47efebe3d4ed42a167d716606a15a8f478a136,4005678,2013-01-07 18:21:25,3,b4d0403c1de05e5c13a80a349101b9b60fffc28d,1,b4d0403c1de05e5c13a80a349101b9b60fffc28d,,b4d0403c1de05e5c13a80a349101b9b60fffc28d,,0,,76,0,0,0,1,0,0,1,0,0,23,437,1114.41647597254,180.778032036613,226.544622425629,1.0,,2013-01-07 18:22:09,2013-01-07 18:22:11,passed,847,"[4005868, 4005869, 4005866, 4005864, 4005863, 4005862, 4005860, 4005861, 4005865, 4005867]",67,4005866,ruby,unknown,,ruby,rspec,1.0,,79,0,79,0,,1.25,,0
4006463,rumblelabs/asset_sync,0.0,,,ruby,,master,10,4f24a20a22eb0e6c61c7b0e0b17a968c4256e502#f424b597bf182fb6fc5dfee46021284d8c42ba92#9436a23fadebb73280fca8729a131dd96c40a0fb#04aec14942ce7e78f497abaddb35437afab23581#254cc55a6f07181f6d645e530b0cf49c68a2854c#e2841772760cb8a05b5874d627ba6f1bc891d374#b35804eae898ef41a17914a4d04caff591653889#22b8ee2ffbd4b64d78673ce02dd91f88f9bbaedf#6547ec7358cb4a82b4a209569b62d50eee462e93#067a71238be54f006fc7352a084b09f7880a760d,merge_found,,,2013-01-07 01:39:09,3,067a71238be54f006fc7352a084b09f7880a760d#6547ec7358cb4a82b4a209569b62d50eee462e93,2,067a71238be54f006fc7352a084b09f7880a760d,,067a71238be54f006fc7352a084b09f7880a760d,,0,,65,62,6,0,7,0,0,13,0,5,102,443,1185.10158013544,185.10158013544,230.248306997743,1.0,,2013-01-07 18:56:54,2013-01-07 18:59:26,passed,1865,"[4006466, 4006467, 4006472, 4006473, 4006468, 4006470, 4006471, 4006464, 4006465, 4006469]",68,4006466,ruby,unknown,,ruby,rspec,1.0,,82,0,82,0,,37.8,,0
4023962,rumblelabs/asset_sync,1.0,2013-01-07 19:31:36,143,ruby,merge_button,master,1,9224e3e0631659103518c7c5114cae2a109a998c,build_found,18dcd8e012ea157369222e570d889065e33375da,4013440,2013-01-08 15:14:26,3,9224e3e0631659103518c7c5114cae2a109a998c,1,9224e3e0631659103518c7c5114cae2a109a998c,067a71238be54f006fc7352a084b09f7880a760d,5e223e7326180af9e9a3bf79dd114adfc8e045ca,0,0,0,0,3,0,0,1,0,0,1,0,0,4,447,1190.15659955257,183.4451901566,237.136465324385,1.0,1,2013-01-08 15:14:38,2013-01-08 15:20:05,failed,1687,"[4023966, 4023971, 4023970, 4023964, 4023968, 4023965, 4023967, 4023972, 4023969, 4023963]",74,4023970,ruby,unknown,,ruby,rspec,1.0,,79,3,82,0,,14.95,,0
4025795,rumblelabs/asset_sync,0.0,,,ruby,,master,5,52a8fc4f31a920337fead3285b74d60583ee0263#89fc450d8f26a89ff759d88fcece173dd88e622f#18dcd8e012ea157369222e570d889065e33375da#9224e3e0631659103518c7c5114cae2a109a998c#10bec001fabff7749c120120db93fb4ee5accf8e,build_found,9224e3e0631659103518c7c5114cae2a109a998c,4023962,2012-10-09 05:40:01,3,10bec001fabff7749c120120db93fb4ee5accf8e,1,10bec001fabff7749c120120db93fb4ee5accf8e,,10bec001fabff7749c120120db93fb4ee5accf8e,,0,,4,0,0,0,2,0,0,2,0,0,60,447,1190.15659955257,183.4451901566,237.136465324385,1.0,,2013-01-08 16:42:56,2013-01-08 16:49:56,passed,1984,"[4025802, 4025801, 4025800, 4025799, 4025797, 4025798, 4025804, 4025803, 4025796, 4025805]",75,4025796,ruby,unknown,,ruby,rspec,1.0,,82,0,82,0,,38.51,,0
4126910,rumblelabs/asset_sync,0.0,,,ruby,,master,1,72f910016a94f7c6f0bbe68295c60118d1329ba3,build_found,10bec001fabff7749c120120db93fb4ee5accf8e,4025795,2013-01-13 18:35:32,4,72f910016a94f7c6f0bbe68295c60118d1329ba3,1,72f910016a94f7c6f0bbe68295c60118d1329ba3,,72f910016a94f7c6f0bbe68295c60118d1329ba3,,0,,1,0,0,0,1,0,0,1,0,0,82,447,1190.15659955257,183.4451901566,237.136465324385,1.0,,2013-01-13 18:35:54,2013-01-13 18:36:00,passed,1590,"[4126919, 4126914, 4126911, 4126913, 4126920, 4126917, 4126915, 4126916, 4126918, 4126912]",77,4126916,ruby,unknown,,ruby,rspec,1.0,,82,0,82,0,,27.52,,0
4146956,rumblelabs/asset_sync,0.0,,,ruby,,master,2,cb0cb19ace3bc0430ea9545220e4dddd18b61306#c069fa749bc49d27fa91dbebc361267e47ed001f,build_found,72f910016a94f7c6f0bbe68295c60118d1329ba3,4126910,2013-01-13 19:00:45,4,c069fa749bc49d27fa91dbebc361267e47ed001f#cb0cb19ace3bc0430ea9545220e4dddd18b61306,2,c069fa749bc49d27fa91dbebc361267e47ed001f,,c069fa749bc49d27fa91dbebc361267e47ed001f,,0,,15,0,0,0,2,0,0,2,0,0,89,447,1190.15659955257,183.4451901566,237.136465324385,1.0,,2013-01-14 17:16:21,2013-01-14 17:16:58,failed,661,"[4146965, 4146966, 4146964, 4146962, 4146960, 4146963, 4146958, 4146957, 4146959, 4146961]",78,4146965,ruby,unknown,,ruby,rspec,1.0,,79,0,79,0,,3.15,,0
4147116,rumblelabs/asset_sync,0.0,,,ruby,,master,1,bca0c19d51db595d329eb10afcf19042d202ae33,build_found,c069fa749bc49d27fa91dbebc361267e47ed001f,4146956,2013-01-09 19:58:19,4,bca0c19d51db595d329eb10afcf19042d202ae33,1,bca0c19d51db595d329eb10afcf19042d202ae33,,bca0c19d51db595d329eb10afcf19042d202ae33,,0,,2,0,0,0,2,0,0,1,0,1,92,447,1190.15659955257,183.4451901566,237.136465324385,0.0,,2013-01-14 17:23:46,2013-01-14 17:24:24,failed,106,"[4147120, 4147126, 4147125, 4147124, 4147123, 4147122, 4147121, 4147119, 4147117, 4147118]",79,4147125,ruby,unknown,,ruby,,0.0,,,,,,,,,0
4166036,rumblelabs/asset_sync,0.0,,,ruby,,master,1,e46229d7e9e011329436a8f6db121996dea9c036,build_found,839db333c24160c972810088c449aa909549ccd8,4164759,2013-01-15 14:40:04,4,e46229d7e9e011329436a8f6db121996dea9c036,1,e46229d7e9e011329436a8f6db121996dea9c036,,e46229d7e9e011329436a8f6db121996dea9c036,,0,,7,0,0,0,1,0,0,1,0,0,7,447,1205.81655480984,183.4451901566,237.136465324385,1.0,,2013-01-15 14:40:25,2013-01-15 15:09:02,passed,1033,"[4166045, 4166046, 4166043, 4166044, 4166042, 4166041, 4166040, 4166039, 4166038, 4166037]",83,4166041,ruby,unknown,,ruby,rspec,1.0,,79,0,79,0,,0.0,,0
4166905,rumblelabs/asset_sync,0.0,,,ruby,,master,1,cc45314b743deac8193a97c0d7deb4a116f392c0,build_found,e46229d7e9e011329436a8f6db121996dea9c036,4166036,2013-01-15 15:46:51,4,cc45314b743deac8193a97c0d7deb4a116f392c0,1,cc45314b743deac8193a97c0d7deb4a116f392c0,,cc45314b743deac8193a97c0d7deb4a116f392c0,,0,,13,1,0,0,2,0,0,2,0,0,29,451,1195.12195121951,181.818181818182,235.033259423503,1.0,,2013-01-15 15:47:42,2013-01-15 16:04:09,passed,986,"[4166914, 4166912, 4166915, 4166911, 4166913, 4166910, 4166909, 4166908, 4166907, 4166906]",84,4166913,ruby,unknown,,ruby,rspec,1.0,,79,0,79,0,,0.3,,0
4172341,rumblelabs/asset_sync,1.0,2013-01-15 16:36:22,147,ruby,merge_button,master,1,650626ee45cfdbb491979480568a9c2d8253fd3e,build_found,120418d6f319e33c9d458e3be47c6ae9a18e9883,4169833,2013-01-15 20:22:00,4,650626ee45cfdbb491979480568a9c2d8253fd3e,1,650626ee45cfdbb491979480568a9c2d8253fd3e,cc45314b743deac8193a97c0d7deb4a116f392c0,a39f359c62510740a6d8bfe57f97c553169541c4,0,0,0,0,1,0,0,1,0,0,1,0,0,2,466,1227.4678111588,182.403433476395,233.905579399142,1.0,43,2013-01-15 20:22:12,2013-01-15 20:39:11,failed,493,"[4172351, 4172350, 4172349, 4172348, 4172345, 4172347, 4172346, 4172344, 4172343, 4172342]",89,4172344,ruby,unknown,,ruby,rspec,1.0,,82,0,82,0,,0.72,,0
4177452,rumblelabs/asset_sync,0.0,,,ruby,,master,4,9333bd01ae1a7cf2ffa046b8390fbc4165c38030#120418d6f319e33c9d458e3be47c6ae9a18e9883#650626ee45cfdbb491979480568a9c2d8253fd3e#8de0ff187d6a94b4073e577fb4cb2582429129fd,merge_found,,,2013-01-15 17:29:55,4,8de0ff187d6a94b4073e577fb4cb2582429129fd,1,8de0ff187d6a94b4073e577fb4cb2582429129fd,,8de0ff187d6a94b4073e577fb4cb2582429129fd,,0,,23,47,2,0,2,0,0,4,0,0,76,466,1227.4678111588,182.403433476395,233.905579399142,1.0,,2013-01-16 01:00:15,2013-01-16 01:00:49,passed,985,"[4177462, 4177455, 4177460, 4177457, 4177456, 4177454, 4177453, 4177459, 4177461, 4177458]",91,4177461,ruby,unknown,,ruby,rspec,1.0,,82,0,82,0,,4.9,,0
4177493,rumblelabs/asset_sync,0.0,,,ruby,,master,1,ac7a6e98089016c56c8cbf178f361cd0f2c07d47,build_found,8de0ff187d6a94b4073e577fb4cb2582429129fd,4177452,2013-01-16 01:03:19,4,ac7a6e98089016c56c8cbf178f361cd0f2c07d47,1,ac7a6e98089016c56c8cbf178f361cd0f2c07d47,,ac7a6e98089016c56c8cbf178f361cd0f2c07d47,,0,,4,0,0,0,2,0,0,2,0,0,63,466,1227.4678111588,182.403433476395,233.905579399142,1.0,,2013-01-16 01:03:31,2013-01-16 01:04:25,passed,997,"[4177503, 4177502, 4177501, 4177495, 4177496, 4177494, 4177500, 4177498, 4177499, 4177497]",92,4177503,ruby,unknown,,ruby,,1.0,,,0,,,,,,0
4177714,rumblelabs/asset_sync,0.0,,,ruby,,master,1,06af52e56482142d77a25fab5092e4dec11732ed,build_found,ac7a6e98089016c56c8cbf178f361cd0f2c07d47,4177493,2013-01-16 01:24:21,4,06af52e56482142d77a25fab5092e4dec11732ed,1,06af52e56482142d77a25fab5092e4dec11732ed,,06af52e56482142d77a25fab5092e4dec11732ed,,0,,6,18,1,0,2,0,0,2,0,1,57,470,1242.55319148936,185.106382978723,238.297872340426,1.0,,2013-01-16 01:24:31,2013-01-16 01:24:46,passed,754,"[4177716, 4177715, 4177718, 4177717, 4177719, 4177721, 4177722, 4177723, 4177720, 4177724]",93,4177716,ruby,unknown,,ruby,rspec,1.0,,84,0,84,0,,0.71,,0
4188196,rumblelabs/asset_sync,0.0,,,ruby,,master,,,build_found,06af52e56482142d77a25fab5092e4dec11732ed,4177714,,4,9678cd58ac04b5766423b970485896a1ea811729,1,9678cd58ac04b5766423b970485896a1ea811729,,9678cd58ac04b5766423b970485896a1ea811729,,0,,10,0,0,0,1,0,0,1,0,0,85,470,1242.55319148936,185.106382978723,238.297872340426,1.0,,,2013-01-16 14:54:51,passed,2532,"[4188205, 4188206, 4188204, 4188203, 4188202, 4188201, 4188200, 4188199, 4188198, 4188197]",94,4188200,ruby,unknown,,ruby,rspec,1.0,,84,0,84,0,,4.28,,0
4616175,rumblelabs/asset_sync,1.0,2013-02-06 12:17:22,152,ruby,merge_button,master,3,1f13467e4d21fc832c3f04c1c0b6094161dbd2da#e649207cd07bf40a77b74c99d12a7a8c0d994a26#e12a78f0455505dbff1d3480be2bed40a3496da6,build_found,9678cd58ac04b5766423b970485896a1ea811729,4188196,2013-02-06 13:00:03,4,e649207cd07bf40a77b74c99d12a7a8c0d994a26#1f13467e4d21fc832c3f04c1c0b6094161dbd2da,2,e649207cd07bf40a77b74c99d12a7a8c0d994a26,9678cd58ac04b5766423b970485896a1ea811729,558de46a49146de877dde1929c18fa51b5ba439a,0,0,0,10,0,0,0,1,0,0,1,0,0,86,470,1242.55319148936,185.106382978723,238.297872340426,0.0,49,2013-02-27 02:29:12,2013-02-06 13:23:13,passed,905,"[4616182, 4616181, 4616184, 4616185, 4616183, 4616180, 4616179, 4616177, 4616178, 4616176]",96,4616180,java,unknown,,java-ant,,0.0,,,,,,,,,0
4785514,rumblelabs/asset_sync,1.0,2013-02-14 03:05:33,155,ruby,merge_button,master,5,8a15c536623ce8084cb4eed9aba3b407ec8e117b#c69d00273d1d1cae7309b8bd80abae29dbf7c95d#fd40b30c9fe69da1af1f407272a8585a597ec182#fde146f490daec812572a642d4897e0ca0bf69bc#8c229e433a68fd869e68b77aecb846c0ce6e9340,build_found,9678cd58ac04b5766423b970485896a1ea811729,4188196,2013-02-14 03:15:30,4,fde146f490daec812572a642d4897e0ca0bf69bc#fd40b30c9fe69da1af1f407272a8585a597ec182#c69d00273d1d1cae7309b8bd80abae29dbf7c95d#8a15c536623ce8084cb4eed9aba3b407ec8e117b,4,fde146f490daec812572a642d4897e0ca0bf69bc,9678cd58ac04b5766423b970485896a1ea811729,a97a1fc30e7983c7d09e894c6e9c88ce3b624f6a,0,1,0,40,0,0,0,5,0,0,4,0,1,133,480,1216.66666666667,181.25,233.333333333333,0.0,28,2013-04-25 15:10:51,2013-02-14 04:05:51,passed,1013,"[4785521, 4785520, 4785523, 4785524, 4785522, 4785518, 4785519, 4785516, 4785517, 4785515]",98,4785516,ruby,unknown,,ruby,rspec,1.0,,84,0,84,0,,0.81,,0
4903538,rumblelabs/asset_sync,1.0,2013-02-19 13:19:01,156,ruby,merge_button,master,4,d4537a12b2b8528710856b6dd2041989ead255ce#20768aac99f0ec4c7018f953921e045eae249286#8a2357ce6ab7f9c20b86e793fd08d3f915545ed1#19d5f03193ebfb04e50bef4d6aa9cbdec80646f2,build_found,9678cd58ac04b5766423b970485896a1ea811729,4188196,2013-02-19 13:08:37,4,8a2357ce6ab7f9c20b86e793fd08d3f915545ed1#20768aac99f0ec4c7018f953921e045eae249286#d4537a12b2b8528710856b6dd2041989ead255ce,3,8a2357ce6ab7f9c20b86e793fd08d3f915545ed1,9678cd58ac04b5766423b970485896a1ea811729,b243bdc368871d591f4596d520b11de90dc251ae,0,0,0,10,0,0,0,1,0,0,1,0,0,86,470,1242.55319148936,185.106382978723,238.297872340426,0.0,69,2013-02-27 02:30:26,2013-02-19 14:19:25,passed,884,"[4903548, 4903546, 4903542, 4903543, 4903544, 4903547, 4903545, 4903539, 4903540, 4903541]",99,4903546,ruby,broken,,ruby,,1.0,,,0,,,,,,0
5089663,rumblelabs/asset_sync,1.0,2013-02-27 00:00:31,161,ruby,merge_button,master,2,281d07b71198cec1fa201c4acf02b8c00d854be7#7506f84c6ae0aacc289a3b94c2ddde1e312bb076,build_found,9678cd58ac04b5766423b970485896a1ea811729,4188196,2013-02-27 01:00:04,4,281d07b71198cec1fa201c4acf02b8c00d854be7,1,281d07b71198cec1fa201c4acf02b8c00d854be7,9678cd58ac04b5766423b970485896a1ea811729,ecdc60813d4cf824cfeebf6fed80e5ffb93d1246,0,0,0,2,0,0,0,1,0,0,1,0,0,86,470,1242.55319148936,185.106382978723,238.297872340426,0.0,4,2013-02-27 02:30:39,2013-02-27 01:00:55,failed,869,"[5089672, 5089670, 5089669, 5089665, 5089668, 5089673, 5089671, 5089667, 5089666, 5089664]",107,5089668,java,broken,,java-ant,,0.0,,,,,,,,,0
5091101,rumblelabs/asset_sync,0.0,,,ruby,,master,3,1f13467e4d21fc832c3f04c1c0b6094161dbd2da#e649207cd07bf40a77b74c99d12a7a8c0d994a26#e12a78f0455505dbff1d3480be2bed40a3496da6,merge_found,,,2013-02-06 13:00:03,4,e12a78f0455505dbff1d3480be2bed40a3496da6,1,e12a78f0455505dbff1d3480be2bed40a3496da6,,e12a78f0455505dbff1d3480be2bed40a3496da6,,0,,10,0,0,0,1,0,0,1,0,0,88,470,1242.55319148936,185.106382978723,238.297872340426,1.0,,2013-02-27 02:29:12,2013-02-27 02:29:29,failed,854,"[5091108, 5091102, 5091103, 5091105, 5091110, 5091109, 5091111, 5091107, 5091106, 5091104]",108,5091103,ruby,broken,,ruby,rspec,1.0,,83,1,84,0,,0.29,,0
5091116,rumblelabs/asset_sync,0.0,,,ruby,,master,2,47179022aa246138f555a6b17cf7babc04ff7e85#52cacf7c54417662eec03e6fc1ee8d5c1f1d58b3,merge_found,,,2013-02-12 16:35:02,4,52cacf7c54417662eec03e6fc1ee8d5c1f1d58b3,1,52cacf7c54417662eec03e6fc1ee8d5c1f1d58b3,,52cacf7c54417662eec03e6fc1ee8d5c1f1d58b3,,0,,14,0,0,0,1,0,0,1,0,0,90,470,1242.55319148936,185.106382978723,238.297872340426,1.0,,2013-02-27 02:29:42,2013-02-27 02:31:34,failed,1000,"[5091125, 5091126, 5091124, 5091122, 5091121, 5091117, 5091123, 5091120, 5091119, 5091118]",109,5091118,ruby,broken,,ruby,rspec,1.0,,83,1,84,0,,0.37,,0
5091137,rumblelabs/asset_sync,0.0,,,ruby,,master,4,d4537a12b2b8528710856b6dd2041989ead255ce#20768aac99f0ec4c7018f953921e045eae249286#8a2357ce6ab7f9c20b86e793fd08d3f915545ed1#19d5f03193ebfb04e50bef4d6aa9cbdec80646f2,merge_found,,,2013-02-19 13:08:37,4,19d5f03193ebfb04e50bef4d6aa9cbdec80646f2,1,19d5f03193ebfb04e50bef4d6aa9cbdec80646f2,,19d5f03193ebfb04e50bef4d6aa9cbdec80646f2,,0,,8,0,0,0,1,0,0,1,0,0,94,470,1242.55319148936,185.106382978723,238.297872340426,1.0,,2013-02-27 02:30:26,2013-02-27 02:35:12,failed,801,"[5091143, 5091145, 5091141, 5091144, 5091139, 5091138, 5091146, 5091147, 5091142, 5091140]",110,5091139,ruby,broken,,ruby,rspec,1.0,,83,1,84,0,,0.44,,0
5091152,rumblelabs/asset_sync,0.0,,,ruby,,master,2,281d07b71198cec1fa201c4acf02b8c00d854be7#7506f84c6ae0aacc289a3b94c2ddde1e312bb076,merge_found,,,2013-02-27 01:00:04,4,7506f84c6ae0aacc289a3b94c2ddde1e312bb076,1,7506f84c6ae0aacc289a3b94c2ddde1e312bb076,,7506f84c6ae0aacc289a3b94c2ddde1e312bb076,,0,,2,0,0,0,1,0,0,1,0,0,96,470,1242.55319148936,185.106382978723,238.297872340426,1.0,,2013-02-27 02:30:39,2013-02-27 02:38:53,failed,845,"[5091158, 5091160, 5091155, 5091161, 5091162, 5091159, 5091157, 5091156, 5091154, 5091153]",111,5091157,java,broken,,java-ant,,0.0,,,,,,,,,0
5243733,rumblelabs/asset_sync,1.0,2013-03-05 00:49:35,165,ruby,merge_button,master,2,b65237c20fa035223293f4c97d6ff943a2afb267#88153e02eb20d2cf00bb7cdb3541925bae88243d,build_found,7506f84c6ae0aacc289a3b94c2ddde1e312bb076,5091152,2013-03-05 01:39:15,4,b65237c20fa035223293f4c97d6ff943a2afb267,1,b65237c20fa035223293f4c97d6ff943a2afb267,7506f84c6ae0aacc289a3b94c2ddde1e312bb076,8b2abc3a6602bf09bafdc95dc3c9b0ec94443682,0,0,0,2,0,0,0,1,0,0,1,0,0,55,470,1242.55319148936,185.106382978723,238.297872340426,0.0,29,2013-04-25 16:48:23,2013-03-05 03:47:00,failed,1028,"[5243740, 5243742, 5243739, 5243743, 5243741, 5243738, 5243737, 5243736, 5243735, 5243734]",115,5243737,java,broken,,java-ant,,0.0,,,,,,,,,0
5269195,rumblelabs/asset_sync,1.0,2013-03-05 22:11:32,166,ruby,merge_button,master,20,42c8ae27982b8d0d9a78011b2d4f9258d4375d06#043d5f81824293cf2e0f7689174a5430d782aa99#dc9fc931c2625d72a3f3b054e061fe57a645dd3f#e52ea510df9786091d1200c96b012a232656ac5b#812ee967998aa38258ce75b60965a26869c2773f#31db40e607626da399bdd0989d3797899587beb6#47260b657e9a8a945be3a8b5147560b1d3c2fd18#aa0a10819150ab3ee9937900d2a9dcf65891b19c#5ba51dde52e686eb3553671e25e01bd3acaa5a17#9851feb5202672f11eb5ed5af88dcf93ec7099da#fa512b2d366b127d88811d97b73bcbc63e52074c#863e731acab2f5895d4a19810bec9db82db46b33#61df4f197a6ef153eef01b4642b4d978e384cd08#c961a78fc38f86b05365f87d8bd4fbf0bb588ffe#20591af20ee52ddb4cb46848594e7b64a25d53a5#67c3dc41d6b92d475f07b0377ee72da5f4bf57ce#77a242c84e1131101339db0ef6331dee8e9ee90f#383e2d840b915c08b596a36ee8de78b1e4f6f5ab#b5b398c3aba53cfe3d249b14ff0f7ba405fc2bef#1dad2d590ab719107ed1a44813a86568b67490ed,build_found,7506f84c6ae0aacc289a3b94c2ddde1e312bb076,5091152,2012-11-01 15:17:45,4,42c8ae27982b8d0d9a78011b2d4f9258d4375d06,1,42c8ae27982b8d0d9a78011b2d4f9258d4375d06,7506f84c6ae0aacc289a3b94c2ddde1e312bb076,657a48f23424739da1f93e8c81e0346a82238416,0,0,0,10,0,0,0,1,0,0,1,0,0,67,476,1226.89075630252,182.773109243697,235.294117647059,0.0,137,2013-07-26 01:17:18,2013-03-05 23:16:13,failed,973,"[5269201, 5269205, 5269203, 5269198, 5269197, 5269196, 5269199, 5269200, 5269202, 5269204]",116,5269200,java,broken,,java-ant,,0.0,,,,,,,,,0
5481727,rumblelabs/asset_sync,1.0,2013-03-13 19:23:00,169,ruby,merge_button,master,2,4270aafd61a40c2201f3e8cc5ddf6368d80b66f3#b9f2273b891fd61c9b32d179e1882bf42f929394,build_found,7506f84c6ae0aacc289a3b94c2ddde1e312bb076,5091152,2013-03-13 20:22:35,4,4270aafd61a40c2201f3e8cc5ddf6368d80b66f3,1,4270aafd61a40c2201f3e8cc5ddf6368d80b66f3,7506f84c6ae0aacc289a3b94c2ddde1e312bb076,b38b9d193f65b3b7828483e4b8ca17acf7e2584b,0,0,0,4,0,0,0,1,0,0,1,0,0,1,470,1242.55319148936,185.106382978723,238.297872340426,0.0,4,2013-04-25 14:58:49,2013-03-13 20:31:21,failed,978,"[5481735, 5481737, 5481736, 5481729, 5481734, 5481728, 5481733, 5481732, 5481731, 5481730]",118,5481733,ruby,broken,,ruby,rspec,1.0,,83,1,84,0,,0.88,,0
5708566,rumblelabs/asset_sync,1.0,2013-03-22 06:32:22,174,ruby,merge_button,master,2,5641192cf495baee33ea26cfbec3202a9e601808#c7da1375976a51ed8a97f2fbbde05e5e1dfad5d9,build_found,7506f84c6ae0aacc289a3b94c2ddde1e312bb076,5091152,2013-03-22 07:24:23,4,5641192cf495baee33ea26cfbec3202a9e601808,1,5641192cf495baee33ea26cfbec3202a9e601808,7506f84c6ae0aacc289a3b94c2ddde1e312bb076,8e77bc34d2895612eb8f159ab198fdfff7085c81,0,0,0,2,0,0,0,1,0,0,1,0,0,55,471,1239.91507430998,184.713375796178,237.791932059448,0.0,46,2013-07-26 00:46:14,2013-03-22 07:33:01,failed,747,"[5708572, 5708573, 5708576, 5708575, 5708574, 5708571, 5708570, 5708567, 5708569, 5708568]",119,5708570,java,broken,,java-ant,,0.0,,,,,,,,,0
6616536,rumblelabs/asset_sync,1.0,2013-04-24 22:41:28,182,ruby,merge_button,master,2,f244c734b7f59c7d024213a52493f84a66cd16a7#70f88ed364299527b70454bfc3d2e3d806838cf4,build_found,7506f84c6ae0aacc289a3b94c2ddde1e312bb076,5091152,2013-04-25 00:41:13,3,f244c734b7f59c7d024213a52493f84a66cd16a7,1,f244c734b7f59c7d024213a52493f84a66cd16a7,7506f84c6ae0aacc289a3b94c2ddde1e312bb076,1e458cfd528945bc9f1a17aa95d309fe045ac184,0,0,0,2,0,0,0,1,0,0,1,0,0,97,470,1242.55319148936,185.106382978723,238.297872340426,0.0,7,2013-04-25 14:58:37,2013-04-25 00:42:06,failed,801,"[6616543, 6616545, 6616542, 6616546, 6616544, 6616541, 6616540, 6616539, 6616537, 6616538]",122,6616539,ruby,broken,,ruby,rspec,1.0,,83,1,84,0,,0.33,,0
6632218,rumblelabs/asset_sync,0.0,,,ruby,,master,1,afdd838978761fece0c7fcc5337a695a07ea378e,build_found,7506f84c6ae0aacc289a3b94c2ddde1e312bb076,5091152,2013-04-25 14:32:45,3,afdd838978761fece0c7fcc5337a695a07ea378e,1,afdd838978761fece0c7fcc5337a695a07ea378e,,afdd838978761fece0c7fcc5337a695a07ea378e,,0,,0,1,0,0,1,0,0,1,0,0,4,470,1244.68085106383,185.106382978723,238.297872340426,1.0,,2013-04-25 14:33:08,2013-04-25 14:33:51,passed,916,"[6632227, 6632228, 6632220, 6632225, 6632224, 6632226, 6632223, 6632222, 6632219, 6632221]",124,6632221,ruby,ok,,ruby,rspec,1.0,,84,0,84,1,,0.41,,0
6632851,rumblelabs/asset_sync,0.0,,,ruby,,master,2,4270aafd61a40c2201f3e8cc5ddf6368d80b66f3#b9f2273b891fd61c9b32d179e1882bf42f929394,merge_found,,,2013-03-13 20:22:35,3,b9f2273b891fd61c9b32d179e1882bf42f929394,1,b9f2273b891fd61c9b32d179e1882bf42f929394,,b9f2273b891fd61c9b32d179e1882bf42f929394,,0,,4,0,0,0,1,0,0,1,0,0,2,470,1244.68085106383,185.106382978723,238.297872340426,1.0,,2013-04-25 14:58:49,2013-04-25 15:02:52,passed,971,"[6632861, 6632858, 6632860, 6632857, 6632859, 6632855, 6632856, 6632854, 6632852, 6632853]",126,6632861,ruby,ok,,ruby,,0.0,,,,,,,,,0
6633184,rumblelabs/asset_sync,1.0,2013-04-22 06:25:32,181,ruby,merge_button,master,2,17dd2b71c1ec3e432e3c55d2e7a379328653d71f#138cd1a38d35dba4ae6f3dfdd944d1057ab92389,build_found,b9f2273b891fd61c9b32d179e1882bf42f929394,6632851,2013-04-22 08:23:06,3,17dd2b71c1ec3e432e3c55d2e7a379328653d71f,1,17dd2b71c1ec3e432e3c55d2e7a379328653d71f,b9f2273b891fd61c9b32d179e1882bf42f929394,e4eba635c7944de94aedfa089ef80e26f9e85faf,0,0,0,2,14,0,0,2,0,0,2,0,0,58,470,1270.21276595745,187.234042553191,240.425531914894,1.0,52,2013-04-25 15:17:18,2013-04-25 15:09:32,passed,837,"[6633193, 6633191, 6633194, 6633190, 6633192, 6633188, 6633189, 6633186, 6633187, 6633185]",127,6633194,ruby,ok,,ruby,,0.0,,,,,,,,,0
6633208,rumblelabs/asset_sync,0.0,,,ruby,,master,5,8a15c536623ce8084cb4eed9aba3b407ec8e117b#c69d00273d1d1cae7309b8bd80abae29dbf7c95d#fd40b30c9fe69da1af1f407272a8585a597ec182#fde146f490daec812572a642d4897e0ca0bf69bc#8c229e433a68fd869e68b77aecb846c0ce6e9340,merge_found,,,2013-02-14 03:15:30,3,8c229e433a68fd869e68b77aecb846c0ce6e9340,1,8c229e433a68fd869e68b77aecb846c0ce6e9340,,8c229e433a68fd869e68b77aecb846c0ce6e9340,,0,,38,0,0,0,5,0,0,4,0,1,137,480,1218.75,181.25,233.333333333333,1.0,,2013-04-25 15:10:51,2013-04-25 15:12:55,passed,871,"[6633214, 6633212, 6633218, 6633217, 6633215, 6633216, 6633213, 6633211, 6633210, 6633209]",128,6633209,ruby,ok,,ruby,,0.0,,,,,,,,,0
6633240,rumblelabs/asset_sync,1.0,2013-03-12 20:32:54,168,ruby,merge_button,master,3,5a75d8125fe6c4386ad7bdf8dc547b3c45399553#65875a6d44c012bfb4146571d8b32ca1d29709ab#63566b268fdb096e85f05caefd870318a90b9500,build_found,b9f2273b891fd61c9b32d179e1882bf42f929394,6632851,2013-03-12 21:28:20,3,5a75d8125fe6c4386ad7bdf8dc547b3c45399553,1,5a75d8125fe6c4386ad7bdf8dc547b3c45399553,8c229e433a68fd869e68b77aecb846c0ce6e9340,a7c24d800b171c3c69f47f2bec403b9d139eeaf2,0,0,0,11,28,0,0,3,0,0,3,0,0,100,479,1273.48643006263,183.716075156576,237.995824634656,0.0,37,2013-04-25 16:20:20,2013-04-25 15:18:04,failed,1046,"[6633249, 6633244, 6633250, 6633245, 6633247, 6633246, 6633248, 6633243, 6633242, 6633241]",129,6633242,ruby,broken,,ruby,rspec,1.0,,85,1,86,1,,0.53,,0
6633396,rumblelabs/asset_sync,0.0,,,ruby,,master,2,17dd2b71c1ec3e432e3c55d2e7a379328653d71f#138cd1a38d35dba4ae6f3dfdd944d1057ab92389,merge_found,,,2013-04-22 08:23:06,3,138cd1a38d35dba4ae6f3dfdd944d1057ab92389,1,138cd1a38d35dba4ae6f3dfdd944d1057ab92389,,138cd1a38d35dba4ae6f3dfdd944d1057ab92389,,0,,2,14,0,0,2,0,0,2,0,0,61,480,1243.75,183.333333333333,235.416666666667,1.0,,2013-04-25 15:17:18,2013-04-25 15:23:51,passed,944,"[6633403, 6633406, 6633405, 6633404, 6633402, 6633401, 6633400, 6633399, 6633398, 6633397]",130,6633400,java,ok,,java-ant,,0.0,,,,,,,,,0
6634112,rumblelabs/asset_sync,1.0,2013-02-27 07:52:18,162,ruby,merge_button,master,2,6cf6d2104bc4d9f1728f9d73bd83ab1116edd566#503ec0f73c9caf14735a190d912e103db85f2b04,build_found,138cd1a38d35dba4ae6f3dfdd944d1057ab92389,6633396,2013-02-27 08:48:25,3,6cf6d2104bc4d9f1728f9d73bd83ab1116edd566,1,6cf6d2104bc4d9f1728f9d73bd83ab1116edd566,138cd1a38d35dba4ae6f3dfdd944d1057ab92389,e9b27ac34ed7e8aa5559a78d0385f89921d843d7,0,0,0,40,0,0,0,1,0,0,1,0,0,28,476,1254.20168067227,184.873949579832,237.394957983193,0.0,111,2013-04-25 15:52:42,2013-04-25 15:39:00,passed,1051,"[6634118, 6634119, 6634121, 6634122, 6634120, 6634117, 6634116, 6634113, 6634115, 6634114]",131,6634120,ruby,broken,,ruby,,1.0,,,0,,,,,,0
6634573,rumblelabs/asset_sync,0.0,,,ruby,,master,2,6cf6d2104bc4d9f1728f9d73bd83ab1116edd566#503ec0f73c9caf14735a190d912e103db85f2b04,merge_found,,,2013-02-27 08:48:25,3,503ec0f73c9caf14735a190d912e103db85f2b04,1,503ec0f73c9caf14735a190d912e103db85f2b04,,503ec0f73c9caf14735a190d912e103db85f2b04,,0,,40,0,0,0,1,0,0,1,0,0,29,476,1254.20168067227,184.873949579832,237.394957983193,1.0,,2013-04-25 15:52:42,2013-04-25 15:53:34,passed,1000,"[6634580, 6634583, 6634581, 6634582, 6634579, 6634577, 6634575, 6634574, 6634578, 6634576]",132,6634582,java,ok,,java-ant,,0.0,,,,,,,,,0
6635048,rumblelabs/asset_sync,1.0,2013-03-12 20:32:54,168,ruby,merge_button,master,3,5a75d8125fe6c4386ad7bdf8dc547b3c45399553#65875a6d44c012bfb4146571d8b32ca1d29709ab#63566b268fdb096e85f05caefd870318a90b9500,build_found,5a75d8125fe6c4386ad7bdf8dc547b3c45399553,6633240,2013-03-12 21:28:20,3,65875a6d44c012bfb4146571d8b32ca1d29709ab,1,65875a6d44c012bfb4146571d8b32ca1d29709ab,503ec0f73c9caf14735a190d912e103db85f2b04,d4205dbdfb6ffc1544e3d224617b7f3f26ccb25b,1,0,0,0,11,0,0,1,0,0,1,0,0,3,479,1286.01252609603,183.716075156576,237.995824634656,0.0,37,2013-04-25 16:20:20,2013-04-25 16:12:24,passed,889,"[6635050, 6635057, 6635055, 6635058, 6635056, 6635054, 6635053, 6635052, 6635051, 6635049]",134,6635053,java,ok,,java-ant,,0.0,,,,,,,,,0
6635346,rumblelabs/asset_sync,0.0,,,ruby,,master,3,5a75d8125fe6c4386ad7bdf8dc547b3c45399553#65875a6d44c012bfb4146571d8b32ca1d29709ab#63566b268fdb096e85f05caefd870318a90b9500,merge_found,,,2013-03-12 21:28:20,3,63566b268fdb096e85f05caefd870318a90b9500,1,63566b268fdb096e85f05caefd870318a90b9500,,63566b268fdb096e85f05caefd870318a90b9500,,0,,11,37,0,0,3,0,0,3,0,0,107,485,1294.84536082474,183.505154639175,237.113402061856,1.0,,2013-04-25 16:20:20,2013-04-25 16:21:03,passed,1031,"[6635353, 6635356, 6635355, 6635354, 6635352, 6635347, 6635351, 6635350, 6635349, 6635348]",135,6635351,java,ok,,java-ant,,0.0,,,,,,,,,0
6635622,rumblelabs/asset_sync,0.0,,,ruby,,master,4,32b9d734f38ac7c80f38a77bdddfc52787f397cd#d6f6b9939a44f368598f6eacf9a78a9ceaa96454#0b1e28a69001f0c45af1b4590d8e9d55375528e4#bf83197ed5883743e813a4bc55c879268b2fbf58,merge_found,,,2012-12-28 13:34:52,3,bf83197ed5883743e813a4bc55c879268b2fbf58#0b1e28a69001f0c45af1b4590d8e9d55375528e4,2,bf83197ed5883743e813a4bc55c879268b2fbf58,,bf83197ed5883743e813a4bc55c879268b2fbf58,,0,,14,37,0,0,3,0,0,3,0,0,110,490,1340.81632653061,183.673469387755,240.816326530612,1.0,,2013-04-25 16:28:54,2013-04-25 16:29:35,passed,1065,"[6635632, 6635631, 6635629, 6635630, 6635628, 6635624, 6635626, 6635627, 6635623, 6635625]",136,6635624,ruby,ok,,ruby,rspec,1.0,,87,0,87,1,,0.69,,0
6636148,rumblelabs/asset_sync,0.0,,,ruby,,master,2,b65237c20fa035223293f4c97d6ff943a2afb267#88153e02eb20d2cf00bb7cdb3541925bae88243d,merge_found,,,2013-03-05 01:39:15,3,88153e02eb20d2cf00bb7cdb3541925bae88243d,1,88153e02eb20d2cf00bb7cdb3541925bae88243d,,88153e02eb20d2cf00bb7cdb3541925bae88243d,,0,,2,0,0,0,1,0,0,1,0,0,64,490,1340.81632653061,183.673469387755,240.816326530612,1.0,,2013-04-25 16:48:23,2013-04-25 16:49:02,passed,906,"[6636153, 6636158, 6636157, 6636155, 6636154, 6636156, 6636150, 6636152, 6636149, 6636151]",137,6636150,ruby,ok,,ruby,rspec,1.0,,87,0,87,1,,0.44,,0
6636420,rumblelabs/asset_sync,0.0,,,ruby,,master,3,b0574ee175fb39fc862bf1b8f2d1f4569425eb5e#9b2e4f014fdb2a6103d406eaf06448c443f13d85#fefd9ddfa1b609eb39f6003d91dc52acf405a3e4,build_found,88153e02eb20d2cf00bb7cdb3541925bae88243d,6636148,2012-11-01 15:17:45,3,fefd9ddfa1b609eb39f6003d91dc52acf405a3e4#9b2e4f014fdb2a6103d406eaf06448c443f13d85#b0574ee175fb39fc862bf1b8f2d1f4569425eb5e,3,fefd9ddfa1b609eb39f6003d91dc52acf405a3e4,,fefd9ddfa1b609eb39f6003d91dc52acf405a3e4,,0,,56,8,0,0,5,0,0,4,0,1,166,493,1344.8275862069,186.612576064909,243.407707910751,0.0,,2013-04-25 16:55:55,2013-04-25 16:56:56,passed,1002,"[6636429, 6636427, 6636430, 6636426, 6636428, 6636424, 6636425, 6636422, 6636421, 6636423]",138,6636426,ruby,ok,,ruby,rspec,1.0,,89,0,89,1,,1.55,,0
6660405,rumblelabs/asset_sync,1.0,2013-03-01 10:31:02,163,ruby,merge_button,master,2,f72c602039ac821bdb0184f3eebc0aa891f82d83#b41a4882931b062b2e541f20e3c3528db9b5179d,build_found,fefd9ddfa1b609eb39f6003d91dc52acf405a3e4,6636420,2013-03-01 11:24:51,3,f72c602039ac821bdb0184f3eebc0aa891f82d83,1,f72c602039ac821bdb0184f3eebc0aa891f82d83,fefd9ddfa1b609eb39f6003d91dc52acf405a3e4,ee18f23dcda7a89adfefaf728639f1d8f0b5a462,1,0,0,2,0,0,0,1,0,0,1,0,0,74,493,1344.8275862069,186.612576064909,243.407707910751,1.0,62,2013-07-26 00:34:41,2013-04-26 14:06:27,passed,952,"[6660412, 6660415, 6660414, 6660411, 6660413, 6660409, 6660410, 6660407, 6660406, 6660408]",140,6660414,java,ok,,java-ant,,0.0,,,,,,,,,0
6660445,rumblelabs/asset_sync,1.0,2013-03-01 15:57:13,164,ruby,merge_button,master,2,60b61dc576ed47b8fc2b10c3205a914fd1e06b56#ff4eeebe2b05242652f9babffe703b9bd575f8af,build_found,fefd9ddfa1b609eb39f6003d91dc52acf405a3e4,6636420,2013-03-01 16:51:16,3,60b61dc576ed47b8fc2b10c3205a914fd1e06b56,1,60b61dc576ed47b8fc2b10c3205a914fd1e06b56,fefd9ddfa1b609eb39f6003d91dc52acf405a3e4,c04046069bf9ffb72108c7832da296e7c6b60569,1,0,0,2,0,0,0,1,0,0,1,0,0,74,493,1344.8275862069,186.612576064909,243.407707910751,1.0,82,2013-07-26 00:44:25,2013-04-26 14:10:32,passed,948,"[6660454, 6660455, 6660452, 6660453, 6660451, 6660450, 6660449, 6660447, 6660448, 6660446]",141,6660446,ruby,ok,,ruby,,0.0,,,,,,,,,0
7163891,rumblelabs/asset_sync,1.0,2013-05-14 15:50:29,191,ruby,merge_button,master,2,e18c58501e92c0876a046277ef936016e3511b51#194b184bfa771e1d7e241db0180fff031823385f,build_found,fefd9ddfa1b609eb39f6003d91dc52acf405a3e4,6636420,2013-05-14 17:31:57,3,e18c58501e92c0876a046277ef936016e3511b51,1,e18c58501e92c0876a046277ef936016e3511b51,fefd9ddfa1b609eb39f6003d91dc52acf405a3e4,0edc8c547e4929568c3461bf8b082891d8e3a7bd,0,0,0,5,0,0,0,1,0,0,1,0,0,66,496,1336.6935483871,185.483870967742,241.935483870968,0.0,42,2013-07-26 00:28:06,2013-05-14 17:51:16,passed,1181,"[7163900, 7163899, 7163898, 7163896, 7163901, 7163897, 7163892, 7163894, 7163895, 7163893]",146,7163897,ruby,ok,,ruby,rspec,1.0,,89,0,89,1,,1.54,,0
8082028,rumblelabs/asset_sync,1.0,2013-06-14 08:09:57,199,ruby,merge_button,master,3,f36173b09e6a9a1e0737cad29242aeec19c89b32#8fa67d8cc024e42333684ed4054c175baee6032c#3d69ee7bb1434ce061d40851eef419093234dbdf,build_found,fefd9ddfa1b609eb39f6003d91dc52acf405a3e4,6636420,2013-06-14 10:08:40,2,f36173b09e6a9a1e0737cad29242aeec19c89b32,1,f36173b09e6a9a1e0737cad29242aeec19c89b32,fefd9ddfa1b609eb39f6003d91dc52acf405a3e4,c8dd23026083fef41ac213840ffe25640a9715b1,0,0,0,2,0,0,0,1,0,0,1,0,0,102,493,1344.8275862069,186.612576064909,243.407707910751,0.0,17,2013-07-26 00:23:49,2013-06-14 10:11:06,passed,918,"[8082035, 8082038, 8082037, 8082034, 8082036, 8082033, 8082032, 8082029, 8082030, 8082031]",151,8082030,ruby,ok,,ruby,rspec,1.0,,89,0,89,1,,0.52,,0
8122778,rumblelabs/asset_sync,1.0,2013-06-14 08:09:57,199,ruby,merge_button,master,3,f36173b09e6a9a1e0737cad29242aeec19c89b32#8fa67d8cc024e42333684ed4054c175baee6032c#3d69ee7bb1434ce061d40851eef419093234dbdf,build_found,f36173b09e6a9a1e0737cad29242aeec19c89b32,8082028,2013-06-14 10:08:40,2,8fa67d8cc024e42333684ed4054c175baee6032c,1,8fa67d8cc024e42333684ed4054c175baee6032c,fefd9ddfa1b609eb39f6003d91dc52acf405a3e4,12ac5d5994d1fecdfa395bcfd30ba43d8ef61669,0,0,0,0,0,0,0,1,0,0,0,0,1,18,493,1344.8275862069,186.612576064909,243.407707910751,0.0,17,2013-07-26 00:23:49,2013-06-15 21:33:37,passed,841,"[8122787, 8122785, 8122788, 8122784, 8122786, 8122783, 8122782, 8122779, 8122781, 8122780]",152,8122782,java,ok,,java-ant,,0.0,,,,,,,,,0
8313004,rumblelabs/asset_sync,1.0,2013-06-21 12:38:57,204,ruby,merge_button,master,5,fec65a6775f19ac3a8375c3793f499c2d6d71a94#506ed2881dc4132d0520df2f795e465e63992eea#adc0dab4e93f0f7c5fb24d1aaba690a394b786fb#f38ced83fb65a73ab99fa24f8bd935c47943b303#c73487ae809088cd581416318bf88eb3e97e2162,build_found,fefd9ddfa1b609eb39f6003d91dc52acf405a3e4,6636420,2013-06-21 14:35:15,2,fec65a6775f19ac3a8375c3793f499c2d6d71a94,1,fec65a6775f19ac3a8375c3793f499c2d6d71a94,fefd9ddfa1b609eb39f6003d91dc52acf405a3e4,56d29e80f30d93d6c8b8aecdf2dfd7012a255e85,1,0,0,4,21,0,0,2,0,0,2,0,0,78,496,1375.0,187.5,245.967741935484,0.0,67,2013-07-26 01:27:24,2013-06-21 14:40:00,passed,997,"[8313014, 8313011, 8313013, 8313010, 8313008, 8313012, 8313009, 8313005, 8313006, 8313007]",155,8313013,java,ok,,java-ant,,0.0,,,,,,,,,0
8380616,rumblelabs/asset_sync,1.0,2013-06-21 12:38:57,204,ruby,merge_button,master,5,fec65a6775f19ac3a8375c3793f499c2d6d71a94#506ed2881dc4132d0520df2f795e465e63992eea#adc0dab4e93f0f7c5fb24d1aaba690a394b786fb#f38ced83fb65a73ab99fa24f8bd935c47943b303#c73487ae809088cd581416318bf88eb3e97e2162,build_found,fec65a6775f19ac3a8375c3793f499c2d6d71a94,8313004,2013-06-21 14:35:15,2,adc0dab4e93f0f7c5fb24d1aaba690a394b786fb#506ed2881dc4132d0520df2f795e465e63992eea,2,adc0dab4e93f0f7c5fb24d1aaba690a394b786fb,fefd9ddfa1b609eb39f6003d91dc52acf405a3e4,51e192fbcb57dfb110121e301335f5e0bef7dd65,0,0,0,15,0,0,0,2,0,0,2,0,0,119,500,1364.0,186.0,244.0,0.0,67,2013-07-26 01:27:24,2013-06-24 10:09:57,passed,1455,"[8380622, 8380626, 8380625, 8380623, 8380624, 8380617, 8380621, 8380620, 8380618, 8380619]",156,8380617,ruby,ok,,ruby,,0.0,,,,,,,,,0
8939040,rumblelabs/asset_sync,1.0,2013-07-01 15:20:26,207,ruby,merge_button,master,8,6cbf0d54e6010b0630246f2870887e286963e126#571bcbfebeae0c2054af0501b5f5bcb7eba60fd3#119389a453fa86bf1aefe33693aee226612bf546#62f3cf63832b2a15c6ebf521ae808879a8c815fe#25dd4a54ee5d1be65f63327fbfd8ba7a185825f9#bbdc77c4486c3e7a1288d51c1c0ccdb5790b862b#bfd77ae3f50caae7336b14ffaf9735ca0314ab0f#fcbc61d2661805911861bb61ac4df18b71f33b6f,merge_found,,,2013-04-05 02:02:24,2,bfd77ae3f50caae7336b14ffaf9735ca0314ab0f#bbdc77c4486c3e7a1288d51c1c0ccdb5790b862b,2,bfd77ae3f50caae7336b14ffaf9735ca0314ab0f,fefd9ddfa1b609eb39f6003d91dc52acf405a3e4,21759bf368f1b0fe9b2e99cea71c61eefcf1a988,8,0,0,4,0,0,0,1,0,0,1,0,0,77,497,1336.01609657948,185.110663983903,241.448692152918,0.0,45,2013-07-25 22:51:56,2013-07-10 20:37:38,passed,3492,"[8939065, 8939064, 8939058, 8939057, 8939059, 8939062, 8939063, 8939060, 8939061, 8939056, 8939054, 8939048, 8939055, 8939042, 8939053, 8939051, 8939052, 8939050, 8939049, 8939047, 8939046, 8939041, 8939044, 8939045, 8939043]",173,8939061,ruby,ok,,ruby,rspec,1.0,,89,0,89,1,,0.56,,0
9495498,rumblelabs/asset_sync,0.0,,,ruby,,master,8,6cbf0d54e6010b0630246f2870887e286963e126#571bcbfebeae0c2054af0501b5f5bcb7eba60fd3#119389a453fa86bf1aefe33693aee226612bf546#62f3cf63832b2a15c6ebf521ae808879a8c815fe#25dd4a54ee5d1be65f63327fbfd8ba7a185825f9#bbdc77c4486c3e7a1288d51c1c0ccdb5790b862b#bfd77ae3f50caae7336b14ffaf9735ca0314ab0f#fcbc61d2661805911861bb61ac4df18b71f33b6f,merge_found,,,2013-04-05 02:02:24,2,fcbc61d2661805911861bb61ac4df18b71f33b6f,1,fcbc61d2661805911861bb61ac4df18b71f33b6f,,fcbc61d2661805911861bb61ac4df18b71f33b6f,,0,,41,34,4,0,11,0,0,10,0,5,156,497,1336.01609657948,185.110663983903,241.448692152918,1.0,,2013-07-25 22:51:56,2013-07-25 22:53:33,passed,3072,"[9495521, 9495520, 9495522, 9495523, 9495519, 9495517, 9495518, 9495516, 9495515, 9495511, 9495512, 9495510, 9495514, 9495513, 9495509, 9495507, 9495505, 9495508, 9495506, 9495504, 9495501, 9495500, 9495499, 9495502, 9495503]",174,9495519,ruby,ok,,ruby,rspec,1.0,,89,0,89,1,,0.75,,0
9497264,rumblelabs/asset_sync,0.0,,,ruby,,master,2,39dd19072a8485bcb5a3eb98c66c58f8a32c96bb#394855b0d7e114bee3f1fe828412cb457873603c,merge_found,,,2013-06-29 02:21:59,3,394855b0d7e114bee3f1fe828412cb457873603c,1,394855b0d7e114bee3f1fe828412cb457873603c,,394855b0d7e114bee3f1fe828412cb457873603c,,0,,2,0,0,0,1,0,0,1,0,0,103,497,1354.12474849095,185.110663983903,237.424547283702,1.0,,2013-07-26 00:10:45,2013-07-26 00:24:24,passed,3221,"[9497298, 9497300, 9497299, 9497297, 9497295, 9497296, 9497292, 9497293, 9497294, 9497288, 9497289, 9497291, 9497287, 9497286, 9497290, 9497284, 9497285, 9497282, 9497283, 9497281, 9497280, 9497274, 9497275, 9497268, 9497266]",176,9497291,ruby,unknown,,ruby,,0.0,,,,,,,,,0
9497746,rumblelabs/asset_sync,0.0,,,ruby,,master,3,f36173b09e6a9a1e0737cad29242aeec19c89b32#8fa67d8cc024e42333684ed4054c175baee6032c#3d69ee7bb1434ce061d40851eef419093234dbdf,merge_found,,,2013-06-14 10:08:40,3,3d69ee7bb1434ce061d40851eef419093234dbdf,1,3d69ee7bb1434ce061d40851eef419093234dbdf,,3d69ee7bb1434ce061d40851eef419093234dbdf,,0,,2,0,0,0,2,0,0,1,0,1,116,507,1327.41617357002,181.459566074951,232.741617357002,1.0,,2013-07-26 00:23:49,2013-07-26 00:54:40,passed,3087,"[9497769, 9497771, 9497768, 9497770, 9497766, 9497767, 9497764, 9497765, 9497763, 9497759, 9497760, 9497758, 9497762, 9497761, 9497757, 9497756, 9497755, 9497754, 9497753, 9497752, 9497751, 9497749, 9497750, 9497748, 9497747]",178,9497765,ruby,ok,,ruby,,0.0,,,,,,,,,0
9497868,rumblelabs/asset_sync,0.0,,,ruby,,master,2,e18c58501e92c0876a046277ef936016e3511b51#194b184bfa771e1d7e241db0180fff031823385f,merge_found,,,2013-05-14 17:31:57,3,194b184bfa771e1d7e241db0180fff031823385f,1,194b184bfa771e1d7e241db0180fff031823385f,,194b184bfa771e1d7e241db0180fff031823385f,,0,,5,0,0,0,1,0,0,1,0,0,69,510,1319.60784313725,180.392156862745,231.372549019608,1.0,,2013-07-26 00:28:06,2013-07-26 01:07:54,passed,3133,"[9497891, 9497890, 9497892, 9497893, 9497889, 9497888, 9497887, 9497886, 9497885, 9497882, 9497881, 9497883, 9497884, 9497879, 9497880, 9497878, 9497876, 9497877, 9497873, 9497875, 9497874, 9497872, 9497870, 9497871, 9497869]",179,9497869,ruby,ok,,ruby,,0.0,,,,,,,,,0
9497947,rumblelabs/asset_sync,0.0,,,ruby,,master,3,711656b4e44b3cb7670b1169194ffb0b4099154f#05e6ffce5059538e64c70b325487f9597159b42e#3c4362347689a697ace03da704c528a6523373bc,merge_found,,,2013-07-08 17:32:07,3,3c4362347689a697ace03da704c528a6523373bc,1,3c4362347689a697ace03da704c528a6523373bc,,3c4362347689a697ace03da704c528a6523373bc,,0,,4,0,0,0,1,0,0,1,0,0,31,513,1311.89083820663,179.337231968811,230.019493177388,1.0,,2013-07-26 00:31:46,2013-07-26 01:21:40,passed,3041,"[9497970, 9497972, 9497969, 9497971, 9497967, 9497968, 9497965, 9497964, 9497961, 9497966, 9497960, 9497959, 9497963, 9497958, 9497962, 9497957, 9497956, 9497955, 9497954, 9497953, 9497951, 9497952, 9497949, 9497950, 9497948]",180,9497951,ruby,ok,,ruby,rspec,1.0,,89,0,89,1,,0.51,,0
9498107,rumblelabs/asset_sync,0.0,,,ruby,,master,2,f72c602039ac821bdb0184f3eebc0aa891f82d83#b41a4882931b062b2e541f20e3c3528db9b5179d,merge_found,,,2013-03-01 11:24:51,3,b41a4882931b062b2e541f20e3c3528db9b5179d,1,b41a4882931b062b2e541f20e3c3528db9b5179d,,b41a4882931b062b2e541f20e3c3528db9b5179d,,0,,2,0,0,0,1,0,0,1,0,0,81,513,1311.89083820663,179.337231968811,230.019493177388,1.0,,2013-07-26 00:34:41,2013-07-26 01:34:57,passed,3155,"[9498130, 9498132, 9498131, 9498129, 9498128, 9498127, 9498125, 9498126, 9498124, 9498121, 9498120, 9498119, 9498123, 9498118, 9498122, 9498117, 9498116, 9498115, 9498114, 9498113, 9498111, 9498112, 9498110, 9498109, 9498108]",181,9498113,ruby,ok,,ruby,rspec,1.0,,89,0,89,1,,0.59,,0
9498369,rumblelabs/asset_sync,0.0,,,ruby,,master,2,60b61dc576ed47b8fc2b10c3205a914fd1e06b56#ff4eeebe2b05242652f9babffe703b9bd575f8af,merge_found,,,2013-03-01 16:51:16,3,ff4eeebe2b05242652f9babffe703b9bd575f8af,1,ff4eeebe2b05242652f9babffe703b9bd575f8af,,ff4eeebe2b05242652f9babffe703b9bd575f8af,,0,,2,0,0,0,1,0,0,1,0,0,83,513,1311.89083820663,179.337231968811,230.019493177388,1.0,,2013-07-26 00:44:25,2013-07-26 01:48:46,passed,3026,"[9498392, 9498391, 9498393, 9498394, 9498387, 9498390, 9498386, 9498389, 9498388, 9498383, 9498382, 9498381, 9498380, 9498385, 9498384, 9498378, 9498377, 9498379, 9498376, 9498375, 9498373, 9498374, 9498371, 9498372, 9498370]",182,9498386,java,ok,,java-ant,,0.0,,,,,,,,,0
9498471,rumblelabs/asset_sync,0.0,,,ruby,,master,2,5641192cf495baee33ea26cfbec3202a9e601808#c7da1375976a51ed8a97f2fbbde05e5e1dfad5d9,merge_found,,,2013-03-22 07:24:23,3,c7da1375976a51ed8a97f2fbbde05e5e1dfad5d9,1,c7da1375976a51ed8a97f2fbbde05e5e1dfad5d9,,c7da1375976a51ed8a97f2fbbde05e5e1dfad5d9,,0,,2,0,0,0,1,0,0,1,0,0,71,514,1309.33852140078,178.988326848249,229.571984435798,1.0,,2013-07-26 00:46:14,2013-07-26 02:04:19,passed,2956,"[9498499, 9498501, 9498500, 9498498, 9498497, 9498495, 9498494, 9498496, 9498493, 9498490, 9498489, 9498488, 9498492, 9498487, 9498491, 9498485, 9498486, 9498484, 9498483, 9498481, 9498479, 9498477, 9498473, 9498472, 9498475]",183,9498500,ruby,ok,,ruby,rspec,1.0,,89,0,89,1,,0.66,,0
9499290,rumblelabs/asset_sync,0.0,,,ruby,,master,,,merge_found,,,,3,793fba6d027f1c7b6a9410424c0a8d35bca58f57,1,793fba6d027f1c7b6a9410424c0a8d35bca58f57,,793fba6d027f1c7b6a9410424c0a8d35bca58f57,,0,,12,5,0,0,4,0,0,4,0,0,120,534,1320.22471910112,176.029962546817,224.719101123595,1.0,,,2013-07-26 02:16:51,passed,3142,"[9499313, 9499314, 9499315, 9499312, 9499308, 9499311, 9499307, 9499310, 9499309, 9499304, 9499303, 9499302, 9499306, 9499305, 9499301, 9499300, 9499299, 9499298, 9499297, 9499295, 9499296, 9499294, 9499293, 9499292, 9499291]",184,9499306,ruby,unknown,,ruby,,0.0,,,,,,,,,0
9516179,rumblelabs/asset_sync,0.0,,,ruby,,master,1,b2340ffcdba9a6574311f67e4fda6ca9480e577c,build_found,58443ccd6bb710411b14fd8be9faa26e5c14a277,9500930,2013-07-26 13:13:58,3,b2340ffcdba9a6574311f67e4fda6ca9480e577c,1,b2340ffcdba9a6574311f67e4fda6ca9480e577c,,b2340ffcdba9a6574311f67e4fda6ca9480e577c,,0,,0,0,0,0,1,0,0,0,0,1,14,556,1336.3309352518,176.258992805755,226.618705035971,1.0,,2013-07-26 13:15:03,2013-07-26 13:17:03,passed,3821,"[9516194, 9516196, 9516195, 9516192, 9516193, 9516191, 9516186, 9516190, 9516187, 9516189, 9516185, 9516188, 9516182, 9516183, 9516180, 9516181, 9516184]",189,9516180,ruby,ok,,ruby,rspec,1.0,,95,0,95,1,,0.88,,0
9517699,rumblelabs/asset_sync,0.0,,,ruby,,master,1,b0eee248224ae0e58bf6a5bf60aba1725279caee,build_found,b2340ffcdba9a6574311f67e4fda6ca9480e577c,9516179,2013-07-26 13:20:03,3,b0eee248224ae0e58bf6a5bf60aba1725279caee,1,b0eee248224ae0e58bf6a5bf60aba1725279caee,,b0eee248224ae0e58bf6a5bf60aba1725279caee,,0,,2,0,0,0,1,0,0,1,0,0,51,556,1336.3309352518,176.258992805755,226.618705035971,1.0,,2013-07-26 13:54:24,2013-07-26 13:55:58,passed,3979,"[9517714, 9517715, 9517716, 9517712, 9517713, 9517710, 9517711, 9517706, 9517707, 9517709, 9517705, 9517701, 9517708, 9517704, 9517702, 9517700, 9517703]",190,9517711,java,ok,,java-ant,,0.0,,,,,,,,,0
13632962,rumblelabs/asset_sync,1.0,2013-11-07 12:42:20,235,ruby,commits_in_master,master,2,31f9e8e445fa163dab1d97dc316187740bee06a8#3c966cd7f0cc4471459638a8772b0fda65603391,build_found,b0eee248224ae0e58bf6a5bf60aba1725279caee,9517699,2013-11-07 13:41:40,2,31f9e8e445fa163dab1d97dc316187740bee06a8,1,31f9e8e445fa163dab1d97dc316187740bee06a8,b0eee248224ae0e58bf6a5bf60aba1725279caee,8e987e9312885e3ea3840e28fcbcbf1d38f4f198,1,0,0,1,0,0,0,1,0,0,1,0,0,53,556,1336.3309352518,176.258992805755,226.618705035971,0.0,50,2014-07-13 17:22:01,2013-11-07 13:43:02,passed,3563,"[13632963, 13632964, 13632965, 13632966, 13632967, 13632968, 13632969, 13632970, 13632971, 13632972, 13632973, 13632974, 13632975, 13632976, 13632977, 13632978, 13632979]",198,13632973,java,broken,,java-ant,,0.0,,,,,,,,,0
32314050,rumblelabs/asset_sync,0.0,,,ruby,,master,7,1bd477b353f9b8f6abd47cdce903a13fc5728ffa#e8f5cdf5c9896a47bb864fae95b6e14fcba80f3f#5aecd63b4fcd7dcd8a4ce49b5e390d3255d30195#1ccaffd8e5f842e2175c5b0dfa42902da11eb2c0#09dabe09330b71c7feb65c3fa480f3a71a4b59ab#b0a2339e60c61b5e91a9be73838f8cb34c6766ea#2179a982f2a6365eed78e23ccf79e4c29520a88c,merge_found,,,2014-04-30 08:53:30,4,2179a982f2a6365eed78e23ccf79e4c29520a88c,1,2179a982f2a6365eed78e23ccf79e4c29520a88c,,2179a982f2a6365eed78e23ccf79e4c29520a88c,,0,,5,298,1,0,11,0,0,10,0,2,122,557,1326.75044883303,175.942549371634,224.416517055655,1.0,,2014-08-12 09:26:50,2014-08-12 09:27:36,passed,3611,"[32314051, 32314052, 32314053, 32314054, 32314055, 32314056, 32314057, 32314058, 32314060, 32314063, 32314066, 32314069, 32314070, 32314071, 32314072, 32314073, 32314074, 32314075, 32314076, 32314077]",229,32314070,ruby,ok,2,ruby,rspec,1.0,,95,0,95,0,,0.99,,0
32314315,rumblelabs/asset_sync,0.0,,,ruby,,master,4,3928a4fc7dfc6d129585ce458629647e59c894cc#31fdfcbf19ac0759d3c72f5c41c80cb06e573179#ece1761aabcaff8c383ce02c4936c163e88294ff#ccf7a9c00cc4744e38193d5d8140481d5ad6da54,merge_found,,,2014-04-04 17:15:00,4,ccf7a9c00cc4744e38193d5d8140481d5ad6da54,1,ccf7a9c00cc4744e38193d5d8140481d5ad6da54,,ccf7a9c00cc4744e38193d5d8140481d5ad6da54,,0,,25,0,0,0,1,0,0,1,0,0,86,567,1303.35097001764,172.839506172839,220.458553791887,1.0,,2014-08-12 09:29:50,2014-08-12 09:44:11,passed,3258,"[32314316, 32314317, 32314318, 32314319, 32314320, 32314321, 32314322, 32314323, 32314324, 32314325, 32314326, 32314327, 32314328, 32314329, 32314330, 32314331, 32314332, 32314333, 32314334, 32314335]",230,32314323,ruby,unknown,12,ruby,,0.0,,,,,,,,,0
32315779,rumblelabs/asset_sync,0.0,,,ruby,,master,1,e608a449279eca136275edcd8f92a33d824671dc,build_found,ccf7a9c00cc4744e38193d5d8140481d5ad6da54,32315532,2014-08-12 09:50:08,4,e608a449279eca136275edcd8f92a33d824671dc,1,e608a449279eca136275edcd8f92a33d824671dc,,e608a449279eca136275edcd8f92a33d824671dc,,0,,11,0,0,0,1,0,0,1,0,0,2,567,1303.35097001764,172.839506172839,220.458553791887,1.0,,2014-08-12 09:50:14,2014-08-12 10:10:50,passed,3526,"[32315780, 32315781, 32315782, 32315783, 32315784, 32315785, 32315786, 32315787, 32315788, 32315789, 32315790, 32315791, 32315792, 32315793, 32315794, 32315795, 32315796, 32315797, 32315798, 32315799]",232,32315787,ruby,unknown,10,ruby,,0.0,,,,,,,,,0
32315872,rumblelabs/asset_sync,0.0,,,ruby,,master,3,86a934e504793856350e6dc39339b2d4f91a643b#8d03e70ee8b68788a850560cfcf62dce464d2563#ea5f764df219df83dc57da3cb7ab2a4f9ae22b7b,merge_found,,,2014-05-06 19:31:23,4,ea5f764df219df83dc57da3cb7ab2a4f9ae22b7b,1,ea5f764df219df83dc57da3cb7ab2a4f9ae22b7b,,ea5f764df219df83dc57da3cb7ab2a4f9ae22b7b,,0,,17,0,0,0,2,0,0,2,0,0,123,567,1303.35097001764,172.839506172839,220.458553791887,1.0,,2014-08-12 09:51:07,2014-08-12 10:26:00,passed,3277,"[32315873, 32315874, 32315875, 32315876, 32315877, 32315878, 32315879, 32315880, 32315881, 32315882, 32315883, 32315884, 32315885, 32315886, 32315887, 32315888, 32315889, 32315890, 32315891, 32315892]",233,32315877,ruby,ok,12,ruby,rspec,1.0,,95,0,95,0,,2.88,,0
32316123,rumblelabs/asset_sync,0.0,,,ruby,,master,1,c601c713ffba18c0b8a93c42dc0fd055eb7fa6e9,build_found,ea5f764df219df83dc57da3cb7ab2a4f9ae22b7b,32315872,2014-08-12 09:53:59,4,c601c713ffba18c0b8a93c42dc0fd055eb7fa6e9,1,c601c713ffba18c0b8a93c42dc0fd055eb7fa6e9,,c601c713ffba18c0b8a93c42dc0fd055eb7fa6e9,,0,,10,0,0,0,1,0,0,1,0,0,3,567,1303.35097001764,172.839506172839,220.458553791887,1.0,,2014-08-12 09:54:05,2014-08-12 10:40:47,passed,3145,"[32316124, 32316125, 32316126, 32316127, 32316128, 32316129, 32316130, 32316131, 32316132, 32316133, 32316134, 32316135, 32316136, 32316137, 32316138, 32316139, 32316140, 32316141, 32316142, 32316143]",234,32316132,ruby,ok,2,ruby,rspec,1.0,,95,0,95,0,,0.49,,0
32418158,rumblelabs/asset_sync,0.0,,,ruby,,master,1,a97f0530e406bce39d4258f258a281a77981c50b,build_found,f340b52bb0b3ca0025e2f79a4d9f5e47f5b720fc,32417352,2014-08-13 09:55:01,4,a97f0530e406bce39d4258f258a281a77981c50b,1,a97f0530e406bce39d4258f258a281a77981c50b,,a97f0530e406bce39d4258f258a281a77981c50b,,0,,6,0,0,0,2,0,0,2,0,0,75,567,1303.35097001764,172.839506172839,220.458553791887,0.0,,2014-08-13 09:55:13,2014-08-13 10:34:54,passed,3345,"[32418159, 32418160, 32418161, 32418162, 32418163, 32418164, 32418165, 32418166, 32418167, 32418168, 32418169, 32418170, 32418171, 32418172, 32418173, 32418174, 32418175, 32418176, 32418177, 32418178]",239,32418164,ruby,ok,12,ruby,rspec,1.0,,95,0,95,0,,2.05,,0
33078730,rumblelabs/asset_sync,0.0,,,ruby,,master,2,37c3c725d32363d95db07a2c1650508462accfcf#6697080b58ccf4e7da0604c1e502d07b094e735b,build_found,a97f0530e406bce39d4258f258a281a77981c50b,32418252,2014-08-20 14:39:54,4,6697080b58ccf4e7da0604c1e502d07b094e735b#37c3c725d32363d95db07a2c1650508462accfcf,2,6697080b58ccf4e7da0604c1e502d07b094e735b,,6697080b58ccf4e7da0604c1e502d07b094e735b,,0,,15,0,0,0,3,0,0,3,0,0,170,567,1303.35097001764,172.839506172839,220.458553791887,0.0,,2014-08-20 15:06:30,2014-08-20 15:09:33,passed,3668,"[33078731, 33078732, 33078733, 33078734, 33078735, 33078736, 33078737, 33078738, 33078739, 33078740, 33078741, 33078742, 33078743, 33078744, 33078745, 33078746, 33078747, 33078748, 33078749, 33078750]",245,33078746,ruby,ok,2,ruby,rspec,1.0,,95,0,95,0,,0.85,,0
33543321,rumblelabs/asset_sync,1.0,2014-08-25 22:05:06,275,ruby,merge_button,master,2,fce212f1d486c43138052ed3f7541434361c1a6f#955387d71daab4e5b3d623915f22965a5457c9fd,build_found,6697080b58ccf4e7da0604c1e502d07b094e735b,33078730,2014-08-26 00:03:29,4,fce212f1d486c43138052ed3f7541434361c1a6f,1,fce212f1d486c43138052ed3f7541434361c1a6f,6697080b58ccf4e7da0604c1e502d07b094e735b,6646d8d87ce57763b11411ebb0547ca63500a354,0,0,0,3,0,0,0,1,0,0,1,0,0,102,568,1301.05633802817,172.535211267606,220.070422535211,0.0,52,2014-12-12 16:18:03,2014-08-26 00:05:42,passed,3474,"[33543322, 33543323, 33543324, 33543325, 33543326, 33543327, 33543328, 33543329, 33543330, 33543331, 33543332, 33543333, 33543334, 33543335, 33543336, 33543337, 33543338, 33543339, 33543340, 33543341]",246,33543330,ruby,ok,3,ruby,rspec,1.0,,95,0,95,0,,0.62,,0
34148563,rumblelabs/asset_sync,1.0,2014-09-02 00:17:37,276,ruby,commits_in_master,master,3,9c97dd7fd204c57332d1184fd9d44406aaccc235#1d600209599681dbbc8b08cf1f7370a6e3baaec1#ac5a1d327f47acc0fe7d00ea2f5fabae84a83069,build_found,6697080b58ccf4e7da0604c1e502d07b094e735b,33078730,2014-09-02 02:14:06,4,1d600209599681dbbc8b08cf1f7370a6e3baaec1#9c97dd7fd204c57332d1184fd9d44406aaccc235,2,1d600209599681dbbc8b08cf1f7370a6e3baaec1,6697080b58ccf4e7da0604c1e502d07b094e735b,0cecdc75e65dad9eb90c80a8e3490ac67e3e18c7,0,0,0,18,0,0,0,4,0,0,4,0,0,180,567,1303.35097001764,172.839506172839,220.458553791887,0.0,9,2014-12-12 15:58:59,2014-09-02 02:18:09,passed,3148,"[34148564, 34148567, 34148569, 34148570, 34148571, 34148572, 34148573, 34148574, 34148575, 34148576, 34148577, 34148578, 34148579, 34148580, 34148581, 34148582, 34148583, 34148584, 34148585, 34148586]",247,34148582,ruby,ok,2,ruby,rspec,1.0,,95,0,95,0,,0.75,,0
35544979,rumblelabs/asset_sync,1.0,2014-09-17 13:13:10,278,ruby,commits_in_master,master,2,17c97a9c73a9d9a5f5d3162c4313037b3a17b1a1#29bb277f6be94104d3b231ccabc5396b11c8676d,build_found,6697080b58ccf4e7da0604c1e502d07b094e735b,33078730,2014-09-17 15:10:22,4,17c97a9c73a9d9a5f5d3162c4313037b3a17b1a1,1,17c97a9c73a9d9a5f5d3162c4313037b3a17b1a1,6697080b58ccf4e7da0604c1e502d07b094e735b,910ef758cd6351f3161136d9271e73ca0f92eb7e,0,0,0,10,0,0,0,1,0,0,1,0,0,115,567,1303.35097001764,172.839506172839,220.458553791887,0.0,33,2014-12-12 15:46:26,2014-09-17 15:14:15,passed,3489,"[35544980, 35544981, 35544982, 35544983, 35544985, 35544987, 35544988, 35544989, 35544990, 35544991, 35544992, 35544993, 35544994, 35544995, 35544996, 35544997, 35544998, 35544999, 35545000, 35545001]",248,35544988,ruby,unknown,12,ruby,,0.0,,,,,,,,,0
39606336,rumblelabs/asset_sync,1.0,2014-10-31 14:09:23,281,ruby,commits_in_master,master,2,9f6ebe7477737ebec6f7d6dc4a9a77c52daed8a2#65d07268cd1bacbe5777fcd6f627c149222b31b2,build_found,6697080b58ccf4e7da0604c1e502d07b094e735b,33078730,2014-10-31 15:07:13,4,9f6ebe7477737ebec6f7d6dc4a9a77c52daed8a2,1,9f6ebe7477737ebec6f7d6dc4a9a77c52daed8a2,6697080b58ccf4e7da0604c1e502d07b094e735b,3d1f758d256fc9fa0189afbb14b3fb1d9f531bc4,0,0,0,2,0,0,0,1,0,0,1,0,0,115,567,1303.35097001764,172.839506172839,220.458553791887,0.0,7,2014-12-12 15:41:21,2014-10-31 15:41:31,passed,2748,"[39606337, 39606338, 39606340, 39606342, 39606343, 39606344, 39606345, 39606346, 39606347, 39606348, 39606350, 39606352, 39606355, 39606356, 39606357, 39606358, 39606359, 39606360, 39606361]",249,39606350,ruby,unknown,,ruby,,0.0,,,,,,,,,0
43871401,rumblelabs/asset_sync,0.0,,,ruby,,master,1,051c3849c89abea2ec908213717bde800e83e223,build_found,955387d71daab4e5b3d623915f22965a5457c9fd,43852535,2014-12-12 19:18:14,3,051c3849c89abea2ec908213717bde800e83e223,1,051c3849c89abea2ec908213717bde800e83e223,,051c3849c89abea2ec908213717bde800e83e223,,0,,0,0,0,0,1,0,0,0,0,1,19,568,1301.05633802817,172.535211267606,220.070422535211,1.0,,2014-12-12 19:18:23,2014-12-12 21:23:22,failed,4045,"[43871402, 43871403, 43871404, 43871405, 43871406, 43871407, 43871408, 43871409, 43871410, 43871411, 43871412, 43871413, 43871414, 43871415, 43871416, 43871418, 43871420, 43871421, 43871422]",260,43871404,ruby,ok,3,ruby,rspec,1.0,,95,0,95,0,,1.03,,0
47099858,rumblelabs/asset_sync,1.0,2014-07-27 08:54:36,270,ruby,unknown,master,,,build_found,051c3849c89abea2ec908213717bde800e83e223,43871401,,3,caa9fdddf2cbe908b5fbf38bcc62e84241086e91#fcfff3d149f5ab0c89daa29558ad9bc25ec5d9c6,2,caa9fdddf2cbe908b5fbf38bcc62e84241086e91,051c3849c89abea2ec908213717bde800e83e223,1c6ea5d676f77f1a32c1ebdbf60eb3d0a870f81c,0,0,0,10,0,0,0,1,0,0,1,0,0,89,566,1305.65371024735,173.144876325088,220.848056537102,0.0,98,,2015-01-15 10:37:20,passed,3489,"[47099859, 47099860, 47099861, 47099862, 47099863, 47099864, 47099865, 47099866, 47099867, 47099868, 47099869, 47099870, 47099871, 47099872, 47099873, 47099874, 47099875, 47099876, 47099877]",266,47099874,ruby,ok,2,ruby,rspec,1.0,,95,0,95,0,,0.59,,0
55436010,rumblelabs/asset_sync,1.0,2015-03-23 02:10:26,298,ruby,commits_in_master,master,,,build_found,051c3849c89abea2ec908213717bde800e83e223,43871401,,2,8904ecbb29b2bab180e8ce6bd51815833f413385,1,8904ecbb29b2bab180e8ce6bd51815833f413385,051c3849c89abea2ec908213717bde800e83e223,ec98b095f5dced7e0ee41c19b3d7e84ff53539a7,0,0,0,8,0,0,0,1,0,0,1,0,0,89,568,1301.05633802817,172.535211267606,220.070422535211,0.0,67,,2015-03-23 03:21:05,passed,2652,"[55436011, 55436012, 55436013, 55436014, 55436015, 55436016, 55436017, 55436018, 55436019, 55436020, 55436021, 55436022, 55436023, 55436024, 55436025, 55436026, 55436027, 55436028, 55436029]",273,55436012,ruby,unknown,2,ruby,,0.0,,,,,,,,,0
64869968,rumblelabs/asset_sync,1.0,2015-06-01 04:46:57,307,ruby,commits_in_master,master,,,build_found,051c3849c89abea2ec908213717bde800e83e223,43871401,,2,17167517a0941f328a4c11a6baaf3c9d71b3acbd,1,17167517a0941f328a4c11a6baaf3c9d71b3acbd,051c3849c89abea2ec908213717bde800e83e223,7d3e159e7f8ca8e77aeb783fec3516c6faabef67,0,0,0,9,0,0,0,1,0,0,1,0,0,127,568,1301.05633802817,172.535211267606,220.070422535211,1.0,5,,2015-06-01 07:02:31,passed,2928,"[64869969, 64869971, 64869973, 64869975, 64869977, 64869978, 64869979, 64869980, 64869981, 64869982, 64869983, 64869984, 64869985, 64869986, 64869987, 64869988, 64869989, 64869990, 64869991]",278,64869981,ruby,ok,2,ruby,rspec,1.0,,95,0,95,0,,0.48,,0
76281321,rumblelabs/asset_sync,1.0,2015-08-19 11:17:38,315,ruby,commits_in_master,master,,,build_found,051c3849c89abea2ec908213717bde800e83e223,43871401,,2,05eb51531d39762ec826d810b5a190f829f6dced,1,05eb51531d39762ec826d810b5a190f829f6dced,051c3849c89abea2ec908213717bde800e83e223,27462153dc71ee1f05984ee2674148704ff35fb9,0,0,0,2,0,0,0,1,0,0,1,0,0,107,568,1301.05633802817,172.535211267606,220.070422535211,0.0,22,,2015-08-19 13:18:49,passed,3085,"[76281323, 76281326, 76281329, 76281332, 76281334, 76281335, 76281336, 76281338, 76281340, 76281341, 76281343, 76281346, 76281348, 76281349, 76281350, 76281351, 76281352, 76281353, 76281354]",282,76281350,ruby,ok,5,ruby,rspec,1.0,,95,0,95,0,,11.61,,0
