tr_build_id,gh_project_name,gh_is_pr,gh_pr_created_at,gh_pull_req_num,gh_lang,git_merged_with,git_branch,gh_num_commits_in_push,gh_commits_in_push,git_prev_commit_resolution_status,git_prev_built_commit,tr_prev_build,gh_first_commit_created_at,gh_team_size,git_all_built_commits,git_num_all_built_commits,git_trigger_commit,tr_virtual_merged_into,tr_original_commit,gh_num_issue_comments,gh_num_commit_comments,gh_num_pr_comments,git_diff_src_churn,git_diff_test_churn,gh_diff_files_added,gh_diff_files_deleted,gh_diff_files_modified,gh_diff_tests_added,gh_diff_tests_deleted,gh_diff_src_files,gh_diff_doc_files,gh_diff_other_files,gh_num_commits_on_files_touched,gh_sloc,gh_test_lines_per_kloc,gh_test_cases_per_kloc,gh_asserts_cases_per_kloc,gh_by_core_team_member,gh_description_complexity,gh_pushed_at,gh_build_started_at,tr_status,tr_duration,tr_jobs,tr_build_number,tr_job_id,tr_log_lan,tr_log_status,tr_log_setup_time,tr_log_analyzer,tr_log_frameworks,tr_log_bool_tests_ran,tr_log_bool_tests_failed,tr_log_num_tests_ok,tr_log_num_tests_failed,tr_log_num_tests_run,tr_log_num_tests_skipped,tr_log_tests_failed,tr_log_testduration,tr_log_buildduration,build_successful
16756909,AzureAD/azure-activedirectory-library-for-android,0.0,,,java,,master,,,merge_found,,,,11,adca19ae54b824bc5bd43c04f03a34e895fe6685,1,adca19ae54b824bc5bd43c04f03a34e895fe6685,,adca19ae54b824bc5bd43c04f03a34e895fe6685,,0,,28,411,14,3,4,0,0,30,0,30,52,7274,571.624965631015,0.0,69.5628265053616,1.0,,,2014-01-11 00:15:49,failed,516,[16756910],18,16756910,java,broken,,java-ant,,0.0,,,,,,,,10.0,0
17042082,AzureAD/azure-activedirectory-library-for-android,0.0,,,java,,master,,,merge_found,,,,11,50427d497bc31859b6d3ea96bc564cd1f35414c4,1,50427d497bc31859b6d3ea96bc564cd1f35414c4,,50427d497bc31859b6d3ea96bc564cd1f35414c4,,0,,283,243,2,0,9,0,0,9,0,2,108,7242,574.150787075394,0.0,70.0082850041425,0.0,,,2014-01-16 05:05:53,passed,492,[17042083],35,17042083,java,ok,,java-ant,,0.0,,,,,,,,57.0,0
17159368,AzureAD/azure-activedirectory-library-for-android,0.0,,,java,,master,,,merge_found,,,,11,b1959d6eb23f449b42c9598da93e84e72752d449,1,b1959d6eb23f449b42c9598da93e84e72752d449,,b1959d6eb23f449b42c9598da93e84e72752d449,,0,,587,308,2,0,8,0,0,4,0,6,72,7617,585.13850597348,0.0,71.2879086254431,1.0,,,2014-01-17 23:04:56,passed,546,[17159369],51,17159369,java,ok,,java-ant,,0.0,,,,,,,,23.0,0
17326450,AzureAD/azure-activedirectory-library-for-android,0.0,,,java,,master,,,merge_found,,,,11,77f65abc9ba19698fcf81ed43a7bf2d70a86aa65,1,77f65abc9ba19698fcf81ed43a7bf2d70a86aa65,,77f65abc9ba19698fcf81ed43a7bf2d70a86aa65,,0,,116,121,0,0,7,0,0,6,0,1,137,7805,601.665598975016,0.0,72.0051249199231,1.0,,,2014-01-21 08:17:27,passed,517,[17326451],71,17326451,unknown,unknown,,plain,,0.0,,,,,,,,,0
17360919,AzureAD/azure-activedirectory-library-for-android,0.0,,,java,,master,,,merge_found,,,,11,2a08c32809e4d27bb92a5cc3566b763e0f745802,1,2a08c32809e4d27bb92a5cc3566b763e0f745802,,2a08c32809e4d27bb92a5cc3566b763e0f745802,,0,,2989,4613,45,14,37,0,0,68,0,51,237,7805,601.665598975016,0.0,72.0051249199231,1.0,,,2014-01-21 19:14:52,passed,675,[17360920],75,17360920,java,ok,,java-ant,,0.0,,,,,,,,54.0,0
17720415,AzureAD/azure-activedirectory-library-for-android,0.0,,,java,,master,,,build_found,2a08c32809e4d27bb92a5cc3566b763e0f745802,17360919,,11,ed41726b1fd7b29c99f1311a86056d850f0275b1,1,ed41726b1fd7b29c99f1311a86056d850f0275b1,,ed41726b1fd7b29c99f1311a86056d850f0275b1,,0,,7,0,0,0,1,0,0,1,0,0,9,7805,601.665598975016,0.0,72.0051249199231,1.0,,,2014-01-27 20:00:52,passed,762,[17720416],79,17720416,java,ok,,java-ant,,0.0,,,,,,,,47.0,0
17788400,AzureAD/azure-activedirectory-library-for-android,0.0,,,java,,master,,,merge_found,,,,12,33cfe9d1b74996160bd355b9f51790932d00f3f3,1,33cfe9d1b74996160bd355b9f51790932d00f3f3,,33cfe9d1b74996160bd355b9f51790932d00f3f3,,0,,26,0,0,0,1,0,0,1,0,0,12,7805,601.665598975016,0.0,72.0051249199231,0.0,,,2014-01-28 19:38:15,passed,656,[17788401],86,17788401,java,ok,,java-ant,,0.0,,,,,,,,43.0,0
17789429,AzureAD/azure-activedirectory-library-for-android,0.0,,,java,,master,,,build_found,eeea10c292f8ec5967b43c6ad24df1e5799faab7,17789337,,12,c7591a9c7eb55738ef419cbc9b0e5d6fc843610c,1,c7591a9c7eb55738ef419cbc9b0e5d6fc843610c,,c7591a9c7eb55738ef419cbc9b0e5d6fc843610c,,0,,2,0,0,0,1,0,0,1,0,0,15,7805,601.665598975016,0.0,72.0051249199231,0.0,,,2014-01-28 19:54:55,passed,723,[17789430],89,17789430,java,ok,,java-ant,,0.0,,,,,,,,51.0,0
17790461,AzureAD/azure-activedirectory-library-for-android,0.0,,,java,,master,,,build_found,099f9e7553ce727845c1b4f306187d184c77d9f1,17790067,,12,a5dcd535370a8b636ae0b6ffbcf2496b896bb1e3,1,a5dcd535370a8b636ae0b6ffbcf2496b896bb1e3,,a5dcd535370a8b636ae0b6ffbcf2496b896bb1e3,,0,,2,0,0,0,1,0,0,1,0,0,17,7805,601.665598975016,0.0,72.0051249199231,1.0,,,2014-01-28 20:14:49,passed,670,[17790462],91,17790462,java,ok,,java-ant,,0.0,,,,,,,,39.0,0
18683581,AzureAD/azure-activedirectory-library-for-android,0.0,,,java,,master,,,build_found,55a00e8b4591bd406ee7099092232ea58cdd43f3,17808025,,13,48b68afa1d61fb000f30c0aa140c23b22392e649,1,48b68afa1d61fb000f30c0aa140c23b22392e649,,48b68afa1d61fb000f30c0aa140c23b22392e649,,0,,2,0,0,0,1,0,0,1,0,0,19,7805,601.665598975016,0.0,72.0051249199231,0.0,,,2014-02-11 23:55:44,passed,582,[18683582],127,18683582,java,ok,,java-ant,,0.0,,,,,,,,3.0,0
18695889,AzureAD/azure-activedirectory-library-for-android,0.0,,,java,,master,,,build_found,48b68afa1d61fb000f30c0aa140c23b22392e649,18683581,,13,74b2b9757f49f544a2361c1f6da9b951b8e3087c,1,74b2b9757f49f544a2361c1f6da9b951b8e3087c,,74b2b9757f49f544a2361c1f6da9b951b8e3087c,,0,,0,0,0,0,1,0,0,0,0,1,12,7805,601.665598975016,0.0,72.0051249199231,0.0,,,2014-02-12 00:39:12,passed,466,[18695890],131,18695890,java,ok,,java-ant,,0.0,,,,,,,,23.0,0
20328081,AzureAD/azure-activedirectory-library-for-android,0.0,,,java,,master,,,build_found,2da3ce24c2ebe9fb9d198dafba712d1b84463a8d,20325299,,13,d6ca781d7bf062bb43dfc7d26025cb5d1cebd386,1,d6ca781d7bf062bb43dfc7d26025cb5d1cebd386,,d6ca781d7bf062bb43dfc7d26025cb5d1cebd386,,0,,2,0,0,0,1,0,0,1,0,0,22,7805,601.665598975016,0.0,72.0051249199231,1.0,,,2014-03-08 01:30:52,failed,635,[20328082],189,20328082,java,broken,,java-maven,,0.0,,,,,,,0.0,0.0,0
20857893,AzureAD/azure-activedirectory-library-for-android,0.0,,,java,,master,,,build_found,17dd1012540d8a929084b74ee75824b20da7bfde,20571030,,13,5b20043e922a9306ad9dc69a3da28a027c08865c,1,5b20043e922a9306ad9dc69a3da28a027c08865c,,5b20043e922a9306ad9dc69a3da28a027c08865c,,0,,0,0,0,0,1,0,0,0,0,1,1,7805,601.665598975016,0.0,72.0051249199231,1.0,,,2014-03-16 00:41:59,failed,525,[20857894],211,20857894,java,broken,,java-maven,,0.0,,,,,,,0.0,0.0,0
29744743,AzureAD/azure-activedirectory-library-for-android,0.0,,,java,,master,8,8be189bac2e8dd63204b16c1a0e185771eca9ccd#dd9679186f1f2614b79146907055e8615e36b15f#1d2755ec8b78aab9107b149c802c9a0cd15d42bf#da86209ccc317b2dddba630851361577ace0ca79#ff95d054e2e608f79f949046c99830ec365c6e36#d3064e9e9b92cb75fb24009d47267886b4fc7dc5#79b1d30b0e78b13f65ed030dee159f6641174ab8#89ea94edf8d22b9725e70e012ba2dcdce547995f,merge_found,,,2014-07-12 00:03:39,13,8be189bac2e8dd63204b16c1a0e185771eca9ccd,1,8be189bac2e8dd63204b16c1a0e185771eca9ccd,,8be189bac2e8dd63204b16c1a0e185771eca9ccd,,0,,4467,2689,21,2,92,0,0,91,0,48,312,9829,804.761420286906,0.101739749720216,70.8108658052701,1.0,,2014-07-15 17:11:57,2014-07-12 00:05:19,passed,566,[29744744],531,29744744,java,ok,,java-ant,,0.0,,,,,,,,43.0,0
29863755,AzureAD/azure-activedirectory-library-for-android,0.0,,,java,,master,1,dd9679186f1f2614b79146907055e8615e36b15f,build_found,8be189bac2e8dd63204b16c1a0e185771eca9ccd,29745173,2014-07-14 07:01:55,13,dd9679186f1f2614b79146907055e8615e36b15f,1,dd9679186f1f2614b79146907055e8615e36b15f,,dd9679186f1f2614b79146907055e8615e36b15f,,0,,46,0,0,0,1,0,0,1,0,0,83,9829,804.761420286906,0.101739749720216,70.8108658052701,0.0,,2014-07-14 07:01:56,2014-07-14 07:03:15,passed,584,[29863756],533,29863756,java,ok,,java-ant,,0.0,,,,,,,,1.0,0
29869023,AzureAD/azure-activedirectory-library-for-android,0.0,,,java,,master,1,1d2755ec8b78aab9107b149c802c9a0cd15d42bf,build_found,dd9679186f1f2614b79146907055e8615e36b15f,29863755,2014-07-14 08:41:05,13,1d2755ec8b78aab9107b149c802c9a0cd15d42bf,1,1d2755ec8b78aab9107b149c802c9a0cd15d42bf,,1d2755ec8b78aab9107b149c802c9a0cd15d42bf,,0,,8365,0,0,75,1,0,0,45,0,29,127,6112,1294.17539267016,0.163612565445026,113.874345549738,0.0,,2014-07-14 08:41:23,2014-07-14 08:42:46,failed,194,[29869024],534,29869024,java,broken,,java-ant,,0.0,,,,,,,,2.0,0
29870801,AzureAD/azure-activedirectory-library-for-android,0.0,,,java,,master,1,da86209ccc317b2dddba630851361577ace0ca79,build_found,1d2755ec8b78aab9107b149c802c9a0cd15d42bf,29869023,2014-07-14 09:10:29,13,da86209ccc317b2dddba630851361577ace0ca79,1,da86209ccc317b2dddba630851361577ace0ca79,,da86209ccc317b2dddba630851361577ace0ca79,,0,,4,0,0,0,1,0,0,1,0,0,85,6112,1294.17539267016,0.163612565445026,113.874345549738,0.0,,2014-07-14 09:10:31,2014-07-14 09:11:48,failed,143,[29870802],535,29870802,java,broken,,java-ant,,0.0,,,,,,,,1.0,0
29908145,AzureAD/azure-activedirectory-library-for-android,0.0,,,java,,master,1,ff95d054e2e608f79f949046c99830ec365c6e36,build_found,da86209ccc317b2dddba630851361577ace0ca79,29870801,2014-07-14 17:29:09,13,ff95d054e2e608f79f949046c99830ec365c6e36,1,ff95d054e2e608f79f949046c99830ec365c6e36,,ff95d054e2e608f79f949046c99830ec365c6e36,,0,,52,0,0,0,1,0,0,1,0,0,86,6112,1294.17539267016,0.163612565445026,113.874345549738,1.0,,2014-07-14 17:29:11,2014-07-14 17:31:02,failed,184,[29908146],536,29908146,java,broken,,java-ant,,0.0,,,,,,,,2.0,0
29919763,AzureAD/azure-activedirectory-library-for-android,0.0,,,java,,master,1,d3064e9e9b92cb75fb24009d47267886b4fc7dc5,build_found,ff95d054e2e608f79f949046c99830ec365c6e36,29908145,2014-07-14 19:52:06,13,d3064e9e9b92cb75fb24009d47267886b4fc7dc5,1,d3064e9e9b92cb75fb24009d47267886b4fc7dc5,,d3064e9e9b92cb75fb24009d47267886b4fc7dc5,,0,,52,0,0,0,1,0,0,1,0,0,87,6112,1294.17539267016,0.163612565445026,113.874345549738,1.0,,2014-07-14 19:52:06,2014-07-14 19:54:01,failed,188,[29919764],537,29919764,java,broken,,java-ant,,0.0,,,,,,,,1.0,0
29923236,AzureAD/azure-activedirectory-library-for-android,0.0,,,java,,master,1,89ea94edf8d22b9725e70e012ba2dcdce547995f,build_found,79b1d30b0e78b13f65ed030dee159f6641174ab8,29921968,2014-07-14 20:35:35,13,89ea94edf8d22b9725e70e012ba2dcdce547995f,1,89ea94edf8d22b9725e70e012ba2dcdce547995f,,89ea94edf8d22b9725e70e012ba2dcdce547995f,,0,,0,0,0,0,1,0,0,0,0,1,35,6112,1294.17539267016,0.163612565445026,113.874345549738,1.0,,2014-07-14 20:35:45,2014-07-14 20:38:43,passed,559,[29923237],539,29923237,java,ok,,java-ant,,0.0,,,,,,,,29.0,0
33322333,AzureAD/azure-activedirectory-library-for-android,0.0,,,java,,master,1,df44f44c031b1fecfc800754d9363d8ce535340b,build_found,e874e4c11e6f744e0c442cb94fb2db8202b252b9,30021201,2014-08-22 21:04:55,13,df44f44c031b1fecfc800754d9363d8ce535340b,1,df44f44c031b1fecfc800754d9363d8ce535340b,,df44f44c031b1fecfc800754d9363d8ce535340b,,0,,6,0,0,0,1,0,0,1,0,0,90,6112,1294.17539267016,0.163612565445026,113.874345549738,0.0,,2014-08-22 21:04:56,2014-08-22 21:07:13,failed,245,[33322334],578,33322334,java,broken,24,java-ant,,0.0,,,,,,,,1.0,0
33330872,AzureAD/azure-activedirectory-library-for-android,0.0,,,java,,master,5,e874e4c11e6f744e0c442cb94fb2db8202b252b9#df44f44c031b1fecfc800754d9363d8ce535340b#1dc3ccb07dc396aebaeae63b1142ecd544122fc7#fff4cb97d931566e9593b9ebea456e9abe4b529a#1406065acea22da4699b595b2b4cde59c9fceac6,merge_found,,,2014-07-15 21:19:42,13,1dc3ccb07dc396aebaeae63b1142ecd544122fc7,1,1dc3ccb07dc396aebaeae63b1142ecd544122fc7,,1dc3ccb07dc396aebaeae63b1142ecd544122fc7,,0,,321,119,0,0,25,0,0,18,0,7,210,6218,1286.42650369894,0.160823415889353,112.415567706658,1.0,,2014-10-02 23:56:05,2014-08-22 23:04:54,passed,626,[33330873],580,33330873,java,ok,22,java-ant,,0.0,,,,,,,,20.0,0
34759703,AzureAD/azure-activedirectory-library-for-android,0.0,,,java,,master,14,dee12d86bc56fd4bb8a65f0aef0189b5288bd44e#2be08384f2782f574cab811bb7f5a3e75dcf58ef#374b07207c6f8cc81a71df0603193cfa9efac774#6902bbc591ee131aab9c9d6c17f5bfcc3eef3b5f#fbf80a917677bbc8007c7f97e1e2449334761b84#5c7d329da54eb82328b235545ebc27d7a2762d91#9e8c9b2750e3986890507d3e492aa1a53024a219#7add51e59543308c641cf273589a98b11ba066f7#cf9865d9a2351ef85892cff6c04089ef42d21bab#01bf1bc60fc205e152977cca5bf37b0d1b8b0ae5#d3fc540ddd8a85b3d888927ae5c4045c185ec400#c7459de892e66b9cc68c8be822839ee9ef7c4241#4e6173134a524b453b4a494575c85c6381aba824#fff4cb97d931566e9593b9ebea456e9abe4b529a,merge_found,,,2014-08-26 22:42:53,13,fff4cb97d931566e9593b9ebea456e9abe4b529a,1,fff4cb97d931566e9593b9ebea456e9abe4b529a,,fff4cb97d931566e9593b9ebea456e9abe4b529a,,0,,46,49,0,0,10,0,0,8,0,2,222,6229,1288.6498635415,0.160539412425751,112.859206935303,1.0,,2014-09-08 22:15:47,2014-09-08 22:16:25,passed,499,[34759704],609,34759704,java,ok,38,java-ant,,0.0,,,,,,,,27.0,0
34870773,AzureAD/azure-activedirectory-library-for-android,1.0,2014-09-09 23:01:10,259,java,commits_in_master,master,4,00516e67652f2dde3715ff2613f95012c3dd79d9#a4fba717f122d40920f30b8ac4be9238435206f3#68b513f4e6e9d11ec162bd4c816e5da07398c123#6c68a843a536e6cd4f3a666f9b27d197d6294af8,build_found,1dc3ccb07dc396aebaeae63b1142ecd544122fc7,33735284,2014-09-10 00:59:36,13,00516e67652f2dde3715ff2613f95012c3dd79d9,1,00516e67652f2dde3715ff2613f95012c3dd79d9,fff4cb97d931566e9593b9ebea456e9abe4b529a,e375739ebc2c86eddbe21f2e4952a02658010914,0,0,0,143,0,1,0,4,0,0,5,0,0,62,6308,1268.07228915663,0.15852885225111,110.811667723526,1.0,9,2014-12-03 23:20:52,2014-09-10 01:02:20,passed,605,[34870774],612,34870774,java,ok,34,java-ant,,0.0,,,,,,,,34.0,0
36987861,AzureAD/azure-activedirectory-library-for-android,0.0,,,java,,master,12,199e84bf9fdfa41b2d1949d17eb623830a07a2d1#197ddd3472eadd56347bc49f5f7179ff00d6d303#9b7b0d1fe86b3cc8429706ed0137b73ca5be254a#bdcd51923acef96fce70996a7c64b7fee8aa52b5#9d679e533c71a6d3adb333dae32e3eb0d62d74ce#58d96cfb5be7d86a43a92cd84d467354446e33a1#32912b6b0a9555b0e74b216a92e3fe86ccd8a41e#a0b92e6015f61c1ebc5179ff8e68dfa127c8aaee#1406065acea22da4699b595b2b4cde59c9fceac6#5ef3185bb0f880db9bcdd00b10feb4312f9de512#0b5e8ed2a16ec634e2f346a9a5e415b258121871#086e5a658da9ec89f5665e9ca34db9a63bb1b196,merge_found,,,2014-09-05 04:48:20,13,086e5a658da9ec89f5665e9ca34db9a63bb1b196,1,086e5a658da9ec89f5665e9ca34db9a63bb1b196,,086e5a658da9ec89f5665e9ca34db9a63bb1b196,,0,,121,8,1,4,10,0,0,6,0,8,183,6276,1278.36201402167,0.159337157425112,111.854684512428,1.0,,2014-10-03 17:25:08,2014-10-03 17:27:39,passed,558,[36987862],630,36987862,java,ok,34,java-ant,,0.0,,,,,,,,42.0,0
37546220,AzureAD/azure-activedirectory-library-for-android,0.0,,,java,,master,1,71ed3b7ef3e959332bf6f6d0edc4801fe973a59d,build_found,086e5a658da9ec89f5665e9ca34db9a63bb1b196,36987998,2014-10-09 21:46:40,13,71ed3b7ef3e959332bf6f6d0edc4801fe973a59d,1,71ed3b7ef3e959332bf6f6d0edc4801fe973a59d,,71ed3b7ef3e959332bf6f6d0edc4801fe973a59d,,0,,17,0,0,0,1,0,0,1,0,0,95,6276,1278.36201402167,0.159337157425112,111.854684512428,1.0,,2014-10-09 21:46:40,2014-10-09 21:48:29,passed,507,[37546222],633,37546222,java,ok,25,java-ant,,0.0,,,,,,,,47.0,0
38741569,AzureAD/azure-activedirectory-library-for-android,0.0,,,java,,master,5,1078fe75ea22403c318b0b46e1a6d04554c72f49#ddd8c1129c23a61add3a1f83ef3c38eed14de2a7#cbfc59988ac680bd38faca88a1d55799c8d6b18f#fda03c59bbff0b0f65e16c05bacc3cb8647abdf2#d872ffb6c1695728cdf4adbbcb81ff2484bdd688,merge_found,,,2014-10-17 02:05:53,12,d872ffb6c1695728cdf4adbbcb81ff2484bdd688,1,d872ffb6c1695728cdf4adbbcb81ff2484bdd688,,d872ffb6c1695728cdf4adbbcb81ff2484bdd688,,0,,88,38,0,0,11,0,0,11,0,0,154,6329,1268.13082635487,0.158002844051193,110.917996523937,1.0,,2014-10-22 18:38:25,2014-10-22 18:39:56,passed,498,[38741570],656,38741570,java,ok,31,java-ant,,0.0,,,,,,,,51.0,0
38742004,AzureAD/azure-activedirectory-library-for-android,0.0,,,java,,master,2,ea58c6105651a29340b0e71dde2a6aeed18f3a59#91e7e09cb46c8e25c7b6a7a9269ecf1f188dca1d,merge_found,,,2014-10-22 18:42:41,12,91e7e09cb46c8e25c7b6a7a9269ecf1f188dca1d,1,91e7e09cb46c8e25c7b6a7a9269ecf1f188dca1d,,91e7e09cb46c8e25c7b6a7a9269ecf1f188dca1d,,0,,88,38,0,0,11,0,0,11,0,0,155,6329,1268.13082635487,0.158002844051193,110.917996523937,1.0,,2014-10-22 18:43:07,2014-10-22 18:49:36,passed,582,[38742005],657,38742005,java,ok,31,java-ant,,0.0,,,,,,,,36.0,0
38892269,AzureAD/azure-activedirectory-library-for-android,0.0,,,java,,master,2,e33bcfd0e906e358b5c7d9f51504827f942e4e24#4f66d2e52baa0bef0bbb4b9d90c6d9b0f64072d5,merge_found,,,2014-10-24 00:08:01,12,4f66d2e52baa0bef0bbb4b9d90c6d9b0f64072d5,1,4f66d2e52baa0bef0bbb4b9d90c6d9b0f64072d5,,4f66d2e52baa0bef0bbb4b9d90c6d9b0f64072d5,,0,,5,0,0,0,2,0,0,2,0,0,13,6328,1268.33122629583,0.15802781289507,110.935524652339,1.0,,2014-10-24 04:32:25,2014-10-24 04:33:06,passed,512,[38892270],664,38892270,java,ok,24,java-ant,,0.0,,,,,,,,17.0,0
38893821,AzureAD/azure-activedirectory-library-for-android,0.0,,,java,,master,1,4a65fc186bfa05e7866ea2c5af820c54fe3fee95,build_found,4f66d2e52baa0bef0bbb4b9d90c6d9b0f64072d5,38892269,2014-10-24 05:19:36,12,4a65fc186bfa05e7866ea2c5af820c54fe3fee95,1,4a65fc186bfa05e7866ea2c5af820c54fe3fee95,,4a65fc186bfa05e7866ea2c5af820c54fe3fee95,,0,,2,0,0,0,3,0,0,1,0,2,113,6328,1268.33122629583,0.15802781289507,110.935524652339,1.0,,2014-10-24 05:19:48,2014-10-24 05:21:11,passed,481,[38893822],665,38893822,java,ok,31,java-ant,,0.0,,,,,,,,27.0,0
39988073,AzureAD/azure-activedirectory-library-for-android,0.0,,,java,,master,1,f3b748ffe7cf23084b0d6a9526c32deaf4af2462,build_found,4a65fc186bfa05e7866ea2c5af820c54fe3fee95,38893852,2014-11-04 20:31:12,12,f3b748ffe7cf23084b0d6a9526c32deaf4af2462,1,f3b748ffe7cf23084b0d6a9526c32deaf4af2462,,f3b748ffe7cf23084b0d6a9526c32deaf4af2462,,0,,127,0,1,0,0,0,0,1,0,0,0,6328,1268.33122629583,0.15802781289507,110.935524652339,1.0,,2014-11-04 20:31:13,2014-11-04 20:40:54,passed,535,[39988074],676,39988074,java,ok,29,java-ant,,0.0,,,,,,,,38.0,0
39988388,AzureAD/azure-activedirectory-library-for-android,0.0,,,java,,master,1,7dce405c018670b127483f491a6ac797cedab2f7,build_found,f3b748ffe7cf23084b0d6a9526c32deaf4af2462,39988073,2014-11-04 20:34:07,12,7dce405c018670b127483f491a6ac797cedab2f7,1,7dce405c018670b127483f491a6ac797cedab2f7,,7dce405c018670b127483f491a6ac797cedab2f7,,0,,1,0,0,0,1,0,0,1,0,0,96,6328,1268.33122629583,0.15802781289507,110.935524652339,1.0,,2014-11-04 20:34:07,2014-11-04 20:41:17,passed,633,[39988389],677,39988389,java,ok,41,java-ant,,0.0,,,,,,,,12.0,0
40029701,AzureAD/azure-activedirectory-library-for-android,0.0,,,java,,master,1,5b9e919822083a72cbad4c79cf429d702fabdbe5,build_found,7dce405c018670b127483f491a6ac797cedab2f7,39988388,2014-11-05 05:48:43,12,5b9e919822083a72cbad4c79cf429d702fabdbe5,1,5b9e919822083a72cbad4c79cf429d702fabdbe5,,5b9e919822083a72cbad4c79cf429d702fabdbe5,,0,,4,0,0,0,1,0,0,1,0,0,97,6328,1268.33122629583,0.15802781289507,110.935524652339,1.0,,2014-11-05 05:48:44,2014-11-05 05:49:32,passed,467,[40029702],678,40029702,java,ok,26,java-ant,,0.0,,,,,,,,17.0,0
40722070,AzureAD/azure-activedirectory-library-for-android,0.0,,,java,,master,5,2f6e922199a42b477cc77e52c4621641d41ae8ed#9970cfe4eefa5de30abc8f19c075eb35d6c58f34#5b6690ffd4926d130d7996e5a0d007fd4f04aa7a#fe037b561563b6985e93f820a9a959a6ff3374ed#536541171164153b15bc0be32f6effc6c1eb7839,merge_found,,,2014-11-11 23:41:43,13,2f6e922199a42b477cc77e52c4621641d41ae8ed,1,2f6e922199a42b477cc77e52c4621641d41ae8ed,,2f6e922199a42b477cc77e52c4621641d41ae8ed,,0,,986,89,12,3,22,0,0,21,0,16,321,6805,1180.45554739162,0.14695077149155,102.865540044085,1.0,,2014-11-25 00:47:19,2014-11-11 23:45:05,failed,403,[40722071],685,40722071,java,broken,45,java-ant,,0.0,,,,,,,,16.0,0
40724799,AzureAD/azure-activedirectory-library-for-android,0.0,,,java,,master,1,9970cfe4eefa5de30abc8f19c075eb35d6c58f34,build_found,2f6e922199a42b477cc77e52c4621641d41ae8ed,40722070,2014-11-12 00:17:38,13,9970cfe4eefa5de30abc8f19c075eb35d6c58f34,1,9970cfe4eefa5de30abc8f19c075eb35d6c58f34,,9970cfe4eefa5de30abc8f19c075eb35d6c58f34,,0,,0,0,0,0,1,0,0,0,0,0,3,6805,1180.45554739162,0.14695077149155,102.865540044085,1.0,,2014-11-12 00:17:39,2014-11-12 00:18:38,failed,332,[40724800],686,40724800,java,broken,31,java-ant,,0.0,,,,,,,,13.0,0
40725255,AzureAD/azure-activedirectory-library-for-android,0.0,,,java,,master,1,5b6690ffd4926d130d7996e5a0d007fd4f04aa7a,build_found,9970cfe4eefa5de30abc8f19c075eb35d6c58f34,40724992,2014-11-12 00:23:08,13,5b6690ffd4926d130d7996e5a0d007fd4f04aa7a,1,5b6690ffd4926d130d7996e5a0d007fd4f04aa7a,,5b6690ffd4926d130d7996e5a0d007fd4f04aa7a,,0,,5,0,0,0,1,0,0,1,0,0,105,6805,1180.45554739162,0.14695077149155,102.865540044085,1.0,,2014-11-12 00:23:08,2014-11-12 00:23:54,failed,300,[40725256],688,40725256,java,broken,33,java-ant,,0.0,,,,,,,,13.0,0
42029007,AzureAD/azure-activedirectory-library-for-android,0.0,,,java,,master,7,cf79c738a567580ff133ecdb88fe2e20a804519c#4bc657118098fc97f340a48c7fab6e8aea0618ab#abff463f2e29c70eb7529e428855ab90ce99dbb9#f3fb9281972cb3f67ee6ed6f5181c3aa3ee657f0#fe037b561563b6985e93f820a9a959a6ff3374ed#536541171164153b15bc0be32f6effc6c1eb7839#9cedd64f0eba94b10d48f521e4f7e63c86d1cd6e,merge_found,,,2014-11-12 00:33:58,13,9cedd64f0eba94b10d48f521e4f7e63c86d1cd6e,1,9cedd64f0eba94b10d48f521e4f7e63c86d1cd6e,,9cedd64f0eba94b10d48f521e4f7e63c86d1cd6e,,0,,86,21,0,0,10,0,0,7,0,2,222,6810,1179.1483113069,0.146842878120411,102.790014684288,1.0,,2014-11-25 00:48:59,2014-11-25 00:51:57,passed,585,[42029008],695,42029008,android,ok,44,plain,,0.0,,,,,,,,,0
43896727,AzureAD/azure-activedirectory-library-for-android,1.0,2014-12-12 23:01:59,323,java,commits_in_master,master,1,85da119bbbe352121bf7b6ecc6b11c341ff3d261,build_found,281e88a41f1e042deedb11dcc7e40a6e35e8d576,43896419,2014-12-13 00:01:39,13,85da119bbbe352121bf7b6ecc6b11c341ff3d261,1,85da119bbbe352121bf7b6ecc6b11c341ff3d261,9cedd64f0eba94b10d48f521e4f7e63c86d1cd6e,59e1b4642bbe9fd7f4e918688b8c4085dd25001d,0,0,0,0,0,0,0,1,0,0,0,0,0,8,6925,1168.37545126354,0.144404332129964,101.660649819495,1.0,47,2014-12-13 00:01:45,2014-12-13 00:04:51,passed,542,[43896728],734,43896728,android,ok,33,plain,,0.0,,,,,,,,,0
43896985,AzureAD/azure-activedirectory-library-for-android,0.0,,,java,,master,18,9cedd64f0eba94b10d48f521e4f7e63c86d1cd6e#3b83d195fe842ae865ce2e479bfe7ad6b7e09999#5d2cb0757aa92186ffce838607e3bda6f29b4b76#1078f1fbc6a07ac59c48cb4bc1a493c246a1bbcd#6e34474956a23d41fa3e77bb7d3f30a239b9d19b#bc401700a0492387ca254ffa8cc97b0c807754f9#638f5e6033da9a2042227f01daa6cdd00b16b02f#3bf497046a15247ca631eefddc14186d2bd221b1#6d7f18eded7743845680c39d28584265a85c1fb9#ab481f0abb4c22bc3b3ee6a725c4dc8edc413ac1#5e347f6e7516e31abc08dcfe348a84a5cf7a027c#1086b4230f7aa6fe7e7468be45493db203131d7d#126c27fac9127ded9e5f70236a141e138018cce1#928f5a500fa2e1a232d34564bb52de28e67f5f5c#5dfcab10ba496cf232fb3e21ba0205e4fbe72010#49d966b71e39715c6440339ba2e9c6f2d37cf147#5c247b075c6f198b59bcc8d6b1fb801172531fd5#be0c458e5dee1ca2ab06d69fb757c555e220e14b,merge_found,,,2014-11-25 00:48:59,13,3b83d195fe842ae865ce2e479bfe7ad6b7e09999,1,3b83d195fe842ae865ce2e479bfe7ad6b7e09999,,3b83d195fe842ae865ce2e479bfe7ad6b7e09999,,0,,703,163,3,0,25,0,0,25,0,2,343,6925,1168.37545126354,0.144404332129964,101.660649819495,1.0,,2015-08-13 17:56:42,2014-12-13 00:08:05,passed,650,[43896986],735,43896986,android,ok,35,plain,,0.0,,,,,,,,,0
44984259,AzureAD/azure-activedirectory-library-for-android,1.0,2014-12-23 21:11:08,330,java,commits_in_master,master,1,d59712c38b0b9609e8d0a6f036f4abb9893ebbc3,build_found,2b8c56a69688b4f5159e87bcfffacb1c6509430a,44983577,2014-12-23 22:09:33,13,d59712c38b0b9609e8d0a6f036f4abb9893ebbc3,1,d59712c38b0b9609e8d0a6f036f4abb9893ebbc3,3b83d195fe842ae865ce2e479bfe7ad6b7e09999,80ae3f14f85e1ca2e2136f5099989a9b0f5c63b1,0,0,0,23,0,0,0,2,0,0,1,0,0,121,6957,1170.61951990801,0.143740117866897,103.061664510565,1.0,20,2014-12-23 22:09:55,2014-12-23 22:13:08,passed,664,[44984260],746,44984260,android,ok,34,plain,,0.0,,,,,,,,,0
45364418,AzureAD/azure-activedirectory-library-for-android,0.0,,,java,,master,9,fd67f4dbdd27a8bc9d092f292b5542ed18eefbf6#8f344d551c1d37c3be0a18a3f49fbd1c91a58882#d0ee75d86a3336aac1f7c5d12be4dffd38c18cba#c9753a5760330071fd91a5c6f1f7d85c15113ef5#e9d12560a3c0e2f9a12a7a49a192aa41398f7ea3#778c8434e6dea5dfdbb33a52447da269f8d783ce#2b8c56a69688b4f5159e87bcfffacb1c6509430a#d59712c38b0b9609e8d0a6f036f4abb9893ebbc3#5d2cb0757aa92186ffce838607e3bda6f29b4b76,merge_found,,,2014-12-18 07:27:06,13,5d2cb0757aa92186ffce838607e3bda6f29b4b76,1,5d2cb0757aa92186ffce838607e3bda6f29b4b76,,5d2cb0757aa92186ffce838607e3bda6f29b4b76,,0,,96,101,0,0,10,0,0,6,0,3,282,6957,1170.61951990801,0.143740117866897,103.061664510565,1.0,,2014-12-29 15:59:03,2014-12-29 16:00:29,passed,571,[45364419],747,45364419,android,ok,36,plain,,0.0,,,,,,,,,0
47844333,AzureAD/azure-activedirectory-library-for-android,0.0,,,java,,master,15,af9202aa342df4f976d5e659f08761f9b1d8dc8c#67a4930225d061b3a0f58865d91bc89edda50338#022c96276adcecbf9f990b7c76efea05c8b32fbc#86d3fb629aa77e9fa0e458a4f68ca8a33f84dca4#2b71e67a9ff789fbcc80b7bccdd5ead1901f3e2e#18ed057f0f94b12e039ab07127ccd90c21c7c2f6#671eb015d6c0733d49cef7eebc4616380b10e5eb#eb373d3187688fc57d71cf90df00fbaf12fe8eff#0cfd62e3ae2eb57e06be4865dce6d1137d8fefe9#8f11caff88045b1f884db70b68c588c79134b268#81ea1fbe42700090eb3b9c47736dbf26aaa440a2#205e4d139398dc56ddf611136345bebf9787c01a#ca3d0191990845a19e69de69caa5d13e6c6b49ea#7bb8c71d01228bc4cc48eb60b82978f513958b2a#1078f1fbc6a07ac59c48cb4bc1a493c246a1bbcd,merge_found,,,2014-12-18 19:32:50,13,1078f1fbc6a07ac59c48cb4bc1a493c246a1bbcd,1,1078f1fbc6a07ac59c48cb4bc1a493c246a1bbcd,,1078f1fbc6a07ac59c48cb4bc1a493c246a1bbcd,,0,,520,120,3,0,18,0,0,15,0,5,334,7144,1152.71556550952,0.279955207166853,100.923852183651,1.0,,2015-01-21 21:51:04,2015-01-21 22:07:08,passed,719,[47844334],767,47844334,android,unknown,41,plain,,0.0,,,,,,,,,0
47845359,AzureAD/azure-activedirectory-library-for-android,0.0,,,java,,master,1,6e34474956a23d41fa3e77bb7d3f30a239b9d19b,build_found,1078f1fbc6a07ac59c48cb4bc1a493c246a1bbcd,47844424,2015-01-21 22:00:06,13,6e34474956a23d41fa3e77bb7d3f30a239b9d19b,1,6e34474956a23d41fa3e77bb7d3f30a239b9d19b,,6e34474956a23d41fa3e77bb7d3f30a239b9d19b,,0,,6,0,0,0,1,0,0,1,0,0,122,7144,1152.71556550952,0.279955207166853,100.923852183651,1.0,,2015-01-21 22:00:07,2015-01-21 22:08:14,passed,599,[47845360],769,47845360,android,ok,36,plain,,0.0,,,,,,,,,0
49548086,AzureAD/azure-activedirectory-library-for-android,1.0,2015-02-05 01:58:18,344,java,commits_in_master,master,1,0ec03458d1dd18feea5799e1b1fa2a0affccaf71,build_found,585a995ad3b88745a093276646dbce2d48e2a16d,49546127,2015-02-05 02:57:57,12,0ec03458d1dd18feea5799e1b1fa2a0affccaf71,1,0ec03458d1dd18feea5799e1b1fa2a0affccaf71,6e34474956a23d41fa3e77bb7d3f30a239b9d19b,e8a335b7390eb290af843518dc857588b3ff9a16,0,0,0,2,0,0,0,4,0,0,1,0,2,160,7200,1143.75,0.277777777777778,100.138888888889,1.0,19,2015-02-05 02:58:08,2015-02-05 03:00:06,passed,569,[49548087],787,49548087,android,ok,35,plain,,0.0,,,,,,,,,0
49637223,AzureAD/azure-activedirectory-library-for-android,0.0,,,java,,master,13,b47d5b56c45a560e09d6e0064ff0610cf88ed9ce#d52129913ca71303c39b67afba3baa39602766ae#6a2f22ef5cb37fe60c512f4227ffd167f4752b99#1d7b4b3835ca1c79aa11b248497670c2883768bc#73ea6c1ed6aaa3444d654b2f951bf2a4aca39d26#da1b9b91363c412ce83d6efde30e0ae7673a76b6#827abe288a30870a2ad3ebf2f0b5b150d5d489b8#f038cf2a6db3cf76614e7ac608968f3c6835ab61#1bc6c8af0d77e59403e27be461ec8dddeaff1601#12a3f715939b0e23cb73fb5b5a9ff41a6825ae41#585a995ad3b88745a093276646dbce2d48e2a16d#0ec03458d1dd18feea5799e1b1fa2a0affccaf71#bc401700a0492387ca254ffa8cc97b0c807754f9,merge_found,,,2015-02-04 00:08:17,12,bc401700a0492387ca254ffa8cc97b0c807754f9,1,bc401700a0492387ca254ffa8cc97b0c807754f9,,bc401700a0492387ca254ffa8cc97b0c807754f9,,0,,699,0,0,0,12,0,0,6,0,5,251,7200,1143.75,0.277777777777778,100.138888888889,1.0,,2015-02-05 18:24:15,2015-02-05 18:25:42,failed,211,[49637224],788,49637224,android,broken,34,plain,,0.0,,,,,,,,,0
53966869,AzureAD/azure-activedirectory-library-for-android,0.0,,,java,,master,18,9cedd64f0eba94b10d48f521e4f7e63c86d1cd6e#3b83d195fe842ae865ce2e479bfe7ad6b7e09999#5d2cb0757aa92186ffce838607e3bda6f29b4b76#1078f1fbc6a07ac59c48cb4bc1a493c246a1bbcd#6e34474956a23d41fa3e77bb7d3f30a239b9d19b#bc401700a0492387ca254ffa8cc97b0c807754f9#638f5e6033da9a2042227f01daa6cdd00b16b02f#3bf497046a15247ca631eefddc14186d2bd221b1#6d7f18eded7743845680c39d28584265a85c1fb9#ab481f0abb4c22bc3b3ee6a725c4dc8edc413ac1#5e347f6e7516e31abc08dcfe348a84a5cf7a027c#1086b4230f7aa6fe7e7468be45493db203131d7d#126c27fac9127ded9e5f70236a141e138018cce1#928f5a500fa2e1a232d34564bb52de28e67f5f5c#5dfcab10ba496cf232fb3e21ba0205e4fbe72010#49d966b71e39715c6440339ba2e9c6f2d37cf147#5c247b075c6f198b59bcc8d6b1fb801172531fd5#be0c458e5dee1ca2ab06d69fb757c555e220e14b,build_found,bc401700a0492387ca254ffa8cc97b0c807754f9,49637297,2014-11-25 00:48:59,10,638f5e6033da9a2042227f01daa6cdd00b16b02f,1,638f5e6033da9a2042227f01daa6cdd00b16b02f,,638f5e6033da9a2042227f01daa6cdd00b16b02f,,0,,8,0,0,0,1,0,0,1,0,0,123,7200,1143.75,0.277777777777778,100.138888888889,1.0,,2015-08-13 17:56:42,2015-03-11 16:29:36,failed,156,[53966870],799,53966870,android,broken,34,plain,,0.0,,,,,,,,,0
59961223,AzureAD/azure-activedirectory-library-for-android,0.0,,,java,,master,9,71708ea50a6688b196bd05e3a37ab742ea12eb4f#32b9f0595cca45929ced482a201a14894054159d#cb0fbbd11111411ef6bfe33cf97252a86bab116c#0b94fa680eb37a2d87842014c12e3aadde9104e9#27cc10c7f4692850c871d8299c6d5c2ba1e9e12d#f972d92b3fbe0aaa00d6df538383f5c6d7bb151d#c5ca1cfc7336b137aef8b5bb5ec19b13501c3c48#fe34e771cff3ef4e2623aa5702c9ec72f7fc4663#6d7f18eded7743845680c39d28584265a85c1fb9,merge_found,,,2015-03-25 04:36:28,10,6d7f18eded7743845680c39d28584265a85c1fb9,1,6d7f18eded7743845680c39d28584265a85c1fb9,,6d7f18eded7743845680c39d28584265a85c1fb9,,0,,53,0,0,1,8,0,0,2,0,7,211,7214,1141.53035763793,0.277238702522872,99.9445522594954,1.0,,2015-04-24 23:50:43,2015-04-24 23:53:12,passed,243,[59961224],820,59961224,android,ok,37,plain,,0.0,,,,,,,,,0
61679103,AzureAD/azure-activedirectory-library-for-android,0.0,,,java,,master,13,9589afa730ba3e11e90a707b41ab3f8d770d4a0b#75ea2792479e62987fff523549722484f13c16dd#254c600900c22a5c8a6755c776295c34609e4a78#2efc0b5ce12e4b1c2a6055139909eed18896ed2b#94db9fc290ab2f5be725f167e17057e5c4c3f12f#a6515705fb0dd3baaf978533679844470a8101a5#65fb9696f40f453c6e29d6c83f40fb2c022304ff#c5970ced1431777f7e5960c0db40e9e6f6130029#f7c656110bec72c8bcf622abd1a8fd0a38d5c2f4#ba05a1c86f53e8cff354fa96a5eb3c00e012a47a#c437dfc8b29c2d65a6de7c90b8adc012507a050f#d3b5e57c8bda796ad72fa238dc8f0afed3094a91#ab481f0abb4c22bc3b3ee6a725c4dc8edc413ac1,merge_found,,,2015-04-24 23:40:31,11,ab481f0abb4c22bc3b3ee6a725c4dc8edc413ac1,1,ab481f0abb4c22bc3b3ee6a725c4dc8edc413ac1,,ab481f0abb4c22bc3b3ee6a725c4dc8edc413ac1,,0,,442,109,2,0,14,0,0,13,0,2,251,7428,1120.35541195477,0.269251480883145,98.2767905223479,1.0,,2015-05-07 20:44:09,2015-05-07 21:01:20,passed,271,[61679105],838,61679105,android,ok,26,plain,,0.0,,,,,,,,,0
62761318,AzureAD/azure-activedirectory-library-for-android,0.0,,,java,,master,4,7f757b3ce038369815da09103443dfb8636fe9f9#501802abcb5dd11ae80f06da15315400e164339a#c0239ca00e6e7bb72129951308b1c4d99e453d45#5e347f6e7516e31abc08dcfe348a84a5cf7a027c,merge_found,,,2015-05-13 22:16:32,11,5e347f6e7516e31abc08dcfe348a84a5cf7a027c,1,5e347f6e7516e31abc08dcfe348a84a5cf7a027c,,5e347f6e7516e31abc08dcfe348a84a5cf7a027c,,0,,11,0,0,0,6,0,0,3,0,2,289,7430,1120.05383580081,0.269179004037685,98.250336473755,1.0,,2015-05-15 20:54:41,2015-05-15 20:56:17,passed,227,[62761319],845,62761319,android,ok,30,plain,,0.0,,,,,,,,,0
64325548,AzureAD/azure-activedirectory-library-for-android,0.0,,,java,,master,6,1156d12df959475c23fd4670b37c2f46020ac644#5eba11a40ad0d351024d72ac8bf136e15c8e9c40#3dddab85d49f4c0e76c624fae4efaf85cdc93159#12841b599b95b2df3b329177fb27dbce634e93b3#8e04c431747f79243a12a604e4aa137bc7a39ec9#1086b4230f7aa6fe7e7468be45493db203131d7d,merge_found,,,2015-05-18 16:16:12,12,1086b4230f7aa6fe7e7468be45493db203131d7d,1,1086b4230f7aa6fe7e7468be45493db203131d7d,,1086b4230f7aa6fe7e7468be45493db203131d7d,,0,,94,0,0,0,5,0,0,3,0,2,292,7458,1115.84875301689,0.26816840976133,97.8814695628855,1.0,,2015-05-27 21:27:10,2015-05-27 21:41:28,passed,261,[64325549],857,64325549,android,ok,40,plain,,0.0,,,,,,,,,0
67443444,AzureAD/azure-activedirectory-library-for-android,0.0,,,java,,master,4,ac1a545d183acc75eded433b0967c3f223a8a00f#be69fad2016aa9ff593bbdc344ad15fa4220230e#ebf24814f7225269f4b1ce651d8b3d2c67c5402b#126c27fac9127ded9e5f70236a141e138018cce1,merge_found,,,2015-06-13 00:00:13,12,126c27fac9127ded9e5f70236a141e138018cce1,1,126c27fac9127ded9e5f70236a141e138018cce1,,126c27fac9127ded9e5f70236a141e138018cce1,,0,,45,0,0,0,6,0,0,3,0,2,219,7491,1110.93311974369,0.26698705112802,97.4502736617274,1.0,,2015-06-18 22:11:21,2015-06-18 22:18:31,failed,288,[67443445],865,67443445,android,broken,50,plain,,0.0,,,,,,,,,0
79762498,AzureAD/azure-activedirectory-library-for-android,0.0,,,java,,master,20,e3a797243532b6126105bd6cce8e04e4b73a6c7c#4b176335697f09eee7539a824d6ba2337a12165d#5dfcab10ba496cf232fb3e21ba0205e4fbe72010#49d966b71e39715c6440339ba2e9c6f2d37cf147#5c247b075c6f198b59bcc8d6b1fb801172531fd5#be0c458e5dee1ca2ab06d69fb757c555e220e14b#c1c026bf985020edd822c88c92e78de3160c38a9#12b81cdb8e22947f78f1523da048f508c3e528ae#230706f1254d96ecd93fdbb157954f12910eb8e0#77ed5a70ed87aedb2f210726c1e077e490219b4f#82daeb9fb7fe87905e32e5b732cd560d3280c50f#386e6fe6e1e4aba4b594991afe904a205aff3648#220289096a440a799af8a428dd73504004ad388c#a6daa36adfbefe953fdb4148da11f07eafc5fe4a#cf82f10f40f1aace9fee26d0272f0f98531a21a4#ba331b365c79be8519fc0a1e4376f2ca24de3357#a7d0989b63d6a25092aae55a0f5006fae4e86385#0c19b6b4377682c01da52509c3d35b473d3f8c4f#2b71c977650352c257537f66fa3d0dfb511e8766#b2bbcccf475a952a67509b66236738e1b314e300,merge_found,,,2015-07-30 06:29:20,14,b2bbcccf475a952a67509b66236738e1b314e300,1,b2bbcccf475a952a67509b66236738e1b314e300,,b2bbcccf475a952a67509b66236738e1b314e300,,0,,55,0,0,0,4,0,0,3,0,0,344,7552,1101.95974576271,0.264830508474576,96.6631355932203,1.0,,2015-09-10 23:35:36,2015-09-10 23:36:46,passed,267,[79762499],946,79762499,android,ok,30,plain,,0.0,,,,,,,,,0
82254212,AzureAD/azure-activedirectory-library-for-android,0.0,,,java,,master,4,9d3c9c4a12b548b50ae3f16e1065a82142e1a85c#a2b77ba3834720cc03b3a23f1a5828126058eed4#39ac7c6eb1c4260fb0e77dba5f7536d03a685ea9#6a16743bf39f3cdb7769ad1df711040bd9a8d8f8,merge_found,,,2015-09-26 00:20:47,14,6a16743bf39f3cdb7769ad1df711040bd9a8d8f8,1,6a16743bf39f3cdb7769ad1df711040bd9a8d8f8,,6a16743bf39f3cdb7769ad1df711040bd9a8d8f8,,0,,2,0,0,0,3,0,0,1,0,1,194,7552,1101.95974576271,0.264830508474576,96.6631355932203,1.0,,2015-09-26 00:23:29,2015-09-26 00:24:55,passed,197,[82254214],956,82254214,android,ok,25,plain,,0.0,,,,,,,,,0
82620329,AzureAD/azure-activedirectory-library-for-android,0.0,,,java,,master,10,e5e2332d8d9bd1001b24f93c9188d8ac76efca36#c5bbf2c3f72326eb05ba15c1d84bb66a1ce15fdf#d1d370536956bcd6b89773435c4e904934de45b6#57d472809acd36148ac28789a280a8e887f7646a#d14cf5b6ea2b57057b1619f6076dc35230e96f07#707f14a7e8a2beecc6ed7a5490eb722773b14c0a#033fbc5f3c1410aada6073bdf69b4e681d0d1c5b#86a07dd3f712e63d746c924b39f73e305f38908d#0391e5165c585d28b422158443511988c722a981#cb2a5ded193ad9bb4b6b8150d01cf59e4ec6c45d,merge_found,,,2015-09-23 00:37:32,14,cb2a5ded193ad9bb4b6b8150d01cf59e4ec6c45d,1,cb2a5ded193ad9bb4b6b8150d01cf59e4ec6c45d,,cb2a5ded193ad9bb4b6b8150d01cf59e4ec6c45d,,0,,19,64,0,0,6,0,0,3,0,2,242,7559,1107.68620187856,0.264585262600873,96.97049874322,1.0,,2015-09-28 19:58:25,2015-09-28 19:59:27,passed,270,[82620330],962,82620330,android,ok,40,plain,,0.0,,,,,,,,,0
92784271,AzureAD/azure-activedirectory-library-for-android,0.0,,,java,,master,17,344abdd0d7be5301ce20d5a9637f0e01a6168eda#d104efee0c6ab6bfcaa37fec32927aacf591c610#b6a9ff7cdf72d4280fe0afeb0e257ca273e8191c#d1d1a4cd7b044408e1d3b1a719995769df77ccb2#81f36b78a9d069aa1bef1228908a165b3a810c25#84a12b93e2e1ec29ad33c0f7cee2bc5d07c0cac4#5dffc60c96046ef52fe1d670eeebc9e50c9e16d2#e647c67ef8f71ab161e3eb0eb05e455cac6fbaf2#cf83ff9d896aac92630b3024921c24d0b09cf104#9f41edb47468cf6d4424e94b0e94a75419dff0ea#3c1616ff422ab65cc534bd7b76747ec7f9791266#fc415d7fff250446f7d66a8f05b48cb38792d511#adf9ebc5115b4e31e11c382f74d54780a6ae6306#503ede9ef7d45d7929e9a78cc900aa4b93c76793#aa9f11298fc5bcdb0b8348d80762ca50f7952916#58922e11335ecf053bb62f8b6656c9824199a0c1#662c2a8c49304d09200ed7f2b3fb7c76e3475ae5,merge_found,,,2015-10-15 20:44:23,12,662c2a8c49304d09200ed7f2b3fb7c76e3475ae5,1,662c2a8c49304d09200ed7f2b3fb7c76e3475ae5,,662c2a8c49304d09200ed7f2b3fb7c76e3475ae5,,0,,57,130,0,0,13,0,0,6,0,7,349,7602,1116.28518810839,0.263088660878716,98.5267034990792,1.0,,2015-11-23 19:37:29,2015-11-23 19:39:40,failed,190,[92784281],983,92784281,android,broken,32,plain,,0.0,,,,,,,,,0
92785792,AzureAD/azure-activedirectory-library-for-android,0.0,,,java,,master,2,c00dd143105b2fc85d8f5e77debbc5bf8c55ee0c#64a5e30613f4cb21d4d5abe281380fac1e88de7e,merge_found,,,2015-11-23 19:45:34,12,64a5e30613f4cb21d4d5abe281380fac1e88de7e,1,64a5e30613f4cb21d4d5abe281380fac1e88de7e,,64a5e30613f4cb21d4d5abe281380fac1e88de7e,,0,,0,0,0,0,1,0,0,0,0,0,32,7602,1116.28518810839,0.263088660878716,98.5267034990792,1.0,,2015-11-23 19:46:01,2015-11-23 19:47:02,failed,170,[92785796],985,92785796,android,broken,33,plain,,0.0,,,,,,,,,0
95425487,AzureAD/azure-activedirectory-library-for-android,1.0,2015-12-07 19:48:56,458,java,commits_in_master,master,2,8c44e4a80120f2ded55ee6cd5eec41a70d9709ca#96c0a3a756f2a8f13b1c7317d0b4cb74c536a264,merge_found,,,2015-11-03 04:53:02,12,96c0a3a756f2a8f13b1c7317d0b4cb74c536a264,1,96c0a3a756f2a8f13b1c7317d0b4cb74c536a264,64a5e30613f4cb21d4d5abe281380fac1e88de7e,5ce8cb0f6b5813e2c2fb36adb0396e708ee19cb1,1,0,0,55,0,1,0,8,0,0,8,0,1,199,7585,1118.78707976269,0.2636783124588,98.7475280158207,1.0,32,2015-11-25 00:48:49,2015-12-07 19:51:51,failed,173,[95425493],989,95425493,android,broken,33,plain,,0.0,,,,,,,,,0
97743087,AzureAD/azure-activedirectory-library-for-android,1.0,2015-12-07 19:48:56,458,java,commits_in_master,master,11,6a16743bf39f3cdb7769ad1df711040bd9a8d8f8#cb2a5ded193ad9bb4b6b8150d01cf59e4ec6c45d#662c2a8c49304d09200ed7f2b3fb7c76e3475ae5#64a5e30613f4cb21d4d5abe281380fac1e88de7e#0521aab465557109b6e415af6c478e4a4241aecd#cb63a08470b1a3bbe0515bd47b441834aa313a7e#c31efb894b813a074ec68e58662730f29c6053da#632153f6e55013fdf8676eaa49333b6566ed861a#16ad023887d4831147df813b07358013e1fb0176#046e61eae4d75fc8d978697a13c9b10a4a275cc2#99c9c35d4823dbc996c3adf6040697befc2aa5fb,build_found,046e61eae4d75fc8d978697a13c9b10a4a275cc2,97271681,2015-09-26 00:23:29,12,99c9c35d4823dbc996c3adf6040697befc2aa5fb,1,99c9c35d4823dbc996c3adf6040697befc2aa5fb,64a5e30613f4cb21d4d5abe281380fac1e88de7e,a6f73de2ca07aa21e09379b71ba2e020bde9592a,0,0,0,2,0,0,0,1,0,0,1,0,0,35,7600,1116.57894736842,0.263157894736842,98.5526315789474,1.0,32,2015-12-18 19:57:23,2015-12-18 20:00:02,failed,106,[97743088],1005,97743088,android,broken,19,plain,,0.0,,,,,,,,,0
102477928,AzureAD/azure-activedirectory-library-for-android,1.0,2015-12-07 19:48:56,458,java,commits_in_master,master,1,954f197a7695a00f8a04e1dab5c983df82493564,build_found,99c9c35d4823dbc996c3adf6040697befc2aa5fb,97743281,2016-01-14 23:26:42,11,954f197a7695a00f8a04e1dab5c983df82493564,1,954f197a7695a00f8a04e1dab5c983df82493564,64a5e30613f4cb21d4d5abe281380fac1e88de7e,93e44033a18b4ae35c2ea5d1f871f3b0cfbdb5a0,0,0,0,133,0,0,0,12,0,0,12,0,0,317,7585,1118.78707976269,0.2636783124588,98.7475280158207,1.0,32,2016-01-14 23:29:22,2016-01-14 23:41:47,failed,108,[102477929],1019,102477929,android,broken,20,plain,,0.0,,,,,,,,,0
103716120,AzureAD/azure-activedirectory-library-for-android,1.0,2015-12-07 19:48:56,458,java,commits_in_master,master,2,23f96d2388c2fcaab6683136b9d4277c24cce2bf#ad2d88e665eaebd29e6966fd91e00bd16c371f83,merge_found,,,2016-01-20 04:06:27,10,ad2d88e665eaebd29e6966fd91e00bd16c371f83,1,ad2d88e665eaebd29e6966fd91e00bd16c371f83,64a5e30613f4cb21d4d5abe281380fac1e88de7e,51c1a75ed83cd534c4fce92b1cb6190a9ff5e3dd,6,0,0,18,0,0,0,1,0,0,1,0,0,135,7585,1118.78707976269,0.2636783124588,98.7475280158207,1.0,32,2016-01-20 22:19:11,2016-01-20 22:26:24,failed,188,[103716121],1035,103716121,android,broken,22,plain,,0.0,,,,,,,,,0
104138246,AzureAD/azure-activedirectory-library-for-android,1.0,2015-12-07 19:48:56,458,java,commits_in_master,master,4,9d2d242215a11050fcd9cc8eace1612bff959986#5861f03b38a90ff806e092b34833dc1c534c9a90#b3c7138e09f76de06e9963fa5f38f2760cface65#d75540010bff9e6b2e55fa7ea41a97788570bf36,merge_found,,,2016-01-19 22:01:28,10,d75540010bff9e6b2e55fa7ea41a97788570bf36,1,d75540010bff9e6b2e55fa7ea41a97788570bf36,64a5e30613f4cb21d4d5abe281380fac1e88de7e,c305a090cc8510dbd23b911f109140076b99f28d,7,0,0,46,0,0,0,3,0,0,2,0,1,188,7593,1117.60832345581,0.263400500460951,98.6434874226261,1.0,32,2016-01-22 17:17:03,2016-01-22 17:20:04,passed,322,[104138254],1039,104138254,android,ok,23,plain,,0.0,,,,,,,,,0
104999871,AzureAD/azure-activedirectory-library-for-android,1.0,2015-12-07 19:48:56,458,java,commits_in_master,master,2,cd2fae80ed697d9c5577e920bd3fc49f957db66a#a6e97504734da940fb28214e43b87209f61aa3b2,merge_found,,,2016-01-25 19:14:43,10,a6e97504734da940fb28214e43b87209f61aa3b2,1,a6e97504734da940fb28214e43b87209f61aa3b2,64a5e30613f4cb21d4d5abe281380fac1e88de7e,73842f411505c01cd95aee55779258f65286f2ff,7,0,0,6,0,0,0,1,0,0,1,0,0,137,7593,1117.60832345581,0.263400500460951,98.6434874226261,1.0,32,2016-01-26 20:55:43,2016-01-26 21:03:47,passed,324,[104999877],1043,104999877,android,ok,22,plain,,0.0,,,,,,,,,0
105358861,AzureAD/azure-activedirectory-library-for-android,1.0,2015-12-07 19:48:56,458,java,commits_in_master,master,1,e63912539167c29c7af06598fdb75101a5e058a9,build_found,a6e97504734da940fb28214e43b87209f61aa3b2,104999871,2016-01-28 08:03:18,10,e63912539167c29c7af06598fdb75101a5e058a9,1,e63912539167c29c7af06598fdb75101a5e058a9,64a5e30613f4cb21d4d5abe281380fac1e88de7e,b2a14fe2f070f446699ff59d14ca203c4b44c77e,0,0,0,44,0,0,0,1,0,0,1,0,0,169,7631,1112.04298257109,0.262088848119512,98.1522736207574,1.0,32,2016-01-28 08:04:06,2016-01-28 08:05:55,passed,285,[105358862],1045,105358862,android,ok,21,plain,,0.0,,,,,,,,,0
105582760,AzureAD/azure-activedirectory-library-for-android,1.0,2015-12-07 19:48:56,458,java,commits_in_master,master,1,f8bd4b97b09f953bc6f6a093e4a5d843c7df53ca,build_found,e63912539167c29c7af06598fdb75101a5e058a9,105358861,2016-01-28 08:26:02,10,f8bd4b97b09f953bc6f6a093e4a5d843c7df53ca,1,f8bd4b97b09f953bc6f6a093e4a5d843c7df53ca,64a5e30613f4cb21d4d5abe281380fac1e88de7e,bd261505daf08ce614c35b1f30528520e4ef7d45,0,0,0,44,0,0,0,1,0,0,1,0,0,170,7593,1117.60832345581,0.263400500460951,98.6434874226261,1.0,32,2016-01-29 02:01:45,2016-01-29 02:03:21,passed,527,[105582761],1051,105582761,android,ok,28,plain,,0.0,,,,,,,,,0
108424612,AzureAD/azure-activedirectory-library-for-android,0.0,,,java,,master,1,a7d79ab123d95238d1e9405f99f0696c5d8a298e,build_found,bb4ee0284b8439a439c0af6d08b4e1eec796f13e,108384802,2016-02-11 00:17:11,11,a7d79ab123d95238d1e9405f99f0696c5d8a298e,1,a7d79ab123d95238d1e9405f99f0696c5d8a298e,,a7d79ab123d95238d1e9405f99f0696c5d8a298e,,0,,4,0,0,0,5,0,0,2,0,2,329,7639,1116.63830344286,0.261814373609111,98.3112972902212,1.0,,2016-02-11 00:17:45,2016-02-11 00:24:05,passed,289,[108424613],1066,108424613,android,ok,24,plain,,0.0,,,,,,,,,0
108914217,AzureAD/azure-activedirectory-library-for-android,1.0,2016-02-12 22:59:45,498,java,commits_in_master,master,1,941a924ec3008363e6e3c9faba0ae6de78b50d14,build_found,cc34b755a40019f06753164272f0ee5ef2208060,108913525,2016-02-12 22:57:57,11,941a924ec3008363e6e3c9faba0ae6de78b50d14,1,941a924ec3008363e6e3c9faba0ae6de78b50d14,a7d79ab123d95238d1e9405f99f0696c5d8a298e,1bd5fd13ce12eea88e5d27e02214cf392eb2b3b9,0,0,0,2,0,0,0,1,0,0,1,0,0,153,7642,1116.19994765768,0.261711593823606,98.2727034807642,1.0,29,2016-02-12 22:58:12,2016-02-12 23:29:36,passed,287,[108914218],1074,108914218,android,ok,20,plain,,0.0,,,,,,,,,0
108917277,AzureAD/azure-activedirectory-library-for-android,0.0,,,java,,master,5,c93cbf73345435860abf53d1590ebe7d3f7ef089#cc34b755a40019f06753164272f0ee5ef2208060#941a924ec3008363e6e3c9faba0ae6de78b50d14#310d291100217e9304f3ecb7f4ab151e7d9a2af5#600265306e9cfe9b90de170e6fe739be87043208,merge_found,,,2016-02-12 21:49:32,11,600265306e9cfe9b90de170e6fe739be87043208,1,600265306e9cfe9b90de170e6fe739be87043208,,600265306e9cfe9b90de170e6fe739be87043208,,0,,17,0,0,0,1,0,0,1,0,0,155,7642,1116.19994765768,0.261711593823606,98.2727034807642,1.0,,2016-02-12 23:18:59,2016-02-12 23:56:58,passed,299,[108917278],1078,108917278,android,ok,27,plain,,0.0,,,,,,,,,0
110086842,AzureAD/azure-activedirectory-library-for-android,1.0,2016-02-18 10:20:52,504,java,commits_in_master,master,3,600265306e9cfe9b90de170e6fe739be87043208#514fef156cd7feb5794b50990151ad92f228d08f#43d8e9bc79e042f7bcbdc067395848b67dee6307,build_found,600265306e9cfe9b90de170e6fe739be87043208,108917682,2016-02-12 23:18:56,11,514fef156cd7feb5794b50990151ad92f228d08f,1,514fef156cd7feb5794b50990151ad92f228d08f,600265306e9cfe9b90de170e6fe739be87043208,860927c721e8540f44cf8c628f6f565ae5e50ca2,1,0,0,2,0,0,0,1,0,0,1,0,0,4,7642,1116.19994765768,0.261711593823606,98.2727034807642,1.0,10,2016-02-18 23:15:17,2016-02-18 10:22:34,passed,325,[110086843],1106,110086843,android,ok,22,plain,,0.0,,,,,,,,,0
113267239,AzureAD/azure-activedirectory-library-for-android,0.0,,,java,,master,1,ea39f50d44a401f1e9a0647853df446270f6c1d2,build_found,3a86f39248aaa70bff31cf353d1db5464c55f281,113263027,2016-03-02 23:07:50,11,ea39f50d44a401f1e9a0647853df446270f6c1d2,1,ea39f50d44a401f1e9a0647853df446270f6c1d2,,ea39f50d44a401f1e9a0647853df446270f6c1d2,,0,,4,0,0,0,5,0,0,2,0,2,358,7784,1111.25385405961,0.25693730729702,98.27852004111,1.0,,2016-03-02 23:07:57,2016-03-03 01:03:49,passed,316,[113267242],1209,113267242,android,ok,20,plain,,0.0,,,,,,,,,0
113837598,AzureAD/azure-activedirectory-library-for-android,0.0,,,java,,master,1,bf84b05c62985ca443961714c8927b4d75ed0c65,build_found,005d75702ad180dcde0f05463d88bf2acba86d77,113826113,2016-03-05 02:28:33,12,bf84b05c62985ca443961714c8927b4d75ed0c65,1,bf84b05c62985ca443961714c8927b4d75ed0c65,,bf84b05c62985ca443961714c8927b4d75ed0c65,,0,,4,0,0,0,5,0,0,2,0,2,379,7895,1113.74287523749,0.253324889170361,98.6700443318556,1.0,,2016-03-05 02:29:24,2016-03-05 04:02:55,passed,327,[113837602],1253,113837602,android,ok,25,plain,,0.0,,,,,,,,,0
113839238,AzureAD/azure-activedirectory-library-for-android,0.0,,,java,,master,1,7f65c6defe5e989655e83b03c50a97e46e179838,build_found,bf84b05c62985ca443961714c8927b4d75ed0c65,113837598,2016-03-05 04:18:48,12,7f65c6defe5e989655e83b03c50a97e46e179838,1,7f65c6defe5e989655e83b03c50a97e46e179838,,7f65c6defe5e989655e83b03c50a97e46e179838,,0,,4,0,0,0,1,0,0,1,0,0,145,7895,1113.74287523749,0.253324889170361,98.6700443318556,1.0,,2016-03-05 04:18:49,2016-03-05 04:20:26,passed,299,[113839239],1254,113839239,android,ok,19,plain,,0.0,,,,,,,,,0
113839560,AzureAD/azure-activedirectory-library-for-android,0.0,,,java,,master,1,8302cc7e3e8413643565d8239a90a9b394fc1cd3,build_found,7f65c6defe5e989655e83b03c50a97e46e179838,113839238,2016-03-05 04:22:47,12,8302cc7e3e8413643565d8239a90a9b394fc1cd3,1,8302cc7e3e8413643565d8239a90a9b394fc1cd3,,8302cc7e3e8413643565d8239a90a9b394fc1cd3,,0,,0,0,0,0,1,0,0,0,0,0,40,7895,1113.74287523749,0.253324889170361,98.6700443318556,1.0,,2016-03-05 04:22:48,2016-03-05 04:25:35,passed,302,[113839561],1255,113839561,android,ok,24,plain,,0.0,,,,,,,,,0
114410371,AzureAD/azure-activedirectory-library-for-android,1.0,2016-03-08 01:20:08,526,java,commits_in_master,master,2,c0376274c9ca05ca68218988cf23521d8f87a292#b0ff9bc425ac7848aab8f6ab50473a369d0a2704,build_found,bf84b05c62985ca443961714c8927b4d75ed0c65,113837598,2016-03-08 01:15:13,12,c0376274c9ca05ca68218988cf23521d8f87a292,1,c0376274c9ca05ca68218988cf23521d8f87a292,8302cc7e3e8413643565d8239a90a9b394fc1cd3,1402eb5d277eef78b002ba93a76b1ebd5cc25edd,1,0,0,10,0,0,0,1,0,0,1,0,0,221,7900,1113.03797468354,0.253164556962025,98.6075949367088,1.0,40,2016-03-08 19:07:49,2016-03-08 01:21:20,passed,325,[114410373],1258,114410373,android,ok,21,plain,,0.0,,,,,,,,,0
116243641,AzureAD/azure-activedirectory-library-for-android,0.0,,,java,,master,,,merge_found,,,,12,de9ec87f3d09310a735d371b959f75e1d3b89fa4,1,de9ec87f3d09310a735d371b959f75e1d3b89fa4,,de9ec87f3d09310a735d371b959f75e1d3b89fa4,,0,,775,260,0,0,32,0,0,31,0,2,604,7818,1121.00281401893,0.255819902788437,99.7697620874904,1.0,,,2016-03-15 22:08:35,passed,309,[116243642],1311,116243642,android,ok,23,plain,,0.0,,,,,,,,,0
116730685,AzureAD/azure-activedirectory-library-for-android,0.0,,,java,,master,6,238ec202e3ede5643568123960819fb62f22b4f0#34500056882b59ea7744d0a525a8d687ccdd1369#a3c1cf6518176a4ad10221b595f1ddf93fbb9f3e#bf216171c7d9f7baf8e1277f842bdf5a1b1b8571#2565f1c65ad6cda59aa035f475f46800f8831652#0d2fb9c1984652d008afc640d43d93a739ac19ec,merge_found,,,2016-03-16 07:32:49,12,0d2fb9c1984652d008afc640d43d93a739ac19ec,1,0d2fb9c1984652d008afc640d43d93a739ac19ec,,0d2fb9c1984652d008afc640d43d93a739ac19ec,,0,,21,4,0,0,8,0,0,5,0,2,445,7821,1120.44495588799,0.255721774709117,99.7314921365554,1.0,,2016-03-17 19:38:51,2016-03-17 19:40:01,passed,324,[116730693],1321,116730693,android,ok,20,plain,,0.0,,,,,,,,,0
124278712,AzureAD/azure-activedirectory-library-for-android,0.0,,,java,,master,,,build_found,d29f3a3f8c4c3a67190a581439195d265dc604e0,124272197,,12,05fd8dfcb7254b3e8caf93a55a34e5d0d60546f8,1,05fd8dfcb7254b3e8caf93a55a34e5d0d60546f8,,05fd8dfcb7254b3e8caf93a55a34e5d0d60546f8,,0,,4,0,0,0,5,0,0,2,0,2,453,8131,1076.49735579879,0.245972205140819,97.7739515434756,1.0,,,2016-04-19 19:12:18,passed,325,[124278716],1467,124278716,android,ok,22,plain,,0.0,,,,,,,,,0
124325355,AzureAD/azure-activedirectory-library-for-android,1.0,2016-04-19 22:12:04,594,java,commits_in_master,master,,,build_found,05fd8dfcb7254b3e8caf93a55a34e5d0d60546f8,124310839,,12,db5dbc4ea3a28bb8a6ee481164e1b756a8425358,1,db5dbc4ea3a28bb8a6ee481164e1b756a8425358,05fd8dfcb7254b3e8caf93a55a34e5d0d60546f8,bc815cab493507500506b302eef77987d63a49b5,0,0,0,8,0,0,0,1,0,0,1,0,0,26,8131,1076.49735579879,0.245972205140819,97.7739515434756,0.0,,,2016-04-19 22:13:05,passed,332,[124325356],1469,124325356,android,ok,21,plain,,0.0,,,,,,,,,0
125461798,AzureAD/azure-activedirectory-library-for-android,0.0,,,java,,master,,,build_found,eb38056a08c02e67c9afa8494a6897e0a78eba9c,125459739,,12,2da7ad7de96d4262b18564d70e5ef28000bd483a,1,2da7ad7de96d4262b18564d70e5ef28000bd483a,,2da7ad7de96d4262b18564d70e5ef28000bd483a,,0,,4,0,0,0,5,0,0,2,0,2,454,8127,1077.02719330626,0.246093269349083,97.8220745662606,1.0,,,2016-04-25 01:05:10,passed,393,[125461799],1509,125461799,android,ok,24,plain,,0.0,,,,,,,,,0
128202021,AzureAD/azure-activedirectory-library-for-android,0.0,,,java,,master,,,build_found,2da7ad7de96d4262b18564d70e5ef28000bd483a,125469475,,12,0a116ec54a4550e3b38fdcddd11cf799499a0ad6#ba170fb05a2511241d6fa38d8a9bb564e4927eb2,2,0a116ec54a4550e3b38fdcddd11cf799499a0ad6,,0a116ec54a4550e3b38fdcddd11cf799499a0ad6,,0,,56,0,0,0,6,0,0,3,0,2,485,8140,1075.30712530713,0.245700245700246,97.6658476658477,1.0,,,2016-05-06 02:28:12,passed,415,[128202022],1573,128202022,android,ok,25,plain,,0.0,,,,,,,,,0
131585171,AzureAD/azure-activedirectory-library-for-android,0.0,,,java,,master,,,build_found,8812cda19462c01c7dd882b397614a86c53ab6a1,131582766,,12,427d026b27d691088646d08305c240e981da7ebe,1,427d026b27d691088646d08305c240e981da7ebe,,427d026b27d691088646d08305c240e981da7ebe,,0,,4,0,0,0,5,0,0,2,0,2,507,8636,1080.12968967114,0.231588698471515,99.698934691987,1.0,,,2016-05-20 02:15:14,passed,372,[131585172],1648,131585172,android,ok,24,plain,,0.0,,,,,,,,,0
132960686,AzureAD/azure-activedirectory-library-for-android,0.0,,,java,,master,,,build_found,427d026b27d691088646d08305c240e981da7ebe,131588685,,13,55aeb4fa327b01716de042fabf8d0a7cf0fbf855,1,55aeb4fa327b01716de042fabf8d0a7cf0fbf855,,55aeb4fa327b01716de042fabf8d0a7cf0fbf855,,0,,7,0,0,0,1,0,0,1,0,0,175,8636,1080.12968967114,0.231588698471515,99.698934691987,0.0,,,2016-05-25 21:27:12,passed,402,[132960697],1678,132960697,android,ok,26,plain,,0.0,,,,,,,,,0
