tr_build_id,gh_project_name,gh_is_pr,gh_pr_created_at,gh_pull_req_num,gh_lang,git_merged_with,git_branch,gh_num_commits_in_push,gh_commits_in_push,git_prev_commit_resolution_status,git_prev_built_commit,tr_prev_build,gh_first_commit_created_at,gh_team_size,git_all_built_commits,git_num_all_built_commits,git_trigger_commit,tr_virtual_merged_into,tr_original_commit,gh_num_issue_comments,gh_num_commit_comments,gh_num_pr_comments,git_diff_src_churn,git_diff_test_churn,gh_diff_files_added,gh_diff_files_deleted,gh_diff_files_modified,gh_diff_tests_added,gh_diff_tests_deleted,gh_diff_src_files,gh_diff_doc_files,gh_diff_other_files,gh_num_commits_on_files_touched,gh_sloc,gh_test_lines_per_kloc,gh_test_cases_per_kloc,gh_asserts_cases_per_kloc,gh_by_core_team_member,gh_description_complexity,gh_pushed_at,gh_build_started_at,tr_status,tr_duration,tr_jobs,tr_build_number,tr_job_id,tr_log_lan,tr_log_status,tr_log_setup_time,tr_log_analyzer,tr_log_frameworks,tr_log_bool_tests_ran,tr_log_bool_tests_failed,tr_log_num_tests_ok,tr_log_num_tests_failed,tr_log_num_tests_run,tr_log_num_tests_skipped,tr_log_tests_failed,tr_log_testduration,tr_log_buildduration,build_successful
10401400,KatanaCode/blogit,0.0,,,ruby,,master,2,8689716954fb733db8be9eb032d5ceb236c5adc3#9df1b431efea802e8f1ea50ecdbc7560ca2a1706,merge_found,,,2013-08-20 09:58:45,3,9df1b431efea802e8f1ea50ecdbc7560ca2a1706,1,9df1b431efea802e8f1ea50ecdbc7560ca2a1706,,9df1b431efea802e8f1ea50ecdbc7560ca2a1706,,0,,0,0,0,0,1,0,0,0,0,1,7,797,1288.58218318695,97.8670012547051,139.272271016311,1.0,,2013-08-20 10:00:38,2013-08-20 10:08:49,passed,3057,"[10401412, 10401418, 10401411, 10401417, 10401416, 10401410, 10401409, 10401415, 10401414, 10401413, 10401408, 10401407, 10401405, 10401406, 10401404, 10401403, 10401402, 10401401]",7,10401408,ruby,ok,,ruby,,0.0,,,,,,,,,0
10402235,KatanaCode/blogit,0.0,,,ruby,,master,2,2a9022662e985529a02913c0591884fc45279769#6195ca45e836e1413e657b3b101cd06b8a63bb5a,merge_found,,,2013-08-20 10:22:34,3,6195ca45e836e1413e657b3b101cd06b8a63bb5a,1,6195ca45e836e1413e657b3b101cd06b8a63bb5a,,6195ca45e836e1413e657b3b101cd06b8a63bb5a,,0,,0,0,0,0,1,0,0,0,0,1,9,797,1288.58218318695,97.8670012547051,139.272271016311,1.0,,2013-08-20 10:23:01,2013-08-20 10:24:12,failed,3161,"[10402247, 10402246, 10402253, 10402251, 10402252, 10402250, 10402244, 10402249, 10402248, 10402245, 10402243, 10402242, 10402241, 10402236, 10402239, 10402240, 10402238, 10402237]",8,10402245,ruby,broken,,ruby,rspec,1.0,,109,4,113,0,,1.69,,0
10993433,KatanaCode/blogit,0.0,,,ruby,,master,1,13656da509c3f9528971c616c46b92eef8f81945,build_found,6195ca45e836e1413e657b3b101cd06b8a63bb5a,10402235,2013-09-04 21:35:20,3,13656da509c3f9528971c616c46b92eef8f81945,1,13656da509c3f9528971c616c46b92eef8f81945,,13656da509c3f9528971c616c46b92eef8f81945,,0,,2,0,0,0,1,0,0,1,0,0,17,797,1288.58218318695,97.8670012547051,139.272271016311,1.0,,2013-09-04 21:35:48,2013-09-04 21:37:05,failed,3672,"[10993445, 10993444, 10993451, 10993450, 10993449, 10993443, 10993448, 10993447, 10993442, 10993446, 10993439, 10993441, 10993440, 10993436, 10993438, 10993437, 10993435, 10993434]",9,10993446,ruby,unknown,,ruby,,0.0,,,,,,,,,0
19950243,KatanaCode/blogit,1.0,2014-03-03 03:02:30,54,ruby,commits_in_master,master,10,3159d6549c7906b8d53fd9fd547ca71321dce185#4e982139188dd619ee8d83523a0b812f80873000#bebaa4ee5862f17392b34a0f6297eb0ba66678ed#067c39d601d93a8d2e6c6c2550ffdb9dfe72762d#5767a390ad30bccc61ccbfaaec0a663d65ce43af#6f00d02c835d6d1fe6fc8a31276dac31db2f28dc#681946cd82a5f7c52a49b8c129503e186717d915#9ada9df34bf90a7825799b072f3f15e35babf248#d87fb257ab349c1150fe6241c03cec6fac414ea3#fad05dd3af7f0456e1eb1c9a533667b9013b766c,build_found,13656da509c3f9528971c616c46b92eef8f81945,10993433,2014-01-28 00:48:01,2,5767a390ad30bccc61ccbfaaec0a663d65ce43af#067c39d601d93a8d2e6c6c2550ffdb9dfe72762d#bebaa4ee5862f17392b34a0f6297eb0ba66678ed#4e982139188dd619ee8d83523a0b812f80873000#3159d6549c7906b8d53fd9fd547ca71321dce185,5,5767a390ad30bccc61ccbfaaec0a663d65ce43af,13656da509c3f9528971c616c46b92eef8f81945,2371416f8bc71b9f95cfca976b6dca662f265cf3,0,0,0,80,175,1,0,12,0,0,13,1,0,74,824,1305.82524271845,100.728155339806,145.631067961165,0.0,40,2014-03-07 17:56:51,2014-03-03 04:02:56,failed,4941,"[19950244, 19950245, 19950246, 19950247, 19950248, 19950249, 19950250, 19950251, 19950252, 19950253, 19950254, 19950255, 19950256, 19950257, 19950258, 19950259, 19950260, 19950261]",12,19950246,ruby,unknown,,ruby,,0.0,,,,,,,,,0
20111017,KatanaCode/blogit,1.0,2014-03-03 03:02:30,54,ruby,commits_in_master,master,10,3159d6549c7906b8d53fd9fd547ca71321dce185#4e982139188dd619ee8d83523a0b812f80873000#bebaa4ee5862f17392b34a0f6297eb0ba66678ed#067c39d601d93a8d2e6c6c2550ffdb9dfe72762d#5767a390ad30bccc61ccbfaaec0a663d65ce43af#6f00d02c835d6d1fe6fc8a31276dac31db2f28dc#681946cd82a5f7c52a49b8c129503e186717d915#9ada9df34bf90a7825799b072f3f15e35babf248#d87fb257ab349c1150fe6241c03cec6fac414ea3#fad05dd3af7f0456e1eb1c9a533667b9013b766c,build_found,5767a390ad30bccc61ccbfaaec0a663d65ce43af,19950243,2014-01-28 00:48:01,2,6f00d02c835d6d1fe6fc8a31276dac31db2f28dc,1,6f00d02c835d6d1fe6fc8a31276dac31db2f28dc,13656da509c3f9528971c616c46b92eef8f81945,74bf89be979bcb28851090414898f1bbf032bf7d,0,0,0,2,0,0,0,1,0,0,1,0,0,18,824,1305.82524271845,100.728155339806,145.631067961165,0.0,40,2014-03-07 17:56:51,2014-03-05 06:06:36,failed,4605,"[20111018, 20111019, 20111020, 20111021, 20111022, 20111023, 20111024, 20111025, 20111027, 20111029, 20111030, 20111032, 20111033, 20111034, 20111035, 20111036, 20111037, 20111038]",13,20111020,ruby,unknown,,ruby,,0.0,,,,,,,,,0
20284877,KatanaCode/blogit,0.0,,,ruby,,master,1,9538b626648219598ea05b79a6b13b9770b831fb,build_found,13656da509c3f9528971c616c46b92eef8f81945,10993433,2014-03-07 13:56:35,3,9538b626648219598ea05b79a6b13b9770b831fb,1,9538b626648219598ea05b79a6b13b9770b831fb,,9538b626648219598ea05b79a6b13b9770b831fb,,0,,0,0,0,0,1,0,0,0,0,1,10,797,1288.58218318695,97.8670012547051,139.272271016311,1.0,,2014-03-07 13:56:36,2014-03-07 13:57:13,failed,5266,"[20284878, 20284879, 20284880, 20284881, 20284882, 20284883, 20284884, 20284885, 20284886, 20284887, 20284888, 20284889, 20284890, 20284891, 20284892, 20284893, 20284894, 20284895]",14,20284878,ruby,broken,,ruby,rspec,1.0,,112,1,113,0,,4.07,,0
20296131,KatanaCode/blogit,0.0,,,ruby,,master,6,d9f5afa69bed065f939348ba4d5478f8308e6d66#14915d70d40150c653db4cb74409d3bfd2c8f826#dc595f1b6b8ca11d1013499bf5fefb172a2c3275#d85b35558722efb767953d49b70df9b8a7e24c92#1f31c5e9f80ea3fad9cc90765e1238cb5e69db18#5dd970271115a66545b134f6cf938ac41c267420,merge_found,,,2014-03-07 16:40:01,3,5dd970271115a66545b134f6cf938ac41c267420,1,5dd970271115a66545b134f6cf938ac41c267420,,5dd970271115a66545b134f6cf938ac41c267420,,0,,4,77,0,0,8,0,0,7,0,1,48,797,1289.83688833124,97.8670012547051,139.272271016311,1.0,,2014-03-07 16:47:16,2014-03-07 16:47:53,failed,5764,"[20296132, 20296133, 20296134, 20296135, 20296136, 20296137, 20296138, 20296139, 20296140, 20296141, 20296142, 20296143, 20296144, 20296145, 20296146, 20296147, 20296148, 20296149]",15,20296146,ruby,unknown,,ruby,,0.0,,,,,,,,,0
20298538,KatanaCode/blogit,0.0,,,ruby,,master,1,124c5e9e91f07ed161bef54ce87af0ac5dcdc4f5,build_found,5dd970271115a66545b134f6cf938ac41c267420,20296131,2014-03-07 17:15:56,3,124c5e9e91f07ed161bef54ce87af0ac5dcdc4f5,1,124c5e9e91f07ed161bef54ce87af0ac5dcdc4f5,,124c5e9e91f07ed161bef54ce87af0ac5dcdc4f5,,0,,0,0,0,0,1,0,0,0,0,1,11,797,1289.83688833124,97.8670012547051,139.272271016311,1.0,,2014-03-07 17:15:57,2014-03-07 17:16:28,passed,5478,"[20298539, 20298540, 20298541, 20298542, 20298543, 20298544, 20298545, 20298546, 20298547, 20298548, 20298549, 20298550, 20298551, 20298552, 20298553, 20298554, 20298555, 20298556]",16,20298541,ruby,unknown,,ruby,,0.0,,,,,,,,,0
20301472,KatanaCode/blogit,0.0,,,ruby,,master,10,3159d6549c7906b8d53fd9fd547ca71321dce185#4e982139188dd619ee8d83523a0b812f80873000#bebaa4ee5862f17392b34a0f6297eb0ba66678ed#067c39d601d93a8d2e6c6c2550ffdb9dfe72762d#5767a390ad30bccc61ccbfaaec0a663d65ce43af#6f00d02c835d6d1fe6fc8a31276dac31db2f28dc#681946cd82a5f7c52a49b8c129503e186717d915#9ada9df34bf90a7825799b072f3f15e35babf248#d87fb257ab349c1150fe6241c03cec6fac414ea3#fad05dd3af7f0456e1eb1c9a533667b9013b766c,merge_found,,,2014-01-28 00:48:01,3,fad05dd3af7f0456e1eb1c9a533667b9013b766c,1,fad05dd3af7f0456e1eb1c9a533667b9013b766c,,fad05dd3af7f0456e1eb1c9a533667b9013b766c,,0,,85,122,1,0,12,0,0,12,1,0,82,824,1307.03883495146,100.728155339806,145.631067961165,1.0,,2014-03-07 17:56:51,2014-03-07 17:58:17,passed,5767,"[20301473, 20301474, 20301475, 20301476, 20301477, 20301478, 20301479, 20301480, 20301481, 20301482, 20301483, 20301484, 20301485, 20301486, 20301487, 20301488, 20301489, 20301490]",17,20301483,ruby,ok,,ruby,rspec,1.0,,120,0,120,0,,3.26,,0
22967476,KatanaCode/blogit,1.0,2014-04-14 14:45:57,58,ruby,merge_button,master,2,a08edef9ebfc1993ba6ec17967bb46876eda60e3#1eb6f685e98ea04ce156b34eced6faaf0f259c7f,build_found,fad05dd3af7f0456e1eb1c9a533667b9013b766c,20301472,2014-04-14 16:40:51,3,a08edef9ebfc1993ba6ec17967bb46876eda60e3,1,a08edef9ebfc1993ba6ec17967bb46876eda60e3,fad05dd3af7f0456e1eb1c9a533667b9013b766c,532c409298da231b1eefeca8c858fc96f12a02ee,0,0,0,34,0,2,0,0,0,0,2,0,0,0,851,1265.56991774383,97.5323149236193,141.010575793185,1.0,16,2014-04-15 10:46:54,2014-04-14 16:52:44,passed,6204,"[22967477, 22967478, 22967479, 22967480, 22967481, 22967482, 22967483, 22967484, 22967485, 22967486, 22967487, 22967488, 22967489, 22967490, 22967491, 22967492, 22967493, 22967494]",19,22967484,ruby,ok,,ruby,rspec,1.0,,120,0,120,0,,4.38,,0
23027174,KatanaCode/blogit,0.0,,,ruby,,master,2,a08edef9ebfc1993ba6ec17967bb46876eda60e3#1eb6f685e98ea04ce156b34eced6faaf0f259c7f,merge_found,,,2014-04-14 16:40:51,3,1eb6f685e98ea04ce156b34eced6faaf0f259c7f,1,1eb6f685e98ea04ce156b34eced6faaf0f259c7f,,1eb6f685e98ea04ce156b34eced6faaf0f259c7f,,0,,34,0,2,0,0,0,0,2,0,0,1,851,1265.56991774383,97.5323149236193,141.010575793185,1.0,,2014-04-15 10:46:54,2014-04-15 10:47:37,passed,5049,"[23027175, 23027176, 23027177, 23027178, 23027179, 23027180, 23027181, 23027182, 23027183, 23027184, 23027185, 23027186, 23027187, 23027190, 23027193, 23027194, 23027195, 23027196]",20,23027194,ruby,ok,,ruby,rspec,1.0,,120,0,120,0,,2.17,,0
24914469,KatanaCode/blogit,0.0,,,ruby,,master,,,merge_found,,,,3,c6d8660524f28fb735e37387157d7e003d38b5d3#2c06cfef9b69d367b53fd8b05a615c9a93079a99#40bfab81fc9c84f51d0f29013af9db0fbd8586fa,3,c6d8660524f28fb735e37387157d7e003d38b5d3,,c6d8660524f28fb735e37387157d7e003d38b5d3,,0,,156,180,0,1,24,0,0,17,5,3,115,832,1300.48076923077,99.7596153846154,144.230769230769,1.0,,,2014-05-11 13:59:10,failed,3732,"[24914470, 24914471, 24914472, 24914473, 24914474, 24914475, 24914476, 24914477, 24914478, 24914479, 24914480, 24914481, 24914482, 24914483, 24914484, 24914485, 24914486, 24914487]",22,24914477,ruby,unknown,,ruby,,0.0,,,,,,,,,0
24915171,KatanaCode/blogit,0.0,,,ruby,,master,1,b0385201b8dae2ff9f861354c98f7b8b902b789e,build_found,c6d8660524f28fb735e37387157d7e003d38b5d3,24914469,2014-05-11 14:14:53,3,b0385201b8dae2ff9f861354c98f7b8b902b789e,1,b0385201b8dae2ff9f861354c98f7b8b902b789e,,b0385201b8dae2ff9f861354c98f7b8b902b789e,,0,,0,0,0,0,1,0,0,0,0,1,13,832,1300.48076923077,99.7596153846154,144.230769230769,1.0,,2014-05-11 14:15:19,2014-05-11 14:15:51,failed,4100,"[24915172, 24915173, 24915174, 24915175, 24915176, 24915177, 24915178, 24915179, 24915180, 24915181, 24915182, 24915183, 24915184, 24915185, 24915186, 24915187, 24915188, 24915189]",23,24915180,ruby,unknown,,ruby,,0.0,,,,,,,,,0
24921485,KatanaCode/blogit,0.0,,,ruby,,master,4,dcc65205e27a610a02cf16cb67263380ab7259be#54df2b016053b4bf3882b23db0b721229eb895fe#50ef0f4f0c54e12940f34fd8f3729092f0fc498d#a7f6c3b1a551302b7b92bea0fb5affa01a73c7e1,build_found,b0385201b8dae2ff9f861354c98f7b8b902b789e,24915171,2014-05-11 15:27:31,3,a7f6c3b1a551302b7b92bea0fb5affa01a73c7e1#50ef0f4f0c54e12940f34fd8f3729092f0fc498d#54df2b016053b4bf3882b23db0b721229eb895fe#dcc65205e27a610a02cf16cb67263380ab7259be,4,a7f6c3b1a551302b7b92bea0fb5affa01a73c7e1,,a7f6c3b1a551302b7b92bea0fb5affa01a73c7e1,,0,,192,69,1,7,10,0,0,15,0,3,75,812,1316.50246305419,102.216748768473,147.783251231527,1.0,,2014-05-11 16:39:54,2014-05-11 16:40:29,failed,4912,"[24921486, 24921487, 24921488, 24921489, 24921490, 24921491, 24921492, 24921493, 24921494, 24921495, 24921496, 24921497, 24921498, 24921499, 24921500, 24921501, 24921502, 24921503, 24921504, 24921505, 24921506]",24,24921490,ruby,broken,,ruby,,1.0,,,0,,,,,,0
24923341,KatanaCode/blogit,0.0,,,ruby,,master,1,bfa8fa2241b5b425771fb736e442467f8b9f6f93,build_found,a7f6c3b1a551302b7b92bea0fb5affa01a73c7e1,24921485,2014-05-11 17:14:03,3,bfa8fa2241b5b425771fb736e442467f8b9f6f93,1,bfa8fa2241b5b425771fb736e442467f8b9f6f93,,bfa8fa2241b5b425771fb736e442467f8b9f6f93,,0,,4,0,0,0,2,0,0,1,0,1,43,812,1316.50246305419,102.216748768473,147.783251231527,1.0,,2014-05-11 17:14:19,2014-05-11 17:14:59,failed,256,[24923342],25,24923342,ruby,broken,,ruby,,1.0,,,0,,,,,,0
24923709,KatanaCode/blogit,0.0,,,ruby,,master,1,9b30383e7dd936a4431cd393c66842958034c6ab,build_found,c57d838edff1f23d5653585453aeedcaa928e6c4,24923568,2014-05-11 17:24:17,3,9b30383e7dd936a4431cd393c66842958034c6ab,1,9b30383e7dd936a4431cd393c66842958034c6ab,,9b30383e7dd936a4431cd393c66842958034c6ab,,0,,2,0,0,0,1,0,0,1,0,0,31,812,1316.50246305419,102.216748768473,147.783251231527,1.0,,2014-05-11 17:24:29,2014-05-11 17:24:59,failed,230,[24923710],27,24923710,ruby,broken,,ruby,,1.0,,,0,,,,,,0
24924847,KatanaCode/blogit,0.0,,,ruby,,master,2,d3d1454dbf4467f6f571bf721cd964ec99a736cd#3f918bb7649afcd7ab7051003258db07f8aa2e52,build_found,9b30383e7dd936a4431cd393c66842958034c6ab,24923709,2014-05-11 17:44:46,3,3f918bb7649afcd7ab7051003258db07f8aa2e52#d3d1454dbf4467f6f571bf721cd964ec99a736cd,2,3f918bb7649afcd7ab7051003258db07f8aa2e52,,3f918bb7649afcd7ab7051003258db07f8aa2e52,,0,,0,34,2,0,2,0,0,3,0,1,32,812,1323.89162561576,102.216748768473,147.783251231527,1.0,,2014-05-11 17:46:37,2014-05-11 17:47:08,failed,235,[24924848],28,24924848,ruby,broken,,ruby,rspec,1.0,,68,52,120,0,,0.79,,0
24926010,KatanaCode/blogit,0.0,,,ruby,,master,1,c835fa35d3712d1b3b62515a58a1b205958b1d83,build_found,3f918bb7649afcd7ab7051003258db07f8aa2e52,24924847,2014-05-11 18:15:35,3,c835fa35d3712d1b3b62515a58a1b205958b1d83,1,c835fa35d3712d1b3b62515a58a1b205958b1d83,,c835fa35d3712d1b3b62515a58a1b205958b1d83,,0,,0,111,5,0,2,0,0,8,0,1,24,812,1432.26600985222,102.216748768473,147.783251231527,1.0,,2014-05-11 18:15:49,2014-05-11 18:16:32,passed,248,[24926011],29,24926011,ruby,ok,,ruby,rspec,1.0,,120,0,120,0,,13.26,,0
24927657,KatanaCode/blogit,0.0,,,ruby,,master,1,d028ba345699b86ccf9ed1daa5c1735914a54328,build_found,dac27989dfd11576eaba21b0affbb29a933457ec,24927233,2014-05-11 18:55:12,3,d028ba345699b86ccf9ed1daa5c1735914a54328,1,d028ba345699b86ccf9ed1daa5c1735914a54328,,d028ba345699b86ccf9ed1daa5c1735914a54328,,0,,0,0,0,0,1,0,0,0,0,1,21,812,1432.26600985222,102.216748768473,147.783251231527,1.0,,2014-05-11 18:55:21,2014-05-11 18:56:05,failed,236,[24927658],32,24927658,ruby,broken,,ruby,rspec,1.0,,120,0,120,0,,1.43,,0
24928302,KatanaCode/blogit,0.0,,,ruby,,master,1,b443373fdb73ab448bb4ece44e32318087e75053,build_found,d028ba345699b86ccf9ed1daa5c1735914a54328,24927657,2014-05-11 19:10:00,3,b443373fdb73ab448bb4ece44e32318087e75053,1,b443373fdb73ab448bb4ece44e32318087e75053,,b443373fdb73ab448bb4ece44e32318087e75053,,0,,0,0,0,0,1,0,0,0,0,1,22,812,1432.26600985222,102.216748768473,147.783251231527,1.0,,2014-05-11 19:10:12,2014-05-11 19:10:38,failed,4719,"[24928303, 24928304, 24928305, 24928306, 24928307, 24928308, 24928309, 24928310, 24928311, 24928312, 24928313, 24928314, 24928315, 24928316, 24928317, 24928318, 24928319, 24928320, 24928321, 24928322, 24928323]",33,24928314,ruby,unknown,,ruby,,0.0,,,,,,,,,0
24929523,KatanaCode/blogit,0.0,,,ruby,,master,1,774e45bfbbb0e5cffe2faf10a08440d1d75cdfdb,build_found,b443373fdb73ab448bb4ece44e32318087e75053,24928302,2014-05-11 19:41:59,3,774e45bfbbb0e5cffe2faf10a08440d1d75cdfdb,1,774e45bfbbb0e5cffe2faf10a08440d1d75cdfdb,,774e45bfbbb0e5cffe2faf10a08440d1d75cdfdb,,0,,2,0,0,0,1,0,0,1,0,0,24,811,1434.03205918619,102.342786683107,147.965474722565,1.0,,2014-05-11 19:42:00,2014-05-11 19:42:35,failed,4734,"[24929524, 24929525, 24929526, 24929527, 24929528, 24929529, 24929530, 24929531, 24929532, 24929535, 24929536, 24929537, 24929538, 24929539, 24929540, 24929541, 24929542, 24929543, 24929544, 24929545, 24929546]",34,24929531,ruby,ok,,ruby,rspec,1.0,,120,0,120,0,,4.55,,0
67848322,KatanaCode/blogit,0.0,,,ruby,,master,3,f8049f627e0615d6b338c23d9fa3fe842a9f06d3#aecb57de79bccf268f353b1579d77fa05d75cd7f#a07647c0881e91050e331e1592365cb76b97f59c,build_found,c098ef6313c3846a829dd0ee14c78696d40506db,67845376,2015-06-22 14:19:38,3,a07647c0881e91050e331e1592365cb76b97f59c#aecb57de79bccf268f353b1579d77fa05d75cd7f#f8049f627e0615d6b338c23d9fa3fe842a9f06d3,3,a07647c0881e91050e331e1592365cb76b97f59c,,a07647c0881e91050e331e1592365cb76b97f59c,,0,,45,2,6,1,42,0,0,7,41,3,30,891,1000.0,54.9943883277217,78.5634118967452,1.0,,2015-06-22 14:27:28,2015-06-22 15:57:27,failed,10320,"[67848323, 67848324, 67848325, 67848329, 67848330, 67848332, 67848333, 67848334, 67848335, 67848336, 67848337, 67848338, 67848339, 67848340, 67848341, 67848348, 67848351, 67848352, 67848353, 67848354, 67848355, 67848356, 67848357, 67848358, 67848359, 67848360, 67848361, 67848362, 67848365, 67848366, 67848367, 67848368, 67848369, 67848370, 67848371, 67848372, 67848373, 67848374, 67848375, 67848376, 67848377, 67848378, 67848379, 67848381, 67848383, 67848386, 67848387, 67848388, 67848389, 67848390]",64,67848341,ruby,broken,14,ruby,rspec,1.0,,47,39,86,0,,0.61,,0
67869265,KatanaCode/blogit,0.0,,,ruby,,master,2,ecff459c1c65d75f93f694a575dbdbf0b695bb49#2f5e920eef9ca155c3dc37a3423c97405c86ceca,merge_found,,,2015-06-22 16:50:48,3,2f5e920eef9ca155c3dc37a3423c97405c86ceca,1,2f5e920eef9ca155c3dc37a3423c97405c86ceca,,2f5e920eef9ca155c3dc37a3423c97405c86ceca,,0,,1,2,3,0,3,0,0,2,0,4,76,887,1007.89177001127,55.2423900789177,78.9177001127396,1.0,,2015-06-22 16:51:11,2015-06-22 17:49:54,failed,9893,"[67869266, 67869267, 67869268, 67869269, 67869270, 67869271, 67869272, 67869273, 67869274, 67869275, 67869276, 67869277, 67869278, 67869279, 67869280, 67869281, 67869282, 67869283, 67869284, 67869285, 67869286, 67869287, 67869288, 67869289, 67869290, 67869291, 67869292, 67869293, 67869294, 67869295, 67869301, 67869303, 67869304, 67869305, 67869306, 67869307, 67869308, 67869309, 67869310, 67869311, 67869312, 67869313, 67869314, 67869315, 67869316, 67869317, 67869318, 67869319, 67869320, 67869321]",70,67869277,ruby,broken,12,ruby,rspec,1.0,,60,26,86,0,,0.92,,0
67870633,KatanaCode/blogit,0.0,,,ruby,,master,1,dbbbf528f810f359b1ec23f4ad928dd8286b21b5,build_found,2f5e920eef9ca155c3dc37a3423c97405c86ceca,67869265,2015-06-22 17:01:15,3,dbbbf528f810f359b1ec23f4ad928dd8286b21b5,1,dbbbf528f810f359b1ec23f4ad928dd8286b21b5,,dbbbf528f810f359b1ec23f4ad928dd8286b21b5,,0,,25,0,0,0,2,0,0,1,1,0,47,890,1004.49438202247,55.0561797752809,78.6516853932584,1.0,,2015-06-22 17:01:39,2015-06-22 18:50:38,failed,10437,"[67870634, 67870635, 67870636, 67870637, 67870638, 67870639, 67870640, 67870641, 67870642, 67870643, 67870644, 67870645, 67870646, 67870647, 67870648, 67870649, 67870650, 67870651, 67870652, 67870653, 67870654, 67870655, 67870656, 67870657, 67870658, 67870659, 67870660, 67870661, 67870662, 67870663, 67870664, 67870665, 67870666, 67870667, 67870668, 67870669, 67870670, 67870671, 67870672, 67870673, 67870674, 67870675, 67870676, 67870679, 67870682, 67870686, 67870687, 67870688, 67870689, 67870690]",71,67870669,ruby,broken,14,ruby,rspec,1.0,,56,30,86,0,,2.02,,0
67873152,KatanaCode/blogit,0.0,,,ruby,,master,2,0de93759eb9225efd4c18700aecb68dec3e1c7e2#f6e4bae73cf7acf0531a42ee70bbfaf40569ed53,build_found,dbbbf528f810f359b1ec23f4ad928dd8286b21b5,67870633,2015-06-22 17:17:31,3,f6e4bae73cf7acf0531a42ee70bbfaf40569ed53#0de93759eb9225efd4c18700aecb68dec3e1c7e2,2,f6e4bae73cf7acf0531a42ee70bbfaf40569ed53,,f6e4bae73cf7acf0531a42ee70bbfaf40569ed53,,0,,6,43,0,0,3,0,0,3,0,0,57,890,1003.37078651685,52.8089887640449,76.4044943820225,1.0,,2015-06-22 17:19:56,2015-06-22 19:49:13,failed,10601,"[67873153, 67873154, 67873155, 67873156, 67873157, 67873159, 67873161, 67873163, 67873165, 67873167, 67873169, 67873170, 67873171, 67873172, 67873173, 67873174, 67873175, 67873176, 67873177, 67873178, 67873179, 67873180, 67873181, 67873182, 67873183, 67873184, 67873185, 67873186, 67873187, 67873188, 67873189, 67873190, 67873191, 67873192, 67873193, 67873194, 67873195, 67873196, 67873197, 67873198, 67873199, 67873200, 67873201, 67873203, 67873205, 67873207, 67873209, 67873211, 67873213, 67873214]",72,67873201,ruby,broken,11,ruby,,0.0,,,,,,,,,0
67874795,KatanaCode/blogit,0.0,,,ruby,,master,1,47286fb51d34c6a1b72d502543b5b7439b694947,build_found,f6e4bae73cf7acf0531a42ee70bbfaf40569ed53,67873152,2015-06-22 17:32:51,3,47286fb51d34c6a1b72d502543b5b7439b694947,1,47286fb51d34c6a1b72d502543b5b7439b694947,,47286fb51d34c6a1b72d502543b5b7439b694947,,0,,13,0,0,0,2,0,0,2,0,0,35,890,1003.37078651685,52.8089887640449,76.4044943820225,1.0,,2015-06-22 17:33:01,2015-06-22 20:51:54,failed,10210,"[67874796, 67874797, 67874798, 67874799, 67874800, 67874801, 67874802, 67874803, 67874804, 67874805, 67874806, 67874807, 67874808, 67874809, 67874810, 67874811, 67874812, 67874813, 67874814, 67874815, 67874816, 67874817, 67874818, 67874819, 67874820, 67874821, 67874822, 67874823, 67874824, 67874825, 67874826, 67874827, 67874828, 67874829, 67874830, 67874831, 67874832, 67874833, 67874834, 67874835, 67874836, 67874837, 67874838, 67874839, 67874840, 67874841, 67874842, 67874843, 67874844, 67874845]",73,67874819,ruby,broken,17,ruby,,0.0,,,,,,,,,0
67875340,KatanaCode/blogit,0.0,,,ruby,,master,2,d9635c1746547e1e62f8f2f3199101c1644dcd04#15c50087866f05033f2f9bf17ee5f68613c1d93b,build_found,47286fb51d34c6a1b72d502543b5b7439b694947,67874795,2015-06-22 17:33:34,3,15c50087866f05033f2f9bf17ee5f68613c1d93b#d9635c1746547e1e62f8f2f3199101c1644dcd04,2,15c50087866f05033f2f9bf17ee5f68613c1d93b,,15c50087866f05033f2f9bf17ee5f68613c1d93b,,0,,2,0,0,0,45,0,0,1,41,3,47,890,1003.37078651685,52.8089887640449,76.4044943820225,1.0,,2015-06-22 17:36:01,2015-06-22 21:47:51,failed,10595,"[67875341, 67875342, 67875343, 67875344, 67875345, 67875346, 67875347, 67875348, 67875349, 67875350, 67875351, 67875352, 67875353, 67875354, 67875355, 67875356, 67875357, 67875358, 67875359, 67875360, 67875361, 67875362, 67875363, 67875364, 67875365, 67875366, 67875368, 67875370, 67875371, 67875372, 67875373, 67875374, 67875375, 67875376, 67875377, 67875378, 67875379, 67875380, 67875381, 67875382, 67875383, 67875384, 67875385, 67875386, 67875388, 67875390, 67875392, 67875394, 67875397, 67875398]",74,67875382,ruby,broken,13,ruby,rspec,1.0,,56,28,84,0,,0.65,,0
67883468,KatanaCode/blogit,0.0,,,ruby,,master,6,39ae5fb96f6ff9d0215abc387f358e3dad710502#180bdf102b17fc02baf077e1e6c4f36f5e7dd6e0#b1efbcad2375813cca82684a2a45add5f3bc956c#d5ec3c5fe9011e677876991cfea2f4fc510576e4#db2a4dad50e48f885e8761b59fbca79271814e21#c005ade99683075085bfabc19d3327d634bbd6e7,merge_found,,,2015-06-22 18:09:30,3,c005ade99683075085bfabc19d3327d634bbd6e7#db2a4dad50e48f885e8761b59fbca79271814e21,2,c005ade99683075085bfabc19d3327d634bbd6e7,,c005ade99683075085bfabc19d3327d634bbd6e7,,0,,5,0,0,0,3,0,0,3,0,0,43,894,1135.34675615213,59.2841163310962,90.6040268456376,1.0,,2015-06-22 18:35:53,2015-06-22 22:45:04,failed,10249,"[67883470, 67883471, 67883472, 67883473, 67883474, 67883475, 67883476, 67883477, 67883478, 67883479, 67883480, 67883481, 67883482, 67883483, 67883485, 67883486, 67883487, 67883489, 67883493, 67883497, 67883499, 67883501, 67883502, 67883504, 67883505, 67883506, 67883507, 67883508, 67883509, 67883510, 67883511, 67883512, 67883513, 67883514, 67883515, 67883516, 67883517, 67883518, 67883519, 67883520, 67883521, 67883522, 67883523, 67883524, 67883525, 67883526, 67883527, 67883528, 67883529, 67883530]",75,67883483,ruby,broken,26,ruby,rspec,1.0,,60,28,88,0,,0.8,,0
67885274,KatanaCode/blogit,0.0,,,ruby,,master,2,2297161894c2b0ab9a82f643881f400a7b140316#f9701bc5d74023307d1b9d036460bf52a2c86aef,build_found,c005ade99683075085bfabc19d3327d634bbd6e7,67883533,2015-06-22 18:39:35,3,f9701bc5d74023307d1b9d036460bf52a2c86aef#2297161894c2b0ab9a82f643881f400a7b140316,2,f9701bc5d74023307d1b9d036460bf52a2c86aef,,f9701bc5d74023307d1b9d036460bf52a2c86aef,,0,,35,0,0,0,46,0,0,3,41,2,53,894,1135.34675615213,59.2841163310962,90.6040268456376,1.0,,2015-06-22 18:46:48,2015-06-23 00:24:21,failed,9858,"[67885275, 67885280, 67885283, 67885285, 67885287, 67885288, 67885289, 67885290, 67885291, 67885292, 67885293, 67885294, 67885295, 67885296, 67885297, 67885299, 67885300, 67885303, 67885306, 67885309, 67885311, 67885312, 67885313, 67885314, 67885315, 67885318, 67885321, 67885324, 67885326, 67885327, 67885328, 67885329, 67885330, 67885331, 67885332, 67885333, 67885334, 67885335, 67885336, 67885337, 67885338, 67885339, 67885340, 67885341, 67885342, 67885343, 67885344, 67885345, 67885346, 67885347]",77,67885289,ruby,broken,13,ruby,rspec,1.0,,60,28,88,0,,1.69,,0
67950314,KatanaCode/blogit,0.0,,,ruby,,master,2,3bae8bc24499e856f146015b785ddfb2791e885e#18f0055b90a3f99a663f7c85d103e9a0260fbe86,build_found,f9701bc5d74023307d1b9d036460bf52a2c86aef,67885274,2015-06-23 06:26:58,3,18f0055b90a3f99a663f7c85d103e9a0260fbe86#3bae8bc24499e856f146015b785ddfb2791e885e,2,18f0055b90a3f99a663f7c85d103e9a0260fbe86,,18f0055b90a3f99a663f7c85d103e9a0260fbe86,,0,,5,0,0,0,2,0,0,2,0,0,78,896,1132.8125,59.1517857142857,90.4017857142857,1.0,,2015-06-23 06:27:36,2015-06-23 07:17:46,failed,9570,"[67950315, 67950316, 67950317, 67950318, 67950319, 67950320, 67950321, 67950322, 67950323, 67950324, 67950325, 67950326, 67950327, 67950328, 67950329, 67950330, 67950331, 67950332, 67950333, 67950334, 67950335, 67950336, 67950337, 67950338, 67950339, 67950340, 67950341, 67950342, 67950343, 67950344, 67950345, 67950346, 67950347, 67950348, 67950349, 67950350, 67950351, 67950352, 67950353, 67950354, 67950355, 67950356, 67950357, 67950358, 67950359, 67950360, 67950361, 67950362, 67950363, 67950364]",78,67950357,ruby,broken,11,ruby,,0.0,,,,,,,,,0
69502488,KatanaCode/blogit,0.0,,,ruby,,master,3,3f2b8efe2107b7844c2e123d64cca4ddfc074ed9#2fb66b7b202ee220a103f7dcf4e9b7c37e673f3b#97a4a98bc339e2d2493e48f2c7ae6e1e888315d2,merge_found,,,2015-07-04 00:13:00,3,97a4a98bc339e2d2493e48f2c7ae6e1e888315d2,1,97a4a98bc339e2d2493e48f2c7ae6e1e888315d2,,97a4a98bc339e2d2493e48f2c7ae6e1e888315d2,,0,,0,0,0,0,2,0,0,0,0,2,41,896,1132.8125,59.1517857142857,90.4017857142857,1.0,,2015-07-04 00:15:22,2015-07-04 00:23:15,failed,348,"[69502490, 69502491]",83,69502491,ruby,broken,19,ruby,rspec,1.0,,88,0,88,0,,1.4,,0
69503739,KatanaCode/blogit,0.0,,,ruby,,master,3,279a520253779fca67c44f72b492dc0ff49682d5#3f6dda0b1dba0c5a2bfd7681896d5a4195712c5a#e90ac116592a82e1bb62bdb4458473e1cdc5034c,merge_found,,,2015-07-04 00:31:42,3,e90ac116592a82e1bb62bdb4458473e1cdc5034c,1,e90ac116592a82e1bb62bdb4458473e1cdc5034c,,e90ac116592a82e1bb62bdb4458473e1cdc5034c,,0,,26,0,0,0,2,0,0,1,0,1,37,896,1132.8125,59.1517857142857,90.4017857142857,1.0,,2015-07-04 00:36:49,2015-07-04 00:37:53,failed,156,[69503740],84,69503740,ruby,broken,24,ruby,rspec,1.0,,88,0,88,0,,1.33,,0
69504099,KatanaCode/blogit,0.0,,,ruby,,master,2,4e2a66ff59f90f0b8ed024b38fb31c7a6b117323#0236e4b1915ef1cf26cd0e6e520177321fc05682,merge_found,,,2015-07-04 00:42:42,3,0236e4b1915ef1cf26cd0e6e520177321fc05682,1,0236e4b1915ef1cf26cd0e6e520177321fc05682,,0236e4b1915ef1cf26cd0e6e520177321fc05682,,0,,0,0,0,1,0,0,0,0,0,1,4,896,1132.8125,59.1517857142857,90.4017857142857,1.0,,2015-07-04 00:43:12,2015-07-04 00:44:35,failed,155,[69504100],85,69504100,ruby,broken,20,ruby,rspec,1.0,,88,0,88,0,,1.28,,0
69556762,KatanaCode/blogit,0.0,,,ruby,,master,3,a3bffb7a96d56e665ac7822085bbb1703574137b#e6e8fb99abe623b44bba2d922e94ec7641cb79fa#6b811c70073b7ef30df08bb821d22ee0c665a985,merge_found,,,2015-07-04 17:34:29,3,6b811c70073b7ef30df08bb821d22ee0c665a985,1,6b811c70073b7ef30df08bb821d22ee0c665a985,,6b811c70073b7ef30df08bb821d22ee0c665a985,,0,,0,0,0,3,0,0,0,0,0,3,7,896,1129.46428571429,59.1517857142857,90.4017857142857,1.0,,2015-07-04 17:35:07,2015-07-04 17:40:30,failed,1163,"[69556763, 69556764, 69556765, 69556766, 69556767, 69556768, 69556769, 69556770, 69556771]",98,69556765,ruby,broken,16,ruby,,0.0,,,,,,,,,0
69559071,KatanaCode/blogit,0.0,,,ruby,,master,2,b2c47a713a084aeccc06bad01538b99f4593b271#1cd6bc6c760a833199d90c6c1aa9438f0233d509,merge_found,,,2015-07-04 18:09:30,3,1cd6bc6c760a833199d90c6c1aa9438f0233d509,1,1cd6bc6c760a833199d90c6c1aa9438f0233d509,,1cd6bc6c760a833199d90c6c1aa9438f0233d509,,0,,8,0,0,5,6,0,0,2,0,9,77,896,1129.46428571429,59.1517857142857,90.4017857142857,1.0,,2015-07-04 18:09:50,2015-07-04 18:11:50,failed,1127,"[69559072, 69559073, 69559074, 69559075, 69559076, 69559077, 69559078, 69559079, 69559080]",99,69559078,ruby,broken,15,ruby,,1.0,,,0,,,,,,0
69562249,KatanaCode/blogit,0.0,,,ruby,,master,2,16cc1e1c50b567bc7c791272e9e00609b82dabdd#888ae2c5fc40f43060b84bca1b3a135f1a689a2b,merge_found,,,2015-07-04 18:44:28,3,888ae2c5fc40f43060b84bca1b3a135f1a689a2b,1,888ae2c5fc40f43060b84bca1b3a135f1a689a2b,,888ae2c5fc40f43060b84bca1b3a135f1a689a2b,,0,,0,0,0,0,1,0,0,0,0,1,51,896,1129.46428571429,59.1517857142857,90.4017857142857,1.0,,2015-07-04 18:44:52,2015-07-04 18:47:14,failed,1285,"[69562251, 69562253, 69562255, 69562256, 69562257, 69562258, 69562259, 69562260, 69562261]",100,69562258,ruby,broken,20,ruby,,0.0,,,,,,,,,0
69563806,KatanaCode/blogit,0.0,,,ruby,,master,2,171ae30c23d193ec0c0b9ae9793c1c00c8a71670#5f4ec40b0663f1e72e9e47ea0e7a9995c4e75290,merge_found,,,2015-07-04 19:08:38,3,5f4ec40b0663f1e72e9e47ea0e7a9995c4e75290,1,5f4ec40b0663f1e72e9e47ea0e7a9995c4e75290,,5f4ec40b0663f1e72e9e47ea0e7a9995c4e75290,,0,,19,13,2,0,7,0,0,3,0,6,81,896,1133.92857142857,59.1517857142857,90.4017857142857,1.0,,2015-07-04 19:09:37,2015-07-04 19:19:09,failed,1729,"[69563807, 69563808, 69563809, 69563810, 69563811, 69563812, 69563813, 69563814, 69563815, 69563816, 69563817, 69563818]",101,69563812,ruby,ok,18,ruby,rspec,1.0,,88,0,88,0,,1.63,,0
69582975,KatanaCode/blogit,0.0,,,ruby,,master,2,da3b9f52941657207d3189e3e54934d81c29fb24#c4fb47ef493b0a1543ca0f4fbaee8baa2d4c3c8f,merge_found,,,2015-07-05 00:33:46,3,c4fb47ef493b0a1543ca0f4fbaee8baa2d4c3c8f,1,c4fb47ef493b0a1543ca0f4fbaee8baa2d4c3c8f,,c4fb47ef493b0a1543ca0f4fbaee8baa2d4c3c8f,,0,,1,86,5,0,2,0,0,6,0,1,54,896,1112.72321428571,59.1517857142857,90.4017857142857,1.0,,2015-07-05 00:34:06,2015-07-05 00:40:52,failed,1835,"[69582976, 69582978, 69582980, 69582981, 69582983, 69582985, 69582988, 69582990, 69582992, 69582993, 69582995, 69582997]",104,69582992,ruby,broken,22,ruby,rspec,1.0,,88,0,88,0,,1.04,,0
72963558,KatanaCode/blogit,0.0,,,ruby,,master,1,b605935c6be69e32a34cc65ccefd1cc286cbc2ab,build_found,c4fb47ef493b0a1543ca0f4fbaee8baa2d4c3c8f,69582975,2015-07-28 07:39:18,3,b605935c6be69e32a34cc65ccefd1cc286cbc2ab,1,b605935c6be69e32a34cc65ccefd1cc286cbc2ab,,b605935c6be69e32a34cc65ccefd1cc286cbc2ab,,0,,3,0,0,0,1,0,0,1,0,0,37,896,1112.72321428571,59.1517857142857,90.4017857142857,1.0,,2015-07-28 07:39:20,2015-07-28 07:54:17,failed,1996,"[72963564, 72963565, 72963566, 72963567, 72963568, 72963569, 72963570, 72963571, 72963572, 72963573, 72963574, 72963575]",105,72963568,ruby,broken,27,ruby,rspec,1.0,,88,0,88,0,,1.22,,0
78264677,KatanaCode/blogit,0.0,,,ruby,,master,3,a0abd10c9c02beb8c1f2b474719ef22af79e5d95#1ef4e4861de3116e8c26d46247a4c93e3fb54201#145a088d89d220e60862389f8ce4143078827e77,merge_found,,,2015-09-01 17:29:54,3,145a088d89d220e60862389f8ce4143078827e77,1,145a088d89d220e60862389f8ce4143078827e77,,145a088d89d220e60862389f8ce4143078827e77,,0,,0,0,0,2,0,0,0,0,0,2,5,896,1112.72321428571,59.1517857142857,90.4017857142857,1.0,,2015-09-01 17:31:23,2015-09-01 17:43:35,failed,1966,"[78264678, 78264679, 78264680, 78264681, 78264682, 78264683, 78264684, 78264685, 78264686, 78264687, 78264688, 78264689]",112,78264679,ruby,broken,24,ruby,rspec,1.0,,88,0,88,0,,1.11,,0
80655354,KatanaCode/blogit,0.0,,,ruby,,master,3,a625822c69af591fbe47bec715583ac535fed24a#46a39230ee9bae65cf561b5076a8c7052d9defe6#67619a86a436c632b47b11f45bef00454dcce54f,merge_found,,,2015-09-16 15:04:00,3,67619a86a436c632b47b11f45bef00454dcce54f,1,67619a86a436c632b47b11f45bef00454dcce54f,,67619a86a436c632b47b11f45bef00454dcce54f,,0,,3,0,0,2,1,0,0,1,0,2,44,896,1112.72321428571,59.1517857142857,90.4017857142857,1.0,,2015-09-16 15:05:46,2015-09-16 15:06:42,failed,2070,"[80655355, 80655356, 80655357, 80655361, 80655363, 80655368, 80655370, 80655374, 80655379, 80655381, 80655382, 80655383]",115,80655382,ruby,broken,27,ruby,rspec,1.0,,88,0,88,0,,1.49,,0
87222998,KatanaCode/blogit,0.0,,,ruby,,master,2,cbccecc0d29409b95a9b7b6b158186f6397c24e9#cdb7d1b049f8f397cf4da858130573d1fec3cf32,merge_found,,,2015-10-24 18:06:50,3,cdb7d1b049f8f397cf4da858130573d1fec3cf32,1,cdb7d1b049f8f397cf4da858130573d1fec3cf32,,cdb7d1b049f8f397cf4da858130573d1fec3cf32,,0,,44,0,0,0,44,0,0,2,42,0,25,896,1112.72321428571,59.1517857142857,90.4017857142857,1.0,,2015-10-24 18:11:03,2015-10-24 18:11:58,failed,1859,"[87223000, 87223002, 87223004, 87223006, 87223008, 87223010, 87223012, 87223014, 87223016, 87223017, 87223019, 87223021]",116,87223008,ruby,broken,21,ruby,,1.0,,,0,,,,,,0
89109861,KatanaCode/blogit,1.0,2015-11-03 21:17:16,82,ruby,commits_in_master,master,2,34b71bfc7d516f307655a7dc0a65632aba121d8e#25ca80991d5bf15cd06f5a79f000eaefeaa9742e,build_found,67619a86a436c632b47b11f45bef00454dcce54f,80655354,2015-11-03 06:34:10,3,34b71bfc7d516f307655a7dc0a65632aba121d8e,1,34b71bfc7d516f307655a7dc0a65632aba121d8e,cdb7d1b049f8f397cf4da858130573d1fec3cf32,99eb17f0570b0305156ed6ee511673d4dca23dc6,0,0,0,151,0,1,0,6,0,0,7,0,0,98,916,1088.42794759825,57.8602620087336,88.4279475982533,0.0,142,2015-11-16 18:59:40,2015-11-03 22:18:22,failed,1960,"[89109862, 89109863, 89109864, 89109866, 89109868, 89109869, 89109870, 89109875, 89109878, 89109879, 89109880, 89109881]",117,89109880,ruby,broken,21,ruby,rspec,1.0,,88,0,88,0,,1.78,,0
91442636,KatanaCode/blogit,0.0,,,ruby,,master,2,34b71bfc7d516f307655a7dc0a65632aba121d8e#25ca80991d5bf15cd06f5a79f000eaefeaa9742e,merge_found,,,2015-11-03 06:34:10,3,25ca80991d5bf15cd06f5a79f000eaefeaa9742e,1,25ca80991d5bf15cd06f5a79f000eaefeaa9742e,,25ca80991d5bf15cd06f5a79f000eaefeaa9742e,,0,,151,0,1,0,6,0,0,7,0,0,99,916,1088.42794759825,57.8602620087336,88.4279475982533,1.0,,2015-11-16 18:59:40,2015-11-16 19:02:51,failed,2005,"[91442638, 91442641, 91442643, 91442644, 91442645, 91442646, 91442649, 91442651, 91442658, 91442666, 91442673, 91442680]",119,91442651,ruby,broken,26,ruby,,1.0,,,0,,,,,,0
115391614,KatanaCode/blogit,0.0,,,ruby,,master,1,6d9d7ebdab5a71491ddc994549fbcc6e97c89741,build_found,25ca80991d5bf15cd06f5a79f000eaefeaa9742e,91442636,2016-03-11 18:57:25,3,6d9d7ebdab5a71491ddc994549fbcc6e97c89741,1,6d9d7ebdab5a71491ddc994549fbcc6e97c89741,,6d9d7ebdab5a71491ddc994549fbcc6e97c89741,,0,,10,0,0,0,1,0,0,1,0,0,39,916,1088.42794759825,57.8602620087336,88.4279475982533,1.0,,2016-03-11 18:58:00,2016-03-11 19:05:12,failed,1322,"[115391615, 115391616, 115391617, 115391618, 115391619, 115391621, 115391622, 115391624, 115391625, 115391626, 115391627, 115391628]",123,115391626,ruby,broken,13,ruby,rspec,1.0,,88,0,88,0,,0.87,,0
115461552,KatanaCode/blogit,0.0,,,ruby,,master,1,91cb7a45670655f630d70971ad006e406cd8f8f2,merge_found,,,2016-03-12 01:05:25,3,91cb7a45670655f630d70971ad006e406cd8f8f2,1,91cb7a45670655f630d70971ad006e406cd8f8f2,,91cb7a45670655f630d70971ad006e406cd8f8f2,,0,,58,0,0,2,6,0,0,5,3,1,113,917,1087.24100327154,57.7971646673937,88.3315158124318,1.0,,2016-03-12 01:05:50,2016-03-12 02:09:15,failed,1220,"[115461553, 115461554, 115461557, 115461558, 115461559, 115461560, 115461561, 115461562, 115461563, 115461564, 115461565, 115461566]",131,115461560,ruby,broken,13,ruby,,1.0,,,0,,,,,,0
120682748,KatanaCode/blogit,0.0,,,ruby,,master,,,build_found,91cb7a45670655f630d70971ad006e406cd8f8f2,115461552,,3,afb1cfa54b864bf7edb9a743c55043c9072416d8,1,afb1cfa54b864bf7edb9a743c55043c9072416d8,,afb1cfa54b864bf7edb9a743c55043c9072416d8,,0,,6,0,0,0,1,0,0,1,0,0,40,917,1087.24100327154,57.7971646673937,88.3315158124318,1.0,,,2016-04-04 17:40:01,failed,1269,"[120682749, 120682750, 120682751, 120682752, 120682753, 120682754, 120682755, 120682756, 120682757, 120682758, 120682759, 120682760]",134,120682749,ruby,broken,13,ruby,,1.0,,,0,,,,,,0
