tr_build_id,gh_project_name,gh_is_pr,gh_pr_created_at,gh_pull_req_num,gh_lang,git_merged_with,git_branch,gh_num_commits_in_push,gh_commits_in_push,git_prev_commit_resolution_status,git_prev_built_commit,tr_prev_build,gh_first_commit_created_at,gh_team_size,git_all_built_commits,git_num_all_built_commits,git_trigger_commit,tr_virtual_merged_into,tr_original_commit,gh_num_issue_comments,gh_num_commit_comments,gh_num_pr_comments,git_diff_src_churn,git_diff_test_churn,gh_diff_files_added,gh_diff_files_deleted,gh_diff_files_modified,gh_diff_tests_added,gh_diff_tests_deleted,gh_diff_src_files,gh_diff_doc_files,gh_diff_other_files,gh_num_commits_on_files_touched,gh_sloc,gh_test_lines_per_kloc,gh_test_cases_per_kloc,gh_asserts_cases_per_kloc,gh_by_core_team_member,gh_description_complexity,gh_pushed_at,gh_build_started_at,tr_status,tr_duration,tr_jobs,tr_build_number,tr_job_id,tr_log_lan,tr_log_status,tr_log_setup_time,tr_log_analyzer,tr_log_frameworks,tr_log_bool_tests_ran,tr_log_bool_tests_failed,tr_log_num_tests_ok,tr_log_num_tests_failed,tr_log_num_tests_run,tr_log_num_tests_skipped,tr_log_tests_failed,tr_log_testduration,tr_log_buildduration,build_successful
580030,bokmann/business_time,0.0,,,ruby,,master,1,07253988c715785a2acbea3bf5371fa4e16a7ce7,merge_found,,,2012-01-26 16:59:54,2,07253988c715785a2acbea3bf5371fa4e16a7ce7#47541dd9a14b810d85e29f4a459fc5d0a43e9733#eb883a66f75e75b3525722a77b5973929a768987,3,07253988c715785a2acbea3bf5371fa4e16a7ce7,,07253988c715785a2acbea3bf5371fa4e16a7ce7,,0,,1,9,1,0,2,0,0,2,0,1,14,220,2677.27272727273,359.090909090909,1131.81818181818,1.0,,2012-01-26 17:00:00,2012-01-26 17:00:33,failed,316,"[580032, 580035, 580033, 580031, 580034]",1,580034,ruby,unknown,,ruby,,0.0,,,,,,,,,0
580066,bokmann/business_time,0.0,,,ruby,,master,1,91e5cd0e63577a208c7f94df58740453a4602259,build_found,07253988c715785a2acbea3bf5371fa4e16a7ce7,580030,2012-01-26 17:04:45,2,91e5cd0e63577a208c7f94df58740453a4602259,1,91e5cd0e63577a208c7f94df58740453a4602259,,91e5cd0e63577a208c7f94df58740453a4602259,,0,,0,0,0,0,1,0,0,0,0,1,1,220,2677.27272727273,359.090909090909,1131.81818181818,1.0,,2012-01-26 17:04:53,2012-01-26 17:04:52,passed,121,"[580067, 580068]",2,580068,ruby,unknown,,ruby,,0.0,,,,,,,,,0
580137,bokmann/business_time,0.0,,,ruby,,master,1,6364e3c2dacd8a75a6b282d2aa570c177fd1de0d,build_found,91e5cd0e63577a208c7f94df58740453a4602259,580066,2012-01-26 17:24:25,2,6364e3c2dacd8a75a6b282d2aa570c177fd1de0d,1,6364e3c2dacd8a75a6b282d2aa570c177fd1de0d,,6364e3c2dacd8a75a6b282d2aa570c177fd1de0d,,0,,0,0,0,0,1,0,0,0,0,0,20,220,2677.27272727273,359.090909090909,1131.81818181818,1.0,,2012-01-26 17:24:31,2012-01-26 17:24:34,passed,113,"[580139, 580138]",3,580138,ruby,unknown,,ruby,,0.0,,,,,,,,,0
620998,bokmann/business_time,0.0,,,ruby,,master,2,04bce9b97656d59e2f1bf8865fd6547bd33bec33#0c824e1e9bcbbe87df90bdef077ec56e17fd0b25,merge_found,,,2012-02-03 14:23:11,2,0c824e1e9bcbbe87df90bdef077ec56e17fd0b25,1,0c824e1e9bcbbe87df90bdef077ec56e17fd0b25,,0c824e1e9bcbbe87df90bdef077ec56e17fd0b25,,0,,39,51,0,0,3,0,0,2,0,0,29,244,2590.16393442623,352.459016393443,1086.06557377049,1.0,,2012-02-03 15:24:04,2012-02-03 15:24:05,failed,124,"[621000, 620999]",4,620999,ruby,unknown,,ruby,,0.0,,,,,,,,,0
621125,bokmann/business_time,0.0,,,ruby,,master,3,f8857ebe93387a3e843a823f322566c1c4c9891e#b06c58b65582db70e245addf40c2b54c12975f47#774e3f0093fef1c38a76b1c7098858b36e9031fb,build_found,0c824e1e9bcbbe87df90bdef077ec56e17fd0b25,620998,2012-02-03 15:44:04,2,774e3f0093fef1c38a76b1c7098858b36e9031fb#b06c58b65582db70e245addf40c2b54c12975f47#f8857ebe93387a3e843a823f322566c1c4c9891e,3,774e3f0093fef1c38a76b1c7098858b36e9031fb,,774e3f0093fef1c38a76b1c7098858b36e9031fb,,0,,1,6,0,0,3,0,0,2,0,0,28,245,2579.59183673469,351.020408163265,1081.63265306122,1.0,,2012-02-03 15:50:56,2012-02-03 15:50:58,passed,124,"[621126, 621127]",5,621126,ruby,unknown,,ruby,,0.0,,,,,,,,,0
621176,bokmann/business_time,0.0,,,ruby,,master,1,3a147c843700e309eef28a62cf5de73a95b473ce,build_found,774e3f0093fef1c38a76b1c7098858b36e9031fb,621125,2012-02-03 16:00:04,2,3a147c843700e309eef28a62cf5de73a95b473ce,1,3a147c843700e309eef28a62cf5de73a95b473ce,,3a147c843700e309eef28a62cf5de73a95b473ce,,0,,0,0,0,0,1,0,0,0,0,0,24,245,2579.59183673469,351.020408163265,1081.63265306122,1.0,,2012-02-03 16:00:10,2012-02-03 16:00:11,passed,159,"[621178, 621177]",6,621177,ruby,unknown,,ruby,,0.0,,,,,,,,,0
621194,bokmann/business_time,0.0,,,ruby,,master,1,9c3d615fd5cc949a7108ddcd331f362e61293236,build_found,3a147c843700e309eef28a62cf5de73a95b473ce,621176,2012-02-03 16:01:07,2,9c3d615fd5cc949a7108ddcd331f362e61293236,1,9c3d615fd5cc949a7108ddcd331f362e61293236,,9c3d615fd5cc949a7108ddcd331f362e61293236,,0,,0,0,0,0,1,0,0,0,0,0,25,245,2579.59183673469,351.020408163265,1081.63265306122,1.0,,2012-02-03 16:01:24,2012-02-03 16:05:41,passed,132,"[621196, 621195]",7,621196,ruby,unknown,,ruby,,0.0,,,,,,,,,0
621216,bokmann/business_time,0.0,,,ruby,,master,1,50797e58a5b81a900a4a3447f43a446aff4231bb,build_found,9c3d615fd5cc949a7108ddcd331f362e61293236,621194,2012-02-03 16:04:56,2,50797e58a5b81a900a4a3447f43a446aff4231bb,1,50797e58a5b81a900a4a3447f43a446aff4231bb,,50797e58a5b81a900a4a3447f43a446aff4231bb,,0,,2,0,0,0,1,0,0,1,0,0,2,245,2579.59183673469,351.020408163265,1081.63265306122,1.0,,2012-02-03 16:05:20,2012-02-03 16:09:49,failed,151,"[621218, 621217]",8,621217,ruby,unknown,,ruby,,0.0,,,,,,,,,0
621334,bokmann/business_time,0.0,,,ruby,,master,1,d94ca44955dc0efd9d1c83520cbf90a0ddedae32,build_found,50797e58a5b81a900a4a3447f43a446aff4231bb,621216,2012-02-03 16:22:46,2,d94ca44955dc0efd9d1c83520cbf90a0ddedae32,1,d94ca44955dc0efd9d1c83520cbf90a0ddedae32,,d94ca44955dc0efd9d1c83520cbf90a0ddedae32,,0,,4,0,0,0,2,0,0,2,0,0,3,245,2579.59183673469,351.020408163265,1081.63265306122,1.0,,2012-02-03 16:22:50,2012-02-03 16:23:58,passed,134,"[621336, 621335]",9,621335,ruby,unknown,,ruby,,0.0,,,,,,,,,0
648275,bokmann/business_time,0.0,,,ruby,,master,1,3624856afc1a58e1827babdb1826c60c69001fa6,build_found,d94ca44955dc0efd9d1c83520cbf90a0ddedae32,621334,2012-02-07 18:05:15,2,3624856afc1a58e1827babdb1826c60c69001fa6,1,3624856afc1a58e1827babdb1826c60c69001fa6,,3624856afc1a58e1827babdb1826c60c69001fa6,,0,,25,0,0,0,4,0,0,4,0,0,8,245,2579.59183673469,351.020408163265,1081.63265306122,0.0,,2012-02-09 03:09:04,2012-02-09 03:09:05,failed,130,"[648277, 648276]",11,648277,ruby,unknown,,ruby,,0.0,,,,,,,,,0
1078266,bokmann/business_time,0.0,,,ruby,,master,2,1bd7505ed4bd47e043924e88a918b7c0e9154078#06c4dab8179a3a9cd340afc6e76c39638e830fb1,merge_found,,,2012-04-05 16:35:09,2,06c4dab8179a3a9cd340afc6e76c39638e830fb1,1,06c4dab8179a3a9cd340afc6e76c39638e830fb1,,06c4dab8179a3a9cd340afc6e76c39638e830fb1,,0,,3,0,0,0,1,0,0,1,0,0,9,244,2590.16393442623,352.459016393443,1086.06557377049,1.0,,2012-04-12 23:43:32,2012-04-12 23:43:34,failed,77,"[1078268, 1078267]",16,1078267,ruby,unknown,,ruby,,0.0,,,,,,,,,0
1078286,bokmann/business_time,0.0,,,ruby,,master,1,092e9f8a77cb188daf7500b09827e3d508e26996,merge_found,,,2012-04-12 23:49:36,2,092e9f8a77cb188daf7500b09827e3d508e26996,1,092e9f8a77cb188daf7500b09827e3d508e26996,,092e9f8a77cb188daf7500b09827e3d508e26996,,0,,9,0,0,0,4,0,0,3,0,1,24,247,2558.7044534413,348.178137651822,1072.87449392713,1.0,,2012-04-12 23:49:54,2012-04-12 23:49:54,passed,110,"[1078287, 1078289, 1078288]",17,1078289,ruby,unknown,,ruby,,0.0,,,,,,,,,0
1078407,bokmann/business_time,0.0,,,ruby,,master,1,7ff95382bcb8fcc0b47fa4ff4309eba089606f04,build_found,092e9f8a77cb188daf7500b09827e3d508e26996,1078286,2012-04-13 00:15:57,2,7ff95382bcb8fcc0b47fa4ff4309eba089606f04,1,7ff95382bcb8fcc0b47fa4ff4309eba089606f04,,7ff95382bcb8fcc0b47fa4ff4309eba089606f04,,0,,5,0,0,0,2,0,0,2,0,0,4,247,2558.7044534413,348.178137651822,1072.87449392713,1.0,,2012-04-13 00:16:05,2012-04-13 00:16:09,passed,119,"[1078409, 1078408, 1078410]",18,1078409,ruby,unknown,,ruby,,0.0,,,,,,,,,0
1078412,bokmann/business_time,0.0,,,ruby,,master,1,49e9db78de8647451315bacc08047bdf41b835f7,build_found,7ff95382bcb8fcc0b47fa4ff4309eba089606f04,1078407,2012-04-13 00:17:38,2,49e9db78de8647451315bacc08047bdf41b835f7,1,49e9db78de8647451315bacc08047bdf41b835f7,,49e9db78de8647451315bacc08047bdf41b835f7,,0,,2,0,0,0,1,0,0,1,0,0,5,247,2558.7044534413,348.178137651822,1072.87449392713,1.0,,2012-04-13 00:17:45,2012-04-13 00:17:47,passed,114,"[1078415, 1078414, 1078413]",19,1078413,ruby,unknown,,ruby,,0.0,,,,,,,,,0
1817079,bokmann/business_time,0.0,,,ruby,,master,4,595f43541c89bb5144c778e8974e5c5f32f4d33b#63eb74ab9ec044aa5d686d46e9db13bac370a9d5#317b760cf21f5a969b0d751372a034abce1ce9ef#ff4b579e676f96638b79ea46371b4c97a289a14f,merge_found,,,2012-05-11 12:46:31,3,ff4b579e676f96638b79ea46371b4c97a289a14f,1,ff4b579e676f96638b79ea46371b4c97a289a14f,,ff4b579e676f96638b79ea46371b4c97a289a14f,,0,,44,55,0,0,2,0,0,2,0,0,17,249,2698.79518072289,357.429718875502,1116.46586345382,1.0,,2012-07-09 14:47:00,2012-07-09 14:47:01,passed,83,"[1817082, 1817080, 1817081]",20,1817082,ruby,unknown,,ruby,,0.0,,,,,,,,,0
1817083,bokmann/business_time,0.0,,,ruby,,master,2,1486e8e9b4770759aaaf8123ffe044980624bec4#5345d158d7c953d3b03292762315a618058ada81,merge_found,,,2012-05-16 20:43:21,3,5345d158d7c953d3b03292762315a618058ada81,1,5345d158d7c953d3b03292762315a618058ada81,,5345d158d7c953d3b03292762315a618058ada81,,0,,0,0,0,0,1,0,0,0,0,0,27,249,2698.79518072289,357.429718875502,1116.46586345382,1.0,,2012-07-09 14:47:38,2012-07-09 14:47:37,passed,82,"[1817084, 1817085, 1817086]",21,1817086,ruby,unknown,,ruby,,0.0,,,,,,,,,0
1893978,bokmann/business_time,0.0,,,ruby,,master,2,d33419c5b258a26040c5287af8ba2789486db9a3#44dc4890ca0dc54aed6a3d726516c142c186d953,merge_found,,,2012-07-17 11:03:57,2,44dc4890ca0dc54aed6a3d726516c142c186d953,1,44dc4890ca0dc54aed6a3d726516c142c186d953,,44dc4890ca0dc54aed6a3d726516c142c186d953,,0,,18,0,3,0,1,0,0,4,0,0,10,249,2698.79518072289,357.429718875502,1116.46586345382,1.0,,2012-07-18 11:20:07,2012-07-18 11:20:54,passed,87,"[1893981, 1893980, 1893979]",22,1893979,ruby,unknown,,ruby,,0.0,,,,,,,,,0
2243386,bokmann/business_time,1.0,2012-08-26 16:28:38,22,ruby,merge_button,master,2,8891708f12c380a8cbd35a2a5a166db6ef843aef#68cd7e7575ed34e95aa813e21f36f781b547bb1d,build_found,44dc4890ca0dc54aed6a3d726516c142c186d953,1893978,2012-08-26 18:26:23,2,8891708f12c380a8cbd35a2a5a166db6ef843aef,1,8891708f12c380a8cbd35a2a5a166db6ef843aef,44dc4890ca0dc54aed6a3d726516c142c186d953,7be1df7f4d45a5aee36906656a35a0c4b111d4d7,2,0,0,5,0,0,0,1,0,0,1,0,0,3,249,2698.79518072289,357.429718875502,1116.46586345382,1.0,37,2012-08-26 18:59:36,2012-08-26 18:28:45,passed,102,"[2243389, 2243387, 2243388]",23,2243389,ruby,unknown,,ruby,,0.0,,,,,,,,,0
2243679,bokmann/business_time,0.0,,,ruby,,master,2,8891708f12c380a8cbd35a2a5a166db6ef843aef#68cd7e7575ed34e95aa813e21f36f781b547bb1d,merge_found,,,2012-08-26 18:26:23,3,68cd7e7575ed34e95aa813e21f36f781b547bb1d,1,68cd7e7575ed34e95aa813e21f36f781b547bb1d,,68cd7e7575ed34e95aa813e21f36f781b547bb1d,,0,,5,0,0,0,1,0,0,1,0,0,4,249,2698.79518072289,357.429718875502,1116.46586345382,1.0,,2012-08-26 18:59:36,2012-08-26 18:59:39,passed,88,"[2243682, 2243680, 2243681]",24,2243680,ruby,unknown,,ruby,,0.0,,,,,,,,,0
2243691,bokmann/business_time,0.0,,,ruby,,master,3,d91af65cb8579d92c24ad47026b0aefc3f3fd7a2#0de51318b0720a0cf425669274dbd1ad6e776bde#6742b7f5b2a694ee104780da31497bd8147c11eb,merge_found,,,2012-05-10 20:44:22,3,6742b7f5b2a694ee104780da31497bd8147c11eb,1,6742b7f5b2a694ee104780da31497bd8147c11eb,,6742b7f5b2a694ee104780da31497bd8147c11eb,,0,,30,57,0,0,2,0,0,2,0,0,13,262,2648.85496183206,354.961832061069,1103.0534351145,1.0,,2012-08-26 19:00:48,2012-08-26 19:00:49,passed,102,"[2243694, 2243693, 2243692]",25,2243693,ruby,unknown,,ruby,,0.0,,,,,,,,,0
2243708,bokmann/business_time,0.0,,,ruby,,master,2,d6f657c3b593c3273b5ec606b88fcd44e0927dd2#3b135be4dacec85abf59113fc1f91a5fb7652352,merge_found,,,2012-04-16 00:13:03,3,3b135be4dacec85abf59113fc1f91a5fb7652352,1,3b135be4dacec85abf59113fc1f91a5fb7652352,,3b135be4dacec85abf59113fc1f91a5fb7652352,,0,,16,15,0,0,2,0,0,2,0,0,13,262,2694.65648854962,362.595419847328,1125.95419847328,1.0,,2012-08-26 19:02:55,2012-08-26 19:02:59,passed,96,"[2243711, 2243710, 2243709]",26,2243711,ruby,unknown,,ruby,,0.0,,,,,,,,,0
3067635,bokmann/business_time,1.0,2012-11-05 14:05:14,25,ruby,merge_button,master,3,4b7eac7ffa0a580a2bbf4e08854d3c0a5c5a8ecc#3a053a6ca4c08dd1afa1244e0d9630243b67e2f2#b2689ccc666633efe39317e0a9c1fc2c28a6ee98,build_found,3b135be4dacec85abf59113fc1f91a5fb7652352,2243708,2012-11-05 13:12:51,2,3a053a6ca4c08dd1afa1244e0d9630243b67e2f2#4b7eac7ffa0a580a2bbf4e08854d3c0a5c5a8ecc,2,3a053a6ca4c08dd1afa1244e0d9630243b67e2f2,3b135be4dacec85abf59113fc1f91a5fb7652352,850ff933af1358979ad6d763a4150d2f97a5f202,0,0,0,128,86,0,0,6,0,0,6,0,0,32,306,2526.14379084967,330.065359477124,1009.80392156863,0.0,25,2013-02-01 21:02:33,2012-11-05 15:05:19,passed,105,"[3067639, 3067637, 3067636]",28,3067639,ruby,unknown,,ruby,,0.0,,,,,,,,,0
3331904,bokmann/business_time,1.0,2012-11-23 19:31:42,27,ruby,merge_button,master,2,7c84d115c519c7d295c51f2d552b14f3075947bc#5e0470b87d222e6b30019aadbbbad962882a7525,build_found,3b135be4dacec85abf59113fc1f91a5fb7652352,2243708,2012-11-23 20:30:22,2,7c84d115c519c7d295c51f2d552b14f3075947bc,1,7c84d115c519c7d295c51f2d552b14f3075947bc,3b135be4dacec85abf59113fc1f91a5fb7652352,5ec97b0c4e644cc45e94d7f8de5953dd68a84c17,0,0,0,2,0,0,0,1,0,0,1,0,0,5,262,2694.65648854962,362.595419847328,1125.95419847328,0.0,43,2013-02-01 20:47:51,2012-11-23 20:31:50,passed,124,"[3331911, 3331909, 3331907]",29,3331911,ruby,unknown,,ruby,,0.0,,,,,,,,,0
4525043,bokmann/business_time,0.0,,,ruby,,master,2,7c84d115c519c7d295c51f2d552b14f3075947bc#5e0470b87d222e6b30019aadbbbad962882a7525,merge_found,,,2012-11-23 20:30:22,2,5e0470b87d222e6b30019aadbbbad962882a7525,1,5e0470b87d222e6b30019aadbbbad962882a7525,,5e0470b87d222e6b30019aadbbbad962882a7525,,0,,2,0,0,0,1,0,0,1,0,0,6,262,2694.65648854962,362.595419847328,1125.95419847328,1.0,,2013-02-01 20:47:51,2013-02-01 20:48:05,passed,99,"[4525046, 4525044, 4525045]",31,4525046,java,unknown,,java-ant,,0.0,,,,,,,,,0
4525226,bokmann/business_time,0.0,,,ruby,,master,3,4b7eac7ffa0a580a2bbf4e08854d3c0a5c5a8ecc#3a053a6ca4c08dd1afa1244e0d9630243b67e2f2#b2689ccc666633efe39317e0a9c1fc2c28a6ee98,merge_found,,,2012-11-05 13:12:51,2,b2689ccc666633efe39317e0a9c1fc2c28a6ee98,1,b2689ccc666633efe39317e0a9c1fc2c28a6ee98,,b2689ccc666633efe39317e0a9c1fc2c28a6ee98,,0,,108,86,0,0,6,0,0,6,0,0,34,306,2526.14379084967,330.065359477124,1009.80392156863,1.0,,2013-02-01 21:02:33,2013-02-01 21:02:49,passed,92,"[4525227, 4525228, 4525229]",32,4525229,java,unknown,,java-ant,,0.0,,,,,,,,,0
4537301,bokmann/business_time,1.0,2013-02-02 16:27:12,29,ruby,merge_button,master,,,build_found,b2689ccc666633efe39317e0a9c1fc2c28a6ee98,4525226,,2,688b86db24ac81959bfaa19d4ef24f69674849ea,1,688b86db24ac81959bfaa19d4ef24f69674849ea,b2689ccc666633efe39317e0a9c1fc2c28a6ee98,c6b5048bbf7003171caa8ea843ee133f2bbdbbc5,0,0,0,0,0,0,0,1,0,0,0,0,0,29,306,2526.14379084967,330.065359477124,1009.80392156863,1.0,17,,2013-02-02 17:32:47,passed,102,"[4537304, 4537303, 4537302]",33,4537304,java,unknown,,java-ant,,0.0,,,,,,,,,0
5121660,bokmann/business_time,1.0,2013-02-28 00:33:36,30,ruby,merge_button,master,,,build_found,b2689ccc666633efe39317e0a9c1fc2c28a6ee98,4525226,,2,8dd101963d5fbda3f689e9b675d85539107dc50d,1,8dd101963d5fbda3f689e9b675d85539107dc50d,b2689ccc666633efe39317e0a9c1fc2c28a6ee98,306ce487e80dba703b830100a151ba6c7cebceba,0,0,0,2,0,0,0,1,0,0,1,0,0,2,306,2526.14379084967,330.065359477124,1009.80392156863,1.0,15,,2013-02-28 01:33:50,passed,94,"[5121662, 5121661, 5121663]",34,5121662,ruby,ok,,ruby,,0.0,,,,,,,,,0
5760249,bokmann/business_time,1.0,2013-03-24 15:15:31,31,ruby,merge_button,master,,,build_found,b2689ccc666633efe39317e0a9c1fc2c28a6ee98,4525226,,3,ae351560c03688a88085274a4d0a88be1aa10bab,1,ae351560c03688a88085274a4d0a88be1aa10bab,b2689ccc666633efe39317e0a9c1fc2c28a6ee98,90f9c6ed2a45e706f894e56e648e79c92f665594,0,0,0,0,0,0,0,1,0,0,0,0,0,29,306,2526.14379084967,330.065359477124,1009.80392156863,1.0,5,,2013-03-24 16:16:17,passed,102,"[5760251, 5760252, 5760250]",35,5760251,ruby,ok,,ruby,,0.0,,,,,,,,,0
5791393,bokmann/business_time,0.0,,,ruby,,master,,,merge_found,,,,3,6ccaa98d8ca180cf8851c1f80bab392d6cfee616,1,6ccaa98d8ca180cf8851c1f80bab392d6cfee616,,6ccaa98d8ca180cf8851c1f80bab392d6cfee616,,0,,217,205,0,0,10,0,0,12,0,0,73,306,2526.14379084967,330.065359477124,1009.80392156863,1.0,,,2013-03-25 20:20:35,passed,103,"[5791395, 5791396, 5791394]",37,5791394,ruby,ok,,ruby,,0.0,,,,,,,,,0
5791488,bokmann/business_time,0.0,,,ruby,,master,,,merge_found,,,,3,d203edcef7a25f6261a9cf3149d399a3aea86ac0,1,d203edcef7a25f6261a9cf3149d399a3aea86ac0,,d203edcef7a25f6261a9cf3149d399a3aea86ac0,,0,,0,0,0,0,1,0,0,0,0,0,31,306,2526.14379084967,330.065359477124,1009.80392156863,1.0,,,2013-03-25 20:24:19,passed,114,"[5791491, 5791490, 5791489]",39,5791491,java,ok,,java-ant,,0.0,,,,,,,,,0
5791535,bokmann/business_time,0.0,,,ruby,,master,,,merge_found,,,,3,856ee7c9af31e8b6997d789fa74ea376a9cffb0f,1,856ee7c9af31e8b6997d789fa74ea376a9cffb0f,,856ee7c9af31e8b6997d789fa74ea376a9cffb0f,,0,,2,0,0,0,1,0,0,1,0,0,3,306,2526.14379084967,330.065359477124,1009.80392156863,1.0,,,2013-03-25 20:25:31,passed,122,"[5791538, 5791536, 5791537]",40,5791538,java,ok,,java-ant,,0.0,,,,,,,,,0
5791553,bokmann/business_time,0.0,,,ruby,,master,,,merge_found,,,,3,faa097a01e7ab7ef4c39d8b1b1e73932dc4d6036,1,faa097a01e7ab7ef4c39d8b1b1e73932dc4d6036,,faa097a01e7ab7ef4c39d8b1b1e73932dc4d6036,,0,,0,0,0,0,1,0,0,0,0,0,33,306,2526.14379084967,330.065359477124,1009.80392156863,1.0,,,2013-03-25 20:27:30,passed,113,"[5791556, 5791555, 5791554]",41,5791554,ruby,ok,,ruby,,0.0,,,,,,,,,0
6074510,bokmann/business_time,1.0,2013-04-05 05:59:57,35,ruby,merge_button,master,2,4e8e787c08394a52df7eb592827defc4d3fe48a0#8d2f3bc5751a846a21abc6074cb6c43bd7dc19c8,build_found,faa097a01e7ab7ef4c39d8b1b1e73932dc4d6036,5791755,2013-04-05 07:54:53,3,4e8e787c08394a52df7eb592827defc4d3fe48a0,1,4e8e787c08394a52df7eb592827defc4d3fe48a0,faa097a01e7ab7ef4c39d8b1b1e73932dc4d6036,dfc9d8ffc40aac3159a862f91e9b776e392309b7,0,0,0,0,0,0,0,1,0,0,0,0,0,34,306,2526.14379084967,330.065359477124,1009.80392156863,0.0,6,2013-10-25 11:28:51,2013-04-05 08:03:07,passed,95,"[6074513, 6074512, 6074511]",45,6074512,ruby,ok,,ruby,,0.0,,,,,,,,,0
10117138,bokmann/business_time,0.0,,,ruby,,master,2,68fbdddb494773d8447f309cd37ac0996abee484#befcd09f817e6ae9afaa30874f3bf050b155312c,build_found,68fbdddb494773d8447f309cd37ac0996abee484,5791772,2013-03-25 20:31:45,2,befcd09f817e6ae9afaa30874f3bf050b155312c,1,befcd09f817e6ae9afaa30874f3bf050b155312c,,befcd09f817e6ae9afaa30874f3bf050b155312c,,0,,27,0,0,0,1,0,0,1,0,0,10,306,2526.14379084967,330.065359477124,1009.80392156863,1.0,,2013-08-12 14:27:51,2013-08-12 14:29:56,passed,237,"[10117139, 10117141, 10117140]",48,10117140,ruby,ok,,ruby,,0.0,,,,,,,,,0
10117277,bokmann/business_time,0.0,,,ruby,,master,1,e158d667352ee7bc706aafe6b1f2d37a2f175f70,build_found,b9214a2796807305137c98aa01a9a518a40a1698,10117236,2013-08-12 14:30:49,2,e158d667352ee7bc706aafe6b1f2d37a2f175f70,1,e158d667352ee7bc706aafe6b1f2d37a2f175f70,,e158d667352ee7bc706aafe6b1f2d37a2f175f70,,0,,2,0,0,0,1,0,0,1,0,0,11,306,2526.14379084967,330.065359477124,1009.80392156863,1.0,,2013-08-12 14:30:56,2013-08-12 14:34:30,passed,167,"[10117280, 10117278, 10117279]",50,10117278,ruby,ok,,ruby,,0.0,,,,,,,,,0
10142637,bokmann/business_time,1.0,2013-08-13 03:13:47,42,ruby,merge_button,master,3,376d9713cea041d7fd410cd899a5c56d1e57b2d2#ca45265291ab4a42804ffbbe222e9e0bf4841b9e#d28c164c38d82c09714639c75c9d49b0a973dc46,build_found,e158d667352ee7bc706aafe6b1f2d37a2f175f70,10117277,2013-08-13 05:05:51,2,ca45265291ab4a42804ffbbe222e9e0bf4841b9e#376d9713cea041d7fd410cd899a5c56d1e57b2d2,2,ca45265291ab4a42804ffbbe222e9e0bf4841b9e,e158d667352ee7bc706aafe6b1f2d37a2f175f70,dec0eab23624f1b21f663eb33cfdaf65bbbaa491,0,0,0,6,0,0,0,1,0,0,1,0,0,10,306,2526.14379084967,330.065359477124,1009.80392156863,1.0,99,2013-10-25 11:35:15,2013-08-13 05:14:27,passed,149,"[10142640, 10142638, 10142639]",53,10142638,ruby,ok,,ruby,,0.0,,,,,,,,,0
12999379,bokmann/business_time,1.0,2013-10-24 16:14:52,49,ruby,merge_button,master,3,ffc50aecc909591beef5ef4ba9b69763d37c070e#e118d7af226febf36d63c310d397b1ec2123fe52#c00cc78b9ceea9218b07b2a8375d4d6241c7a461,build_found,e158d667352ee7bc706aafe6b1f2d37a2f175f70,10117277,2013-10-24 18:08:26,2,e118d7af226febf36d63c310d397b1ec2123fe52#ffc50aecc909591beef5ef4ba9b69763d37c070e,2,e118d7af226febf36d63c310d397b1ec2123fe52,e158d667352ee7bc706aafe6b1f2d37a2f175f70,52201ddc910f33ce49cc440fc5c53ca08e5f6b83,0,0,0,10,44,0,0,2,0,0,2,0,0,16,310,2622.58064516129,338.709677419355,1022.58064516129,1.0,43,2014-01-09 14:06:00,2013-10-24 18:17:47,passed,185,"[12999380, 12999381, 12999382]",57,12999380,ruby,ok,,ruby,,0.0,,,,,,,,,0
13033155,bokmann/business_time,0.0,,,ruby,,master,2,4e8e787c08394a52df7eb592827defc4d3fe48a0#8d2f3bc5751a846a21abc6074cb6c43bd7dc19c8,merge_found,,,2013-04-05 07:54:53,2,8d2f3bc5751a846a21abc6074cb6c43bd7dc19c8,1,8d2f3bc5751a846a21abc6074cb6c43bd7dc19c8,,8d2f3bc5751a846a21abc6074cb6c43bd7dc19c8,,0,,0,0,0,0,1,0,0,0,0,0,36,306,2526.14379084967,330.065359477124,1009.80392156863,1.0,,2013-10-25 11:28:51,2013-10-25 11:29:44,passed,125,"[13033156, 13033157, 13033158]",58,13033158,java,ok,,java-ant,,0.0,,,,,,,,,0
13033443,bokmann/business_time,0.0,,,ruby,,master,3,376d9713cea041d7fd410cd899a5c56d1e57b2d2#ca45265291ab4a42804ffbbe222e9e0bf4841b9e#d28c164c38d82c09714639c75c9d49b0a973dc46,merge_found,,,2013-08-13 05:05:51,2,d28c164c38d82c09714639c75c9d49b0a973dc46,1,d28c164c38d82c09714639c75c9d49b0a973dc46,,d28c164c38d82c09714639c75c9d49b0a973dc46,,0,,4,0,0,0,1,0,0,1,0,0,12,306,2526.14379084967,330.065359477124,1009.80392156863,1.0,,2013-10-25 11:35:15,2013-10-25 11:35:59,passed,113,"[13033444, 13033445, 13033446]",59,13033446,java,ok,,java-ant,,0.0,,,,,,,,,0
14601641,bokmann/business_time,1.0,2013-11-27 12:58:36,51,ruby,merge_button,master,2,9c3f5cb88a86f1d5e83873bde1ba24441bc85f3a#2bef836d4fc087b9cf20692ad81c31296c6cc49d,build_found,d28c164c38d82c09714639c75c9d49b0a973dc46,13033443,2013-11-27 13:58:59,2,9c3f5cb88a86f1d5e83873bde1ba24441bc85f3a,1,9c3f5cb88a86f1d5e83873bde1ba24441bc85f3a,d28c164c38d82c09714639c75c9d49b0a973dc46,1991787ab17d7631224f4136d7d6a24d45b192ac,0,0,0,6,0,0,0,1,0,0,1,0,0,8,306,2526.14379084967,330.065359477124,1009.80392156863,1.0,21,2014-01-09 14:06:49,2013-11-27 13:59:24,passed,157,"[14601642, 14601643, 14601644]",60,14601644,ruby,ok,,ruby,,0.0,,,,,,,,,0
15658920,bokmann/business_time,1.0,2013-12-18 16:09:28,52,ruby,merge_button,master,2,a8d7def0e9a78a1e44e14abc0d2218f74dda0e05#79b996e45619013f61d8a15a486ebdc2b097410b,build_found,d28c164c38d82c09714639c75c9d49b0a973dc46,13033443,2013-12-18 17:04:18,2,a8d7def0e9a78a1e44e14abc0d2218f74dda0e05,1,a8d7def0e9a78a1e44e14abc0d2218f74dda0e05,d28c164c38d82c09714639c75c9d49b0a973dc46,6f7733b4ca4eb84a26adc3bcd8e607654316be2b,0,0,0,10,0,0,0,2,0,0,2,0,0,12,306,2526.14379084967,330.065359477124,1009.80392156863,1.0,26,2014-01-09 14:03:31,2013-12-18 17:19:27,passed,178,"[15658921, 15658922, 15658923]",61,15658923,ruby,ok,,ruby,,0.0,,,,,,,,,0
16636913,bokmann/business_time,1.0,2014-01-09 06:04:05,53,ruby,merge_button,master,3,3e6452bf6a62633457d2a9da57866bfe07623c8a#88950a0306a86764baa15ed386ab7d57ddb423f1#e5ec29f096ec9d7bc76a434765e444185402af38,build_found,d28c164c38d82c09714639c75c9d49b0a973dc46,13033443,2014-01-09 06:59:15,2,3e6452bf6a62633457d2a9da57866bfe07623c8a,1,3e6452bf6a62633457d2a9da57866bfe07623c8a,d28c164c38d82c09714639c75c9d49b0a973dc46,575e7afcd3ef192303a1bf3c2346f0ae1d56a122,0,0,0,0,0,0,0,1,0,0,0,0,0,37,306,2526.14379084967,330.065359477124,1009.80392156863,1.0,9,2014-01-26 11:47:39,2014-01-09 07:04:44,passed,149,"[16636914, 16636915, 16636916]",62,16636915,ruby,ok,,ruby,,0.0,,,,,,,,,0
16655628,bokmann/business_time,0.0,,,ruby,,master,2,a8d7def0e9a78a1e44e14abc0d2218f74dda0e05#79b996e45619013f61d8a15a486ebdc2b097410b,merge_found,,,2013-12-18 17:04:18,2,79b996e45619013f61d8a15a486ebdc2b097410b,1,79b996e45619013f61d8a15a486ebdc2b097410b,,79b996e45619013f61d8a15a486ebdc2b097410b,,0,,10,0,0,0,2,0,0,2,0,0,13,306,2526.14379084967,330.065359477124,1009.80392156863,1.0,,2014-01-09 14:03:31,2014-01-09 14:04:27,passed,168,"[16655629, 16655630, 16655631]",64,16655630,ruby,ok,,ruby,,0.0,,,,,,,,,0
16655778,bokmann/business_time,0.0,,,ruby,,master,3,ffc50aecc909591beef5ef4ba9b69763d37c070e#e118d7af226febf36d63c310d397b1ec2123fe52#c00cc78b9ceea9218b07b2a8375d4d6241c7a461,merge_found,,,2013-10-24 18:08:26,2,c00cc78b9ceea9218b07b2a8375d4d6241c7a461,1,c00cc78b9ceea9218b07b2a8375d4d6241c7a461,,c00cc78b9ceea9218b07b2a8375d4d6241c7a461,,0,,10,44,0,0,2,0,0,2,0,0,18,310,2622.58064516129,338.709677419355,1022.58064516129,1.0,,2014-01-09 14:06:00,2014-01-09 14:06:34,passed,193,"[16655779, 16655780, 16655781]",65,16655780,ruby,ok,,ruby,,0.0,,,,,,,,,0
16655817,bokmann/business_time,0.0,,,ruby,,master,2,9c3f5cb88a86f1d5e83873bde1ba24441bc85f3a#2bef836d4fc087b9cf20692ad81c31296c6cc49d,merge_found,,,2013-11-27 13:58:59,2,2bef836d4fc087b9cf20692ad81c31296c6cc49d,1,2bef836d4fc087b9cf20692ad81c31296c6cc49d,,2bef836d4fc087b9cf20692ad81c31296c6cc49d,,0,,6,0,0,0,1,0,0,1,0,0,9,310,2622.58064516129,338.709677419355,1022.58064516129,1.0,,2014-01-09 14:06:49,2014-01-09 14:07:49,passed,190,"[16655818, 16655819, 16655820]",66,16655819,ruby,ok,,ruby,,0.0,,,,,,,,,0
16658005,bokmann/business_time,0.0,,,ruby,,master,13,4e8e787c08394a52df7eb592827defc4d3fe48a0#376d9713cea041d7fd410cd899a5c56d1e57b2d2#ca45265291ab4a42804ffbbe222e9e0bf4841b9e#ffc50aecc909591beef5ef4ba9b69763d37c070e#e118d7af226febf36d63c310d397b1ec2123fe52#8d2f3bc5751a846a21abc6074cb6c43bd7dc19c8#d28c164c38d82c09714639c75c9d49b0a973dc46#9c3f5cb88a86f1d5e83873bde1ba24441bc85f3a#a8d7def0e9a78a1e44e14abc0d2218f74dda0e05#79b996e45619013f61d8a15a486ebdc2b097410b#c00cc78b9ceea9218b07b2a8375d4d6241c7a461#2bef836d4fc087b9cf20692ad81c31296c6cc49d#b7f1d48a4b330d386f602b8d7fb4d3158e9b9c43,merge_found,,,2013-04-05 07:54:53,2,b7f1d48a4b330d386f602b8d7fb4d3158e9b9c43,1,b7f1d48a4b330d386f602b8d7fb4d3158e9b9c43,,b7f1d48a4b330d386f602b8d7fb4d3158e9b9c43,,0,,30,44,0,0,7,0,0,6,0,0,82,310,2622.58064516129,338.709677419355,1022.58064516129,1.0,,2014-01-09 14:40:17,2014-01-09 14:43:47,passed,195,"[16658006, 16658007, 16658008, 16658009]",68,16658007,ruby,ok,,ruby,,0.0,,,,,,,,,0
16836588,bokmann/business_time,1.0,2014-01-09 06:04:05,53,ruby,merge_button,master,3,3e6452bf6a62633457d2a9da57866bfe07623c8a#88950a0306a86764baa15ed386ab7d57ddb423f1#e5ec29f096ec9d7bc76a434765e444185402af38,build_found,3e6452bf6a62633457d2a9da57866bfe07623c8a,16636913,2014-01-09 06:59:15,2,88950a0306a86764baa15ed386ab7d57ddb423f1,1,88950a0306a86764baa15ed386ab7d57ddb423f1,b7f1d48a4b330d386f602b8d7fb4d3158e9b9c43,8b3a75eab5497eaae62aba6792a09e7a3518b94e,0,0,2,0,0,0,0,1,0,0,0,0,0,38,306,2526.14379084967,330.065359477124,1009.80392156863,1.0,9,2014-01-26 11:47:39,2014-01-12 22:30:49,passed,186,"[16836589, 16836590, 16836591, 16836592]",69,16836590,ruby,ok,,ruby,,0.0,,,,,,,,,0
17641239,bokmann/business_time,0.0,,,ruby,,master,3,3e6452bf6a62633457d2a9da57866bfe07623c8a#88950a0306a86764baa15ed386ab7d57ddb423f1#e5ec29f096ec9d7bc76a434765e444185402af38,merge_found,,,2014-01-09 06:59:15,2,e5ec29f096ec9d7bc76a434765e444185402af38,1,e5ec29f096ec9d7bc76a434765e444185402af38,,e5ec29f096ec9d7bc76a434765e444185402af38,,0,,0,0,0,0,1,0,0,0,0,0,41,310,2622.58064516129,338.709677419355,1022.58064516129,1.0,,2014-01-26 11:47:39,2014-01-26 11:48:06,passed,174,"[17641240, 17641241, 17641242, 17641243]",88,17641240,ruby,ok,,ruby,,0.0,,,,,,,,,0
17672201,bokmann/business_time,0.0,,,ruby,,master,5,3e6452bf6a62633457d2a9da57866bfe07623c8a#88950a0306a86764baa15ed386ab7d57ddb423f1#e5ec29f096ec9d7bc76a434765e444185402af38#634485575269e9b7b112c4be926c741444b56c80#144f202a749e026e1aa5fbf6d526e627104dd76c,merge_found,,,2014-01-09 06:59:15,2,634485575269e9b7b112c4be926c741444b56c80,1,634485575269e9b7b112c4be926c741444b56c80,,634485575269e9b7b112c4be926c741444b56c80,,0,,330,480,0,0,22,0,0,20,0,1,115,333,2510.51051051051,330.33033033033,669.66966966967,1.0,,2014-01-27 01:29:25,2014-01-27 01:30:26,passed,168,"[17672202, 17672203, 17672204, 17672205]",90,17672203,ruby,ok,,ruby,testunit,1.0,,111,0,111,0,,0.25,,0
17672258,bokmann/business_time,0.0,,,ruby,,master,1,57fb83eb418e562b81c0c65036aecc994ec2e712,build_found,144f202a749e026e1aa5fbf6d526e627104dd76c,17672211,2014-01-27 01:30:53,2,57fb83eb418e562b81c0c65036aecc994ec2e712,1,57fb83eb418e562b81c0c65036aecc994ec2e712,,57fb83eb418e562b81c0c65036aecc994ec2e712,,0,,2,0,0,0,1,0,0,1,0,0,21,333,2510.51051051051,330.33033033033,669.66966966967,1.0,,2014-01-27 01:31:04,2014-01-27 01:32:31,passed,159,"[17672259, 17672260, 17672261, 17672262]",92,17672262,ruby,ok,,ruby,testunit,1.0,,111,0,111,0,,1.41,,0
21554286,bokmann/business_time,0.0,,,ruby,,master,1,4aa65863f09fbf871d72a7c6a2b6c077e3adad20,build_found,6ce8d006a1037eb76c9188ccbfb7eae281203482,21105442,2014-03-26 00:07:34,2,4aa65863f09fbf871d72a7c6a2b6c077e3adad20,1,4aa65863f09fbf871d72a7c6a2b6c077e3adad20,,4aa65863f09fbf871d72a7c6a2b6c077e3adad20,,1,,4,0,0,0,2,0,0,2,0,0,31,354,2460.45197740113,319.209039548023,652.542372881356,1.0,,2014-03-26 00:07:44,2014-03-26 00:09:18,passed,258,"[21554287, 21554288, 21554289, 21554290]",123,21554290,ruby,ok,,ruby,testunit,1.0,,114,0,114,0,,1.72,,0
25342591,bokmann/business_time,1.0,2014-05-16 13:39:40,84,ruby,commits_in_master,master,4,5cbfc16de157540770e93e1f61289d422fd20faa#a8e4e3c7ef754983fa3e639dcd772144d614e569#3062b9a2b3abdd3abb743cc86d0cdab7cabe5a51#666dd4a31d1852ad3982e6f2443c98f9a3973612,build_found,4aa65863f09fbf871d72a7c6a2b6c077e3adad20,21554312,2014-05-16 15:28:02,2,5cbfc16de157540770e93e1f61289d422fd20faa,1,5cbfc16de157540770e93e1f61289d422fd20faa,4aa65863f09fbf871d72a7c6a2b6c077e3adad20,4f1b1f4424f261fcbdfa97cfd38d8300afab415c,0,0,0,22,28,0,0,6,0,0,6,0,0,64,359,2484.67966573816,320.33426183844,651.810584958217,0.0,58,2014-06-10 13:16:23,2014-05-16 15:40:32,passed,297,"[25342592, 25342593, 25342594, 25342595]",129,25342595,ruby,ok,,ruby,testunit,1.0,,116,0,116,0,,1.77,,0
25351556,bokmann/business_time,1.0,2014-05-16 13:39:40,84,ruby,commits_in_master,master,4,5cbfc16de157540770e93e1f61289d422fd20faa#a8e4e3c7ef754983fa3e639dcd772144d614e569#3062b9a2b3abdd3abb743cc86d0cdab7cabe5a51#666dd4a31d1852ad3982e6f2443c98f9a3973612,build_found,5cbfc16de157540770e93e1f61289d422fd20faa,25342591,2014-05-16 15:28:02,2,3062b9a2b3abdd3abb743cc86d0cdab7cabe5a51#a8e4e3c7ef754983fa3e639dcd772144d614e569,2,3062b9a2b3abdd3abb743cc86d0cdab7cabe5a51,4aa65863f09fbf871d72a7c6a2b6c077e3adad20,6e6fd7e08e11ddaf9bd7d581d085dd93404344a3,0,0,0,5,2,0,0,2,0,0,2,0,0,12,355,2515.49295774648,323.943661971831,661.971830985916,0.0,58,2014-06-10 13:16:23,2014-05-16 17:34:38,passed,297,"[25351557, 25351558, 25351559, 25351560]",131,25351560,ruby,ok,,ruby,testunit,1.0,,116,0,116,0,,2.36,,0
27217451,bokmann/business_time,0.0,,,ruby,,master,4,5cbfc16de157540770e93e1f61289d422fd20faa#a8e4e3c7ef754983fa3e639dcd772144d614e569#3062b9a2b3abdd3abb743cc86d0cdab7cabe5a51#666dd4a31d1852ad3982e6f2443c98f9a3973612,merge_found,,,2014-05-16 15:28:02,2,666dd4a31d1852ad3982e6f2443c98f9a3973612,1,666dd4a31d1852ad3982e6f2443c98f9a3973612,,666dd4a31d1852ad3982e6f2443c98f9a3973612,,0,,17,28,0,0,5,0,0,5,0,0,66,355,2515.49295774648,323.943661971831,661.971830985916,1.0,,2014-06-10 13:16:23,2014-06-10 13:16:55,passed,130,"[27217452, 27217453, 27217454, 27217455]",133,27217454,ruby,ok,,ruby,testunit,1.0,,116,0,116,0,,0.15,,0
27217586,bokmann/business_time,0.0,,,ruby,,master,3,1bb3aefcdc883048ee82fbd33a231a4a64d30705#b2faad94ce51cb7d4e13ba09d7a133d2e131fd19#d9bbbd99bb9cc53ce29842eaf9dad0f4aa0de24d,merge_found,,,2014-04-14 10:08:19,2,d9bbbd99bb9cc53ce29842eaf9dad0f4aa0de24d,1,d9bbbd99bb9cc53ce29842eaf9dad0f4aa0de24d,,d9bbbd99bb9cc53ce29842eaf9dad0f4aa0de24d,,0,,17,28,0,0,5,0,0,5,0,0,69,355,2515.49295774648,323.943661971831,661.971830985916,1.0,,2014-06-10 13:18:01,2014-06-10 13:18:31,passed,136,"[27217587, 27217588, 27217589, 27217590]",134,27217588,ruby,ok,,ruby,testunit,1.0,,116,0,116,0,,0.13,,0
27218011,bokmann/business_time,0.0,,,ruby,,master,2,0833a3735a301c473f0e71e67af9fe19fdeb97ac#24ad90e7a115c66dc60fc4247a03e4d8a31a413e,merge_found,,,2014-06-10 13:20:31,2,24ad90e7a115c66dc60fc4247a03e4d8a31a413e,1,24ad90e7a115c66dc60fc4247a03e4d8a31a413e,,24ad90e7a115c66dc60fc4247a03e4d8a31a413e,,0,,4,0,0,0,2,0,0,2,0,0,36,355,2515.49295774648,323.943661971831,661.971830985916,1.0,,2014-06-10 13:21:53,2014-06-10 13:23:31,passed,163,"[27218012, 27218013, 27218014, 27218015]",137,27218015,ruby,ok,,ruby,testunit,1.0,,116,0,116,0,,2.32,,0
58179224,bokmann/business_time,0.0,,,ruby,,master,1,0782aa46808a412f343e0b851d4a64a3a1aced21,build_found,6bb64df14daeb8588531674410b913e568004a20,58179106,2015-04-12 18:06:05,2,0782aa46808a412f343e0b851d4a64a3a1aced21,1,0782aa46808a412f343e0b851d4a64a3a1aced21,,0782aa46808a412f343e0b851d4a64a3a1aced21,,0,,2,0,0,0,1,0,0,1,0,0,41,366,2693.98907103825,352.459016393443,710.382513661202,1.0,,2015-04-12 18:06:15,2015-04-12 18:07:25,passed,101,"[58179225, 58179226, 58179227, 58179228]",169,58179226,ruby,ok,0,ruby,testunit,1.0,,130,0,130,0,,0.13,,0
