tr_build_id,gh_project_name,gh_is_pr,gh_pr_created_at,gh_pull_req_num,gh_lang,git_merged_with,git_branch,gh_num_commits_in_push,gh_commits_in_push,git_prev_commit_resolution_status,git_prev_built_commit,tr_prev_build,gh_first_commit_created_at,gh_team_size,git_all_built_commits,git_num_all_built_commits,git_trigger_commit,tr_virtual_merged_into,tr_original_commit,gh_num_issue_comments,gh_num_commit_comments,gh_num_pr_comments,git_diff_src_churn,git_diff_test_churn,gh_diff_files_added,gh_diff_files_deleted,gh_diff_files_modified,gh_diff_tests_added,gh_diff_tests_deleted,gh_diff_src_files,gh_diff_doc_files,gh_diff_other_files,gh_num_commits_on_files_touched,gh_sloc,gh_test_lines_per_kloc,gh_test_cases_per_kloc,gh_asserts_cases_per_kloc,gh_by_core_team_member,gh_description_complexity,gh_pushed_at,gh_build_started_at,tr_status,tr_duration,tr_jobs,tr_build_number,tr_job_id,tr_log_lan,tr_log_status,tr_log_setup_time,tr_log_analyzer,tr_log_frameworks,tr_log_bool_tests_ran,tr_log_bool_tests_failed,tr_log_num_tests_ok,tr_log_num_tests_failed,tr_log_num_tests_run,tr_log_num_tests_skipped,tr_log_tests_failed,tr_log_testduration,tr_log_buildduration,build_successful
151511802,carrierwaveuploader/carrierwave,0.0,,,ruby,,master,,,build_found,1620d2105b6217a1cf239975c5542a1ccba56812,151469122,,1,f91040445f980de83855040c309a408bfe7f7cd0,1,f91040445f980de83855040c309a408bfe7f7cd0,,f91040445f980de83855040c309a408bfe7f7cd0,,0,,0,0,0,0,1,0,0,0,0,1,67,2720,2411.02941176471,263.602941176471,416.911764705882,0.0,,,2016-08-11 13:45:29,failed,6407,"[151511803, 151511804, 151511806, 151511807, 151511809, 151511810, 151511811, 151511813, 151511815, 151511816, 151511819, 151511820, 151511822, 151511823, 151511824, 151511825, 151511826, 151511827, 151511828, 151511829, 151511830, 151511831, 151511832, 151511833, 151511834, 151511835, 151511836, 151511837]",939,151511807,ruby,ok,3,ruby,rspec#cucumber,1.0,,1575,0,1575,1,,21.89,,0
151511849,carrierwaveuploader/carrierwave,0.0,,,ruby,,master,,,build_found,1620d2105b6217a1cf239975c5542a1ccba56812,151469122,,1,f91040445f980de83855040c309a408bfe7f7cd0,1,f91040445f980de83855040c309a408bfe7f7cd0,,f91040445f980de83855040c309a408bfe7f7cd0,,0,,0,0,0,0,1,0,0,0,0,1,67,2720,2411.02941176471,263.602941176471,416.911764705882,0.0,,,2016-08-11 14:18:44,failed,3778,"[151511851, 151511852, 151511853, 151511854, 151511856, 151511857, 151511858, 151511860, 151511862, 151511864, 151511865, 151511866, 151511868, 151511869, 151511871, 151511872, 151511874, 151511876, 151511877, 151511879, 151511880, 151511881, 151511883, 151511884, 151511886, 151511887, 151511888, 151511889]",940,151511872,ruby,broken,1,ruby,,1.0,,,0,,,,,,0
151529347,carrierwaveuploader/carrierwave,0.0,,,ruby,,master,,,build_found,f91040445f980de83855040c309a408bfe7f7cd0,151511849,,1,16500515557075e8a8edc377f72cfe87a3133d90,1,16500515557075e8a8edc377f72cfe87a3133d90,,16500515557075e8a8edc377f72cfe87a3133d90,,0,,2,0,0,0,2,0,0,1,0,1,16,2720,2411.02941176471,263.602941176471,416.911764705882,0.0,,,2016-08-11 14:44:46,failed,3802,"[151529348, 151529349, 151529350, 151529351, 151529352, 151529353, 151529354, 151529355, 151529356, 151529357, 151529358, 151529359, 151529360, 151529361, 151529362, 151529363, 151529364, 151529365, 151529366, 151529367, 151529368, 151529369, 151529370, 151529371, 151529372, 151529373, 151529374, 151529375]",941,151529355,ruby,ok,1,ruby,rspec#cucumber,1.0,,1575,0,1575,1,,14.15,,0
151529380,carrierwaveuploader/carrierwave,0.0,,,ruby,,master,,,build_found,f91040445f980de83855040c309a408bfe7f7cd0,151511849,,1,16500515557075e8a8edc377f72cfe87a3133d90,1,16500515557075e8a8edc377f72cfe87a3133d90,,16500515557075e8a8edc377f72cfe87a3133d90,,0,,2,0,0,0,2,0,0,1,0,1,16,2720,2411.02941176471,263.602941176471,416.911764705882,0.0,,,2016-08-11 14:59:53,failed,3995,"[151529381, 151529382, 151529383, 151529384, 151529385, 151529386, 151529387, 151529388, 151529389, 151529390, 151529391, 151529392, 151529393, 151529394, 151529395, 151529396, 151529397, 151529398, 151529399, 151529400, 151529401, 151529402, 151529403, 151529404, 151529405, 151529406, 151529407, 151529408]",942,151529396,ruby,broken,1,ruby,rspec,1.0,,1527,6,1533,1,,12.66,,0
151537683,carrierwaveuploader/carrierwave,0.0,,,ruby,,master,,,build_found,16500515557075e8a8edc377f72cfe87a3133d90,151529380,,1,30c6dfd279c8fefe056b5baa84fb1f18b42ca6a8,1,30c6dfd279c8fefe056b5baa84fb1f18b42ca6a8,,30c6dfd279c8fefe056b5baa84fb1f18b42ca6a8,,0,,0,22,0,0,1,0,0,1,0,0,131,2720,2411.02941176471,263.602941176471,416.911764705882,0.0,,,2016-08-11 15:29:37,failed,3811,"[151537684, 151537685, 151537686, 151537687, 151537688, 151537689, 151537690, 151537691, 151537692, 151537693, 151537694, 151537695, 151537696, 151537697, 151537698, 151537699, 151537700, 151537701, 151537702, 151537703, 151537706, 151537707, 151537710, 151537712, 151537713, 151537714, 151537716, 151537717]",945,151537691,ruby,ok,1,ruby,rspec#cucumber,1.0,,1575,0,1575,1,,2.49,,0
151537708,carrierwaveuploader/carrierwave,0.0,,,ruby,,master,,,build_found,16500515557075e8a8edc377f72cfe87a3133d90,151529380,,1,30c6dfd279c8fefe056b5baa84fb1f18b42ca6a8,1,30c6dfd279c8fefe056b5baa84fb1f18b42ca6a8,,30c6dfd279c8fefe056b5baa84fb1f18b42ca6a8,,0,,0,22,0,0,1,0,0,1,0,0,131,2720,2411.02941176471,263.602941176471,416.911764705882,0.0,,,2016-08-11 15:52:24,failed,3831,"[151537709, 151537711, 151537715, 151537718, 151537719, 151537720, 151537721, 151537722, 151537723, 151537724, 151537725, 151537726, 151537727, 151537728, 151537729, 151537730, 151537731, 151537732, 151537733, 151537734, 151537735, 151537736, 151537737, 151537738, 151537739, 151537741, 151537743, 151537746]",946,151537729,ruby,ok,1,ruby,rspec#cucumber,1.0,,1575,0,1575,1,,12.84,,0
151805753,carrierwaveuploader/carrierwave,0.0,,,ruby,,master,,,build_found,30c6dfd279c8fefe056b5baa84fb1f18b42ca6a8,151537708,,1,44cfb7c01c22e0168d362001a7bb3c528c805315,1,44cfb7c01c22e0168d362001a7bb3c528c805315,,44cfb7c01c22e0168d362001a7bb3c528c805315,,0,,11,0,0,0,1,0,0,1,0,0,18,2728,2403.95894428152,262.82991202346,415.689149560117,0.0,,,2016-08-12 13:45:46,passed,3861,"[151805754, 151805756, 151805757, 151805758, 151805759, 151805762, 151805764, 151805766, 151805767, 151805768, 151805770, 151805771, 151805772, 151805773, 151805774, 151805775, 151805776, 151805777, 151805778, 151805779, 151805780, 151805781, 151805782, 151805783, 151805784, 151805785, 151805786, 151805787]",947,151805766,ruby,ok,1,ruby,rspec#cucumber,1.0,,1575,0,1575,1,,14.38,,0
151805792,carrierwaveuploader/carrierwave,0.0,,,ruby,,master,,,build_found,30c6dfd279c8fefe056b5baa84fb1f18b42ca6a8,151537708,,1,44cfb7c01c22e0168d362001a7bb3c528c805315,1,44cfb7c01c22e0168d362001a7bb3c528c805315,,44cfb7c01c22e0168d362001a7bb3c528c805315,,0,,11,0,0,0,1,0,0,1,0,0,18,2728,2403.95894428152,262.82991202346,415.689149560117,0.0,,,2016-08-12 13:58:52,passed,3867,"[151805793, 151805794, 151805795, 151805796, 151805797, 151805798, 151805799, 151805800, 151805801, 151805802, 151805803, 151805804, 151805805, 151805806, 151805807, 151805808, 151805809, 151805810, 151805811, 151805812, 151805813, 151805814, 151805815, 151805816, 151805817, 151805818, 151805819, 151805820]",948,151805809,ruby,broken,1,ruby,rspec,1.0,,1533,0,1533,1,,22.57,,0
152023854,carrierwaveuploader/carrierwave,0.0,,,ruby,,master,,,merge_found,,,,1,857d091866234cddc74db5971c1be60be16e3540,1,857d091866234cddc74db5971c1be60be16e3540,,857d091866234cddc74db5971c1be60be16e3540,,0,,2,13,0,0,2,0,0,2,0,0,132,2728,2403.59237536657,263.196480938416,416.055718475073,0.0,,,2016-08-13 10:01:14,passed,3668,"[152023855, 152023856, 152023857, 152023858, 152023859, 152023860, 152023861, 152023862, 152023863, 152023864, 152023865, 152023866, 152023867, 152023868, 152023869, 152023870, 152023871, 152023872, 152023873, 152023876, 152023878, 152023880, 152023881, 152023882, 152023883, 152023885, 152023886, 152023887]",949,152023859,ruby,ok,1,ruby,rspec#cucumber,1.0,,1589,0,1589,1,,14.24,,0
153764236,carrierwaveuploader/carrierwave,0.0,,,ruby,,master,,,merge_found,,,,0,8ceadb7fca5068564cfa8a33b1a76af86c6cbff3,1,8ceadb7fca5068564cfa8a33b1a76af86c6cbff3,,8ceadb7fca5068564cfa8a33b1a76af86c6cbff3,,0,,2,0,0,0,1,0,0,1,0,0,231,2728,2403.59237536657,263.196480938416,416.055718475073,0.0,,,2016-08-20 10:09:13,passed,3525,"[153764237, 153764238, 153764239, 153764240, 153764241, 153764242, 153764243, 153764244, 153764245, 153764246, 153764247, 153764248, 153764249, 153764250, 153764251, 153764252, 153764253, 153764254, 153764255, 153764256, 153764257, 153764258, 153764259, 153764260, 153764261, 153764262, 153764263, 153764264]",957,153764256,ruby,broken,0,ruby,,1.0,,,0,,,,,,0
153764265,carrierwaveuploader/carrierwave,0.0,,,ruby,,master,,,merge_found,,,,0,8ceadb7fca5068564cfa8a33b1a76af86c6cbff3,1,8ceadb7fca5068564cfa8a33b1a76af86c6cbff3,,8ceadb7fca5068564cfa8a33b1a76af86c6cbff3,,0,,2,0,0,0,1,0,0,1,0,0,231,2728,2403.59237536657,263.196480938416,416.055718475073,0.0,,,2016-08-20 10:20:15,passed,3535,"[153764266, 153764267, 153764268, 153764269, 153764270, 153764271, 153764272, 153764273, 153764274, 153764275, 153764276, 153764277, 153764278, 153764279, 153764280, 153764281, 153764282, 153764283, 153764284, 153764285, 153764286, 153764287, 153764288, 153764289, 153764290, 153764291, 153764292, 153764293]",958,153764269,ruby,ok,1,ruby,rspec#cucumber,1.0,,1589,0,1589,1,,12.78,,0
