tr_build_id,gh_project_name,gh_is_pr,gh_pr_created_at,gh_pull_req_num,gh_lang,git_merged_with,git_branch,gh_num_commits_in_push,gh_commits_in_push,git_prev_commit_resolution_status,git_prev_built_commit,tr_prev_build,gh_first_commit_created_at,gh_team_size,git_all_built_commits,git_num_all_built_commits,git_trigger_commit,tr_virtual_merged_into,tr_original_commit,gh_num_issue_comments,gh_num_commit_comments,gh_num_pr_comments,git_diff_src_churn,git_diff_test_churn,gh_diff_files_added,gh_diff_files_deleted,gh_diff_files_modified,gh_diff_tests_added,gh_diff_tests_deleted,gh_diff_src_files,gh_diff_doc_files,gh_diff_other_files,gh_num_commits_on_files_touched,gh_sloc,gh_test_lines_per_kloc,gh_test_cases_per_kloc,gh_asserts_cases_per_kloc,gh_by_core_team_member,gh_description_complexity,gh_pushed_at,gh_build_started_at,tr_status,tr_duration,tr_jobs,tr_build_number,tr_job_id,tr_log_lan,tr_log_status,tr_log_setup_time,tr_log_analyzer,tr_log_frameworks,tr_log_bool_tests_ran,tr_log_bool_tests_failed,tr_log_num_tests_ok,tr_log_num_tests_failed,tr_log_num_tests_run,tr_log_num_tests_skipped,tr_log_tests_failed,tr_log_testduration,tr_log_buildduration,build_successful
17434307,SimonVT/cathode,0.0,,,java,,master,1,50e6a2e901ee3345df3b7f3b6a68bea28fe2b3ad,merge_found,,,2014-01-22 18:59:36,1,50e6a2e901ee3345df3b7f3b6a68bea28fe2b3ad#9f788a52f5143674aaa36f9946b3d52ed10a5634#aacd9150dbbf15a14da5271f6eddeb284847c3fb,3,50e6a2e901ee3345df3b7f3b6a68bea28fe2b3ad,,50e6a2e901ee3345df3b7f3b6a68bea28fe2b3ad,,0,,100,0,4,0,9,0,0,7,0,6,29,18478,0.0,0.0,0.0,0.0,,2014-01-22 19:00:11,2014-01-22 20:54:16,failed,17,[17434308],2,17434308,ruby,broken,,ruby,,0.0,,,,,,,,,0
17486052,SimonVT/cathode,0.0,,,java,,master,1,6749954460bcef3cca5d5612d8b926b66593fbed,build_found,50e6a2e901ee3345df3b7f3b6a68bea28fe2b3ad,17434307,2014-01-22 20:29:33,1,6749954460bcef3cca5d5612d8b926b66593fbed,1,6749954460bcef3cca5d5612d8b926b66593fbed,,6749954460bcef3cca5d5612d8b926b66593fbed,,0,,0,0,1,0,1,0,0,0,0,2,12,18478,0.0,0.0,0.0,0.0,,2014-01-23 15:57:58,2014-01-23 16:01:12,passed,324,[17486053],6,17486053,java,ok,,java-gradle,,0.0,,,,,,,,,0
17504774,SimonVT/cathode,0.0,,,java,,master,3,c8ae10d88f62f451331ae03a4522c9850c71a941#f4161c94fc6f2111f9e6f537206fcb7fabfdb3ef#0a1ada355e74b85a1dde45f0e07f129efea1c96f,build_found,6749954460bcef3cca5d5612d8b926b66593fbed,17486052,2014-01-23 20:27:23,1,0a1ada355e74b85a1dde45f0e07f129efea1c96f#f4161c94fc6f2111f9e6f537206fcb7fabfdb3ef#c8ae10d88f62f451331ae03a4522c9850c71a941,3,0a1ada355e74b85a1dde45f0e07f129efea1c96f,,0a1ada355e74b85a1dde45f0e07f129efea1c96f,,0,,75,0,0,0,4,0,0,4,0,0,21,18524,0.0,0.0,0.0,0.0,,2014-01-23 20:44:44,2014-01-23 20:46:22,passed,255,[17504775],7,17504775,java,ok,,java-gradle,,0.0,,,,,,,,,0
17556168,SimonVT/cathode,0.0,,,java,,master,1,34a3d6f9486fcffaba48ba72d6af0fd3ad13a703,build_found,0a1ada355e74b85a1dde45f0e07f129efea1c96f,17504774,2014-01-24 16:19:00,1,34a3d6f9486fcffaba48ba72d6af0fd3ad13a703,1,34a3d6f9486fcffaba48ba72d6af0fd3ad13a703,,34a3d6f9486fcffaba48ba72d6af0fd3ad13a703,,0,,0,0,0,0,3,0,0,0,0,3,21,18524,0.0,0.0,0.0,0.0,,2014-01-24 16:18:44,2014-01-24 16:20:47,passed,206,[17556169],8,17556169,java,ok,,java-gradle,,0.0,,,,,,,,,0
17620289,SimonVT/cathode,0.0,,,java,,master,1,3c462c2b6c77d194492f6d4beb95181085c8b58d,build_found,34a3d6f9486fcffaba48ba72d6af0fd3ad13a703,17556168,2014-01-25 22:44:29,1,3c462c2b6c77d194492f6d4beb95181085c8b58d,1,3c462c2b6c77d194492f6d4beb95181085c8b58d,,3c462c2b6c77d194492f6d4beb95181085c8b58d,,0,,205,0,0,0,15,0,0,15,0,0,54,18563,0.0,0.0,0.0,0.0,,2014-01-25 22:44:42,2014-01-25 22:45:36,passed,135,[17620290],9,17620290,java,ok,,java-gradle,,0.0,,,,,,,,,0
17622391,SimonVT/cathode,0.0,,,java,,master,1,153540d3b912a2962b53940ddb1e86c89da1ac29,build_found,3c462c2b6c77d194492f6d4beb95181085c8b58d,17620289,2014-01-25 23:42:26,1,153540d3b912a2962b53940ddb1e86c89da1ac29,1,153540d3b912a2962b53940ddb1e86c89da1ac29,,153540d3b912a2962b53940ddb1e86c89da1ac29,,0,,0,0,0,0,1,0,0,0,0,1,20,18563,0.0,0.0,0.0,0.0,,2014-01-25 23:45:27,2014-01-25 23:46:27,passed,136,[17622392],10,17622392,java,ok,,java-gradle,,0.0,,,,,,,,,0
17657173,SimonVT/cathode,0.0,,,java,,master,1,887334c26e555a908e30ed8a4cf7503054d0fd57,build_found,153540d3b912a2962b53940ddb1e86c89da1ac29,17622393,2014-01-26 18:48:13,1,887334c26e555a908e30ed8a4cf7503054d0fd57,1,887334c26e555a908e30ed8a4cf7503054d0fd57,,887334c26e555a908e30ed8a4cf7503054d0fd57,,0,,83,0,2,0,13,0,0,7,0,10,26,18597,0.0,0.0,0.0,0.0,,2014-01-26 19:08:37,2014-01-26 19:09:16,passed,164,[17657174],13,17657174,java,ok,,java-gradle,,0.0,,,,,,,,,0
17657678,SimonVT/cathode,0.0,,,java,,master,1,0af4f216c457fd5ab8294717e1b1ffe8c4a54be8,build_found,887334c26e555a908e30ed8a4cf7503054d0fd57,17657173,2014-01-26 19:10:37,1,0af4f216c457fd5ab8294717e1b1ffe8c4a54be8,1,0af4f216c457fd5ab8294717e1b1ffe8c4a54be8,,0af4f216c457fd5ab8294717e1b1ffe8c4a54be8,,0,,0,0,0,0,1,0,0,0,0,1,21,18597,0.0,0.0,0.0,0.0,,2014-01-26 19:23:18,2014-01-26 19:25:23,passed,173,[17657679],14,17657679,java,ok,,java-gradle,,0.0,,,,,,,,,0
17864006,SimonVT/cathode,0.0,,,java,,master,5,4aa5261e711da3c5670d0fc5e73b9437dbdf4dd5#2c39002d93ec1323ac84587167ebc68e43feb974#1b096d39d9a32915ea0b609043ea8758dfbf63c4#9045365d6fe4a78731a83073ecadd50c687f8d85#251a0ea93913a895fe56a102ef47f3b6561c0907,build_found,0af4f216c457fd5ab8294717e1b1ffe8c4a54be8,17657680,2014-01-27 14:16:40,1,251a0ea93913a895fe56a102ef47f3b6561c0907#9045365d6fe4a78731a83073ecadd50c687f8d85#1b096d39d9a32915ea0b609043ea8758dfbf63c4#2c39002d93ec1323ac84587167ebc68e43feb974#4aa5261e711da3c5670d0fc5e73b9437dbdf4dd5,5,251a0ea93913a895fe56a102ef47f3b6561c0907,,251a0ea93913a895fe56a102ef47f3b6561c0907,,0,,874,0,9,0,17,0,0,15,0,13,63,19221,0.0,0.0,0.0,0.0,,2014-01-29 20:48:27,2014-01-29 20:56:00,passed,204,[17864007],16,17864007,java,ok,,java-gradle,,0.0,,,,,,,,,0
17865208,SimonVT/cathode,0.0,,,java,,master,1,cbc585eac6666a64461a27277109aad8bebaec18,build_found,251a0ea93913a895fe56a102ef47f3b6561c0907,17864006,2014-01-29 21:01:01,1,cbc585eac6666a64461a27277109aad8bebaec18,1,cbc585eac6666a64461a27277109aad8bebaec18,,cbc585eac6666a64461a27277109aad8bebaec18,,0,,86,0,0,0,3,0,0,3,0,0,15,19255,0.0,0.0,0.0,0.0,,2014-01-29 21:07:37,2014-01-29 21:15:29,passed,220,[17865209],17,17865209,java,ok,,java-gradle,,0.0,,,,,,,,,0
18152954,SimonVT/cathode,0.0,,,java,,master,5,b362e8bd81e8494c731ad3066ca978cf1c0b5b16#9765539dffc7d1b1eafb4dd2be26a0e271dc4a66#ae196a9b59250e63d08473e1bc8be8ed10cb611c#6a73dca59f69809775d361d2e73d19c598b43528#cb65266592080ffb1cc3fe7b36d159efe645ce9f,build_found,cbc585eac6666a64461a27277109aad8bebaec18,17865208,2014-02-01 21:12:22,1,cb65266592080ffb1cc3fe7b36d159efe645ce9f#6a73dca59f69809775d361d2e73d19c598b43528#ae196a9b59250e63d08473e1bc8be8ed10cb611c#9765539dffc7d1b1eafb4dd2be26a0e271dc4a66#b362e8bd81e8494c731ad3066ca978cf1c0b5b16,5,cb65266592080ffb1cc3fe7b36d159efe645ce9f,,cb65266592080ffb1cc3fe7b36d159efe645ce9f,,0,,139,0,6,0,13,0,0,6,0,13,33,19312,0.0,0.0,0.0,0.0,,2014-02-03 20:16:37,2014-02-03 20:17:34,passed,173,[18152955],18,18152955,java,ok,,java-gradle,,0.0,,,,,,,,,0
18298387,SimonVT/cathode,0.0,,,java,,master,2,4470a6d79d3df82b3062d1a76d45a84e13acae42#7f3261e2fbdbbee9467a3727ff74271f5f73aa11,build_found,cb65266592080ffb1cc3fe7b36d159efe645ce9f,18152954,2014-02-05 18:24:26,1,7f3261e2fbdbbee9467a3727ff74271f5f73aa11#4470a6d79d3df82b3062d1a76d45a84e13acae42,2,7f3261e2fbdbbee9467a3727ff74271f5f73aa11,,7f3261e2fbdbbee9467a3727ff74271f5f73aa11,,0,,216,0,2,0,4,0,0,6,0,0,29,19351,0.0,0.0,0.0,0.0,,2014-02-05 20:26:12,2014-02-05 20:33:02,passed,187,[18298388],19,18298388,java,ok,,java-gradle,,0.0,,,,,,,,,0
18530030,SimonVT/cathode,0.0,,,java,,master,2,8126261465105cdac73e60209bf51161f9fc5d91#814f5b00bb0ba6aa00b1c62bc0b14cd7d8a02ef6,build_found,7f3261e2fbdbbee9467a3727ff74271f5f73aa11,18298387,2014-02-09 16:11:04,1,814f5b00bb0ba6aa00b1c62bc0b14cd7d8a02ef6#8126261465105cdac73e60209bf51161f9fc5d91,2,814f5b00bb0ba6aa00b1c62bc0b14cd7d8a02ef6,,814f5b00bb0ba6aa00b1c62bc0b14cd7d8a02ef6,,0,,1,0,0,0,2,0,0,1,0,1,29,19352,0.0,0.0,0.0,0.0,,2014-02-09 16:24:27,2014-02-09 16:25:00,passed,163,[18530032],20,18530032,java,ok,,java-gradle,,0.0,,,,,,,,,0
18954953,SimonVT/cathode,0.0,,,java,,master,5,c13c135ff07ce7762b33ca986081a18a98cb355f#fb5229633cb90a191ef944d59647eb1ddf948fdd#be39ef5023b0a8b84bf8a1fad223081f0619b05e#cd39aec94bc039baade7d746091ba57f19c0a5a7#7e0a014b19114745742cca55e5051b2c11954985,build_found,814f5b00bb0ba6aa00b1c62bc0b14cd7d8a02ef6,18530040,2014-02-15 20:05:02,1,7e0a014b19114745742cca55e5051b2c11954985#cd39aec94bc039baade7d746091ba57f19c0a5a7#be39ef5023b0a8b84bf8a1fad223081f0619b05e#fb5229633cb90a191ef944d59647eb1ddf948fdd#c13c135ff07ce7762b33ca986081a18a98cb355f,5,7e0a014b19114745742cca55e5051b2c11954985,,7e0a014b19114745742cca55e5051b2c11954985,,0,,20,0,0,0,5,0,0,5,0,0,48,19363,0.0,0.0,0.0,0.0,,2014-02-15 22:35:15,2014-02-15 22:35:59,passed,160,[18954954],22,18954954,java,ok,,java-gradle,,0.0,,,,,,,,,0
20413492,SimonVT/cathode,0.0,,,java,,master,,,build_found,7e0a014b19114745742cca55e5051b2c11954985,18954953,,1,91114576d147c44cf154056823724b31297f6414#cbf85d739b36825e65b5fba68758fc9dbeec534f#2d0cb390a14b43c7243c0ec72383773451da9c8b#cb81dac79168042ddc23ca88593c1313814ff3da#d71f4220102449f5d9c163a41e8ec16e5671c9a2#541a344a93c435c79c8240b0995044afc6c9d202#abdb324bfbee1e8569a9844b74db2e0cd52b09f3,7,91114576d147c44cf154056823724b31297f6414,,91114576d147c44cf154056823724b31297f6414,,0,,4228,0,15,0,48,0,0,44,0,20,100,22003,0.0,0.0,0.0,0.0,,,2014-03-09 20:46:53,passed,188,[20413493],23,20413493,java,ok,,java-gradle,,0.0,,,,,,,,,0
20415377,SimonVT/cathode,0.0,,,java,,master,1,45f4bed577fbacb6c74acc9d67b1ae85d976fe74,build_found,91114576d147c44cf154056823724b31297f6414,20413492,2014-03-09 21:25:13,1,45f4bed577fbacb6c74acc9d67b1ae85d976fe74,1,45f4bed577fbacb6c74acc9d67b1ae85d976fe74,,45f4bed577fbacb6c74acc9d67b1ae85d976fe74,,0,,75,0,0,0,1,0,0,1,0,0,1,22064,0.0,0.0,0.0,0.0,,2014-03-09 21:25:40,2014-03-09 21:26:22,passed,155,[20415378],24,20415378,java,ok,,java-gradle,,0.0,,,,,,,,,0
20463490,SimonVT/cathode,0.0,,,java,,master,1,1bc1108d30237a3b3cec8a2772279fda6e0da546,build_found,f2c533640576209925846b1cf4ac6c8a70e8ea5e,20462873,2014-03-10 15:46:41,1,1bc1108d30237a3b3cec8a2772279fda6e0da546,1,1bc1108d30237a3b3cec8a2772279fda6e0da546,,1bc1108d30237a3b3cec8a2772279fda6e0da546,,0,,0,0,0,0,1,0,0,0,0,1,1,22151,0.0,0.0,0.0,0.0,,2014-03-10 15:46:53,2014-03-10 15:51:57,passed,222,[20463491],27,20463491,java,ok,,java-gradle,,0.0,,,,,,,,,0
20482639,SimonVT/cathode,0.0,,,java,,master,1,da8bcffe5ee08b617000bb4cb65063fab5fc3265,build_found,1bc1108d30237a3b3cec8a2772279fda6e0da546,20463490,2014-03-10 20:17:44,1,da8bcffe5ee08b617000bb4cb65063fab5fc3265,1,da8bcffe5ee08b617000bb4cb65063fab5fc3265,,da8bcffe5ee08b617000bb4cb65063fab5fc3265,,0,,3,0,0,0,2,0,0,2,0,0,12,22154,0.0,0.0,0.0,0.0,,2014-03-10 20:17:50,2014-03-10 20:23:13,passed,276,[20482640],28,20482640,java,ok,,java-gradle,,0.0,,,,,,,,,0
21121080,SimonVT/cathode,0.0,,,java,,master,,,build_found,da8bcffe5ee08b617000bb4cb65063fab5fc3265,20482639,,1,0c8559789ce74c3ab799358b784ce8c544ec87eb#74e9bad0232c9e89388caa6236c5650db8d75a6e#05997683eff54e9411ad98472db079d3cc3a9990#32af01057cd963030df6b4db407e06f1536cb308#9004b0928a6b126c81f84c6c9a9382abfb08900f#e085fe435726628570c0e8711081bd21061762fc#8c2cf8791b061e3a5e75e48d11922d404a92df15#e436162edc9b38a285311b1ec6e402d3ffeba035#a10389eed50c77b8e45a4d5df02a6c3ab3f37cba#a7c3ad6027fe7970f554823a9342931b8bd08270#2880c465f2688773107d3c64bfdeee52e288570c#f386721da85ef22fb27bd3628f5eb63603124388#d15eb19e459739916aa204a316d6a80e21831011#1bc5178ce1fb4eea8f2b4e383183ef58eb15cbdd#3302916da5cd4ec66c4b7e3682e1bd0aa9df04cb#c23d2a0964f2f4b7e84e86f46e62ff95c372a6d2#82ce2c0c4ebc0cc89aa2786c15d36c695dd16b74#bd9e7e5ad8c7c72b4b0c84e5a5d073d270fd178c#953604c5c5ddba9f7370eb74da832b2bcc351cb9#bb4da9fc7636b853456e460e78c790784e473cb4#adda01774c963b99a96a8e48d404bf4c40e2a04b#0cefbb59f81d280b9751fa2bf5a134b50a3e3d8b#a2d085e7d0e04770ae5e47e12d7ecf84b736fafa#28206ce1bb1e1abfaf8b3d04c7a5f439394ae7e5#a3d7022bc24d35f3345626651b64969090f1d471#1821fc60521225fcfa51ed4cf6e1305fe6a7fea6,26,0c8559789ce74c3ab799358b784ce8c544ec87eb,,0c8559789ce74c3ab799358b784ce8c544ec87eb,,0,,2008,0,4,2,47,0,0,34,0,21,128,22465,0.0,0.0,0.0,0.0,,,2014-03-19 19:01:42,passed,219,[21121081],29,21121081,java,ok,,java-gradle,,0.0,,,,,,,,,0
21383640,SimonVT/cathode,0.0,,,java,,master,4,b050b7164eb42f876692579ceab54923e07c45a9#968bbf31a3ac3074d1f0863ddc24352ee319a3e2#b4b2be684843598fb3cb1f16fa999c2efe3c48fc#b5f8a0a9538b8ceba07e180225bba13b7de9090c,build_found,0c8559789ce74c3ab799358b784ce8c544ec87eb,21121117,2014-03-19 18:27:58,1,b5f8a0a9538b8ceba07e180225bba13b7de9090c#b4b2be684843598fb3cb1f16fa999c2efe3c48fc#968bbf31a3ac3074d1f0863ddc24352ee319a3e2#b050b7164eb42f876692579ceab54923e07c45a9,4,b5f8a0a9538b8ceba07e180225bba13b7de9090c,,b5f8a0a9538b8ceba07e180225bba13b7de9090c,,0,,203,0,2,0,19,0,0,15,0,8,75,22594,0.0,0.0,0.0,0.0,,2014-03-23 21:12:32,2014-03-23 21:13:10,passed,203,[21383641],31,21383641,java,ok,,java-gradle,,0.0,,,,,,,,,0
22382664,SimonVT/cathode,0.0,,,java,,master,2,916077236c8dfbc1c3157704ac76853c6f106eec#74038cc3683cf43dfdc8c332da4bccbdd699abb0,build_found,b5f8a0a9538b8ceba07e180225bba13b7de9090c,21383640,2014-04-06 13:29:00,1,74038cc3683cf43dfdc8c332da4bccbdd699abb0#916077236c8dfbc1c3157704ac76853c6f106eec#fbee21a791be651829d2fdd8e4785e954b89bbc2#9d16405e4cbe31140fec1729b15b36a80e33f064#0976a7b55262757ffbbc1bef9fb92566ba938788,5,74038cc3683cf43dfdc8c332da4bccbdd699abb0,,74038cc3683cf43dfdc8c332da4bccbdd699abb0,,0,,1170,0,0,0,6,0,0,2,0,4,45,22293,0.0,0.0,0.0,0.0,,2014-04-06 13:33:02,2014-04-06 13:33:28,passed,160,[22382665],33,22382665,java,ok,,java-gradle,,0.0,,,,,,,,,0
22382926,SimonVT/cathode,0.0,,,java,,master,1,7698514d6ad16d527b3a7c0669c0cf54ff97e542,build_found,74038cc3683cf43dfdc8c332da4bccbdd699abb0,22382664,2014-04-06 13:39:34,1,7698514d6ad16d527b3a7c0669c0cf54ff97e542,1,7698514d6ad16d527b3a7c0669c0cf54ff97e542,,7698514d6ad16d527b3a7c0669c0cf54ff97e542,,0,,0,0,0,0,1,0,0,0,0,1,34,22293,0.0,0.0,0.0,0.0,,2014-04-06 13:39:41,2014-04-06 13:40:11,passed,163,[22382927],34,22382927,java,ok,,java-gradle,,0.0,,,,,,,,,0
22398026,SimonVT/cathode,0.0,,,java,,master,1,24474957529ab63ab4fcd89a96db028ab5be2941,build_found,7698514d6ad16d527b3a7c0669c0cf54ff97e542,22382926,2014-04-06 19:30:18,1,24474957529ab63ab4fcd89a96db028ab5be2941,1,24474957529ab63ab4fcd89a96db028ab5be2941,,24474957529ab63ab4fcd89a96db028ab5be2941,,0,,65,0,0,0,1,0,0,1,0,0,6,22334,0.0,0.0,0.0,0.0,,2014-04-06 19:30:28,2014-04-06 19:31:28,passed,165,[22398027],35,22398027,java,ok,,java-gradle,,0.0,,,,,,,,,0
22404589,SimonVT/cathode,0.0,,,java,,master,3,354c8013927503d457bd21b6005bd8660a3fa074#5dc561eb232b3a4e30fc20bf71dcf36561975ae5#818f676019c8b476ff42a92090a2520d0dcaad86,build_found,24474957529ab63ab4fcd89a96db028ab5be2941,22398026,2014-04-06 20:52:34,1,818f676019c8b476ff42a92090a2520d0dcaad86#5dc561eb232b3a4e30fc20bf71dcf36561975ae5#354c8013927503d457bd21b6005bd8660a3fa074,3,818f676019c8b476ff42a92090a2520d0dcaad86,,818f676019c8b476ff42a92090a2520d0dcaad86,,0,,17,0,0,0,2,0,0,1,0,1,42,22347,0.0,0.0,0.0,0.0,,2014-04-06 21:29:08,2014-04-06 21:29:54,passed,188,[22404590],36,22404590,java,ok,,java-gradle,,0.0,,,,,,,,,0
23122248,SimonVT/cathode,0.0,,,java,,master,6,c5d19ba97762b806f41eb0c5acd8680890b12113#fab3574c979fe82ec840e6889325beaf0b7e791e#aeb932afc0ac8a5879719f004548a62eda634ab2#a354fccafd8d223b9ee28db3e61acb723b3ee398#d89ae17dcb06ccb938a1f54ab6f3a0e397111f9d#c22da26656772bbff9174e1e4cab979914f8196b,build_found,818f676019c8b476ff42a92090a2520d0dcaad86,22404593,2014-03-10 21:02:30,1,c22da26656772bbff9174e1e4cab979914f8196b#d89ae17dcb06ccb938a1f54ab6f3a0e397111f9d#a354fccafd8d223b9ee28db3e61acb723b3ee398#aeb932afc0ac8a5879719f004548a62eda634ab2#fab3574c979fe82ec840e6889325beaf0b7e791e#c5d19ba97762b806f41eb0c5acd8680890b12113,6,c22da26656772bbff9174e1e4cab979914f8196b,,c22da26656772bbff9174e1e4cab979914f8196b,,0,,147,0,0,0,14,0,0,10,0,4,68,22425,0.0,0.0,0.0,0.0,,2014-04-16 13:45:54,2014-04-16 13:47:23,passed,238,[23122249],38,23122249,java,ok,,java-gradle,,0.0,,,,,,,,,0
23150416,SimonVT/cathode,0.0,,,java,,master,6,0b70c57cad98a3607487f70e419b80391e9f49cd#0ef417c4d9b74fee55c3e8049135914b2702c47f#3cd59aa2e272c9611f35013941607a0cfc08db4b#fbc5fe49c2c7218e35842f034de3e1bd9579726d#468e7f574161d13cfaa58d676df434335585ffc8#ff9354ba56bed625eac1d27c9f641cc09e487465,build_found,c22da26656772bbff9174e1e4cab979914f8196b,23122248,2014-04-16 16:16:17,1,ff9354ba56bed625eac1d27c9f641cc09e487465#468e7f574161d13cfaa58d676df434335585ffc8#fbc5fe49c2c7218e35842f034de3e1bd9579726d#3cd59aa2e272c9611f35013941607a0cfc08db4b#0ef417c4d9b74fee55c3e8049135914b2702c47f#0b70c57cad98a3607487f70e419b80391e9f49cd,6,ff9354ba56bed625eac1d27c9f641cc09e487465,,ff9354ba56bed625eac1d27c9f641cc09e487465,,0,,34,0,0,0,7,0,0,3,0,4,70,22434,0.0,0.0,0.0,0.0,,2014-04-16 19:51:28,2014-04-16 19:59:39,passed,251,[23150417],39,23150417,java,ok,,java-gradle,,0.0,,,,,,,,,0
24910197,SimonVT/cathode,0.0,,,java,,master,7,66bc76a0467c3588239e36f10fccbbea58e500d7#c42639d26aafcfdfc5967074ab503f97bbb3f141#85bf77458785a2ff609e28c7f57a7c09ae2a8e89#e5662778772a67c9ab3af81a1ef95c2b24404161#5bcc18d7a79de258bb3b66cc06b01c47ec36a5cf#522b2c8b176f4b04b5721a1b5a42bb8aac72fb3b#a045f3cae50d1038bc24fa9ce029036f445ac53d,build_found,ff9354ba56bed625eac1d27c9f641cc09e487465,23150420,2014-05-09 13:45:02,1,a045f3cae50d1038bc24fa9ce029036f445ac53d#522b2c8b176f4b04b5721a1b5a42bb8aac72fb3b#5bcc18d7a79de258bb3b66cc06b01c47ec36a5cf#e5662778772a67c9ab3af81a1ef95c2b24404161#85bf77458785a2ff609e28c7f57a7c09ae2a8e89#c42639d26aafcfdfc5967074ab503f97bbb3f141#66bc76a0467c3588239e36f10fccbbea58e500d7,7,a045f3cae50d1038bc24fa9ce029036f445ac53d,,a045f3cae50d1038bc24fa9ce029036f445ac53d,,0,,120,0,0,0,9,0,0,6,0,3,83,22477,0.0,0.0,0.0,0.0,,2014-05-11 12:10:21,2014-05-11 12:11:31,passed,190,[24910198],41,24910198,java,ok,,java-gradle,,0.0,,,,,,,,,0
28327954,SimonVT/cathode,0.0,,,java,,master,,,build_found,492234334480d726d4cfa2b04aa2b69db9ee942d,27434903,,1,57fa4b539e739380d1ea219ceecebdbeecf28a10#5d4daee010237b735ef34f0ba44962ac65761982,2,57fa4b539e739380d1ea219ceecebdbeecf28a10,,57fa4b539e739380d1ea219ceecebdbeecf28a10,,0,,6,0,0,0,2,0,0,1,0,1,64,23081,0.0,0.0,0.0,0.0,,,2014-06-24 16:03:35,passed,309,[28327955],49,28327955,java,ok,,java-gradle,,0.0,,,,,,,,,0
49016406,SimonVT/cathode,0.0,,,java,,master,1,37e48382f31bc23bc893e180eeef5ff6f27b1d46,build_found,3a4eedc185c1e18faee6b629256364add88a4d62,49006428,2015-01-03 01:39:36,1,37e48382f31bc23bc893e180eeef5ff6f27b1d46,1,37e48382f31bc23bc893e180eeef5ff6f27b1d46,,37e48382f31bc23bc893e180eeef5ff6f27b1d46,,0,,2,6,0,0,4,0,0,2,0,2,26,23102,3.63604882694139,0.173145182235304,0.519435546705913,0.0,,2015-01-31 17:28:36,2015-01-31 17:44:09,passed,617,"[49016407, 49016408]",81,49016408,android,ok,0,plain,,0.0,,,,,,,,,0
49222638,SimonVT/cathode,0.0,,,java,,master,3,fca2bb8d424c5ee5c4609e61bf3e857727bfa330#a36ccf3967da8a357f57e1cbb4ac1bd678c485e2#c8f0640497dbdad45abd0a1a6cf2488b2a998292,build_found,2aa20dd64111e2488d6fb99eb5872e378861f554,49110490,2015-02-02 16:37:56,1,c8f0640497dbdad45abd0a1a6cf2488b2a998292#a36ccf3967da8a357f57e1cbb4ac1bd678c485e2#fca2bb8d424c5ee5c4609e61bf3e857727bfa330,3,c8f0640497dbdad45abd0a1a6cf2488b2a998292,,c8f0640497dbdad45abd0a1a6cf2488b2a998292,,0,,32,0,0,0,5,0,0,3,0,2,96,23310,3.6036036036036,0.171600171600172,0.514800514800515,0.0,,2015-02-02 19:35:54,2015-02-02 19:36:43,passed,725,"[49222639, 49222640]",84,49222640,android,ok,2,plain,,0.0,,,,,,,,,0
49791682,SimonVT/cathode,0.0,,,java,,master,1,1ef4ac9549b50706d8cd79e9456a1b282f4ca7b7,build_found,f79cd74a0d7d578aa06ee88f69a3f6d4ac3f7f3b,49790396,2015-02-06 20:45:48,1,1ef4ac9549b50706d8cd79e9456a1b282f4ca7b7,1,1ef4ac9549b50706d8cd79e9456a1b282f4ca7b7,,1ef4ac9549b50706d8cd79e9456a1b282f4ca7b7,,0,,0,0,0,0,1,0,0,0,0,1,24,23310,3.43200343200343,0.171600171600172,0.514800514800515,0.0,,2015-02-06 20:45:57,2015-02-06 20:59:42,passed,739,"[49791683, 49791684]",89,49791683,android,ok,1,plain,,0.0,,,,,,,,,0
50067930,SimonVT/cathode,0.0,,,java,,master,6,af33c1f2d0212d714c0bf1a3adcdfa4858f94480#c1a1dd353cc570e7dd085cf32b639acc56fdc2d9#2ce896b9cc5858422d2898bc819c5c641ed6d421#69b128bf2d0f750a99feef36502246019ffd69d8#ff4e581aab7cdc58bd8ffa5adf9c45b5c5d9a28f#88abc289fa3dac76ddc521ffbb80d6e6b6da6997,build_found,1ef4ac9549b50706d8cd79e9456a1b282f4ca7b7,49791682,2015-02-07 16:01:51,1,88abc289fa3dac76ddc521ffbb80d6e6b6da6997#ff4e581aab7cdc58bd8ffa5adf9c45b5c5d9a28f#69b128bf2d0f750a99feef36502246019ffd69d8#2ce896b9cc5858422d2898bc819c5c641ed6d421#c1a1dd353cc570e7dd085cf32b639acc56fdc2d9#af33c1f2d0212d714c0bf1a3adcdfa4858f94480,6,88abc289fa3dac76ddc521ffbb80d6e6b6da6997,,88abc289fa3dac76ddc521ffbb80d6e6b6da6997,,0,,282,0,0,0,8,0,0,3,0,5,137,23377,3.42216708730804,0.171108354365402,0.513325063096206,0.0,,2015-02-09 15:18:55,2015-02-09 15:19:48,failed,668,"[50067931, 50067932]",90,50067931,android,broken,1,plain,,0.0,,,,,,,,,0
50070601,SimonVT/cathode,0.0,,,java,,master,1,d239db5b2d3732c4eb21262893146f02df7e144b,build_found,88abc289fa3dac76ddc521ffbb80d6e6b6da6997,50067943,2015-02-09 15:28:24,1,d239db5b2d3732c4eb21262893146f02df7e144b,1,d239db5b2d3732c4eb21262893146f02df7e144b,,d239db5b2d3732c4eb21262893146f02df7e144b,,0,,0,0,0,0,1,0,0,0,0,1,26,23377,3.42216708730804,0.171108354365402,0.513325063096206,0.0,,2015-02-09 15:37:57,2015-02-09 15:39:00,passed,633,"[50070602, 50070603]",93,50070602,android,ok,0,plain,,0.0,,,,,,,,,0
50178863,SimonVT/cathode,0.0,,,java,,master,3,abfb8a54a9cb08426e1c552ab89cdcf180841cd1#eb6d88be7fd293d85e2398ddce124e21537dd7f1#b4a5937f302c7862d61a925de662685a7a9baddd,build_found,d239db5b2d3732c4eb21262893146f02df7e144b,50070601,2015-02-09 22:03:08,1,b4a5937f302c7862d61a925de662685a7a9baddd#eb6d88be7fd293d85e2398ddce124e21537dd7f1#abfb8a54a9cb08426e1c552ab89cdcf180841cd1,3,b4a5937f302c7862d61a925de662685a7a9baddd,,b4a5937f302c7862d61a925de662685a7a9baddd,,0,,218,0,1,0,8,0,0,6,0,3,75,23541,3.39832632428529,0.169916316214264,0.509748948642793,0.0,,2015-02-10 10:16:16,2015-02-10 10:16:54,passed,767,"[50178864, 50178865]",94,50178864,android,ok,0,plain,,0.0,,,,,,,,,0
50230341,SimonVT/cathode,0.0,,,java,,master,2,86671f53fa625aa7b33dd5a77b4aa44cb01abdaa#4cd4e92151e9e8cd6c5115f80a3dd9c2935bddb4,build_found,b4a5937f302c7862d61a925de662685a7a9baddd,50178863,2015-02-10 15:27:25,1,4cd4e92151e9e8cd6c5115f80a3dd9c2935bddb4#86671f53fa625aa7b33dd5a77b4aa44cb01abdaa,2,4cd4e92151e9e8cd6c5115f80a3dd9c2935bddb4,,4cd4e92151e9e8cd6c5115f80a3dd9c2935bddb4,,0,,217,0,1,0,10,0,0,8,0,3,118,23653,3.3822348116518,0.16911174058259,0.50733522174777,0.0,,2015-02-10 17:04:02,2015-02-10 17:11:49,passed,830,"[50230342, 50230343]",95,50230342,android,ok,1,plain,,0.0,,,,,,,,,0
50762231,SimonVT/cathode,0.0,,,java,,master,3,084f49c0650925f5b68a0e4b2a2c1a08ecf4311c#05287235ec1ca719eff72faa163819d9dbd6e7dc#9d84faa063004e41614693f2686df677efdb84e9,build_found,4cd4e92151e9e8cd6c5115f80a3dd9c2935bddb4,50230344,2015-02-14 11:12:27,1,9d84faa063004e41614693f2686df677efdb84e9#05287235ec1ca719eff72faa163819d9dbd6e7dc#084f49c0650925f5b68a0e4b2a2c1a08ecf4311c,3,9d84faa063004e41614693f2686df677efdb84e9,,9d84faa063004e41614693f2686df677efdb84e9,,0,,455,0,3,0,17,0,0,19,0,1,82,23815,3.35922737770313,0.167961368885156,0.503884106655469,0.0,,2015-02-14 16:49:07,2015-02-14 16:49:45,failed,635,"[50762232, 50762233]",97,50762232,android,broken,1,plain,,0.0,,,,,,,,,0
50768233,SimonVT/cathode,0.0,,,java,,master,2,742ec181cbc5e3aab1a14abaeae5d0ad28881e09#007255c68322f822527a9ec8b5f58e4c21290cbd,build_found,9d84faa063004e41614693f2686df677efdb84e9,50762231,2015-02-14 16:48:46,1,007255c68322f822527a9ec8b5f58e4c21290cbd#742ec181cbc5e3aab1a14abaeae5d0ad28881e09,2,007255c68322f822527a9ec8b5f58e4c21290cbd,,007255c68322f822527a9ec8b5f58e4c21290cbd,,0,,70,0,0,0,5,0,0,3,0,2,147,23849,3.35443834123024,0.167721917061512,0.503165751184536,0.0,,2015-02-14 18:03:51,2015-02-14 18:04:43,failed,712,"[50768234, 50768235]",98,50768235,android,broken,0,plain,,0.0,,,,,,,,,0
50769336,SimonVT/cathode,0.0,,,java,,master,1,50084c8089c6ab7e44f3e73bd888200f5a98a8db,build_found,007255c68322f822527a9ec8b5f58e4c21290cbd,50768244,2015-02-14 18:18:10,1,50084c8089c6ab7e44f3e73bd888200f5a98a8db,1,50084c8089c6ab7e44f3e73bd888200f5a98a8db,,50084c8089c6ab7e44f3e73bd888200f5a98a8db,,0,,5,0,0,0,2,0,0,2,0,0,21,23846,3.35486035393777,0.167743017696888,0.503229053090665,0.0,,2015-02-14 18:18:16,2015-02-14 18:18:59,passed,694,"[50769337, 50769338]",100,50769338,android,ok,1,plain,,0.0,,,,,,,,,0
50830165,SimonVT/cathode,0.0,,,java,,master,2,e097e2682a45ac4675ae9e1ac9f8acd4459fadbb#2ad642157109141e4d08a29a7c3afb5d096bb025,build_found,50084c8089c6ab7e44f3e73bd888200f5a98a8db,50769336,2015-02-14 22:44:09,1,2ad642157109141e4d08a29a7c3afb5d096bb025#e097e2682a45ac4675ae9e1ac9f8acd4459fadbb,2,2ad642157109141e4d08a29a7c3afb5d096bb025,,2ad642157109141e4d08a29a7c3afb5d096bb025,,0,,41,0,0,0,8,0,0,8,0,0,45,23854,3.35373522260418,0.167686761130209,0.503060283390626,0.0,,2015-02-15 12:39:01,2015-02-15 12:40:04,passed,645,"[50830166, 50830167]",101,50830167,android,ok,0,plain,,0.0,,,,,,,,,0
50997978,SimonVT/cathode,0.0,,,java,,master,8,162cdd7b6abfa049089e6104d0ac70177a46a2b2#5a389d7f30c3091240add873a050b2c1e893b2a4#cec74398fcc9c9be980424ab1cc8a6a95c38bf01#f96151fcce05061bc80033bd6d8a77b0f12df4fb#259e034ab5e629492d0ca743a28bcbe7368fda94#82ec1a2e1af0ac1d171beb4bd7cc0a1331c0f491#87de908b31a143038438c114f7752a203c28fa3e#580b57d4d6746ed68539bc413fcb18713b34881b,build_found,2ad642157109141e4d08a29a7c3afb5d096bb025,50830165,2015-02-15 13:52:49,1,580b57d4d6746ed68539bc413fcb18713b34881b#87de908b31a143038438c114f7752a203c28fa3e#82ec1a2e1af0ac1d171beb4bd7cc0a1331c0f491#259e034ab5e629492d0ca743a28bcbe7368fda94#f96151fcce05061bc80033bd6d8a77b0f12df4fb#cec74398fcc9c9be980424ab1cc8a6a95c38bf01#5a389d7f30c3091240add873a050b2c1e893b2a4#162cdd7b6abfa049089e6104d0ac70177a46a2b2,8,580b57d4d6746ed68539bc413fcb18713b34881b,,580b57d4d6746ed68539bc413fcb18713b34881b,,0,,331,0,1,0,20,0,0,18,0,3,167,24083,3.32184528505585,0.166092264252792,0.498276792758377,0.0,,2015-02-16 21:14:24,2015-02-16 21:16:05,passed,695,"[50997979, 50997980]",102,50997979,android,ok,0,plain,,0.0,,,,,,,,,0
58146620,SimonVT/cathode,0.0,,,java,,master,1,c3d09fe9208bb886d1f1c5fe2177234618503b72,build_found,bab7e537b6063af35b5f9474017c4b66193017b2,58072514,2015-04-12 10:52:49,1,c3d09fe9208bb886d1f1c5fe2177234618503b72,1,c3d09fe9208bb886d1f1c5fe2177234618503b72,,c3d09fe9208bb886d1f1c5fe2177234618503b72,,0,,0,0,0,0,1,0,0,0,0,1,6,24152,3.31235508446505,0.165617754223253,0.496853262669758,0.0,,2015-04-12 10:52:54,2015-04-12 10:53:57,passed,664,"[58146621, 58146622]",111,58146621,android,ok,0,plain,,0.0,,,,,,,,,0
58286910,SimonVT/cathode,0.0,,,java,,master,1,7555c3b13a1a85cb464e7327b67877bab757ca52,build_found,c3d09fe9208bb886d1f1c5fe2177234618503b72,58146620,2015-04-13 15:07:22,1,7555c3b13a1a85cb464e7327b67877bab757ca52,1,7555c3b13a1a85cb464e7327b67877bab757ca52,,7555c3b13a1a85cb464e7327b67877bab757ca52,,0,,53,0,0,0,7,0,0,7,0,0,36,24177,3.30892997476941,0.16544649873847,0.496339496215411,0.0,,2015-04-13 15:13:53,2015-04-13 15:23:13,passed,712,"[58286911, 58286912]",112,58286912,android,ok,0,plain,,0.0,,,,,,,,,0
58650384,SimonVT/cathode,0.0,,,java,,master,6,4a58e4018f1f25c083305c15f550f000bafe27bb#8f793c5f5cd61f5e6ad4bf65acb4ecad912e0b73#1d57937e20e32e292661eee6d6d0bfbfc6e11181#d8c2d6524e64185a0e1abdd3932f66d0fd67a0a6#4107852d8e24fad3e47ee8a9e40709c469bd22c7#3f44c99d3e4afc4cd6eacd0744fd407abf2f6e12,build_found,7555c3b13a1a85cb464e7327b67877bab757ca52,58286910,2015-04-14 18:30:16,1,3f44c99d3e4afc4cd6eacd0744fd407abf2f6e12#4107852d8e24fad3e47ee8a9e40709c469bd22c7#d8c2d6524e64185a0e1abdd3932f66d0fd67a0a6#1d57937e20e32e292661eee6d6d0bfbfc6e11181#8f793c5f5cd61f5e6ad4bf65acb4ecad912e0b73#4a58e4018f1f25c083305c15f550f000bafe27bb,6,3f44c99d3e4afc4cd6eacd0744fd407abf2f6e12,,3f44c99d3e4afc4cd6eacd0744fd407abf2f6e12,,0,,173,0,0,0,14,0,0,14,0,0,93,24173,3.30947751623712,0.165473875811856,0.496421627435569,0.0,,2015-04-15 19:41:34,2015-04-15 19:49:26,passed,791,"[58650385, 58650386]",113,58650385,android,ok,1,plain,,0.0,,,,,,,,,0
58807958,SimonVT/cathode,0.0,,,java,,master,3,7d67262401365c8e2ffc975907cd9bc1b8730c2a#abeb4fa93749f9cd4d8b765bdd2ac4ef3fb3e281#8f0ddbe3bb8a0448ecb23276dc40ccac67f69947,build_found,3f44c99d3e4afc4cd6eacd0744fd407abf2f6e12,58650384,2015-04-16 16:21:40,1,8f0ddbe3bb8a0448ecb23276dc40ccac67f69947#abeb4fa93749f9cd4d8b765bdd2ac4ef3fb3e281#7d67262401365c8e2ffc975907cd9bc1b8730c2a,3,8f0ddbe3bb8a0448ecb23276dc40ccac67f69947,,8f0ddbe3bb8a0448ecb23276dc40ccac67f69947,,0,,4,0,0,0,4,0,0,2,0,2,31,24176,3.30906684315023,0.165453342157512,0.496360026472535,0.0,,2015-04-16 19:46:49,2015-04-16 19:50:53,passed,821,"[58807959, 58807960]",114,58807959,android,ok,1,plain,,0.0,,,,,,,,,0
60022214,SimonVT/cathode,0.0,,,java,,master,2,f3e95cc3cea4f02880f78b4d6298eff5e3e63fbd#70e05b1c641d711ced7ca10d4bc0202ef5bd9a20,build_found,8f0ddbe3bb8a0448ecb23276dc40ccac67f69947,58807958,2015-04-25 14:55:58,1,70e05b1c641d711ced7ca10d4bc0202ef5bd9a20#f3e95cc3cea4f02880f78b4d6298eff5e3e63fbd,2,70e05b1c641d711ced7ca10d4bc0202ef5bd9a20,,70e05b1c641d711ced7ca10d4bc0202ef5bd9a20,,0,,76,0,0,0,6,0,0,4,0,2,111,24214,3.30387379202114,0.165193689601057,0.495581068803172,0.0,,2015-04-25 16:47:28,2015-04-25 16:48:27,passed,704,"[60022216, 60022218]",115,60022216,android,ok,0,plain,,0.0,,,,,,,,,0
71822186,SimonVT/cathode,0.0,,,java,,master,16,995c8c4e2ccaba0232dea333a87e80d96916110a#b7beeb11433318aba32f69f0fbe2eb1793db3d35#a2872970a61e27ce52bc887424333e89f69d845f#7d7789045aba47f50a9532a205b30188640542e1#77249a236c5c08149e036c40022c9499b7d70853#f7fbe13960351bdef1d29500475df0ad17397626#4862b2bb1b91d644ba210a016685cc02da165726#767ddcecea8faedb4f2b642ad0a931d1d4e0b323#03f64f1c7f7cdcbe48b89e0825b170139f46b9cd#91b561568505d4b6aec79af0ab2a86d2ab4e904b#838ed6e6f184205368d991b7266311650eb6b43d#a3744018b8b6bd712dc9b9aa4746209b989f5f59#798d27c70a8dd07ef001832d5fbd9793e86fbe63#ad7419a1d118042d6c0b239fb33f7cbc9e474f1f#2c3d9e66f32618677e5bbbad5b106117078726c2#d6b2a88661172bb3880884291dedc1d38016f5ac,build_found,70e05b1c641d711ced7ca10d4bc0202ef5bd9a20,60022221,2015-06-01 19:46:52,1,d6b2a88661172bb3880884291dedc1d38016f5ac#2c3d9e66f32618677e5bbbad5b106117078726c2#ad7419a1d118042d6c0b239fb33f7cbc9e474f1f#798d27c70a8dd07ef001832d5fbd9793e86fbe63#a3744018b8b6bd712dc9b9aa4746209b989f5f59#838ed6e6f184205368d991b7266311650eb6b43d#91b561568505d4b6aec79af0ab2a86d2ab4e904b#03f64f1c7f7cdcbe48b89e0825b170139f46b9cd#767ddcecea8faedb4f2b642ad0a931d1d4e0b323#4862b2bb1b91d644ba210a016685cc02da165726#f7fbe13960351bdef1d29500475df0ad17397626#77249a236c5c08149e036c40022c9499b7d70853#7d7789045aba47f50a9532a205b30188640542e1#a2872970a61e27ce52bc887424333e89f69d845f#b7beeb11433318aba32f69f0fbe2eb1793db3d35#995c8c4e2ccaba0232dea333a87e80d96916110a,16,d6b2a88661172bb3880884291dedc1d38016f5ac,,d6b2a88661172bb3880884291dedc1d38016f5ac,,0,,3327,0,40,35,128,0,0,63,0,149,289,25253,3.16794044271968,0.158397022135984,0.475191066407952,0.0,,2015-07-20 19:08:42,2015-07-20 19:09:42,passed,717,"[71822188, 71822194]",117,71822194,android,ok,0,plain,,0.0,,,,,,,,,0
71826978,SimonVT/cathode,0.0,,,java,,master,1,884282be442769c2f550a8f23c38cb6f16c3dbc0,build_found,d6b2a88661172bb3880884291dedc1d38016f5ac,71822197,2015-07-20 19:32:23,1,884282be442769c2f550a8f23c38cb6f16c3dbc0,1,884282be442769c2f550a8f23c38cb6f16c3dbc0,,884282be442769c2f550a8f23c38cb6f16c3dbc0,,0,,0,0,0,1,2,0,0,0,0,3,30,25253,3.16794044271968,0.158397022135984,0.475191066407952,0.0,,2015-07-20 19:40:08,2015-07-20 19:41:18,passed,730,"[71826979, 71826980]",120,71826980,android,ok,0,plain,,0.0,,,,,,,,,0
71828128,SimonVT/cathode,0.0,,,java,,master,1,fafb053a8fb4dba8efafd2339193f5b17affd61d,build_found,884282be442769c2f550a8f23c38cb6f16c3dbc0,71826978,2015-07-20 19:47:01,1,fafb053a8fb4dba8efafd2339193f5b17affd61d,1,fafb053a8fb4dba8efafd2339193f5b17affd61d,,fafb053a8fb4dba8efafd2339193f5b17affd61d,,0,,0,0,0,0,2,0,0,0,0,2,5,25253,3.16794044271968,0.158397022135984,0.475191066407952,0.0,,2015-07-20 19:47:10,2015-07-20 19:48:14,passed,839,"[71828129, 71828130]",121,71828130,android,ok,0,plain,,0.0,,,,,,,,,0
72006904,SimonVT/cathode,0.0,,,java,,master,8,f695d77b11e1dc3bd7d2c3c5696e3b70ef330483#579d661e08929471c53d26bc19e7820e362c1e35#86d5021a11b89933c0dda9e7070aab7edeb6edaf#5c7cc9661bf983e97f9da215aba9d960ec574bc2#a30f742ced1ee53a2582bc9a5b2d210fcb081df9#3ce603f930dd08c3246ff1d034187da728ff2cd4#02583bf1bce874a369c25fff6472bbcb4a9cb6ad#19596bf32f6f3bd82927f0253229b01f9adb34f4,build_found,fafb053a8fb4dba8efafd2339193f5b17affd61d,71828128,2015-07-21 15:07:59,1,19596bf32f6f3bd82927f0253229b01f9adb34f4#02583bf1bce874a369c25fff6472bbcb4a9cb6ad#3ce603f930dd08c3246ff1d034187da728ff2cd4#a30f742ced1ee53a2582bc9a5b2d210fcb081df9#5c7cc9661bf983e97f9da215aba9d960ec574bc2#86d5021a11b89933c0dda9e7070aab7edeb6edaf#579d661e08929471c53d26bc19e7820e362c1e35#f695d77b11e1dc3bd7d2c3c5696e3b70ef330483,8,19596bf32f6f3bd82927f0253229b01f9adb34f4,,19596bf32f6f3bd82927f0253229b01f9adb34f4,,0,,189,0,0,0,18,0,0,10,0,9,133,25243,3.16919542051262,0.158459771025631,0.475379313076893,0.0,,2015-07-21 20:01:38,2015-07-21 20:03:16,passed,736,"[72006905, 72006907]",122,72006907,android,ok,0,plain,,0.0,,,,,,,,,0
72588297,SimonVT/cathode,0.0,,,java,,master,7,f9b56a60fb17fcb19b00f460df8332a62a3c1fc4#8da755d8a473131821e95a8672c32cc99e264714#52935022c36c5064c5d5a447ba353031816782ae#e15a685985bfd7a29dbc8cef726462bef83f6228#9bb4f89abd9fcbc875570adcc2ecf824deefdd8e#0563e2d0ce033beafb06bf4158932c1717f79c7d#d37f5021378a3d61c271f6fde2cb985579e1c63a,build_found,19596bf32f6f3bd82927f0253229b01f9adb34f4,72006915,2015-07-25 10:11:57,1,d37f5021378a3d61c271f6fde2cb985579e1c63a#0563e2d0ce033beafb06bf4158932c1717f79c7d#9bb4f89abd9fcbc875570adcc2ecf824deefdd8e#e15a685985bfd7a29dbc8cef726462bef83f6228#52935022c36c5064c5d5a447ba353031816782ae#8da755d8a473131821e95a8672c32cc99e264714#f9b56a60fb17fcb19b00f460df8332a62a3c1fc4,7,d37f5021378a3d61c271f6fde2cb985579e1c63a,,d37f5021378a3d61c271f6fde2cb985579e1c63a,,0,,275,0,3,0,10,0,0,10,0,5,144,25330,3.15831030398737,0.157915515199368,0.473746545598105,0.0,,2015-07-25 12:18:17,2015-07-25 12:19:58,passed,679,"[72588298, 72588299]",124,72588299,android,ok,0,plain,,0.0,,,,,,,,,0
73785867,SimonVT/cathode,0.0,,,java,,master,1,48e8cee81e0a75fb937c13fbf7bea1762f052538,build_found,d37f5021378a3d61c271f6fde2cb985579e1c63a,72588313,2015-08-02 16:55:40,1,48e8cee81e0a75fb937c13fbf7bea1762f052538,1,48e8cee81e0a75fb937c13fbf7bea1762f052538,,48e8cee81e0a75fb937c13fbf7bea1762f052538,,0,,2,0,0,0,1,0,0,1,0,0,3,25330,3.15831030398737,0.157915515199368,0.473746545598105,0.0,,2015-08-02 16:55:44,2015-08-02 16:56:35,passed,711,"[73785868, 73785869]",126,73785869,android,ok,0,plain,,0.0,,,,,,,,,0
74771659,SimonVT/cathode,0.0,,,java,,master,7,5a36cb17cb96e4d9429f0b894327cac35d49f855#e334d2898408fab2fc831e8c62fa32b6f93bf6e3#7730854141e1adb21045585cd8d92f651f981e39#d7ab7f485801edfaadd233e792ff6075b4208649#2360927aa29e1edf317f430c89f17c4ffdb84ba1#bc77222a091aa553cbdfc1d525daecd7e2a008f1#964da24af76a8e24bd96f060094aa181da39260a,build_found,48e8cee81e0a75fb937c13fbf7bea1762f052538,73785867,2015-08-01 16:49:58,1,964da24af76a8e24bd96f060094aa181da39260a#bc77222a091aa553cbdfc1d525daecd7e2a008f1#2360927aa29e1edf317f430c89f17c4ffdb84ba1#d7ab7f485801edfaadd233e792ff6075b4208649#7730854141e1adb21045585cd8d92f651f981e39#e334d2898408fab2fc831e8c62fa32b6f93bf6e3#5a36cb17cb96e4d9429f0b894327cac35d49f855,7,964da24af76a8e24bd96f060094aa181da39260a,,964da24af76a8e24bd96f060094aa181da39260a,,0,,2048,0,34,0,58,0,0,64,0,25,283,26539,3.01443159124308,0.150721579562154,0.452164738686461,0.0,,2015-08-09 08:15:55,2015-08-09 08:16:49,passed,642,"[74771660, 74771661]",127,74771661,android,ok,0,plain,,0.0,,,,,,,,,0
74792001,SimonVT/cathode,0.0,,,java,,master,2,da8b1ab364c6c76d532fd170816dddf4761a8628#81eb144878e73f4a30d438ae2fe198301335dcbe,build_found,964da24af76a8e24bd96f060094aa181da39260a,74771662,2015-08-09 13:19:58,1,81eb144878e73f4a30d438ae2fe198301335dcbe#da8b1ab364c6c76d532fd170816dddf4761a8628,2,81eb144878e73f4a30d438ae2fe198301335dcbe,,81eb144878e73f4a30d438ae2fe198301335dcbe,,0,,2,0,0,0,2,0,0,1,0,1,98,26539,3.01443159124308,0.150721579562154,0.452164738686461,0.0,,2015-08-09 13:28:30,2015-08-09 13:29:26,passed,655,"[74792004, 74792006]",130,74792006,android,ok,0,plain,,0.0,,,,,,,,,0
75662089,SimonVT/cathode,0.0,,,java,,master,5,776f77d22d9642574d7978fb76321b126df99503#115a20d2f45048313b227fe33534616d5e49cde4#067777e4916eb423f26cb91213cb5dbcaaa18368#cbd8a7750e8f2291ec5d240e57258e78784ef76a#430e1d8a344a37b5b50f99fe8ecd0b4ef5c9f1d2,build_found,81eb144878e73f4a30d438ae2fe198301335dcbe,74792013,2015-08-01 16:49:58,1,115a20d2f45048313b227fe33534616d5e49cde4#776f77d22d9642574d7978fb76321b126df99503,2,115a20d2f45048313b227fe33534616d5e49cde4,,115a20d2f45048313b227fe33534616d5e49cde4,,0,,1368,0,7,0,47,0,0,54,0,2,45,27019,2.96087938117621,0.14804396905881,0.444131907176431,0.0,,2015-08-14 20:22:26,2015-08-14 20:23:40,failed,836,"[75662090, 75662093]",135,75662093,android,broken,0,plain,,0.0,,,,,,,,,0
76456481,SimonVT/cathode,0.0,,,java,,master,,,build_found,115a20d2f45048313b227fe33534616d5e49cde4,75662089,,1,20f574bfcc869e911ed69ece3528a8eacb69fa82#cb8c9b0eae032dbbcb56d9bc1fea5f4a5427fbab#c3b5db0c2811ed4f2dc4798d4691af33fe607e3c#6be3b1a4e769a2f6dec2791bc3337e1a34a53983#6db607681fdd9a947a7c5cd7a7c01ef0e3d471ef#baff887ef3d62ceff4349cb0dccf6c2587385554#5ae656b581ff033b014152636938d008010c4a1d#1f1c68dca5fb486ac439edaf5b74a2a715e4850e#87863aa2202eb176733f4ee3770ce90384e69c5c#a140d7843cf389776eddea063593013f5834cabf#c282aed0863fc00b8898b6657383b0f239a9065e#76c59ae3c197c205b6e878c6cc101d8d17207c31#486b56fba69a823edeffcc602811c03ec202b51a#c27e58a4a56ac496a46634febef3f85abfeda26e#c2e5f8c9be68de725b890695975bab1628d11885#30ffa0429dfbb4370f50d72820ad3ac961edcbc9#9451be686bea0f1380f096b218266d25427a3fa1#3175d14f3b7077cef49decb9a2ecd753085c020e#83e4207122433bdb424eee3d543aea18ca960e68#d4f45a7f1c2b918d18b90057db5e0e5c629da6a8#17a201ed58495819d6be173bf65999f522ff8c5d#27155e6537f11914bfe8fc7f79c9d1b1e2a961fb#d754d7751d774f5ce59984854572f36c7d8ba13a#053fd75423fb6864eccb66398c46c55cda7bbaab#032dc095ca19d4dea36b35b15492c9b8f6eed524#3630ef4dae291bf747793431cfc21de95e2f2a23#d805aeab27319bbea3488f6d21bc46f1ce71c858#0bc94f72f34a23ee9a1793309930076c2bb9451a,28,20f574bfcc869e911ed69ece3528a8eacb69fa82,,20f574bfcc869e911ed69ece3528a8eacb69fa82,,0,,3764,0,40,1,84,0,0,77,0,39,316,28658,2.79154162886454,0.139577081443227,0.418731244329681,0.0,,,2015-08-20 13:09:07,passed,810,"[76456482, 76456484]",146,76456484,android,ok,0,plain,,0.0,,,,,,,,,0
76710906,SimonVT/cathode,0.0,,,java,,master,6,75ff9909bbd7d7ed399fd3f4be00702df9ce62d8#916fc854b2bcd46992994aaebd04116505a12669#d384fc72abd81b75e963b469a4ca58727167b563#459b760cdbeeb6190702801ffa5f58670a88aa40#63fb9913d99047f35a1a11e7d21b42fa48b3cc22#1c94c2726a80500a07458642441db25a142215ad,build_found,20f574bfcc869e911ed69ece3528a8eacb69fa82,76456492,2015-08-21 20:35:21,1,1c94c2726a80500a07458642441db25a142215ad#63fb9913d99047f35a1a11e7d21b42fa48b3cc22#459b760cdbeeb6190702801ffa5f58670a88aa40#d384fc72abd81b75e963b469a4ca58727167b563#916fc854b2bcd46992994aaebd04116505a12669#75ff9909bbd7d7ed399fd3f4be00702df9ce62d8,6,1c94c2726a80500a07458642441db25a142215ad,,1c94c2726a80500a07458642441db25a142215ad,,0,,141,0,1,0,13,0,0,12,0,2,212,28686,2.78881684445374,0.139440842222687,0.418322526668061,0.0,,2015-08-21 22:17:25,2015-08-21 22:17:42,passed,697,"[76710907, 76710908]",148,76710908,android,ok,0,plain,,0.0,,,,,,,,,0
76836549,SimonVT/cathode,0.0,,,java,,master,3,3ce61932cae90d8dcadd7753b48ccba7e8b437ac#b4b7e1c0b9ce340b3f1fa4b0512741011301c55b#62967dc3efc2d66164b872ab627d69943a8e3c73,build_found,1c94c2726a80500a07458642441db25a142215ad,76710916,2015-08-22 19:55:39,1,62967dc3efc2d66164b872ab627d69943a8e3c73#b4b7e1c0b9ce340b3f1fa4b0512741011301c55b#3ce61932cae90d8dcadd7753b48ccba7e8b437ac,3,62967dc3efc2d66164b872ab627d69943a8e3c73,,62967dc3efc2d66164b872ab627d69943a8e3c73,,0,,19,0,0,0,3,0,0,2,0,1,154,28692,2.7882336539802,0.13941168269901,0.41823504809703,0.0,,2015-08-23 08:52:11,2015-08-23 08:52:20,passed,668,"[76836550, 76836551]",150,76836551,android,ok,0,plain,,0.0,,,,,,,,,0
76888203,SimonVT/cathode,0.0,,,java,,master,5,7593759bbb5ce77d70b077767601362af8f4b470#7a62935b06939b8e950931d1a0f1645faa440df5#1f9c3ada05ba0013e8a209eecfb1d2b6fb2d05db#558244883c1e935e6ba4ca7eac6c5218b10cbea8#5f02be4f6202d22d9a73d9ffa4c98707b00ab77d,build_found,62967dc3efc2d66164b872ab627d69943a8e3c73,76836557,2015-08-23 14:39:07,1,5f02be4f6202d22d9a73d9ffa4c98707b00ab77d#558244883c1e935e6ba4ca7eac6c5218b10cbea8#1f9c3ada05ba0013e8a209eecfb1d2b6fb2d05db#7a62935b06939b8e950931d1a0f1645faa440df5#7593759bbb5ce77d70b077767601362af8f4b470,5,5f02be4f6202d22d9a73d9ffa4c98707b00ab77d,,5f02be4f6202d22d9a73d9ffa4c98707b00ab77d,,0,,470,0,2,0,29,0,0,29,0,2,276,28912,2.76701715550636,0.138350857775318,0.415052573325955,0.0,,2015-08-23 20:02:22,2015-08-23 20:02:30,passed,734,"[76888204, 76888205]",152,76888205,android,ok,0,plain,,0.0,,,,,,,,,0
81284357,SimonVT/cathode,0.0,,,java,,master,6,3f2cad6c835b6fe86eeff76ffa705089040aa9d8#cc66107270d0160d125e89272c672694e8b17492#4295423855765f8e0af8734783c4b86a6db0bc9e#d9b0e6dc9d0117886b1c51990bf967a548d6e33d#45502b058f2860956e267b3646df4cdb46a290b6#c1bbffb7e2dbcb177970b59ffdf7fbbc5051079c,build_found,5f02be4f6202d22d9a73d9ffa4c98707b00ab77d,76888206,2015-08-29 18:05:03,1,c1bbffb7e2dbcb177970b59ffdf7fbbc5051079c#45502b058f2860956e267b3646df4cdb46a290b6#d9b0e6dc9d0117886b1c51990bf967a548d6e33d#4295423855765f8e0af8734783c4b86a6db0bc9e#cc66107270d0160d125e89272c672694e8b17492#3f2cad6c835b6fe86eeff76ffa705089040aa9d8,6,c1bbffb7e2dbcb177970b59ffdf7fbbc5051079c,,c1bbffb7e2dbcb177970b59ffdf7fbbc5051079c,,0,,1143,0,6,1,32,0,0,36,0,4,290,29304,2.73000273000273,0.136500136500137,0.40950040950041,0.0,,2015-09-20 19:39:50,2015-09-20 19:39:58,passed,791,"[81284358, 81284359]",154,81284359,android,ok,1,plain,,0.0,,,,,,,,,0
83954480,SimonVT/cathode,0.0,,,java,,master,18,204d2cb38d9eb20715ad3206a2ccb1342581a25e#3e8d9189a1a075e037b634ca92e98dddad9d9b6c#0a4770bbaac72b69951fef6be2e15c8129b4435e#ce6c28720c3c67192c436d4cdf32982bbef9bc75#a250313afc70ccd7da769bf87cf526265391a228#46ca3c63e42269fc421b82ee9f1adee4e87768dd#8d977d3a074c680398605d74c9f4f495488212cd#2f7c6e83baf19dbb60e9813907fe4e90e024a690#3274f4b421fb31ccc6c44e202116229cf8c9b6cd#e98d4e5c84a011d91468148d0c61174645e01f41#1e1a8727a3da3905c43d8e6ad66d5c2ddaa93bfa#740c4d4607cca33b46c0d9a4b21f90179481fd58#e5d3b524c928f4ee9ec6aa697f2e7e7e35448fec#eb03e2c935c14b8540162e52230c0c0a585a38d9#2ccc6fe1324364185ee23d0638c21d0b81a04dc0#822f57bb6f2dbce0c486f7a36abf70a921cfd6dc#e2d435a574f1857ad3b5220ef2b964e0cae60bca#c88d6ef078596f6623102a51c215b98a8311146c,build_found,c1bbffb7e2dbcb177970b59ffdf7fbbc5051079c,81284357,2015-09-21 15:06:53,1,c88d6ef078596f6623102a51c215b98a8311146c#e2d435a574f1857ad3b5220ef2b964e0cae60bca#822f57bb6f2dbce0c486f7a36abf70a921cfd6dc#2ccc6fe1324364185ee23d0638c21d0b81a04dc0#eb03e2c935c14b8540162e52230c0c0a585a38d9#e5d3b524c928f4ee9ec6aa697f2e7e7e35448fec#740c4d4607cca33b46c0d9a4b21f90179481fd58#1e1a8727a3da3905c43d8e6ad66d5c2ddaa93bfa#e98d4e5c84a011d91468148d0c61174645e01f41#3274f4b421fb31ccc6c44e202116229cf8c9b6cd#2f7c6e83baf19dbb60e9813907fe4e90e024a690#8d977d3a074c680398605d74c9f4f495488212cd#46ca3c63e42269fc421b82ee9f1adee4e87768dd#a250313afc70ccd7da769bf87cf526265391a228#ce6c28720c3c67192c436d4cdf32982bbef9bc75#0a4770bbaac72b69951fef6be2e15c8129b4435e#3e8d9189a1a075e037b634ca92e98dddad9d9b6c#204d2cb38d9eb20715ad3206a2ccb1342581a25e,18,c88d6ef078596f6623102a51c215b98a8311146c,,c88d6ef078596f6623102a51c215b98a8311146c,,0,,2620,0,5,2,61,0,0,62,0,5,339,29489,2.71287598765641,0.135643799382821,0.406931398148462,0.0,,2015-10-06 19:05:57,2015-10-06 19:06:10,passed,791,"[83954481, 83954482]",155,83954482,android,ok,1,plain,,0.0,,,,,,,,,0
90574592,SimonVT/cathode,0.0,,,java,,master,1,b6ea03f0a19d435e6fb26d40de75e2c6df5b99ca,build_found,707e4b00ef8f3b86acd18eba93f324d0a22620a0,90573515,2015-11-11 18:16:03,1,b6ea03f0a19d435e6fb26d40de75e2c6df5b99ca,1,b6ea03f0a19d435e6fb26d40de75e2c6df5b99ca,,b6ea03f0a19d435e6fb26d40de75e2c6df5b99ca,,0,,0,0,0,0,1,0,0,0,0,1,8,31704,3.37496845823871,0.157708806459753,0.630835225839011,0.0,,2015-11-11 18:16:10,2015-11-11 18:16:37,passed,843,"[90574593, 90574594]",158,90574594,android,ok,1,plain,,0.0,,,,,,,,,0
91155305,SimonVT/cathode,0.0,,,java,,master,6,3ed8ce1ecac6c99900127ab0d941a21b4c1f6c54#7fdeb044a0c66dd2a8259c01f34f3bed628af045#d7ba490ee8819fee6f4bd1a7b6d0d4394b81d022#010b87c38cbc5dd95030bfafac11e6f0c79ba060#6bacca7e7595d2255f72c578dac2ab07ff82080a#9c749c849485db0aa91b374fa11b98c10cbe404d,build_found,b6ea03f0a19d435e6fb26d40de75e2c6df5b99ca,90574592,2015-11-11 20:26:50,1,9c749c849485db0aa91b374fa11b98c10cbe404d#6bacca7e7595d2255f72c578dac2ab07ff82080a#010b87c38cbc5dd95030bfafac11e6f0c79ba060#d7ba490ee8819fee6f4bd1a7b6d0d4394b81d022#7fdeb044a0c66dd2a8259c01f34f3bed628af045#3ed8ce1ecac6c99900127ab0d941a21b4c1f6c54,6,9c749c849485db0aa91b374fa11b98c10cbe404d,,9c749c849485db0aa91b374fa11b98c10cbe404d,,0,,808,0,1,1,4,0,0,5,0,1,124,32194,3.32360067093247,0.155308442566938,0.621233770267752,0.0,,2015-11-14 21:38:59,2015-11-14 21:39:09,passed,792,"[91155306, 91155307]",159,91155307,android,ok,1,plain,,0.0,,,,,,,,,0
91168158,SimonVT/cathode,0.0,,,java,,master,2,05a9ffe7dd73ce9f4326a386264bb5725b3ad69f#85d8c6695f0be26292c0e5d67dc353cdcfd168dc,build_found,9c749c849485db0aa91b374fa11b98c10cbe404d,91155308,2015-11-14 23:39:34,1,85d8c6695f0be26292c0e5d67dc353cdcfd168dc#05a9ffe7dd73ce9f4326a386264bb5725b3ad69f,2,85d8c6695f0be26292c0e5d67dc353cdcfd168dc,,85d8c6695f0be26292c0e5d67dc353cdcfd168dc,,0,,6,0,0,0,3,0,0,2,0,1,138,32196,3.32339421046093,0.155298794881352,0.621195179525407,0.0,,2015-11-14 23:44:59,2015-11-14 23:45:07,passed,771,"[91168159, 91168160]",161,91168159,android,ok,1,plain,,0.0,,,,,,,,,0
92462197,SimonVT/cathode,0.0,,,java,,master,5,07b0411688b1ea35daf833aa8de3e8f61cde84e0#b799a81ef56c1b88bceb42d879784aa7c04426fe#9dd93c5e84d01fc9a11327a5ce5a8ffe6246a771#e11bc99bbd328e95a01db1af37916a5d035e4fa2#d9ee51fd3a689963262756cb9209562e44289ef8,build_found,85d8c6695f0be26292c0e5d67dc353cdcfd168dc,91168168,2015-11-21 16:39:14,1,d9ee51fd3a689963262756cb9209562e44289ef8#e11bc99bbd328e95a01db1af37916a5d035e4fa2#9dd93c5e84d01fc9a11327a5ce5a8ffe6246a771#b799a81ef56c1b88bceb42d879784aa7c04426fe#07b0411688b1ea35daf833aa8de3e8f61cde84e0,5,d9ee51fd3a689963262756cb9209562e44289ef8,,d9ee51fd3a689963262756cb9209562e44289ef8,,0,,78,79,2,0,9,0,1,10,0,1,164,32213,4.3771148294167,0.186260205507093,0.713997454443858,0.0,,2015-11-21 18:17:08,2015-11-21 18:17:18,failed,716,"[92462198, 92462199]",163,92462198,android,broken,1,plain,,0.0,,,,,,,,,0
92481961,SimonVT/cathode,0.0,,,java,,master,2,e1ce42f233245cb7c5dd2bc2b658372ae7b815dc#d603ece39cfbeab9fd1d0898ac7576396e334727,build_found,d9ee51fd3a689963262756cb9209562e44289ef8,92462203,2015-11-21 21:18:57,1,d603ece39cfbeab9fd1d0898ac7576396e334727#e1ce42f233245cb7c5dd2bc2b658372ae7b815dc,2,d603ece39cfbeab9fd1d0898ac7576396e334727,,d603ece39cfbeab9fd1d0898ac7576396e334727,,0,,0,86,1,1,0,0,1,2,0,0,1,32213,4.3771148294167,0.186260205507093,0.713997454443858,0.0,,2015-11-21 21:19:41,2015-11-21 21:19:55,passed,701,"[92481962, 92481963]",165,92481962,android,ok,1,plain,,0.0,,,,,,,,,0
92525769,SimonVT/cathode,0.0,,,java,,master,1,78b2222da231d9dadaf2756792791a5a1de4e937,build_found,d603ece39cfbeab9fd1d0898ac7576396e334727,92481961,2015-11-21 21:27:11,1,78b2222da231d9dadaf2756792791a5a1de4e937,1,78b2222da231d9dadaf2756792791a5a1de4e937,,78b2222da231d9dadaf2756792791a5a1de4e937,,0,,10,0,0,0,1,0,0,1,0,0,9,32219,4.37629969893541,0.186225519103634,0.713864489897266,0.0,,2015-11-22 08:03:53,2015-11-22 08:16:39,passed,769,"[92525770, 92525771]",166,92525770,android,ok,1,plain,,0.0,,,,,,,,,0
92562659,SimonVT/cathode,0.0,,,java,,master,2,24fcee9e97b0dc7956f82194fb542114faf65941#54cbcd6ba8ed7f8a02013027440acca2768ef310,build_found,78b2222da231d9dadaf2756792791a5a1de4e937,92525769,2015-11-22 10:31:25,1,54cbcd6ba8ed7f8a02013027440acca2768ef310#24fcee9e97b0dc7956f82194fb542114faf65941,2,54cbcd6ba8ed7f8a02013027440acca2768ef310,,54cbcd6ba8ed7f8a02013027440acca2768ef310,,0,,1194,0,0,0,6,0,0,3,0,3,163,31827,4.43020077292864,0.188519181826751,0.722656863669212,0.0,,2015-11-22 15:14:21,2015-11-22 15:14:30,passed,760,"[92562660, 92562661]",167,92562661,android,ok,1,plain,,0.0,,,,,,,,,0
96502344,SimonVT/cathode,0.0,,,java,,master,4,f3c808ae8a1d86c382136dc551e9e487311f0e11#54cb89ba5dd30b6841ca9397dc442ba51b0c3c69#d45513571077882f5e34f6d39eacd67961c0af57#001edd0576b950f9cc861b55d9ec264c4506257c,build_found,54cbcd6ba8ed7f8a02013027440acca2768ef310,92562659,2015-12-12 16:37:51,1,001edd0576b950f9cc861b55d9ec264c4506257c#d45513571077882f5e34f6d39eacd67961c0af57#54cb89ba5dd30b6841ca9397dc442ba51b0c3c69#f3c808ae8a1d86c382136dc551e9e487311f0e11,4,001edd0576b950f9cc861b55d9ec264c4506257c,,001edd0576b950f9cc861b55d9ec264c4506257c,,0,,170,0,1,0,13,0,0,11,0,3,246,31888,4.421726041144,0.188158554942298,0.721274460612143,0.0,,2015-12-12 22:24:07,2015-12-12 22:24:23,passed,793,"[96502346, 96502347]",168,96502346,android,ok,1,plain,,0.0,,,,,,,,,0
107333498,SimonVT/cathode,0.0,,,java,,master,12,f7cd76684781d341741ded85320382194c23e72e#7bbd7dd7e48171dd7a7bd41960cb228f6e3729dd#64855c180454bff849f30ca6c2bfe1b2473f3f4d#777c77d74d3b0db4cd6085d1246c7f9e9fda5a41#4ae314f7fe9b2537f764ceea5a0b23017d8a8037#7532b73268c7e65026eda4c241f99ed17a7c8397#5359fcbfe80d4aacb03a6d34789cf93e23b0a70f#62e96254d37aa6e9a28859d8ce0bc1842f426612#d7300f20518636d36ea43b25a14ed40f5c16fecb#7136b4455af6ab09dbed8cc265b379c1f0fdfbc7#8fa8661e1ce407b99fd03a02c45fbd64bdf2c5d2#90d5d6252f9372984181708bf56456d5efdb3496,build_found,001edd0576b950f9cc861b55d9ec264c4506257c,96502375,2015-12-16 20:03:43,1,90d5d6252f9372984181708bf56456d5efdb3496#8fa8661e1ce407b99fd03a02c45fbd64bdf2c5d2#7136b4455af6ab09dbed8cc265b379c1f0fdfbc7#d7300f20518636d36ea43b25a14ed40f5c16fecb#62e96254d37aa6e9a28859d8ce0bc1842f426612#5359fcbfe80d4aacb03a6d34789cf93e23b0a70f#7532b73268c7e65026eda4c241f99ed17a7c8397#4ae314f7fe9b2537f764ceea5a0b23017d8a8037#777c77d74d3b0db4cd6085d1246c7f9e9fda5a41#64855c180454bff849f30ca6c2bfe1b2473f3f4d#7bbd7dd7e48171dd7a7bd41960cb228f6e3729dd#f7cd76684781d341741ded85320382194c23e72e,12,90d5d6252f9372984181708bf56456d5efdb3496,,90d5d6252f9372984181708bf56456d5efdb3496,,0,,2961,0,14,2,55,0,0,54,0,15,329,31978,4.4092813809494,0.187628994934017,0.719244480580399,0.0,,2016-02-05 21:04:47,2016-02-05 21:05:05,passed,980,"[107333499, 107333500]",170,107333500,android,ok,1,plain,,0.0,,,,,,,,,0
107456676,SimonVT/cathode,0.0,,,java,,master,3,3d51a91fa8346cb97925ccc8611a368a6d2054da#0c27f112a04d6873098c22a7f4c1213ec61a9d1d#2580a55caeada2cfbd2a061678017684fb533862,build_found,90d5d6252f9372984181708bf56456d5efdb3496,107333506,2016-02-06 14:41:33,1,2580a55caeada2cfbd2a061678017684fb533862#0c27f112a04d6873098c22a7f4c1213ec61a9d1d#3d51a91fa8346cb97925ccc8611a368a6d2054da,3,2580a55caeada2cfbd2a061678017684fb533862,,2580a55caeada2cfbd2a061678017684fb533862,,0,,403,0,0,0,101,0,0,100,0,1,207,31973,4.40997091295781,0.187658336721609,0.719356957432834,0.0,,2016-02-06 16:01:09,2016-02-06 16:01:32,passed,843,"[107456678, 107456679]",172,107456679,android,ok,5,plain,,0.0,,,,,,,,,0
107582392,SimonVT/cathode,0.0,,,java,,master,3,bd6b5811e2ca9a3838c7c624867672ccd3183955#b2fd5758a7335bc5525b2b20afd6f7957871f706#d2aeeddaf7dcdee861b4b7aca4056c2018129e0a,build_found,2580a55caeada2cfbd2a061678017684fb533862,107456689,2016-02-07 13:03:18,1,d2aeeddaf7dcdee861b4b7aca4056c2018129e0a#b2fd5758a7335bc5525b2b20afd6f7957871f706#bd6b5811e2ca9a3838c7c624867672ccd3183955,3,d2aeeddaf7dcdee861b4b7aca4056c2018129e0a,,d2aeeddaf7dcdee861b4b7aca4056c2018129e0a,,0,,20,0,0,0,5,0,0,4,0,1,152,31991,4.40748960645181,0.187552749210715,0.718952205307743,0.0,,2016-02-07 13:16:13,2016-02-07 13:16:24,passed,824,"[107582393, 107582394]",174,107582394,android,ok,2,plain,,0.0,,,,,,,,,0
115886976,SimonVT/cathode,0.0,,,java,,master,8,ca99b18d0e063d06875181b439dae58d6eec918a#21453f57b78349780e96c9c631cad153dd3b9334#ce6f43d6406e9228bc89a362d58f09ccc51fc85e#ae07a0e35a66e0a614983cdf8aa2ddc32cc0e63c#18aec017c2f52e97281185dc7760014bb77c6209#1e7ca03e4335741f78bcb0c4d43068ec829ab3d1#85609d32a22cf94bc0a60a80aef6c8db8689d375#e77c00e0da34e59a36cd1a155dd73dda5a95f282,build_found,d2aeeddaf7dcdee861b4b7aca4056c2018129e0a,107582421,2016-03-13 17:41:11,1,e77c00e0da34e59a36cd1a155dd73dda5a95f282#85609d32a22cf94bc0a60a80aef6c8db8689d375#1e7ca03e4335741f78bcb0c4d43068ec829ab3d1#18aec017c2f52e97281185dc7760014bb77c6209#ae07a0e35a66e0a614983cdf8aa2ddc32cc0e63c#ce6f43d6406e9228bc89a362d58f09ccc51fc85e#21453f57b78349780e96c9c631cad153dd3b9334#ca99b18d0e063d06875181b439dae58d6eec918a,8,e77c00e0da34e59a36cd1a155dd73dda5a95f282,,e77c00e0da34e59a36cd1a155dd73dda5a95f282,,0,,83,0,1,0,15,0,0,13,0,3,203,32013,4.40446068784556,0.187423859057258,0.718458126386156,0.0,,2016-03-14 15:44:58,2016-03-14 15:45:53,passed,1038,"[115886977, 115886978]",176,115886977,android,ok,1,plain,,0.0,,,,,,,,,0
118462009,SimonVT/cathode,0.0,,,java,,master,,,build_found,e77c00e0da34e59a36cd1a155dd73dda5a95f282,115887026,,1,9e8678db69785e9fd8a279767c5007fad530fd91#38ad9f7d96df4ffd84611fc9dedf613ec5b090bb#09717cdd265cfa799ff297945c8bfe4878efe9f3#0a457f9704917be3c601aae2785fde10c0b77dc1#5f68830406bd798e8213293c0f55c61b5acfd6e9#c9aa172e860401c7ec61adac4925d6fd3d348d66#2cc89352bbe9917f860192b51bd56c4390b7f4bc#0ef42e10fd1c776f85b8c72d58da4ea48987cd7b#11e19692e9d6635b5afbe39b535f0706d1ee9c9c#5fdc1574abb0a2e6b7641c0d824f36d74aa7ccbf#47aa4c053c1339c9c0957fb0b633037d879b9dcc,11,9e8678db69785e9fd8a279767c5007fad530fd91,,9e8678db69785e9fd8a279767c5007fad530fd91,,0,,693,37,2,2,20,0,1,12,0,12,255,32344,4.85406876082117,0.216423447934702,0.772940885481078,0.0,,,2016-03-25 12:09:45,passed,1137,"[118462010, 118462011]",178,118462011,android,ok,1,plain,,0.0,,,,,,,,,0
130427761,SimonVT/cathode,0.0,,,java,,master,,,build_found,7e86baa330b28817896ec5bd6f76fe6b58039ab2,130377536,,1,a150f05f773fad7557b87213a42c25d8ba5ec877#d00a64ff4a1569c533e090f0f8c90061bbf7384b,2,a150f05f773fad7557b87213a42c25d8ba5ec877,,a150f05f773fad7557b87213a42c25d8ba5ec877,,0,,335,0,1,0,4,0,0,3,0,2,63,33282,4.7172645874647,0.210323898804158,0.751156781443423,0.0,,,2016-05-15 19:45:41,passed,910,"[130427762, 130427764]",186,130427762,android,ok,1,plain,,0.0,,,,,,,,,0
132103395,SimonVT/cathode,0.0,,,java,,master,,,build_found,a150f05f773fad7557b87213a42c25d8ba5ec877,130427761,,1,69a64a323184b9c4a0f2b8a3b1cccd82711db28f#039e6f34b765f50c05d8631a1c698abe2a75b1a4#b4472e22b27d78868fc9759665e32c144f686a8a#ad5bfd1ac034d3414593b701b549257464c2b492#3bcad64911fbbacaf35561c2a7dc9b6dcb288cae#26e0c12030429c43fc6297b1addef40816c85eb5#49b386f58c8f0e840314c965aee812076afa793b#db0c848fece6d294e15a71484c941ea56e0040ca#3d6dbfaace547e50d2716d70fe1bac591f030920#019d4369ad2308f72128465c6ac03bb2844a226e#8c8ff3db71a5357cb4cbb0f46629d5782266eeee,11,69a64a323184b9c4a0f2b8a3b1cccd82711db28f,,69a64a323184b9c4a0f2b8a3b1cccd82711db28f,,0,,2537,0,15,2,145,0,0,139,0,15,478,34136,4.59925005858917,0.205062104523084,0.732364659011015,0.0,,,2016-05-22 17:25:53,passed,914,"[132103396, 132103397]",187,132103396,android,ok,1,plain,,0.0,,,,,,,,,0
132329153,SimonVT/cathode,0.0,,,java,,master,,,build_found,69a64a323184b9c4a0f2b8a3b1cccd82711db28f,132103420,,1,0f3d24208daf0948a04d0b27961a492e2d716bbe#b7e66f3208a091fe3e4ab1dd086b0ac8446bfa98#5551cdf34baa0978d176fe0cd566ee9d34d17f09#30be7f5199f06b932821c54e7c3f6f96fa798abd,4,0f3d24208daf0948a04d0b27961a492e2d716bbe,,0f3d24208daf0948a04d0b27961a492e2d716bbe,,0,,584,0,1,0,20,0,0,20,0,1,236,34191,4.59185165686877,0.204732239478225,0.73118656956509,0.0,,,2016-05-23 17:33:58,passed,859,"[132329155, 132329159]",189,132329159,android,ok,1,plain,,0.0,,,,,,,,,0
132364300,SimonVT/cathode,0.0,,,java,,master,,,build_found,0f3d24208daf0948a04d0b27961a492e2d716bbe,132329190,,1,abde33ddefcc220bf66c8ab4df7e840bb6cfab89#88f1e6194cf9d9e546fc633a37c845740d59791e,2,abde33ddefcc220bf66c8ab4df7e840bb6cfab89,,abde33ddefcc220bf66c8ab4df7e840bb6cfab89,,0,,3,0,0,0,2,0,0,1,0,1,163,34192,4.59171736078615,0.204726251754796,0.731165184838559,0.0,,,2016-05-23 19:20:38,passed,923,"[132364302, 132364304]",191,132364302,android,ok,2,plain,,0.0,,,,,,,,,0
132641897,SimonVT/cathode,0.0,,,java,,master,,,build_found,abde33ddefcc220bf66c8ab4df7e840bb6cfab89,132364522,,1,a59cfd081306eb9d9184ddbdf31fd6d0f24a6b34,1,a59cfd081306eb9d9184ddbdf31fd6d0f24a6b34,,a59cfd081306eb9d9184ddbdf31fd6d0f24a6b34,,0,,59,0,0,1,2,0,0,3,0,0,33,34188,4.59225459225459,0.204750204750205,0.731250731250731,0.0,,,2016-05-24 18:35:21,passed,862,"[132641898, 132641899]",194,132641899,android,ok,1,plain,,0.0,,,,,,,,,0
132869223,SimonVT/cathode,0.0,,,java,,master,,,build_found,a59cfd081306eb9d9184ddbdf31fd6d0f24a6b34,132641897,,1,a190c297e6df70d45807fd2cd682be88e90224b6,1,a190c297e6df70d45807fd2cd682be88e90224b6,,a190c297e6df70d45807fd2cd682be88e90224b6,,0,,0,0,0,0,1,0,0,0,0,1,1,34188,4.59225459225459,0.204750204750205,0.731250731250731,0.0,,,2016-05-25 15:04:42,passed,897,"[132869224, 132869225]",195,132869224,android,ok,4,plain,,0.0,,,,,,,,,0
133494610,SimonVT/cathode,0.0,,,java,,master,,,build_found,6f6a64cbd26172b95cbeb2f000b0c2a919d937c5,,,1,d113ce366826dae81748cacee7682e6a9335c275#c812e1cf03316d687b447ed6c8830b2036e627f3,2,d113ce366826dae81748cacee7682e6a9335c275,,d113ce366826dae81748cacee7682e6a9335c275,,0,,6,0,0,0,2,0,0,1,0,1,160,34424,4.56077155472926,0.203346502440158,0.72623750871485,0.0,,,2016-05-27 21:27:09,passed,825,"[133494611, 133494612]",196,133494612,android,ok,1,plain,,0.0,,,,,,,,,0
133575479,SimonVT/cathode,0.0,,,java,,master,,,build_found,d113ce366826dae81748cacee7682e6a9335c275,133494654,,1,c0338cf383d4f1f395d58d47f5a6f97305925bc0#3bc3002a70968b9756ea5dbf235d7cb1b671f1a1#840bca53c1dc8e722262d3b918de60498c7351d4#fb08c1fbdfbe234e3072220e291f6f8604b82984,4,c0338cf383d4f1f395d58d47f5a6f97305925bc0,,c0338cf383d4f1f395d58d47f5a6f97305925bc0,,0,,434,0,1,0,30,0,0,30,0,1,337,34312,4.5756586616927,0.204010258801585,0.728608067148519,0.0,,,2016-05-28 11:27:11,failed,850,"[133575480, 133575481]",199,133575481,android,broken,1,plain,,0.0,,,,,,,,,0
136222740,SimonVT/cathode,0.0,,,java,,master,,,build_found,c0338cf383d4f1f395d58d47f5a6f97305925bc0,133575519,,1,5e0036dec9b0fc42a5bba15f270d378518629234#ac10707622923659426854544f3977db3723c209,2,5e0036dec9b0fc42a5bba15f270d378518629234,,5e0036dec9b0fc42a5bba15f270d378518629234,,0,,12,0,0,2,6,0,0,5,0,4,80,34315,4.57525863325076,0.203992423138569,0.728544368352033,0.0,,,2016-06-08 17:57:44,passed,861,"[136222741, 136222742]",201,136222742,android,ok,3,plain,,0.0,,,,,,,,,0
136236895,SimonVT/cathode,0.0,,,java,,master,,,build_found,5e0036dec9b0fc42a5bba15f270d378518629234,136222740,,1,423d0f3e232831f6e3e9fc20c6462dc454270f28#1604b67e301df6c4f70b6f4511e90c59e337e24d#e610ccfb9739d6962f8e021b94521eb60b0b33b8,3,423d0f3e232831f6e3e9fc20c6462dc454270f28,,423d0f3e232831f6e3e9fc20c6462dc454270f28,,0,,2,0,0,0,2,0,0,1,0,1,146,34315,4.57525863325076,0.203992423138569,0.728544368352033,0.0,,,2016-06-08 18:54:55,passed,994,"[136236896, 136236897]",202,136236896,android,ok,1,plain,,0.0,,,,,,,,,0
138686926,SimonVT/cathode,0.0,,,java,,master,,,build_found,b78bb72b18868b9e75ce0576cb68afa7f287c6da,138686419,,1,1d770d7a5f8d18b71d2ffdb991abd403a4e9f982,1,1d770d7a5f8d18b71d2ffdb991abd403a4e9f982,,1d770d7a5f8d18b71d2ffdb991abd403a4e9f982,,0,,0,0,0,0,1,0,0,0,0,1,11,34894,4.49934086089299,0.200607554307331,0.71645555109761,0.0,,,2016-06-19 09:05:24,passed,569,[138686927],207,138686927,android,ok,1,plain,,0.0,,,,,,,,,0
140089211,SimonVT/cathode,0.0,,,java,,master,,,build_found,1d770d7a5f8d18b71d2ffdb991abd403a4e9f982,138686926,,1,6ada0958f1e8da8ed729a43fb65c67a55b4645d8#81f943e8ce38f20e2c808bd76512076567a8e25d#129fce309ebd199657c89f117d7b3442105d6522#c2065ca58cd4083bb72182d021c7113aa9dd6121#25b751912319690e939ef36f411e481760c9fb4c#2bc4f49cd125a17377ad97a06129bd346d3f176d#b876e3e8581c471c0c15c037746f0998ca9943dc#adea54c649de48a8b1c85810e3c1ca78a5d1f2ee#44bdae5c696c0af94f7d12ee35f7d4cb3b0b76ca#e24f0f838493b88fa15696991395bafd19c19037#e04d5c4d8c851cf8db136883b90b16f902599f05#791fff7adc6ea17bbbfee244f98710b9c9db441a#474df77548b06e487653abb640547aaf836cfb44#9b4b1e864b6cdf34711e206e924209edd35d3c1a,14,6ada0958f1e8da8ed729a43fb65c67a55b4645d8,,6ada0958f1e8da8ed729a43fb65c67a55b4645d8,,0,,1323,0,5,3,68,0,0,67,0,9,450,35220,4.45769449176604,0.198750709823964,0.709823963657013,0.0,,,2016-06-24 18:15:58,passed,629,[140089212],208,140089212,android,ok,1,plain,,0.0,,,,,,,,,0
140222710,SimonVT/cathode,0.0,,,java,,master,,,build_found,6ada0958f1e8da8ed729a43fb65c67a55b4645d8,140089223,,1,9040312d44f501835a75c8f1705bd726c0376825#d870e993fab1c54c1c1e14d6d8c9951df6013bb3,2,9040312d44f501835a75c8f1705bd726c0376825,,9040312d44f501835a75c8f1705bd726c0376825,,0,,4,0,0,0,3,0,0,2,0,1,185,35220,4.45769449176604,0.198750709823964,0.709823963657013,0.0,,,2016-06-25 14:26:22,passed,596,[140222711],210,140222711,android,ok,1,plain,,0.0,,,,,,,,,0
141740983,SimonVT/cathode,0.0,,,java,,master,,,build_found,9040312d44f501835a75c8f1705bd726c0376825,140222735,,1,2368212f9f571662c43d677f03e9b274ec6dc842#edffb9a47bcfdcb47b2e9e7f637ce562b70999ac#0d19740e339a2cc12b8c08034ea08065b5608f1a#c389b976237ac25958f2784105ba7399c88195ca#435be3591509192965536518544942a248f62b08#459fc095979f86542a10a41c69f17240463ee54a#6359768c5ed945008a45f6a99213b2b580c8ff0b#0f11d2bf834bd7c38eb8dbddbd4267c21f6f4178#4a0cd1ff53655564ac5ab02230a9ad81df56e4e6#2e7236f77f1a9a1eb11bba11046e4a23f36ab606#8f55fc135c7d77bdb3ef11e7b7fc23c33c10908d#1a06af1de7d754b3f0ef3d78c42d2e671add63e8#d4bd6f5ae53c99ac61e1685738f02533458deb17#3a183601d12bb7f67468ff30a9c95261dfb6b952,14,2368212f9f571662c43d677f03e9b274ec6dc842,,2368212f9f571662c43d677f03e9b274ec6dc842,,0,,1341,0,21,36,110,0,0,93,0,77,499,35463,4.42714942334264,0.197388827792347,0.704960099258382,0.0,,,2016-07-01 21:22:45,passed,603,[141740984],212,141740984,android,ok,1,plain,,0.0,,,,,,,,,0
141814604,SimonVT/cathode,0.0,,,java,,master,,,build_found,2368212f9f571662c43d677f03e9b274ec6dc842,141740985,,1,c01e4afa80c2c70f70cee6c59b1e17faf96bc51d#6d4f1a7ad7cd00fa1f5923e71c2a01b4bf4c9c58#af4991beb457bb03201aeafc73473a7f06f2e859,3,c01e4afa80c2c70f70cee6c59b1e17faf96bc51d,,c01e4afa80c2c70f70cee6c59b1e17faf96bc51d,,0,,200,0,1,0,8,0,0,8,0,1,251,35554,4.4158181920459,0.196883613658098,0.703155763064634,0.0,,,2016-07-02 08:28:55,passed,660,[141814605],214,141814605,android,ok,1,plain,,0.0,,,,,,,,,0
144108033,SimonVT/cathode,0.0,,,java,,master,,,build_found,c01e4afa80c2c70f70cee6c59b1e17faf96bc51d,141814608,,1,47fff3f3c415f13470ec5c1cebb93c1bc3706d80,1,47fff3f3c415f13470ec5c1cebb93c1bc3706d80,,47fff3f3c415f13470ec5c1cebb93c1bc3706d80,,0,,111,0,0,0,3,0,0,3,0,0,92,35615,4.40825494875755,0.19654639898919,0.701951424961393,0.0,,,2016-07-12 09:12:22,passed,676,[144108034],216,144108034,android,ok,1,plain,,0.0,,,,,,,,,0
144197628,SimonVT/cathode,0.0,,,java,,master,,,build_found,47fff3f3c415f13470ec5c1cebb93c1bc3706d80,144108033,,1,5d4007337206173c94d1f16897e2deef1e961eb8,1,5d4007337206173c94d1f16897e2deef1e961eb8,,5d4007337206173c94d1f16897e2deef1e961eb8,,0,,4,0,0,0,1,0,0,1,0,0,17,35617,4.40800741219081,0.196535362326979,0.701912008310638,0.0,,,2016-07-12 15:33:54,passed,716,[144197629],217,144197629,android,ok,1,plain,,0.0,,,,,,,,,0
144380830,SimonVT/cathode,0.0,,,java,,master,,,build_found,5d4007337206173c94d1f16897e2deef1e961eb8,144197628,,1,71d33409eb5fd847fa20cf142c07fd9129f34db4,1,71d33409eb5fd847fa20cf142c07fd9129f34db4,,71d33409eb5fd847fa20cf142c07fd9129f34db4,,0,,869,0,1,8,20,0,0,27,0,2,373,35614,4.40837872746673,0.196551917785141,0.701971134946931,0.0,,,2016-07-13 07:37:06,passed,674,[144380831],218,144380831,android,ok,1,plain,,0.0,,,,,,,,,0
144468001,SimonVT/cathode,0.0,,,java,,master,,,build_found,71d33409eb5fd847fa20cf142c07fd9129f34db4,144380830,,1,9495600d582bcd56dfbcd862ce5a3cf058d6a3c7,1,9495600d582bcd56dfbcd862ce5a3cf058d6a3c7,,9495600d582bcd56dfbcd862ce5a3cf058d6a3c7,,0,,38,0,0,0,1,0,0,1,0,0,8,35615,4.40825494875755,0.19654639898919,0.701951424961393,0.0,,,2016-07-13 14:15:13,passed,765,[144468002],219,144468002,android,ok,1,plain,,0.0,,,,,,,,,0
144764690,SimonVT/cathode,0.0,,,java,,master,,,build_found,9495600d582bcd56dfbcd862ce5a3cf058d6a3c7,144468001,,1,6675944d6caca12c2224b90ff480e09f32a840b3,1,6675944d6caca12c2224b90ff480e09f32a840b3,,6675944d6caca12c2224b90ff480e09f32a840b3,,0,,0,0,0,0,1,0,0,0,0,1,153,35615,4.40825494875755,0.19654639898919,0.701951424961393,0.0,,,2016-07-14 16:11:35,passed,642,[144764691],220,144764691,android,ok,1,plain,,0.0,,,,,,,,,0
152253517,SimonVT/cathode,0.0,,,java,,master,,,build_found,6675944d6caca12c2224b90ff480e09f32a840b3,144764702,,1,5528cfa3cea1b438829d8a09e3e617423447f134#06d1cc1a5840619a5ddc95f02385ee3604b91357,2,5528cfa3cea1b438829d8a09e3e617423447f134,,5528cfa3cea1b438829d8a09e3e617423447f134,,0,,182,12,1,0,12,0,1,10,0,3,224,35713,4.64816733402402,0.224008064290314,0.840030241088679,0.0,,,2016-08-14 20:12:17,passed,847,[152253518],222,152253518,android,ok,4,plain,,0.0,,,,,,,,,0
154559538,SimonVT/cathode,0.0,,,java,,master,,,build_found,80a8011548c6df4d5f396d1399894969f45bcab3,154557131,,1,67098253f1451e45e4207cf49082fde2bd976678,1,67098253f1451e45e4207cf49082fde2bd976678,,67098253f1451e45e4207cf49082fde2bd976678,,0,,0,0,0,0,1,0,0,0,0,1,12,35917,4.62176685135173,0.222735751872372,0.835259069521397,0.0,,,2016-08-23 20:02:57,passed,623,[154559539],225,154559539,android,ok,1,plain,,0.0,,,,,,,,,0
154652864,SimonVT/cathode,0.0,,,java,,master,,,build_found,67098253f1451e45e4207cf49082fde2bd976678,154559538,,1,4482a9581a6edc3c63ca2a25f2ff57678a54e07d#2637c76170092bc23569ba36c3a62d262d0e1278,2,4482a9581a6edc3c63ca2a25f2ff57678a54e07d,,4482a9581a6edc3c63ca2a25f2ff57678a54e07d,,0,,8,0,0,0,2,0,0,1,0,1,205,35917,4.62176685135173,0.222735751872372,0.835259069521397,0.0,,,2016-08-24 05:18:26,passed,582,[154652865],226,154652865,android,ok,1,plain,,0.0,,,,,,,,,0
154675839,SimonVT/cathode,0.0,,,java,,master,,,build_found,4482a9581a6edc3c63ca2a25f2ff57678a54e07d,154652866,,1,4fc37a431353a50e95bf6a5006f6b4199f2c6aa3#7e0130ab01429cc655a47bbf196996485aad4471,2,4fc37a431353a50e95bf6a5006f6b4199f2c6aa3,,4fc37a431353a50e95bf6a5006f6b4199f2c6aa3,,0,,7,0,0,0,3,0,0,1,0,2,181,35922,4.62112354545961,0.222704749178776,0.835142809420411,0.0,,,2016-08-24 08:04:37,failed,682,[154675840],228,154675840,android,broken,1,plain,,0.0,,,,,,,,,0
154679758,SimonVT/cathode,0.0,,,java,,master,,,build_found,4fc37a431353a50e95bf6a5006f6b4199f2c6aa3,154675845,,1,260ab60e66894db9a77e6597f122e341d23d5812,1,260ab60e66894db9a77e6597f122e341d23d5812,,260ab60e66894db9a77e6597f122e341d23d5812,,0,,3,0,0,0,1,0,0,1,0,0,2,35923,4.62099490577068,0.222698549675695,0.835119561283857,0.0,,,2016-08-24 08:25:09,passed,774,[154679759],230,154679759,android,ok,7,plain,,0.0,,,,,,,,,0
