tr_build_id,gh_project_name,gh_is_pr,gh_pr_created_at,gh_pull_req_num,gh_lang,git_merged_with,git_branch,gh_num_commits_in_push,gh_commits_in_push,git_prev_commit_resolution_status,git_prev_built_commit,tr_prev_build,gh_first_commit_created_at,gh_team_size,git_all_built_commits,git_num_all_built_commits,git_trigger_commit,tr_virtual_merged_into,tr_original_commit,gh_num_issue_comments,gh_num_commit_comments,gh_num_pr_comments,git_diff_src_churn,git_diff_test_churn,gh_diff_files_added,gh_diff_files_deleted,gh_diff_files_modified,gh_diff_tests_added,gh_diff_tests_deleted,gh_diff_src_files,gh_diff_doc_files,gh_diff_other_files,gh_num_commits_on_files_touched,gh_sloc,gh_test_lines_per_kloc,gh_test_cases_per_kloc,gh_asserts_cases_per_kloc,gh_by_core_team_member,gh_description_complexity,gh_pushed_at,gh_build_started_at,tr_status,tr_duration,tr_jobs,tr_build_number,tr_job_id,tr_log_lan,tr_log_status,tr_log_setup_time,tr_log_analyzer,tr_log_frameworks,tr_log_bool_tests_ran,tr_log_bool_tests_failed,tr_log_num_tests_ok,tr_log_num_tests_failed,tr_log_num_tests_run,tr_log_num_tests_skipped,tr_log_tests_failed,tr_log_testduration,tr_log_buildduration,build_successful
7808819,Berico-Technologies/CLAVIN,1.0,2013-06-05 13:06:01,31,java,merge_button,master,8,4c0b509bb553753230bf4229cfe6548ac3f4b359#6e2954d3d30f9d443dca9f669adf2ef6a701dff5#c7d123ad0dfe7b4de2830e136e3a72bfea6f89a7#a6f20a6ab63264153085beb28d9109cd034bb2e6#d08c1aea34c3dedbd487d0583ce221fda3698ce6#83e10194d076f1dad9b55b7266bd264a33c53e06#5e180be70e0d61462be349bda81e013825e01245#a0562d40246f37fd5d3e1501543563daecaf0bb0,merge_found,,,2013-05-23 00:41:21,7,5e180be70e0d61462be349bda81e013825e01245#83e10194d076f1dad9b55b7266bd264a33c53e06#d08c1aea34c3dedbd487d0583ce221fda3698ce6,3,5e180be70e0d61462be349bda81e013825e01245,99e6137682f63e691d8fdaccb3c38d7b628bf68f,67bd9297bf4089586ecccf91ad925546255b8dc3,0,0,0,9,2,0,1,4,0,0,3,0,2,20,1790,304.469273743017,10.0558659217877,91.6201117318436,0.0,12,2013-06-05 15:21:08,2013-06-05 15:11:07,passed,812,[7808820],1,7808820,java,ok,,java-ant,,0.0,,,,,,,,0.0,0
7809297,Berico-Technologies/CLAVIN,0.0,,,java,,master,8,4c0b509bb553753230bf4229cfe6548ac3f4b359#6e2954d3d30f9d443dca9f669adf2ef6a701dff5#c7d123ad0dfe7b4de2830e136e3a72bfea6f89a7#a6f20a6ab63264153085beb28d9109cd034bb2e6#d08c1aea34c3dedbd487d0583ce221fda3698ce6#83e10194d076f1dad9b55b7266bd264a33c53e06#5e180be70e0d61462be349bda81e013825e01245#a0562d40246f37fd5d3e1501543563daecaf0bb0,merge_found,,,2013-05-23 00:41:21,7,a0562d40246f37fd5d3e1501543563daecaf0bb0,1,a0562d40246f37fd5d3e1501543563daecaf0bb0,,a0562d40246f37fd5d3e1501543563daecaf0bb0,,0,,16,0,2,0,3,0,0,3,0,2,23,1790,304.469273743017,10.0558659217877,91.6201117318436,1.0,,2013-06-05 15:21:08,2013-06-05 15:21:36,passed,807,[7809298],2,7809298,java,ok,,java-ant,,0.0,,,,,,,,0.0,0
7809485,Berico-Technologies/CLAVIN,0.0,,,java,,master,1,d96ed1e032c2ae8de3f68628a0cecaec85175982,build_found,a0562d40246f37fd5d3e1501543563daecaf0bb0,7809297,2013-06-05 15:28:12,7,d96ed1e032c2ae8de3f68628a0cecaec85175982,1,d96ed1e032c2ae8de3f68628a0cecaec85175982,,d96ed1e032c2ae8de3f68628a0cecaec85175982,,0,,0,0,0,0,1,0,0,0,0,1,17,1790,304.469273743017,10.0558659217877,91.6201117318436,1.0,,2013-06-05 15:26:38,2013-06-05 15:42:48,passed,893,[7809486],3,7809486,java,ok,,java-ant,,0.0,,,,,,,,0.0,0
8147815,Berico-Technologies/CLAVIN,1.0,2013-06-17 01:19:13,33,java,merge_button,master,2,9c8931ee2f01a9cb1c9ded324aca240842824d34#b0ae142434186da4fe0ab4bf8bb7d85b77f8efdb,build_found,d96ed1e032c2ae8de3f68628a0cecaec85175982,7809485,2013-06-17 02:00:56,7,9c8931ee2f01a9cb1c9ded324aca240842824d34,1,9c8931ee2f01a9cb1c9ded324aca240842824d34,d96ed1e032c2ae8de3f68628a0cecaec85175982,d249e6c8f17db3892e2b94b8a2665c581b8c1c81,0,0,0,20,0,0,0,3,0,0,2,0,1,26,1793,303.959843837144,10.0390407138873,91.4668153931958,0.0,13,2013-06-17 03:37:48,2013-06-17 03:19:43,passed,720,[8147816],4,8147816,java,ok,,java-ant,,0.0,,,,,,,,0.0,0
8148091,Berico-Technologies/CLAVIN,0.0,,,java,,master,2,9c8931ee2f01a9cb1c9ded324aca240842824d34#b0ae142434186da4fe0ab4bf8bb7d85b77f8efdb,merge_found,,,2013-06-17 02:00:56,7,b0ae142434186da4fe0ab4bf8bb7d85b77f8efdb,1,b0ae142434186da4fe0ab4bf8bb7d85b77f8efdb,,b0ae142434186da4fe0ab4bf8bb7d85b77f8efdb,,0,,20,0,0,0,3,0,0,2,0,1,27,1793,303.959843837144,10.0390407138873,91.4668153931958,1.0,,2013-06-17 03:37:48,2013-06-17 03:38:31,passed,781,[8148092],5,8148092,java,ok,,java-ant,,0.0,,,,,,,,0.0,0
8559774,Berico-Technologies/CLAVIN,0.0,,,java,,master,16,18e60d2c081e8692168b70f710911f130206572f#9a7bc486f932b11d04c52ef708a9740b1939c632#30f85650897fd60d1d3940f106834a9d90c394fb#e7ee456bc08435f53e2d0cf43fad5411273fe5ba#6a06cd6a00e699db0e17fb768162acf3af3c1453#f835e3fc0ca8f4dd85c173d4a9caa122952562de#45f25431fc5439e2bba55c1fabf30c7829eda3b5#1eea55aacd3399e067ac839d280ab8f17c95e16d#30ae36e049362d219eee1c3b300989da7757b195#a5867be1e224f3d4745ce2413577c653797e9311#77222378fe4219237658ccd9fab594c08b869549#224aa5f3114dcd36dc5235a1216285203b8d826d#fc360165d2ca601d595e1bb6d7595ae751e0400c#09abebbcba04178555387ee2a982184adc4be678#60d00608a52fed9aca163d5aea29c695ca196aee#ea794059cbeccdceae110d1bc0d4eac65d6aacd9,merge_found,,,2013-05-13 22:22:10,7,ea794059cbeccdceae110d1bc0d4eac65d6aacd9#60d00608a52fed9aca163d5aea29c695ca196aee,2,ea794059cbeccdceae110d1bc0d4eac65d6aacd9,,ea794059cbeccdceae110d1bc0d4eac65d6aacd9,,0,,9470,1974,113,7,17,0,0,108,1,27,59,3897,292.532717474981,16.9361046959199,62.8688734924301,0.0,,2013-06-29 01:00:54,2013-06-29 01:01:32,passed,1121,[8559775],18,8559775,java,ok,,java-ant,,0.0,,,,,,,,0.0,0
9160326,Berico-Technologies/CLAVIN,0.0,,,java,,master,1,b684d2148bb0becf177ff4e2db21f3602ba2ae74,build_found,a139d1c29ee9eb7df9ad7aa7d3f15b9522b9ff61,9159842,2013-07-16 23:28:45,8,b684d2148bb0becf177ff4e2db21f3602ba2ae74,1,b684d2148bb0becf177ff4e2db21f3602ba2ae74,,b684d2148bb0becf177ff4e2db21f3602ba2ae74,,0,,4,0,0,0,2,0,0,2,0,0,17,4162,271.744353676117,16.0980297933686,59.8270062469966,0.0,,2013-07-16 23:29:46,2013-07-16 23:30:29,passed,909,[9160327],20,9160327,java,ok,,java-ant,,0.0,,,,,,,,0.0,0
9491260,Berico-Technologies/CLAVIN,0.0,,,java,,master,2,eb69915939476f082cf25eef1a495167f98f7ef6#5596b94f47a84135722b4110cb772c371fb52549,build_found,b684d2148bb0becf177ff4e2db21f3602ba2ae74,9160326,2013-07-18 16:01:26,8,5596b94f47a84135722b4110cb772c371fb52549#eb69915939476f082cf25eef1a495167f98f7ef6,2,5596b94f47a84135722b4110cb772c371fb52549,,5596b94f47a84135722b4110cb772c371fb52549,,0,,3,0,0,0,1,0,0,1,0,0,9,4165,271.548619447779,16.0864345738295,59.7839135654262,0.0,,2013-07-25 20:42:19,2013-07-25 20:44:48,passed,1415,[9491261],21,9491261,java,ok,,java-ant,,0.0,,,,,,,,0.0,0
9491353,Berico-Technologies/CLAVIN,0.0,,,java,,master,2,767b03f184962789aed1d079fc934f9100094e7a#5cf731582fb06a0362541c55542211154bf95f57,build_found,5596b94f47a84135722b4110cb772c371fb52549,9491260,2013-07-25 20:42:46,8,5cf731582fb06a0362541c55542211154bf95f57#767b03f184962789aed1d079fc934f9100094e7a,2,5cf731582fb06a0362541c55542211154bf95f57,,5cf731582fb06a0362541c55542211154bf95f57,,0,,2,0,0,0,2,0,0,1,0,1,39,4165,271.548619447779,16.0864345738295,59.7839135654262,0.0,,2013-07-25 20:45:38,2013-07-25 20:47:12,passed,1272,[9491354],22,9491354,java,ok,,java-ant,,0.0,,,,,,,,0.0,0
10554691,Berico-Technologies/CLAVIN,1.0,2013-08-23 19:56:49,43,java,merge_button,master,2,d630588ec8da0beeebce20f25d4224dbd432ea1f#2df8061cac433136636c56e57ed891369f231bd5,build_found,5cf731582fb06a0362541c55542211154bf95f57,9491353,2013-08-23 21:35:47,8,d630588ec8da0beeebce20f25d4224dbd432ea1f,1,d630588ec8da0beeebce20f25d4224dbd432ea1f,5cf731582fb06a0362541c55542211154bf95f57,ed5c6904d23db8259fa436996a8631ab1f7de579,0,0,0,34,0,0,0,2,0,0,2,0,0,17,4174,270.963104935314,16.0517489218975,59.6550071873503,1.0,102,2013-08-29 16:47:26,2013-08-23 21:57:15,passed,1180,[10554692],23,10554692,java,ok,,java-ant,,0.0,,,,,,,,0.0,0
10762443,Berico-Technologies/CLAVIN,0.0,,,java,,master,2,d630588ec8da0beeebce20f25d4224dbd432ea1f#2df8061cac433136636c56e57ed891369f231bd5,merge_found,,,2013-08-23 21:35:47,8,2df8061cac433136636c56e57ed891369f231bd5,1,2df8061cac433136636c56e57ed891369f231bd5,,2df8061cac433136636c56e57ed891369f231bd5,,0,,34,0,0,0,2,0,0,2,0,0,18,4174,270.963104935314,16.0517489218975,59.6550071873503,1.0,,2013-08-29 16:47:26,2013-08-29 16:49:36,passed,1265,[10762444],25,10762444,java,ok,,java-ant,,0.0,,,,,,,,0.0,0
11664418,Berico-Technologies/CLAVIN,1.0,2013-09-22 17:56:18,78,java,commits_in_master,master,6,46166f1cf8ec71ee37be99f56bb5cf0de1509e4c#24717937ffcc20c7f4cba999722c740a702d32c5#79f0ced3bc58598e860a145ac06f97cf6f65c85c#f74e1fd28a70ab0a5ebafd2972866e2d1964ba37#c9cec530ced636a7919320ddaa6a3230e91216da#b42628bd228bc18c9729a46ced57b02ec1fa760d,build_found,eee27efdc038d3b0026f5aa7be021d2087345e53,11657162,2013-09-22 18:56:44,8,f74e1fd28a70ab0a5ebafd2972866e2d1964ba37#79f0ced3bc58598e860a145ac06f97cf6f65c85c#24717937ffcc20c7f4cba999722c740a702d32c5#46166f1cf8ec71ee37be99f56bb5cf0de1509e4c,4,f74e1fd28a70ab0a5ebafd2972866e2d1964ba37,2df8061cac433136636c56e57ed891369f231bd5,618cd4707d5c870e06efb5f804e8c769955a9a54,1,0,0,36,0,1,0,3,0,0,1,0,3,76,1796,371.937639198218,16.1469933184855,107.461024498886,1.0,2,2013-09-22 21:06:53,2013-09-22 19:57:22,passed,822,[11664419],62,11664419,java,ok,,java-ant,,0.0,,,,,,,,0.0,0
12134532,Berico-Technologies/CLAVIN,1.0,2013-10-04 11:54:27,86,java,merge_button,master,,,build_found,f84e86b502a69f6f3e3f67ad1e0c2281a34e07c1,11689642,,8,983da217ca1afb4724753261fb7441ed1f21e872,1,983da217ca1afb4724753261fb7441ed1f21e872,2df8061cac433136636c56e57ed891369f231bd5,073fb6035c22f62f03f4ce228bfbb5ca5205cd00,0,0,0,2,0,0,0,2,0,0,1,0,1,82,1794,374.581939799331,16.164994425864,107.580824972129,1.0,3,,2013-10-04 13:56:14,passed,748,[12134533],78,12134533,java,ok,,java-ant,,0.0,,,,,,,,0.0,0
12135161,Berico-Technologies/CLAVIN,0.0,,,java,,master,,,merge_found,,,,8,3cf253a05ae46c7dda7c5052d9bcfb08e9f2d0fd,1,3cf253a05ae46c7dda7c5052d9bcfb08e9f2d0fd,,3cf253a05ae46c7dda7c5052d9bcfb08e9f2d0fd,,0,,14228,3444,44,114,11,0,0,142,1,31,135,1794,374.581939799331,16.164994425864,107.580824972129,1.0,,,2013-10-04 14:11:48,passed,1012,[12135162],79,12135162,java,ok,,java-ant,,0.0,,,,,,,,0.0,0
16941366,Berico-Technologies/CLAVIN,1.0,2014-01-14 14:59:18,98,java,commits_in_master,master,20,7b54a427eceb867b3aaec4f2b98fd03ec6005355#beeec1cf84d724db674c7a276481f80a48018820#4482f4ffe4ce484c15678a3da985dd5fbb9053a0#97ba266a9802ce63f2286c052c7181440efeeed1#7e8d0cf875f0cb816fd0f174154d337b4fd784aa#cece3e48e258c229a98306e3abf83d04802eda8b#507ef7b240d1536ba793f0a9122141a63760d2ff#a6a0b2467c8567d9bc03f46719f2fe308a7faeb2#90959e11ac899517afa89de1cfc1aa6c07f9bc2a#7011b07cf1d23a55709ca552b0b28963cd095d5d#27b0df655b30b492416ae7923119ba635e04557b#305e8cf400a3fc88dbb39866ca1918c1d077b02f#ab2759e7e821011622c5fd764efad309da2adb30#f2bc4269ab4927d97491cf53b217898e763a8166#2a8c931f68dabfabe74d61ca60d3e9e108a3cba9#293d6c60a7d26f60a6a25ff5bf64978866a19594#c1918e96bc612ea61a1314d1d6dc21c455b338ba#61750d51e02c76cad19f1806cb85cd66fcfc8ccc#fd80721a0bd986f1249b4b278202733a37aadf66#bda4de55b3061de3b82389e56f4e85cf0aa0cc22,build_found,3cf253a05ae46c7dda7c5052d9bcfb08e9f2d0fd,12832280,2013-10-28 14:27:51,5,7011b07cf1d23a55709ca552b0b28963cd095d5d,1,7011b07cf1d23a55709ca552b0b28963cd095d5d,3cf253a05ae46c7dda7c5052d9bcfb08e9f2d0fd,ced36b86ebb8e845729df027646bf548318aed2d,0,0,0,330,148,0,0,9,0,0,9,0,0,20,1884,356.687898089172,15.3927813163482,102.44161358811,1.0,120,2014-09-21 14:27:26,2014-01-14 16:12:29,passed,868,[16941368],91,16941368,java,ok,,java-ant,,0.0,,,,,,,,0.0,0
34653371,Berico-Technologies/CLAVIN,1.0,2014-09-07 17:46:34,101,java,merge_button,master,,,merge_found,,,,4,866d53c3429f9307fd3fbe5d74f596369f6ac430#4a2470429eb9ea3fc4988567b7932a1e749e47e9#567826a988f26d2ea72f128d1c014bae9e06dc86#5c8c3e19e0c5846f97b99a3fe82a000f95ff3787#588019a34bffb321cd8ea077794c5e38ee506ecb#0693c93a768fbbafac6bd13f547c5b64c98f8cb3#54d26ba5a9f787876e19f5b8619dbd1a16284cc9#7f70168ecb20e8f8951bd13aecd9025639cf4b0f#27e59a8d9f8321332d8e960a61396c4d1d29ff4d#71b6c676ed0336dfb54e551238a30a3b768a085a#299325f59e54c3e2e5eb37f29dc3ee57c1248134#26af9420818c1dc8d28db5ced93e22f6a952a9a3#a5341722f324547f612c5f82e2c88ffb266ef0fc#2cebf44d6d8d68be5ac336f173f9e90bb71f3718#a820f62a34a38cda9e7e74d3f67b9638c11bb2a5#7ca5dd22ff47425fd86aac513fb632cddd6d8069#b73be20949ef67aca36ef17f11ddaf9ab45ad3a0#1235290972173bcaebd36d8df3d634ed00809d6b#e6bc27388b52fddc444298db7eb8752fff917e7a#2d0fbda5f13d8ae43a884100e16634e005ce2052#1de2c8e34851891c48e5563b4079d7274f3fde33#37929b3de7ee7ae95ff24e93ec91f4e5e44bb6c4#fce77c9db55da6b11c55ea161bb6d02a220cbff6#cdf2baa5fe14d37b0321b2e1db14a0340c44bd51#a3148886a6ddf896d0812f7b270d55ea3f0af9d8#170af4850491e3015207c8b53b396cc84f7c0a4b#34e4a53d8a97077faa38a6c1a5bf39f1068222ec#a3c2df47462d36ab51e4b61ba18fedd089b77418#06351451e9a078a4a83efaae39e518699cb5cf36#f54acbc503c8c2e73730ff18867423532864bb50#07e3f29cfcb6f8d26258d9d1e8e8d11690781d39#db7a5c930a3d39749d611eea7cc9d225a9a437bb#835b698326a279424ed04a4097c1f856ca8547a5#4c05edebededb1e2741a80239d28a1fd58ff3f40#98ec45c3b42dcb51e695312b563e7cb638ee531e#c31148852dd8ab0fd14a7ac60a50298d680f180c#cc2861ded5e3f0d9ce5f951fff6ce7366ff693bc#a7d386fed61a860811ecd07e170bc44ed1688ba4#1a41f4b37e3cdaca925fb08705a227aedf8bac2f#29d727e2c724dd85d17a734343de9c7980dc8cf6#bda4de55b3061de3b82389e56f4e85cf0aa0cc22#fd80721a0bd986f1249b4b278202733a37aadf66#61750d51e02c76cad19f1806cb85cd66fcfc8ccc#c1918e96bc612ea61a1314d1d6dc21c455b338ba#293d6c60a7d26f60a6a25ff5bf64978866a19594#2a8c931f68dabfabe74d61ca60d3e9e108a3cba9#f2bc4269ab4927d97491cf53b217898e763a8166#ab2759e7e821011622c5fd764efad309da2adb30#305e8cf400a3fc88dbb39866ca1918c1d077b02f#27b0df655b30b492416ae7923119ba635e04557b,50,866d53c3429f9307fd3fbe5d74f596369f6ac430,3cf253a05ae46c7dda7c5052d9bcfb08e9f2d0fd,d20122386e6a75a73a595d9e0aa980689f3d08d3,0,0,0,9010,2453,26,5,53,0,0,60,0,4,122,4010,349.376558603491,16.7082294264339,76.0598503740648,1.0,292,,2014-09-07 19:48:14,failed,134,[34653372],97,34653372,java,broken,,java-ant,,0.0,,,,,,,,31.12,0
35864282,Berico-Technologies/CLAVIN,0.0,,,java,,master,,,merge_found,,,,5,b0fe38167b887c3f2a18091efe2cd9342e33b7fd,1,b0fe38167b887c3f2a18091efe2cd9342e33b7fd,,b0fe38167b887c3f2a18091efe2cd9342e33b7fd,,0,,5691,1947,23,1,27,0,0,45,0,4,166,4010,349.376558603491,16.7082294264339,76.0598503740648,1.0,,,2014-09-21 14:28:19,failed,131,[35864283],98,35864283,java,broken,,java-ant,,0.0,,,,,,,,28.57,0
35864886,Berico-Technologies/CLAVIN,0.0,,,java,,master,1,7fd8e61f7086ac8b9b80f5c0a989cae1ed67a473,build_found,b0fe38167b887c3f2a18091efe2cd9342e33b7fd,35864282,2014-09-21 14:38:01,5,7fd8e61f7086ac8b9b80f5c0a989cae1ed67a473,1,7fd8e61f7086ac8b9b80f5c0a989cae1ed67a473,,7fd8e61f7086ac8b9b80f5c0a989cae1ed67a473,,0,,4,0,0,0,3,0,0,1,0,2,81,4010,349.376558603491,16.7082294264339,76.0598503740648,1.0,,2014-09-21 14:38:26,2014-09-21 14:39:58,failed,147,[35864887],99,35864887,java,broken,,java-ant,,0.0,,,,,,,,32.19,0
35866222,Berico-Technologies/CLAVIN,0.0,,,java,,master,1,a0103904c3d71729c338325cc0c7fd95ef81a71b,build_found,7fd8e61f7086ac8b9b80f5c0a989cae1ed67a473,35864886,2014-09-21 15:04:43,5,a0103904c3d71729c338325cc0c7fd95ef81a71b,1,a0103904c3d71729c338325cc0c7fd95ef81a71b,,a0103904c3d71729c338325cc0c7fd95ef81a71b,,0,,43,0,0,1,0,0,0,1,0,0,6,4010,349.376558603491,16.7082294264339,76.0598503740648,1.0,,2014-09-21 15:05:05,2014-09-21 15:06:18,failed,151,[35866223],100,35866223,java,broken,,java-ant,,0.0,,,,,,,,29.91,0
35866310,Berico-Technologies/CLAVIN,0.0,,,java,,master,1,14451bd2f27238c8c5de6742d1120ef25a9185b6,build_found,a0103904c3d71729c338325cc0c7fd95ef81a71b,35866222,2014-09-21 15:06:03,5,14451bd2f27238c8c5de6742d1120ef25a9185b6,1,14451bd2f27238c8c5de6742d1120ef25a9185b6,,14451bd2f27238c8c5de6742d1120ef25a9185b6,,0,,0,0,0,0,1,0,0,0,0,1,80,4010,349.376558603491,16.7082294264339,76.0598503740648,1.0,,2014-09-21 15:06:22,2014-09-21 15:07:40,failed,160,[35866312],101,35866312,java,broken,,java-ant,,0.0,,,,,,,,33.19,0
35868281,Berico-Technologies/CLAVIN,0.0,,,java,,master,1,25b0b80224a026ee6547428dcf72a73c467fcc4a,build_found,14451bd2f27238c8c5de6742d1120ef25a9185b6,35866607,2014-09-21 15:45:42,5,25b0b80224a026ee6547428dcf72a73c467fcc4a,1,25b0b80224a026ee6547428dcf72a73c467fcc4a,,25b0b80224a026ee6547428dcf72a73c467fcc4a,,0,,2,0,0,0,1,0,0,1,0,0,9,4010,349.376558603491,16.7082294264339,76.0598503740648,1.0,,2014-09-21 15:45:48,2014-09-21 15:46:27,failed,676,[35868282],103,35868282,java,broken,,java-ant,,0.0,,,,,,,,25.84,0
38484112,Berico-Technologies/CLAVIN,1.0,2014-10-20 08:44:33,103,java,commits_in_master,master,2,ec4c08f01a1ee7bc0cb258e570b68be55479ff6e#eaa315d2ee2c92f463af4232f7619d1a9586503a,build_found,25b0b80224a026ee6547428dcf72a73c467fcc4a,35868281,2014-10-20 10:44:44,6,ec4c08f01a1ee7bc0cb258e570b68be55479ff6e,1,ec4c08f01a1ee7bc0cb258e570b68be55479ff6e,25b0b80224a026ee6547428dcf72a73c467fcc4a,05be0793853d49d06449011f3e42c4b331d65067,0,0,0,1,0,0,0,1,0,0,1,0,0,41,4010,349.376558603491,16.7082294264339,76.0598503740648,0.0,10,2014-10-21 13:05:45,2014-10-20 10:46:23,failed,1397,[38484113],104,38484113,java,broken,,java-ant,,0.0,,,,,,,,36.34,0
38602572,Berico-Technologies/CLAVIN,0.0,,,java,,master,2,ec4c08f01a1ee7bc0cb258e570b68be55479ff6e#eaa315d2ee2c92f463af4232f7619d1a9586503a,merge_found,,,2014-10-20 10:44:44,7,eaa315d2ee2c92f463af4232f7619d1a9586503a,1,eaa315d2ee2c92f463af4232f7619d1a9586503a,,eaa315d2ee2c92f463af4232f7619d1a9586503a,,0,,1,0,0,0,1,0,0,1,0,0,42,4010,349.376558603491,16.7082294264339,76.0598503740648,1.0,,2014-10-21 13:05:45,2014-10-21 13:07:02,failed,1087,[38602573],105,38602573,java,broken,,java-ant,,0.0,,,,,,,,31.66,0
43877173,Berico-Technologies/CLAVIN,1.0,2014-12-12 19:22:24,105,java,commits_in_master,master,6,bafe383e38064f002b00f8faf90770a380935669#6f433e4586f69633f498dbd77b66d06244c9bf2d#d0304cee0b4240f1c34d210aab8da5ce70f3d4aa#5cb5658988d458a49d130d28e5902ba53cb538fc#fa9a19e177854948eafde19ef04dbf86d92eb685#ae9053feb2b2580786391dffc8f757cf57b8e160,build_found,eaa315d2ee2c92f463af4232f7619d1a9586503a,38602572,2014-12-04 05:26:24,7,5cb5658988d458a49d130d28e5902ba53cb538fc#d0304cee0b4240f1c34d210aab8da5ce70f3d4aa#6f433e4586f69633f498dbd77b66d06244c9bf2d#bafe383e38064f002b00f8faf90770a380935669,4,5cb5658988d458a49d130d28e5902ba53cb538fc,eaa315d2ee2c92f463af4232f7619d1a9586503a,ad01cdf1631dce7d1a944a3956e3d1cb1256e618,0,0,0,2068,346,4,0,20,0,31,22,0,2,121,4355,364.867967853043,18.5993111366246,78.9896670493685,1.0,257,2015-01-06 20:02:23,2014-12-12 20:29:59,failed,1021,[43877174],106,43877174,java,broken,0,java-ant,,0.0,,,,,,,,30.76,0
57477391,Berico-Technologies/CLAVIN,0.0,,,java,,master,1,3c1a5118faeb850052ccfe38696420e853ccc892,build_found,eaa315d2ee2c92f463af4232f7619d1a9586503a,55863949,2015-04-07 12:56:42,6,3c1a5118faeb850052ccfe38696420e853ccc892,1,3c1a5118faeb850052ccfe38696420e853ccc892,,3c1a5118faeb850052ccfe38696420e853ccc892,,0,,1,0,0,0,1,0,0,1,0,0,10,4010,349.376558603491,16.7082294264339,76.0598503740648,1.0,,2015-04-07 12:56:42,2015-04-07 12:58:40,failed,265,[57477392],121,57477392,java,broken,1,java-ant,,0.0,,,,,,,,34.16,0
57482349,Berico-Technologies/CLAVIN,0.0,,,java,,master,1,6fecbbcab5a4b10321b6ab16172374e253ac8535,build_found,8dcb385272636c08319ff2b9971b83e58b900040,57478493,2015-04-07 13:35:41,6,6fecbbcab5a4b10321b6ab16172374e253ac8535,1,6fecbbcab5a4b10321b6ab16172374e253ac8535,,6fecbbcab5a4b10321b6ab16172374e253ac8535,,0,,0,0,0,0,1,0,0,0,0,1,13,4010,349.376558603491,16.7082294264339,76.0598503740648,1.0,,2015-04-07 13:35:42,2015-04-07 13:36:46,failed,1200,[57482350],123,57482350,java,broken,0,java-ant,,0.0,,,,,,,,28.42,0
57502621,Berico-Technologies/CLAVIN,1.0,2015-04-07 13:52:16,107,java,unknown,master,,,build_found,6fecbbcab5a4b10321b6ab16172374e253ac8535,57482349,,6,9dcc5b00783a6ee5f47d2c78a5ea11023ae3c8a4,1,9dcc5b00783a6ee5f47d2c78a5ea11023ae3c8a4,6fecbbcab5a4b10321b6ab16172374e253ac8535,b87bb781de295b7dfe1e7413bd32f0091014bfef,0,0,0,5,0,0,0,2,0,0,1,0,1,19,4010,349.376558603491,16.7082294264339,76.0598503740648,1.0,24,,2015-04-07 15:55:10,passed,75,[57502623],125,57502623,java,ok,0,java-ant,,0.0,,,,,,,,19.07,0
78786009,Berico-Technologies/CLAVIN,0.0,,,java,,master,2,2a9681452d8f727767e8d3253b8518758b8e4d97#7a4789ca0cb4191f9927b2ec37003e625121c524,build_found,6fecbbcab5a4b10321b6ab16172374e253ac8535,57482349,2015-04-06 16:47:54,5,7a4789ca0cb4191f9927b2ec37003e625121c524#2a9681452d8f727767e8d3253b8518758b8e4d97,2,7a4789ca0cb4191f9927b2ec37003e625121c524,,7a4789ca0cb4191f9927b2ec37003e625121c524,,0,,2,0,0,0,2,0,0,1,0,1,21,4010,349.376558603491,16.7082294264339,76.0598503740648,1.0,,2015-09-04 16:24:30,2015-09-04 16:25:19,failed,1250,[78786010],130,78786010,java,broken,0,java-ant,,0.0,,,,,,,,,0
100096980,Berico-Technologies/CLAVIN,0.0,,,java,,master,16,47249b96a63a0a03125e3c9649b1349cf2dee463#f98a8d9c19dccea658ec355bed918e3577ef4f95#3b1d4b7d70a7b25792f37fc76032535ed13fe147#740cf928cca1b509d6d8c183ca23fa36071e1327#51e0ab3d008999deaa9787f4d708555e04a8832d#07b2f31776e5a667dced4751613548b9decf88a6#c1688923f26696674e0aa671b96741e296930810#aee2310f348ee7b4e54b1b48aceb472926d40236#3d72d3ca7d27835a660c6f38f504a84354dd4111#4b7993a9c884f224a10c69a9aa57bb56cc0d9f82#bfda23c3ffe3ff4b741274c74311792c2875ef3d#1a50bb621a632c6a970a12eec11d214b6d71df51#2eb4efaafbcf68ae3dbd58a207fac82d82881247#21b7772a8dbf8a35cd5df3778d4dc3be5eeb7004#f71245c4861732501efb15c21af0aceab276c913#2f1eeebed0f84bfb3950fce7fbe6e9b3e9db39c2,merge_found,,,2015-12-31 13:11:04,5,2f1eeebed0f84bfb3950fce7fbe6e9b3e9db39c2,1,2f1eeebed0f84bfb3950fce7fbe6e9b3e9db39c2,,2f1eeebed0f84bfb3950fce7fbe6e9b3e9db39c2,,0,,0,0,0,0,1,0,0,0,0,1,28,4355,364.867967853043,18.5993111366246,78.9896670493685,1.0,,2016-01-04 12:07:53,2016-01-04 12:09:12,passed,1012,[100096981],135,100096981,java,ok,25,java-ant,,0.0,,,,,,,,,0
