tr_build_id,gh_project_name,gh_is_pr,gh_pr_created_at,gh_pull_req_num,gh_lang,git_merged_with,git_branch,gh_num_commits_in_push,gh_commits_in_push,git_prev_commit_resolution_status,git_prev_built_commit,tr_prev_build,gh_first_commit_created_at,gh_team_size,git_all_built_commits,git_num_all_built_commits,git_trigger_commit,tr_virtual_merged_into,tr_original_commit,gh_num_issue_comments,gh_num_commit_comments,gh_num_pr_comments,git_diff_src_churn,git_diff_test_churn,gh_diff_files_added,gh_diff_files_deleted,gh_diff_files_modified,gh_diff_tests_added,gh_diff_tests_deleted,gh_diff_src_files,gh_diff_doc_files,gh_diff_other_files,gh_num_commits_on_files_touched,gh_sloc,gh_test_lines_per_kloc,gh_test_cases_per_kloc,gh_asserts_cases_per_kloc,gh_by_core_team_member,gh_description_complexity,gh_pushed_at,gh_build_started_at,tr_status,tr_duration,tr_jobs,tr_build_number,tr_job_id,tr_log_lan,tr_log_status,tr_log_setup_time,tr_log_analyzer,tr_log_frameworks,tr_log_bool_tests_ran,tr_log_bool_tests_failed,tr_log_num_tests_ok,tr_log_num_tests_failed,tr_log_num_tests_run,tr_log_num_tests_skipped,tr_log_tests_failed,tr_log_testduration,tr_log_buildduration,build_successful
20788863,alvinsj/flatten_record,0.0,,,ruby,,master,2,dd2c19c9385e852da7fc9515e523a24e348808bf#3374af4880fa4a4aef25e604ea77f1c5c5bd7b83,merge_found,,,2014-03-14 18:29:05,1,3374af4880fa4a4aef25e604ea77f1c5c5bd7b83,1,3374af4880fa4a4aef25e604ea77f1c5c5bd7b83,,3374af4880fa4a4aef25e604ea77f1c5c5bd7b83,,0,,2,0,0,0,1,0,0,1,0,0,8,707,182.461103253182,0.0,0.0,1.0,,2014-03-14 18:29:46,2014-03-14 18:51:22,passed,274,"[20788864, 20788865, 20788866, 20788867]",1,20788864,ruby,ok,,ruby,rspec,1.0,,14,0,14,0,,0.56,,0
20789085,alvinsj/flatten_record,0.0,,,ruby,,master,2,dd2c19c9385e852da7fc9515e523a24e348808bf#3374af4880fa4a4aef25e604ea77f1c5c5bd7b83,merge_found,,,2014-03-14 18:29:05,1,3374af4880fa4a4aef25e604ea77f1c5c5bd7b83,1,3374af4880fa4a4aef25e604ea77f1c5c5bd7b83,,3374af4880fa4a4aef25e604ea77f1c5c5bd7b83,,0,,2,0,0,0,1,0,0,1,0,0,8,707,182.461103253182,0.0,0.0,1.0,,2014-03-14 18:29:46,2014-03-14 18:38:01,passed,287,"[20789086, 20789087, 20789088, 20789089]",2,20789089,ruby,ok,,ruby,rspec,1.0,,14,0,14,0,,0.52,,0
20789311,alvinsj/flatten_record,0.0,,,ruby,,master,1,afc128d3d7127e13e9ad82c131eeca9e2b9c5cc8,build_found,3374af4880fa4a4aef25e604ea77f1c5c5bd7b83,20789085,2014-03-14 18:35:54,1,afc128d3d7127e13e9ad82c131eeca9e2b9c5cc8,1,afc128d3d7127e13e9ad82c131eeca9e2b9c5cc8,,afc128d3d7127e13e9ad82c131eeca9e2b9c5cc8,,0,,0,0,0,0,1,0,0,0,0,1,1,707,182.461103253182,0.0,0.0,1.0,,2014-03-14 18:36:04,2014-03-14 18:43:05,passed,192,"[20789312, 20789313, 20789314]",3,20789314,ruby,ok,,ruby,rspec,1.0,,14,0,14,0,,0.63,,0
20789510,alvinsj/flatten_record,0.0,,,ruby,,master,1,71a8253b5c7db6a471fdc21bfd9ff4f213d803c9,build_found,afc128d3d7127e13e9ad82c131eeca9e2b9c5cc8,20789311,2014-03-14 18:40:16,1,71a8253b5c7db6a471fdc21bfd9ff4f213d803c9,1,71a8253b5c7db6a471fdc21bfd9ff4f213d803c9,,71a8253b5c7db6a471fdc21bfd9ff4f213d803c9,,0,,2,0,0,0,2,0,0,1,0,1,11,707,182.461103253182,0.0,0.0,1.0,,2014-03-14 18:40:26,2014-03-14 18:48:26,passed,263,"[20789511, 20789512, 20789513, 20789514]",4,20789511,ruby,ok,,ruby,rspec,1.0,,14,0,14,0,,0.62,,0
20911706,alvinsj/flatten_record,0.0,,,ruby,,master,1,8ff66463cc0736772f84c109a05252dcd523c908,build_found,71a8253b5c7db6a471fdc21bfd9ff4f213d803c9,20789510,2014-03-17 03:23:05,1,8ff66463cc0736772f84c109a05252dcd523c908,1,8ff66463cc0736772f84c109a05252dcd523c908,,8ff66463cc0736772f84c109a05252dcd523c908,,0,,3,0,0,0,1,0,0,1,0,0,8,708,182.203389830508,0.0,0.0,1.0,,2014-03-17 03:23:34,2014-03-17 03:24:03,passed,214,"[20911707, 20911708, 20911709, 20911710]",5,20911710,ruby,ok,,ruby,rspec,1.0,,14,0,14,0,,0.5,,0
21083061,alvinsj/flatten_record,0.0,,,ruby,,master,3,a4a428749a824a5d4aefa37aa6cedcf09b838ed4#5729a60b6807d4c69010d9d35709b1e15d4c5873#5f5e53a2878c8b16dfbed6f4b9ecaa2eddd0dc64,build_found,8ff66463cc0736772f84c109a05252dcd523c908,20911706,2014-03-19 09:33:24,1,5f5e53a2878c8b16dfbed6f4b9ecaa2eddd0dc64#5729a60b6807d4c69010d9d35709b1e15d4c5873#a4a428749a824a5d4aefa37aa6cedcf09b838ed4,3,5f5e53a2878c8b16dfbed6f4b9ecaa2eddd0dc64,,5f5e53a2878c8b16dfbed6f4b9ecaa2eddd0dc64,,0,,18,0,0,2,4,0,0,3,0,3,21,712,181.179775280899,0.0,0.0,1.0,,2014-03-19 09:41:06,2014-03-19 09:41:42,failed,229,"[21083062, 21083063, 21083064, 21083065]",6,21083062,ruby,broken,,ruby,,1.0,,,0,,,,,,0
21119055,alvinsj/flatten_record,0.0,,,ruby,,master,1,8d9e3037999a3d8b6c3e220c8b66656d62866bbc,build_found,5f5e53a2878c8b16dfbed6f4b9ecaa2eddd0dc64,21083061,2014-03-19 18:18:44,1,8d9e3037999a3d8b6c3e220c8b66656d62866bbc,1,8d9e3037999a3d8b6c3e220c8b66656d62866bbc,,8d9e3037999a3d8b6c3e220c8b66656d62866bbc,,0,,4,0,0,0,2,0,0,2,0,0,3,712,181.179775280899,0.0,0.0,1.0,,2014-03-19 18:18:57,2014-03-20 11:03:00,passed,236,"[21119056, 21119057, 21119058, 21119059]",7,21119058,ruby,ok,,ruby,rspec,1.0,,14,0,14,0,,0.62,,0
24684304,alvinsj/flatten_record,0.0,,,ruby,,master,1,8d9e3037999a3d8b6c3e220c8b66656d62866bbc,build_found,5f5e53a2878c8b16dfbed6f4b9ecaa2eddd0dc64,21083061,2014-03-19 18:18:44,1,8d9e3037999a3d8b6c3e220c8b66656d62866bbc,1,8d9e3037999a3d8b6c3e220c8b66656d62866bbc,,8d9e3037999a3d8b6c3e220c8b66656d62866bbc,,0,,4,0,0,0,2,0,0,2,0,0,3,712,181.179775280899,0.0,0.0,1.0,,2014-03-19 18:18:57,2014-05-08 06:45:10,passed,278,"[24684305, 24684306, 24684307, 24684308]",9,24684305,ruby,ok,,ruby,rspec,1.0,,14,0,14,0,,0.41,,0
24686314,alvinsj/flatten_record,0.0,,,ruby,,master,1,626d9df24bb1d06ba5ee4e08099b874f844bd2b1,build_found,8d9e3037999a3d8b6c3e220c8b66656d62866bbc,24684304,2014-05-08 06:47:59,1,626d9df24bb1d06ba5ee4e08099b874f844bd2b1,1,626d9df24bb1d06ba5ee4e08099b874f844bd2b1,,626d9df24bb1d06ba5ee4e08099b874f844bd2b1,,1,,4,0,0,0,1,0,0,1,0,0,1,712,181.179775280899,0.0,0.0,1.0,,2014-05-08 06:50:29,2014-05-08 06:50:59,passed,301,"[24686315, 24686316, 24686317, 24686318]",10,24686315,ruby,ok,,ruby,rspec,1.0,,14,0,14,0,,0.37,,0
26285898,alvinsj/flatten_record,0.0,,,ruby,,master,1,844154d24645bb40cd87371a33e8e80b2f62d652,build_found,626d9df24bb1d06ba5ee4e08099b874f844bd2b1,24686314,2014-05-29 09:37:47,1,844154d24645bb40cd87371a33e8e80b2f62d652,1,844154d24645bb40cd87371a33e8e80b2f62d652,,844154d24645bb40cd87371a33e8e80b2f62d652,,0,,2,0,0,0,1,0,0,1,0,0,2,712,181.179775280899,0.0,0.0,1.0,,2014-05-29 09:53:23,2014-05-29 09:54:00,passed,176,"[26285899, 26285900, 26285901, 26285902]",11,26285902,ruby,ok,,ruby,rspec,1.0,,14,0,14,0,,0.88,,0
30452395,alvinsj/flatten_record,0.0,,,ruby,,master,6,52e50df4ee79cb0842ba26c4a3e39d00d80833e1#afa205fac34c46090a335bb9110362ac00a5eee6#ff1cb46e45476ed79810d7063a4196f6d44f2701#dda831e970fe9370b01a91fb98beacfbbcf2126a#9336154ab9a327f8870e1bc2db3c77ebbcd9698e#92a57d92936d3bf145573cf24d1d6c7c297642f6,merge_found,,,2014-06-17 09:56:33,1,92a57d92936d3bf145573cf24d1d6c7c297642f6,1,92a57d92936d3bf145573cf24d1d6c7c297642f6,,92a57d92936d3bf145573cf24d1d6c7c297642f6,,0,,309,221,3,0,8,0,0,11,0,0,27,672,480.654761904762,0.0,0.0,1.0,,2014-07-21 12:23:50,2014-07-21 12:24:21,passed,189,"[30452396, 30452397, 30452398, 30452399]",18,30452398,ruby,ok,,ruby,rspec,1.0,,15,0,15,0,,0.41,,0
30453512,alvinsj/flatten_record,0.0,,,ruby,,master,1,023b325bfc1df05f0a9f5257797451cf25d1d7c8,build_found,92a57d92936d3bf145573cf24d1d6c7c297642f6,30452395,2014-07-21 12:39:20,1,023b325bfc1df05f0a9f5257797451cf25d1d7c8,1,023b325bfc1df05f0a9f5257797451cf25d1d7c8,,023b325bfc1df05f0a9f5257797451cf25d1d7c8,,0,,29,0,0,0,1,0,0,1,0,0,6,684,472.222222222222,0.0,0.0,1.0,,2014-07-21 12:39:27,2014-07-21 12:40:08,passed,185,"[30453513, 30453514, 30453515, 30453516]",20,30453514,ruby,ok,,ruby,rspec,1.0,,15,0,15,0,,0.83,,0
30456005,alvinsj/flatten_record,0.0,,,ruby,,master,3,681b726055eca60afb35726935c84df8fc045160#6cc56224827630cf09b23eab3ddb956c7c0a605b#d299a702ad18fd04ae502e378784c203d1837787,merge_found,,,2014-07-21 12:59:31,1,d299a702ad18fd04ae502e378784c203d1837787,1,d299a702ad18fd04ae502e378784c203d1837787,,d299a702ad18fd04ae502e378784c203d1837787,,0,,170,0,0,0,2,0,0,2,0,0,19,688,469.476744186047,0.0,0.0,1.0,,2014-07-21 13:11:34,2014-07-21 13:12:16,passed,207,"[30456006, 30456007, 30456008, 30456010]",24,30456006,ruby,ok,,ruby,rspec,1.0,,15,0,15,0,,1.21,,0
32396915,alvinsj/flatten_record,0.0,,,ruby,,master,1,b4618bb7b3c62c027f7c936c03c16a045aaaf013,build_found,d299a702ad18fd04ae502e378784c203d1837787,30456005,2014-08-13 02:39:03,1,b4618bb7b3c62c027f7c936c03c16a045aaaf013,1,b4618bb7b3c62c027f7c936c03c16a045aaaf013,,b4618bb7b3c62c027f7c936c03c16a045aaaf013,,0,,519,0,2,0,5,0,0,7,0,0,22,718,449.860724233983,0.0,0.0,1.0,,2014-08-13 02:50:34,2014-08-13 02:51:09,passed,148,"[32396916, 32396917, 32396918, 32396919]",46,32396918,ruby,ok,,ruby,rspec,1.0,,15,0,15,0,,0.41,,0
32624097,alvinsj/flatten_record,0.0,,,ruby,,master,,,merge_found,,,,1,158dc5cd18bcfd4e90723fc45c195161f9dd17de,1,158dc5cd18bcfd4e90723fc45c195161f9dd17de,,158dc5cd18bcfd4e90723fc45c195161f9dd17de,,0,,2220,139,17,10,10,0,0,37,2,0,74,1134,243.386243386243,0.0,0.0,1.0,,,2014-08-15 10:43:18,passed,170,"[32624098, 32624099, 32624100, 32624101]",71,32624099,ruby,ok,,ruby,rspec,1.0,,14,0,14,0,,1.44,,0
32625980,alvinsj/flatten_record,0.0,,,ruby,,master,1,716baaa938d44574bf74d56fb2f33de1aad8dca4,build_found,158dc5cd18bcfd4e90723fc45c195161f9dd17de,32624097,2014-08-15 11:17:12,1,716baaa938d44574bf74d56fb2f33de1aad8dca4,1,716baaa938d44574bf74d56fb2f33de1aad8dca4,,716baaa938d44574bf74d56fb2f33de1aad8dca4,,0,,2,0,0,0,1,0,0,1,0,0,11,1134,243.386243386243,0.0,0.0,1.0,,2014-08-15 11:17:27,2014-08-15 11:18:18,passed,197,"[32625981, 32625982, 32625983, 32625984]",72,32625982,ruby,ok,,ruby,rspec,1.0,,14,0,14,0,,2.46,,0
32928065,alvinsj/flatten_record,0.0,,,ruby,,master,9,268c681c9bb33bd75e197f833a7e57d80793b660#73be8a5db94c949903aedaddaf9b4a8254f86f1b#5f557c52a106b1a03ef57761f6730d203517ca6c#a354c180e1701b7ac681ba8c24e071ede484d6f7#c8d9d5ae0e058b59f16d09dd7fac7d0589b3957d#80b23552db2cdfa674154136edaefbdeb972ee6e#bd78ad4f57fdea8c43cdac973700299ddd32ca08#a084592eae675430274c599e09ed40976ff217b5#8bc47804606859c0d9ddbf50c2aa3c827389f70c,merge_found,,,2014-08-18 14:09:11,1,8bc47804606859c0d9ddbf50c2aa3c827389f70c,1,8bc47804606859c0d9ddbf50c2aa3c827389f70c,,8bc47804606859c0d9ddbf50c2aa3c827389f70c,,0,,323,0,1,0,11,0,0,12,0,0,29,1236,223.300970873786,0.0,0.0,1.0,,2014-08-19 05:20:45,2014-08-19 05:21:35,passed,135,"[32928066, 32928067, 32928068, 32928069]",79,32928067,ruby,ok,,ruby,rspec,1.0,,15,0,15,0,,1.01,,0
32947242,alvinsj/flatten_record,0.0,,,ruby,,master,4,ee065a8bdef013b083590ffed6771410355873e2#65fbfa3e12ebe6675035d266960a9879dc4b0cd0#0b1c7024eb52bbea81e733435d1f45bc5ad60800#d11149bfac3646759bf197201bc447825078d4eb,merge_found,,,2014-08-19 10:03:07,1,d11149bfac3646759bf197201bc447825078d4eb,1,d11149bfac3646759bf197201bc447825078d4eb,,d11149bfac3646759bf197201bc447825078d4eb,,0,,320,2,0,0,8,0,0,8,0,0,36,1312,211.890243902439,0.0,0.0,1.0,,2014-08-19 10:08:39,2014-08-19 10:09:29,passed,157,"[32947243, 32947244, 32947245, 32947246]",84,32947243,ruby,ok,,ruby,rspec,1.0,,16,0,16,0,,1.14,,0
33069457,alvinsj/flatten_record,0.0,,,ruby,,master,1,4069ec66cf75b8a4c89b9d4dd7285d88674db3b7,build_found,d11149bfac3646759bf197201bc447825078d4eb,32947242,2014-08-20 13:35:15,1,4069ec66cf75b8a4c89b9d4dd7285d88674db3b7,1,4069ec66cf75b8a4c89b9d4dd7285d88674db3b7,,4069ec66cf75b8a4c89b9d4dd7285d88674db3b7,,0,,44,0,0,0,1,0,0,1,0,0,16,1312,211.890243902439,0.0,0.0,1.0,,2014-08-20 13:35:16,2014-08-20 13:36:13,passed,174,"[33069458, 33069459, 33069460, 33069463]",85,33069460,ruby,ok,,ruby,rspec,1.0,,16,0,16,0,,1.39,,0
33085106,alvinsj/flatten_record,0.0,,,ruby,,master,1,3fc7641c9b4897933ad3099de21613460fb28406,build_found,4069ec66cf75b8a4c89b9d4dd7285d88674db3b7,33069457,2014-08-20 16:10:23,1,3fc7641c9b4897933ad3099de21613460fb28406,1,3fc7641c9b4897933ad3099de21613460fb28406,,3fc7641c9b4897933ad3099de21613460fb28406,,0,,10,0,0,0,1,0,0,1,0,0,17,1312,211.890243902439,0.0,0.0,1.0,,2014-08-20 16:10:23,2014-08-20 16:13:48,passed,248,"[33085107, 33085108, 33085109, 33085110]",86,33085109,ruby,ok,,ruby,rspec,1.0,,16,0,16,0,,1.95,,0
33085997,alvinsj/flatten_record,0.0,,,ruby,,master,1,6ec1a5594dbc068e7c2f7f1ff2704c0d92219ff4,build_found,3fc7641c9b4897933ad3099de21613460fb28406,33085106,2014-08-20 16:18:55,1,6ec1a5594dbc068e7c2f7f1ff2704c0d92219ff4,1,6ec1a5594dbc068e7c2f7f1ff2704c0d92219ff4,,6ec1a5594dbc068e7c2f7f1ff2704c0d92219ff4,,0,,11,0,0,0,1,0,0,1,0,0,9,1306,212.863705972435,0.0,0.0,1.0,,2014-08-20 16:19:05,2014-08-20 16:21:56,passed,180,"[33085998, 33085999, 33086000, 33086001]",87,33086000,ruby,ok,,ruby,rspec,1.0,,16,0,16,0,,1.4,,0
33129501,alvinsj/flatten_record,0.0,,,ruby,,master,1,829fce7058513f320905459aad06323379dca1ce,build_found,6ec1a5594dbc068e7c2f7f1ff2704c0d92219ff4,33085997,2014-08-21 01:14:56,1,829fce7058513f320905459aad06323379dca1ce,1,829fce7058513f320905459aad06323379dca1ce,,829fce7058513f320905459aad06323379dca1ce,,0,,8,0,0,0,1,0,0,1,0,0,18,1306,212.863705972435,0.0,0.0,1.0,,2014-08-21 01:14:56,2014-08-21 01:15:31,passed,161,"[33129502, 33129503, 33129504, 33129505]",88,33129502,ruby,ok,,ruby,rspec,1.0,,16,0,16,0,,0.98,,0
33130963,alvinsj/flatten_record,0.0,,,ruby,,master,1,0e5daf2c98252f1ddd4df10c1aeb2b7a8323e54d,build_found,829fce7058513f320905459aad06323379dca1ce,33129501,2014-08-21 01:43:22,1,0e5daf2c98252f1ddd4df10c1aeb2b7a8323e54d,1,0e5daf2c98252f1ddd4df10c1aeb2b7a8323e54d,,0e5daf2c98252f1ddd4df10c1aeb2b7a8323e54d,,0,,4,0,0,0,2,0,0,2,0,0,14,1306,212.863705972435,0.0,0.0,1.0,,2014-08-21 01:45:43,2014-08-21 01:46:28,passed,149,"[33130964, 33130965, 33130966, 33130967]",90,33130966,ruby,ok,,ruby,rspec,1.0,,16,0,16,0,,1.27,,0
33134933,alvinsj/flatten_record,0.0,,,ruby,,master,2,7edf3258bba535b8e86dc2cda88182c1360762c8#226e5de29147c34962aedabd274dcb8fd73cc82e,build_found,0e5daf2c98252f1ddd4df10c1aeb2b7a8323e54d,33130963,2014-08-21 02:54:26,1,226e5de29147c34962aedabd274dcb8fd73cc82e#7edf3258bba535b8e86dc2cda88182c1360762c8,2,226e5de29147c34962aedabd274dcb8fd73cc82e,,226e5de29147c34962aedabd274dcb8fd73cc82e,,0,,11,0,0,0,3,0,0,3,0,0,26,1307,212.700841622035,0.0,0.0,1.0,,2014-08-21 02:58:37,2014-08-21 03:00:40,passed,140,"[33134934, 33134935, 33134936, 33134937]",92,33134937,ruby,ok,,ruby,rspec,1.0,,16,0,16,0,,1.16,,0
33144689,alvinsj/flatten_record,0.0,,,ruby,,master,1,93d51e797cad89906d9e5bf4129f2b96a7ce5d5d,build_found,226e5de29147c34962aedabd274dcb8fd73cc82e,33134933,2014-08-21 06:43:26,1,93d51e797cad89906d9e5bf4129f2b96a7ce5d5d,1,93d51e797cad89906d9e5bf4129f2b96a7ce5d5d,,93d51e797cad89906d9e5bf4129f2b96a7ce5d5d,,0,,1,0,0,0,1,0,0,1,0,0,14,1306,212.863705972435,0.0,0.0,1.0,,2014-08-21 06:43:34,2014-08-21 06:44:46,passed,157,"[33144690, 33144691, 33144692, 33144693]",93,33144693,ruby,ok,,ruby,rspec,1.0,,16,0,16,0,,2.12,,0
33145800,alvinsj/flatten_record,0.0,,,ruby,,master,1,d8e3ffd27d1ae0920990296b52415afcb7a9346c,build_found,93d51e797cad89906d9e5bf4129f2b96a7ce5d5d,33144689,2014-08-21 07:02:24,1,d8e3ffd27d1ae0920990296b52415afcb7a9346c,1,d8e3ffd27d1ae0920990296b52415afcb7a9346c,,d8e3ffd27d1ae0920990296b52415afcb7a9346c,,0,,6,0,0,0,1,0,0,1,0,0,13,1303,213.353798925556,0.0,0.0,1.0,,2014-08-21 07:02:39,2014-08-21 07:03:29,passed,142,"[33145801, 33145802, 33145803, 33145804]",94,33145802,ruby,ok,,ruby,rspec,1.0,,16,0,16,0,,1.32,,0
33773840,alvinsj/flatten_record,0.0,,,ruby,,master,1,1eeee45c7ea7256908600da9f1f8970df219eabe,build_found,d8e3ffd27d1ae0920990296b52415afcb7a9346c,33145800,2014-08-28 07:44:20,1,1eeee45c7ea7256908600da9f1f8970df219eabe,1,1eeee45c7ea7256908600da9f1f8970df219eabe,,1eeee45c7ea7256908600da9f1f8970df219eabe,,0,,2,0,0,0,1,0,0,1,0,0,10,1303,213.353798925556,0.0,0.0,1.0,,2014-08-28 07:44:30,2014-08-28 07:45:12,passed,153,"[33773841, 33773842, 33773843, 33773844]",95,33773841,ruby,ok,,ruby,rspec,1.0,,16,0,16,0,,1.04,,0
33773953,alvinsj/flatten_record,0.0,,,ruby,,master,1,02160b8bfe3484489c97944db6b1297eba9ee936,build_found,1eeee45c7ea7256908600da9f1f8970df219eabe,33773840,2014-08-28 07:45:03,1,02160b8bfe3484489c97944db6b1297eba9ee936,1,02160b8bfe3484489c97944db6b1297eba9ee936,,02160b8bfe3484489c97944db6b1297eba9ee936,,0,,4,0,0,0,2,0,0,2,0,0,16,1303,213.353798925556,0.0,0.0,1.0,,2014-08-28 07:47:04,2014-08-28 07:47:45,passed,133,"[33773954, 33773955, 33773956, 33773957]",97,33773955,ruby,ok,,ruby,rspec,1.0,,16,0,16,0,,0.84,,0
35099839,alvinsj/flatten_record,0.0,,,ruby,,master,2,a68dfcc8aaf6eef6d8de229c12edecfe59c55b98#092a22eeb498e674fe4f3b16465d95a905617f96,build_found,02160b8bfe3484489c97944db6b1297eba9ee936,33773953,2014-09-12 09:12:12,1,092a22eeb498e674fe4f3b16465d95a905617f96#a68dfcc8aaf6eef6d8de229c12edecfe59c55b98,2,092a22eeb498e674fe4f3b16465d95a905617f96,,092a22eeb498e674fe4f3b16465d95a905617f96,,0,,24,0,0,0,4,0,0,3,1,0,29,1300,213.846153846154,0.0,0.0,1.0,,2014-09-12 09:14:20,2014-09-12 09:15:07,passed,136,"[35099840, 35099841, 35099842, 35099843]",99,35099840,ruby,ok,,ruby,rspec,1.0,,16,0,16,0,,1.03,,0
35596227,alvinsj/flatten_record,0.0,,,ruby,,master,2,245a792184e1332d19551f78e57a536de4957b1c#daa0d7bfb27a9015b03945c7ba827aec83713d50,build_found,092a22eeb498e674fe4f3b16465d95a905617f96,35099839,2014-09-18 02:37:01,1,daa0d7bfb27a9015b03945c7ba827aec83713d50#245a792184e1332d19551f78e57a536de4957b1c,2,daa0d7bfb27a9015b03945c7ba827aec83713d50,,daa0d7bfb27a9015b03945c7ba827aec83713d50,,0,,8,0,0,0,4,0,0,4,0,0,31,1300,213.846153846154,0.0,0.0,1.0,,2014-09-18 02:38:28,2014-09-18 02:39:01,passed,166,"[35596228, 35596229, 35596230, 35596231]",100,35596231,ruby,ok,,ruby,rspec,1.0,,16,0,16,0,,1.22,,0
35596696,alvinsj/flatten_record,0.0,,,ruby,,master,2,18d2a4ed7f8caf0126e64fc92a8dc8af430e44a5#19d61c943f0fbf3f7c954739fb2d5840b68e1011,build_found,daa0d7bfb27a9015b03945c7ba827aec83713d50,35596227,2014-09-18 02:49:37,1,19d61c943f0fbf3f7c954739fb2d5840b68e1011#18d2a4ed7f8caf0126e64fc92a8dc8af430e44a5,2,19d61c943f0fbf3f7c954739fb2d5840b68e1011,,19d61c943f0fbf3f7c954739fb2d5840b68e1011,,0,,7,0,0,0,3,0,0,3,0,0,30,1301,213.681783243659,0.0,0.0,1.0,,2014-09-18 02:51:06,2014-09-18 02:51:48,passed,166,"[35596697, 35596698, 35596699, 35596700]",101,35596698,ruby,ok,,ruby,rspec,1.0,,16,0,16,0,,1.48,,0
39818684,alvinsj/flatten_record,0.0,,,ruby,,master,3,55bb6b68d0657329f4d8f41a36755133ef905f19#39af4ad4d648ceee4a2a4c8a95a257dc2f7cead0#1ede0671f02cc6c134ae52e7e8d6b6b0d0f52a02,build_found,19d61c943f0fbf3f7c954739fb2d5840b68e1011,35596701,2014-11-03 09:57:13,1,1ede0671f02cc6c134ae52e7e8d6b6b0d0f52a02#39af4ad4d648ceee4a2a4c8a95a257dc2f7cead0#55bb6b68d0657329f4d8f41a36755133ef905f19,3,1ede0671f02cc6c134ae52e7e8d6b6b0d0f52a02,,1ede0671f02cc6c134ae52e7e8d6b6b0d0f52a02,,0,,25,0,0,0,4,0,0,3,0,1,33,1308,212.538226299694,0.0,0.0,0.0,,2014-11-03 10:44:30,2014-11-03 10:45:06,passed,162,"[39818685, 39818686, 39818687, 39818688]",103,39818688,ruby,ok,,ruby,rspec,1.0,,16,0,16,0,,1.73,,0
44015089,alvinsj/flatten_record,0.0,,,ruby,,master,1,7d4e8da8ef5f28bd3f4eef188becbf2be9441b90,build_found,da1d92f0c31b5fe5c8ca4a4d0f3418ffad3fc084,44012491,2014-12-14 17:58:25,1,7d4e8da8ef5f28bd3f4eef188becbf2be9441b90,1,7d4e8da8ef5f28bd3f4eef188becbf2be9441b90,,7d4e8da8ef5f28bd3f4eef188becbf2be9441b90,,0,,2,0,0,0,1,0,0,1,0,0,21,1366,203.513909224012,0.0,0.0,0.0,,2014-12-14 17:58:31,2014-12-14 17:59:18,passed,163,"[44015090, 44015091, 44015092, 44015093]",105,44015093,ruby,ok,1,ruby,rspec,1.0,,19,0,19,0,,1.8,,0
