tr_build_id,gh_project_name,gh_is_pr,gh_pr_created_at,gh_pull_req_num,gh_lang,git_merged_with,git_branch,gh_num_commits_in_push,gh_commits_in_push,git_prev_commit_resolution_status,git_prev_built_commit,tr_prev_build,gh_first_commit_created_at,gh_team_size,git_all_built_commits,git_num_all_built_commits,git_trigger_commit,tr_virtual_merged_into,tr_original_commit,gh_num_issue_comments,gh_num_commit_comments,gh_num_pr_comments,git_diff_src_churn,git_diff_test_churn,gh_diff_files_added,gh_diff_files_deleted,gh_diff_files_modified,gh_diff_tests_added,gh_diff_tests_deleted,gh_diff_src_files,gh_diff_doc_files,gh_diff_other_files,gh_num_commits_on_files_touched,gh_sloc,gh_test_lines_per_kloc,gh_test_cases_per_kloc,gh_asserts_cases_per_kloc,gh_by_core_team_member,gh_description_complexity,gh_pushed_at,gh_build_started_at,tr_status,tr_duration,tr_jobs,tr_build_number,tr_job_id,tr_log_lan,tr_log_status,tr_log_setup_time,tr_log_analyzer,tr_log_frameworks,tr_log_bool_tests_ran,tr_log_bool_tests_failed,tr_log_num_tests_ok,tr_log_num_tests_failed,tr_log_num_tests_run,tr_log_num_tests_skipped,tr_log_tests_failed,tr_log_testduration,tr_log_buildduration,build_successful
144692,thoughtbot/flutie,0.0,,,ruby,,master,,,build_found,cf35a18bfe74f763580a018e1da83be537390bc3,,,8,356f05d2984d3d423d5579fc73e02706aef181d6,1,356f05d2984d3d423d5579fc73e02706aef181d6,,356f05d2984d3d423d5579fc73e02706aef181d6,,0,,0,0,0,0,1,0,0,0,0,1,1,69,3043.47826086957,159.420289855072,275.36231884058,1.0,,,2011-09-09 21:07:51,passed,179,[144693],2,144693,ruby,unknown,,ruby,rspec,1.0,,44,0,44,0,,0.83,,0
145052,thoughtbot/flutie,0.0,,,ruby,,master,,,build_found,356f05d2984d3d423d5579fc73e02706aef181d6,144692,,8,e99ab3d5438de5763285adecbb302772c87e72be,1,e99ab3d5438de5763285adecbb302772c87e72be,,e99ab3d5438de5763285adecbb302772c87e72be,,0,,2,0,0,0,1,0,0,1,0,0,19,69,3043.47826086957,159.420289855072,275.36231884058,1.0,,,2011-09-09 21:11:23,passed,186,[145053],3,145053,ruby,unknown,,ruby,rspec,1.0,,44,0,44,0,,0.89,,0
145155,thoughtbot/flutie,0.0,,,ruby,,master,,,merge_found,,,,8,cf35a18bfe74f763580a018e1da83be537390bc3#b82529202b00952d9b85091d973b5ffda126f805#a43e7bb4cac1b493f077cbc7b649b671be55bddb#13936da918feb980fb1b8e01f76f0937b3e08b3f#99578c6355d544d81fd5642c7957c582d2437df2#ffe874e18374ee9f9c1b2743957aaa24ed778eeb#dabaecf53dc13be5ccaf522d632395e522085459#9016981440cf2f66c2ccfafa66216d0b5e9f21bd#edd4938559dd211ccd7277f9f6a675aee64d7560#be155a5846a5f18923862827154fbc9aa812ad6e#624f3dc136fa6d90eed0cce3799fb73f3ff3e9f2#91ecabfb1dada660357bcb6af0f280453d5faea4#2bc2c03149a074939814582c3e85c803d890114f#92718a0fa18ff4c1333c157ec3ebbaaf3d8ac7e8#90aad4a020b90a93380672a5f03a476561882ac0#f70068efc33bb04dd355254648bbc19603449029#b978d6ae098726f426db431d912ad693f8dd1254#d655406e2f674643c9964786f380241b18ae093c#a90a8f18932817597600d5629442405eeb465dec#4ae8fd1fb8bda086691089dc361c7ee25ea328bd#0fe012792307bb2782be6f6fa1df3edcf81b8cf5#120592a264f5881f7320e2f37757253643162f9a#f3639dda607f734bce76a9fe64bada21c9056ef5#81cb196706b9f9968a49906e1e0866640414c4d4#80a724df1a1b5e76245dc2c7cb53bb864aaa8242#ae7d28bf7f5f9289a5e309b3f83cd4446ffd4ce6#53d093b4a6f003d0d039a80c617fe2dd1242727b#26896b256b19c6b79c9546610d1de53a58c37f27#e6779992d8927f76d28d3235ba60195e0b956c58,29,cf35a18bfe74f763580a018e1da83be537390bc3,,cf35a18bfe74f763580a018e1da83be537390bc3,,0,,3574,477,51,9,20,0,0,45,17,12,62,69,3043.47826086957,159.420289855072,275.36231884058,1.0,,,2011-09-09 20:55:37,failed,158,[145156],1,145156,ruby,unknown,,ruby,,1.0,,,0,,,,,,0
147445,thoughtbot/flutie,0.0,,,ruby,,master,,,build_found,e99ab3d5438de5763285adecbb302772c87e72be,145052,,8,457a7aa94417ee8b54e3306ecbbfffb42d649f84,1,457a7aa94417ee8b54e3306ecbbfffb42d649f84,,457a7aa94417ee8b54e3306ecbbfffb42d649f84,,0,,2,0,0,0,1,0,0,1,0,0,20,69,3043.47826086957,159.420289855072,275.36231884058,1.0,,,2011-09-10 16:51:09,passed,188,[147446],4,147446,ruby,unknown,,ruby,rspec,1.0,,44,0,44,0,,0.86,,0
164543,thoughtbot/flutie,0.0,,,ruby,,master,,,build_found,457a7aa94417ee8b54e3306ecbbfffb42d649f84,147445,,8,4b37b89fcb52c188b1cd20327f0e7fe933f4bb09#bc70e1b093ea938d71aeba9216931b74b70ceac7,2,4b37b89fcb52c188b1cd20327f0e7fe933f4bb09,,4b37b89fcb52c188b1cd20327f0e7fe933f4bb09,,0,,14,0,0,0,2,0,0,2,0,0,39,69,3043.47826086957,159.420289855072,275.36231884058,1.0,,,2011-09-16 14:19:25,failed,40,[164544],5,164544,unknown,unknown,,plain,,0.0,,,,,,,,,0
197544,thoughtbot/flutie,0.0,,,ruby,,master,,,build_found,4b37b89fcb52c188b1cd20327f0e7fe933f4bb09,164543,,7,fc9fc01f7a20d2c024c8a5222bb3073785d5a9a9#a871cec373e85e0fce9a7d0df7e8ccf8e21bc29e#d5121e8e6d64b435003fbce1b5932a860a468914#ddb52a814ede3307ee9dba58cda465bbae09eb34#371ce9d0fdffec24fcb2b7ef5d6ff55dd61f3158,5,fc9fc01f7a20d2c024c8a5222bb3073785d5a9a9,,fc9fc01f7a20d2c024c8a5222bb3073785d5a9a9,,0,,55,15,0,2,8,0,0,5,0,3,60,75,2960.0,160.0,266.666666666667,1.0,,,2011-10-01 17:40:58,passed,167,[197545],6,197545,ruby,unknown,,ruby,rspec,1.0,,46,0,46,0,,0.69,,0
197547,thoughtbot/flutie,0.0,,,ruby,,master,,,merge_found,,,,8,d2308fb9258fc324ea1c25a3b32d78441b7fb938#67761cd4ef96ee86376802a9b2b072ac3e3924ec,2,d2308fb9258fc324ea1c25a3b32d78441b7fb938,,d2308fb9258fc324ea1c25a3b32d78441b7fb938,,0,,98,15,0,2,6,0,0,5,0,3,66,75,2960.0,160.0,266.666666666667,1.0,,,2011-10-01 17:53:44,passed,187,[197548],7,197548,ruby,unknown,,ruby,rspec,1.0,,46,0,46,0,,0.91,,0
199667,thoughtbot/flutie,0.0,,,ruby,,master,,,build_found,d2308fb9258fc324ea1c25a3b32d78441b7fb938,197547,,8,9330ebde4ddc084a792db7008df7be3812c7c589,1,9330ebde4ddc084a792db7008df7be3812c7c589,,9330ebde4ddc084a792db7008df7be3812c7c589,,0,,12,0,0,0,1,0,0,1,0,0,25,75,2960.0,160.0,266.666666666667,1.0,,,2011-10-02 15:55:31,passed,184,[199668],8,199668,ruby,unknown,,ruby,rspec,1.0,,46,0,46,0,,0.99,,0
199883,thoughtbot/flutie,0.0,,,ruby,,master,,,build_found,9330ebde4ddc084a792db7008df7be3812c7c589,199667,,8,db68f4c5ae818cbe8e7da8a2340f0e3e2faf587c,1,db68f4c5ae818cbe8e7da8a2340f0e3e2faf587c,,db68f4c5ae818cbe8e7da8a2340f0e3e2faf587c,,0,,0,4,0,0,1,0,0,1,0,0,3,75,3013.33333333333,160.0,280.0,1.0,,,2011-10-02 17:52:47,passed,165,[199884],9,199884,ruby,unknown,,ruby,rspec,1.0,,48,0,48,0,,0.8,,0
205971,thoughtbot/flutie,0.0,,,ruby,,master,,,build_found,db68f4c5ae818cbe8e7da8a2340f0e3e2faf587c,199883,,7,5adafbd9012f920b2af6af8b67ccb9cfb23f1427,1,5adafbd9012f920b2af6af8b67ccb9cfb23f1427,,5adafbd9012f920b2af6af8b67ccb9cfb23f1427,,0,,7,0,0,0,1,0,0,1,0,0,3,79,2860.75949367089,151.898734177215,265.822784810127,1.0,,,2011-10-05 00:38:44,passed,158,[205972],10,205972,ruby,unknown,,ruby,rspec,1.0,,48,0,48,0,,0.84,,0
224513,thoughtbot/flutie,0.0,,,ruby,,master,,,merge_found,,,,7,26104b881097450ff8180707ac46f2f7ec277cc5,1,26104b881097450ff8180707ac46f2f7ec277cc5,,26104b881097450ff8180707ac46f2f7ec277cc5,,0,,5,0,0,0,1,0,0,1,0,0,27,79,2860.75949367089,151.898734177215,265.822784810127,1.0,,,2011-10-12 21:07:33,passed,188,[224514],11,224514,ruby,unknown,,ruby,rspec,1.0,,48,0,48,0,,0.78,,0
300667,thoughtbot/flutie,0.0,,,ruby,,master,,,build_found,26104b881097450ff8180707ac46f2f7ec277cc5,224513,,7,ffdc672bbe9687ba134560e379121efbbf992ba9,1,ffdc672bbe9687ba134560e379121efbbf992ba9,,ffdc672bbe9687ba134560e379121efbbf992ba9,,0,,69,0,1,0,6,0,0,5,0,2,37,82,2756.09756097561,146.341463414634,256.09756097561,0.0,,,2011-11-12 20:07:27,passed,210,[300668],12,300668,ruby,unknown,,ruby,rspec,1.0,,48,0,48,0,,5.54,,0
300670,thoughtbot/flutie,0.0,,,ruby,,master,,,build_found,ffdc672bbe9687ba134560e379121efbbf992ba9,300667,,7,71516721173ecc352d7ea6c4ad63ed6388489e88,1,71516721173ecc352d7ea6c4ad63ed6388489e88,,71516721173ecc352d7ea6c4ad63ed6388489e88,,0,,2,0,0,0,1,0,0,1,0,0,3,83,2722.89156626506,144.578313253012,253.012048192771,0.0,,,2011-11-12 20:08:16,passed,199,[300671],13,300671,ruby,unknown,,ruby,rspec,1.0,,48,0,48,0,,4.58,,0
321890,thoughtbot/flutie,0.0,,,ruby,,master,,,build_found,71516721173ecc352d7ea6c4ad63ed6388489e88,300670,,7,7863d141729de777b41b07fa3e8d1f413bae4d53#98ac8821e9d795cf2902aa847a48ac885e276402,2,7863d141729de777b41b07fa3e8d1f413bae4d53,,7863d141729de777b41b07fa3e8d1f413bae4d53,,0,,5,0,0,0,1,0,0,1,0,0,6,83,2722.89156626506,144.578313253012,253.012048192771,0.0,,,2011-11-18 23:16:54,passed,196,[321891],15,321891,ruby,unknown,,ruby,rspec,1.0,,48,0,48,0,,4.51,,0
391597,thoughtbot/flutie,0.0,,,ruby,,master,,,build_found,7863d141729de777b41b07fa3e8d1f413bae4d53,321890,,7,478d2257fc45019bf28985bbfaeba176a147ff7b,1,478d2257fc45019bf28985bbfaeba176a147ff7b,,478d2257fc45019bf28985bbfaeba176a147ff7b,,0,,2,0,0,0,1,0,0,1,0,0,28,83,2722.89156626506,144.578313253012,253.012048192771,1.0,,,2011-12-09 21:21:38,passed,186,[391598],16,391598,ruby,unknown,,ruby,rspec,1.0,,48,0,48,0,,4.6,,0
996933,thoughtbot/flutie,0.0,,,ruby,,master,,,merge_found,,,,5,656f0a333e70dddb71736380fa9b678eaa60e185,1,656f0a333e70dddb71736380fa9b678eaa60e185,,656f0a333e70dddb71736380fa9b678eaa60e185,,0,,4,0,0,0,1,0,0,1,0,0,30,83,2722.89156626506,144.578313253012,253.012048192771,1.0,,,2012-04-02 01:25:01,passed,117,[996934],17,996934,ruby,unknown,,ruby,rspec,1.0,,48,0,48,0,,1.36,,0
1000801,thoughtbot/flutie,0.0,,,ruby,,master,1,8015ad5bfc3eb10a53e61a736b43b92b5b5f654e,build_found,656f0a333e70dddb71736380fa9b678eaa60e185,996933,2012-04-02 15:58:12,6,8015ad5bfc3eb10a53e61a736b43b92b5b5f654e,1,8015ad5bfc3eb10a53e61a736b43b92b5b5f654e,,8015ad5bfc3eb10a53e61a736b43b92b5b5f654e,,0,,12,0,1,0,1,0,0,1,0,3,1,83,2722.89156626506,144.578313253012,253.012048192771,1.0,,2012-04-02 15:58:18,2012-04-02 15:58:22,passed,112,[1000802],18,1000802,ruby,unknown,,ruby,rspec,1.0,,72,0,72,0,,1.21,,0
1017581,thoughtbot/flutie,0.0,,,ruby,,master,1,bc2e17f2da70a4187968c323586755ff7baa1116,build_found,8015ad5bfc3eb10a53e61a736b43b92b5b5f654e,1000801,2012-04-04 15:46:28,6,bc2e17f2da70a4187968c323586755ff7baa1116,1,bc2e17f2da70a4187968c323586755ff7baa1116,,bc2e17f2da70a4187968c323586755ff7baa1116,,0,,30,0,1,0,2,0,0,2,0,1,9,83,2722.89156626506,144.578313253012,253.012048192771,1.0,,2012-04-04 15:46:35,2012-04-04 15:46:39,passed,531,"[1017584, 1017583, 1017582, 1017585, 1017587, 1017586]",19,1017586,ruby,unknown,,ruby,rspec,1.0,,24,0,24,0,,0.43,,0
1025304,thoughtbot/flutie,0.0,,,ruby,,master,1,f79572c7553a1761332e2b7990c0cd8b7a7e6336,build_found,bc2e17f2da70a4187968c323586755ff7baa1116,1017581,2012-04-05 15:00:08,6,f79572c7553a1761332e2b7990c0cd8b7a7e6336,1,f79572c7553a1761332e2b7990c0cd8b7a7e6336,,f79572c7553a1761332e2b7990c0cd8b7a7e6336,,0,,0,0,0,0,1,0,0,0,0,1,1,83,2722.89156626506,144.578313253012,253.012048192771,1.0,,2012-04-05 15:00:15,2012-04-05 15:00:17,passed,624,"[1025310, 1025311, 1025313, 1025309, 1025307, 1025312, 1025308, 1025306, 1025305]",20,1025309,ruby,unknown,,ruby,rspec,1.0,,24,0,24,0,,0.52,,0
3633135,thoughtbot/flutie,0.0,,,ruby,,master,1,eafa31069fa7bb298daeb7ef74ff816adb554c45,merge_found,,,2012-12-12 18:51:45,5,eafa31069fa7bb298daeb7ef74ff816adb554c45#cddad0efee1976fe3aa909e0059ba1ae66caa5af#a53d01d03aaba6228f7b061250d1c1d79da36265#5e4815da4099db2667c5cb05ebb0f1ccb87cc200#da75eee9e8bf210e5541aab20ea86856cf56eb0b#fd26ed0406f74e8468c1ebacbc2ffa48f21679dc,6,eafa31069fa7bb298daeb7ef74ff816adb554c45,,eafa31069fa7bb298daeb7ef74ff816adb554c45,,0,,10,0,0,0,9,0,0,2,6,11,20,83,2722.89156626506,144.578313253012,253.012048192771,0.0,,2012-12-12 18:52:14,2012-12-12 18:57:03,passed,619,"[3633143, 3633144, 3633140, 3633142, 3633141, 3633138, 3633136, 3633137, 3633139]",21,3633139,ruby,unknown,,ruby,rspec,1.0,,24,0,24,0,,0.61,,0
3633522,thoughtbot/flutie,0.0,,,ruby,,master,3,6b9bf1fb23d1d943b0c47a6416f7290a9113b52c#b6fbfed85fd2b645e3da98fbe89fe3494fabeef3#9ff55a87b9f6a6c5bd5c5e03a87994b76048e8cc,build_found,eafa31069fa7bb298daeb7ef74ff816adb554c45,3633135,2012-12-12 19:07:55,5,9ff55a87b9f6a6c5bd5c5e03a87994b76048e8cc#b6fbfed85fd2b645e3da98fbe89fe3494fabeef3#6b9bf1fb23d1d943b0c47a6416f7290a9113b52c,3,9ff55a87b9f6a6c5bd5c5e03a87994b76048e8cc,,9ff55a87b9f6a6c5bd5c5e03a87994b76048e8cc,,0,,157,26,0,0,6,0,0,5,0,4,46,83,2722.89156626506,144.578313253012,253.012048192771,1.0,,2012-12-12 19:22:08,2012-12-12 19:25:15,passed,779,"[3633529, 3633532, 3633533, 3633530, 3633531, 3633528, 3633527, 3633526, 3633524]",22,3633524,ruby,unknown,,ruby,rspec,1.0,,24,0,24,0,,0.43,,0
3954094,thoughtbot/flutie,0.0,,,ruby,,master,,,build_found,9ff55a87b9f6a6c5bd5c5e03a87994b76048e8cc,3633522,,5,73781612db2da00aa7bc7f41fd1701e6ef05551a#790f39b1bcae1052aa44135a5d8da437b7575272,2,73781612db2da00aa7bc7f41fd1701e6ef05551a,,73781612db2da00aa7bc7f41fd1701e6ef05551a,,0,,4,0,0,0,3,0,0,2,0,3,38,83,2722.89156626506,144.578313253012,253.012048192771,1.0,,,2013-01-04 16:57:29,failed,222,"[3954100, 3954099, 3954096, 3954095, 3954098, 3954103, 3954101, 3954102, 3954097]",23,3954097,ruby,unknown,,ruby,,0.0,,,,,,,,,0
3954724,thoughtbot/flutie,0.0,,,ruby,,master,,,build_found,73781612db2da00aa7bc7f41fd1701e6ef05551a,3954094,,5,efb6cdd8b09d84f5e046701f9d9d3d2e42bec2f9,1,efb6cdd8b09d84f5e046701f9d9d3d2e42bec2f9,,efb6cdd8b09d84f5e046701f9d9d3d2e42bec2f9,,0,,0,0,0,0,1,0,0,0,0,1,4,83,2722.89156626506,144.578313253012,253.012048192771,1.0,,,2013-01-04 21:39:09,passed,654,"[3954726, 3954727, 3954733, 3954729, 3954728, 3954730, 3954732, 3954731, 3954725]",24,3954728,ruby,unknown,,ruby,rspec,1.0,,24,0,24,0,,0.73,,0
4745954,thoughtbot/flutie,0.0,,,ruby,,master,2,ff6b98b10ec033b9f4dd2764975a2f37705bf6fd#2b4b1763950bec2339083c6f0f00ef5d3881ae9c,build_found,01b1870486a20d7b7e090d7c8afccbfc5f110643,4461855,2013-02-12 14:32:02,5,2b4b1763950bec2339083c6f0f00ef5d3881ae9c#ff6b98b10ec033b9f4dd2764975a2f37705bf6fd,2,2b4b1763950bec2339083c6f0f00ef5d3881ae9c,,2b4b1763950bec2339083c6f0f00ef5d3881ae9c,,0,,6,0,0,0,4,0,0,3,0,3,19,83,2722.89156626506,144.578313253012,253.012048192771,1.0,,2013-02-12 14:33:20,2013-02-12 14:33:36,failed,503,"[4745956, 4745955, 4745961, 4745959, 4745963, 4745962, 4745958, 4745960, 4745957]",28,4745956,ruby,unknown,,ruby,rspec,1.0,,24,0,24,0,,0.5,,0
4746027,thoughtbot/flutie,0.0,,,ruby,,master,1,35b9e1e57e1856228eb19696fbf8b1dc426eef75,build_found,2b4b1763950bec2339083c6f0f00ef5d3881ae9c,4745954,2013-02-12 14:37:41,5,35b9e1e57e1856228eb19696fbf8b1dc426eef75,1,35b9e1e57e1856228eb19696fbf8b1dc426eef75,,35b9e1e57e1856228eb19696fbf8b1dc426eef75,,0,,0,0,0,0,1,0,0,0,0,1,7,83,2722.89156626506,144.578313253012,253.012048192771,1.0,,2013-02-12 14:37:35,2013-02-12 14:37:59,passed,594,"[4746031, 4746030, 4746029, 4746028, 4746036, 4746034, 4746035, 4746033, 4746032]",29,4746036,ruby,unknown,,ruby,rspec,1.0,,24,0,24,0,,0.36,,0
4746310,thoughtbot/flutie,1.0,2013-02-11 18:30:28,40,ruby,merge_button,master,3,67ff58f40cc69df10d347a96e091e479104ececb#e41273490ed96c9e558f388ca125b16efe8ccf8b#7d2f3d908314a1090ffe9e846a1487e220ff7a86,build_found,35b9e1e57e1856228eb19696fbf8b1dc426eef75,4746027,2013-02-11 19:01:50,5,7d2f3d908314a1090ffe9e846a1487e220ff7a86#e41273490ed96c9e558f388ca125b16efe8ccf8b#67ff58f40cc69df10d347a96e091e479104ececb,3,7d2f3d908314a1090ffe9e846a1487e220ff7a86,35b9e1e57e1856228eb19696fbf8b1dc426eef75,583b4c213e4f18a6f45bdf59bf1c06cae587d012,0,0,0,206,99,0,22,5,0,0,14,13,0,107,41,3536.58536585366,73.1707317073171,219.512195121951,1.0,38,2013-02-12 14:53:02,2013-02-12 14:54:15,passed,423,"[4746317, 4746318, 4746315, 4746319, 4746316, 4746314, 4746311, 4746313, 4746312]",33,4746311,ruby,unknown,,ruby,rspec,1.0,,9,0,9,0,,0.04,,0
4746383,thoughtbot/flutie,0.0,,,ruby,,master,4,67ff58f40cc69df10d347a96e091e479104ececb#e41273490ed96c9e558f388ca125b16efe8ccf8b#7d2f3d908314a1090ffe9e846a1487e220ff7a86#e1d9dcb41bdac99b18dd3dfff77a0fcad1eca48a,merge_found,,,2013-02-11 19:01:50,5,e1d9dcb41bdac99b18dd3dfff77a0fcad1eca48a,1,e1d9dcb41bdac99b18dd3dfff77a0fcad1eca48a,,e1d9dcb41bdac99b18dd3dfff77a0fcad1eca48a,,0,,206,99,0,22,5,0,0,14,13,0,110,41,3536.58536585366,73.1707317073171,219.512195121951,1.0,,2013-02-12 14:55:02,2013-02-12 14:56:15,passed,422,"[4746389, 4746391, 4746392, 4746390, 4746387, 4746385, 4746386, 4746388, 4746384]",34,4746390,ruby,unknown,,ruby,rspec,1.0,,9,0,9,0,,0.03,,0
4750690,thoughtbot/flutie,0.0,,,ruby,,master,3,f0419b0e9b8db823c08265ce66f022405a81ef62#614297d608c9193f733d4511604ec1a48420880a#27bbe450290e5e1812a353807c442047121892dc,build_found,e1d9dcb41bdac99b18dd3dfff77a0fcad1eca48a,4746383,2013-02-12 17:56:06,5,27bbe450290e5e1812a353807c442047121892dc#614297d608c9193f733d4511604ec1a48420880a#f0419b0e9b8db823c08265ce66f022405a81ef62,3,27bbe450290e5e1812a353807c442047121892dc,,27bbe450290e5e1812a353807c442047121892dc,,0,,59,0,2,0,3,0,0,6,0,0,48,43,3372.09302325581,69.7674418604651,209.302325581395,1.0,,2013-02-12 18:14:58,2013-02-12 18:15:11,passed,392,"[4750694, 4750692, 4750699, 4750697, 4750696, 4750698, 4750695, 4750693, 4750691]",35,4750698,ruby,unknown,,ruby,rspec,1.0,,9,0,9,0,,0.05,,0
5235032,thoughtbot/flutie,0.0,,,ruby,,master,2,9cb9939a8fd519c5605d3fdec231629ba8f4b924#4a48cca3aa46704c4101665c69c0eea3b1621637,build_found,27bbe450290e5e1812a353807c442047121892dc,4750690,2013-03-04 19:54:01,6,4a48cca3aa46704c4101665c69c0eea3b1621637#9cb9939a8fd519c5605d3fdec231629ba8f4b924,2,4a48cca3aa46704c4101665c69c0eea3b1621637,,4a48cca3aa46704c4101665c69c0eea3b1621637,,0,,30,0,3,0,3,0,0,2,0,5,25,43,3372.09302325581,69.7674418604651,209.302325581395,1.0,,2013-03-04 19:56:20,2013-03-05 03:32:04,passed,628,"[5235045, 5235043, 5235044, 5235048, 5235042, 5235039, 5235040, 5235038, 5235037, 5235036, 5235033, 5235035, 5235034, 5235047, 5235046, 5235041]",46,5235045,ruby,ok,,ruby,rspec,1.0,,9,0,9,0,,0.03,,0
5326371,thoughtbot/flutie,1.0,2013-02-20 18:44:47,41,ruby,merge_button,master,1,dc9f696d2356232e007c39a3409f2bd4292b31aa,build_found,4a48cca3aa46704c4101665c69c0eea3b1621637,5235032,2013-02-19 21:43:58,6,dc9f696d2356232e007c39a3409f2bd4292b31aa,1,dc9f696d2356232e007c39a3409f2bd4292b31aa,4a48cca3aa46704c4101665c69c0eea3b1621637,974090d21cc5952e258329b3653d19b74082db8c,0,0,7,36,34,2,0,3,0,0,5,0,0,46,56,3035.71428571429,125.0,267.857142857143,1.0,,2013-03-07 22:01:23,2013-03-07 22:04:54,passed,872,"[5326377, 5326374, 5326375, 5326372, 5326373, 5326387, 5326384, 5326385, 5326386, 5326383, 5326382, 5326380, 5326381, 5326379, 5326378, 5326376]",50,5326374,ruby,ok,,ruby,rspec,1.0,,13,0,13,0,,0.07,,0
5326498,thoughtbot/flutie,0.0,,,ruby,,master,1,dc9f696d2356232e007c39a3409f2bd4292b31aa,build_found,4a48cca3aa46704c4101665c69c0eea3b1621637,5235032,2013-02-19 21:43:58,6,dc9f696d2356232e007c39a3409f2bd4292b31aa,1,dc9f696d2356232e007c39a3409f2bd4292b31aa,,dc9f696d2356232e007c39a3409f2bd4292b31aa,,0,,36,34,2,0,3,0,0,5,0,0,46,56,3035.71428571429,125.0,267.857142857143,1.0,,2013-03-07 22:01:23,2013-03-07 22:08:27,passed,865,"[5326514, 5326512, 5326513, 5326511, 5326510, 5326509, 5326505, 5326503, 5326504, 5326501, 5326500, 5326499, 5326506, 5326508, 5326507, 5326502]",51,5326512,ruby,ok,,ruby,rspec,1.0,,13,0,13,0,,0.05,,0
5327576,thoughtbot/flutie,1.0,2013-03-07 21:12:00,42,ruby,merge_button,master,1,7b7ee962435b66a41c07d72c0942b7da7cab8e9e,build_found,dc9f696d2356232e007c39a3409f2bd4292b31aa,5326498,2013-03-07 22:11:25,6,7b7ee962435b66a41c07d72c0942b7da7cab8e9e,1,7b7ee962435b66a41c07d72c0942b7da7cab8e9e,dc9f696d2356232e007c39a3409f2bd4292b31aa,101e12134d92be94f630a99d2d8e0a127f0018a6,0,0,0,7,0,1,0,0,0,0,1,0,0,0,56,3035.71428571429,125.0,267.857142857143,1.0,14,2013-03-07 22:24:59,2013-03-07 22:37:54,passed,818,"[5327588, 5327585, 5327586, 5327583, 5327584, 5327578, 5327581, 5327580, 5327582, 5327579, 5327577, 5327592, 5327590, 5327591, 5327589, 5327587]",59,5327591,ruby,ok,,ruby,rspec,1.0,,13,0,13,0,,0.07,,0
5327821,thoughtbot/flutie,1.0,2013-03-07 21:12:00,42,ruby,merge_button,master,1,83ad6722d01d9bd82c27e9ce9f5d604ccbb8deac,build_found,7b7ee962435b66a41c07d72c0942b7da7cab8e9e,5327576,2013-03-07 22:26:58,6,83ad6722d01d9bd82c27e9ce9f5d604ccbb8deac,1,83ad6722d01d9bd82c27e9ce9f5d604ccbb8deac,dc9f696d2356232e007c39a3409f2bd4292b31aa,e9d1be7e7c948b41800ec90d3daaaba507e065fd,0,0,0,5,0,0,0,1,0,0,1,0,0,1,56,3035.71428571429,125.0,267.857142857143,1.0,14,2013-03-07 22:27:49,2013-03-07 22:49:33,passed,862,"[5327833, 5327834, 5327832, 5327830, 5327824, 5327827, 5327836, 5327837, 5327835, 5327831, 5327828, 5327829, 5327825, 5327822, 5327823, 5327826]",63,5327829,ruby,unknown,,ruby,,0.0,,,,,,,,,0
5335535,thoughtbot/flutie,0.0,,,ruby,,master,3,7b7ee962435b66a41c07d72c0942b7da7cab8e9e#83ad6722d01d9bd82c27e9ce9f5d604ccbb8deac#4e724d03e345d06b88f48d3574a646c6e001c5bc,merge_found,,,2013-03-07 22:11:25,6,4e724d03e345d06b88f48d3574a646c6e001c5bc,1,4e724d03e345d06b88f48d3574a646c6e001c5bc,,4e724d03e345d06b88f48d3574a646c6e001c5bc,,0,,12,0,1,0,0,0,0,1,0,0,2,56,3035.71428571429,125.0,267.857142857143,1.0,,2013-03-08 06:27:21,2013-03-08 06:27:35,passed,799,"[5335545, 5335543, 5335548, 5335538, 5335551, 5335550, 5335549, 5335547, 5335546, 5335537, 5335540, 5335539, 5335544, 5335541, 5335536, 5335542]",64,5335540,ruby,ok,,ruby,rspec,1.0,,13,0,13,0,,0.11,,0
9748521,thoughtbot/flutie,0.0,,,ruby,,master,1,ccbf2947f42999ebed9eeeb160cc00f703c078a5,build_found,feb1811ebdfefa0d357c20fa0655054652968913,8958100,2013-08-01 18:31:07,5,ccbf2947f42999ebed9eeeb160cc00f703c078a5,1,ccbf2947f42999ebed9eeeb160cc00f703c078a5,,ccbf2947f42999ebed9eeeb160cc00f703c078a5,,0,,117,279,5,0,20,0,0,16,0,9,60,56,3017.85714285714,125.0,267.857142857143,1.0,,2013-08-01 19:11:43,2013-08-01 19:12:33,passed,1906,"[9748531, 9748530, 9748529, 9748524, 9748522, 9748523, 9748526, 9748527]",70,9748526,ruby,ok,,ruby,rspec,1.0,,13,0,13,0,,0.32,,0
21293174,thoughtbot/flutie,1.0,2014-03-21 22:59:51,48,ruby,unknown,master,1,938b6bfaa9ff2dddb9b6eb8131bb87435bf9ac74,build_found,ccbf2947f42999ebed9eeeb160cc00f703c078a5,21276548,2014-03-21 23:48:04,4,938b6bfaa9ff2dddb9b6eb8131bb87435bf9ac74,1,938b6bfaa9ff2dddb9b6eb8131bb87435bf9ac74,ccbf2947f42999ebed9eeeb160cc00f703c078a5,b391b346c327c0c5f02669b7aa5979b689b7faa0,1,0,0,3338,433,0,40,2,0,0,30,4,8,53,56,0.0,0.0,0.0,1.0,19,2014-03-21 23:48:31,2014-03-22 00:22:09,failed,475,"[21293175, 21293176, 21293177, 21293178, 21293179, 21293180, 21293181, 21293182]",81,21293182,ruby,broken,,ruby,,1.0,,,0,,,,,,0
44965534,thoughtbot/flutie,0.0,,,ruby,,master,1,5952790c2cad6f050bc7a08e8f7d4eefdafd0d68,build_found,ccbf2947f42999ebed9eeeb160cc00f703c078a5,21276548,2014-12-23 18:53:14,5,5952790c2cad6f050bc7a08e8f7d4eefdafd0d68,1,5952790c2cad6f050bc7a08e8f7d4eefdafd0d68,,5952790c2cad6f050bc7a08e8f7d4eefdafd0d68,,0,,2,0,0,0,1,0,0,1,0,0,35,56,3017.85714285714,125.0,267.857142857143,1.0,,2014-12-23 18:53:15,2014-12-23 18:54:25,failed,927,"[44965535, 44965536, 44965537, 44965538, 44965539, 44965540, 44965541, 44965542]",88,44965537,ruby,broken,0,ruby,rspec,1.0,,0,13,13,0,,0.01,,0
44966529,thoughtbot/flutie,0.0,,,ruby,,master,2,acaa0329557bd19445e8eefc8d42656b2cf7268a#c7ecd036f3fbb4a354e0e7c60b9bbd549e075c32,build_found,5952790c2cad6f050bc7a08e8f7d4eefdafd0d68,44965534,2014-12-23 18:41:55,5,c7ecd036f3fbb4a354e0e7c60b9bbd549e075c32#acaa0329557bd19445e8eefc8d42656b2cf7268a,2,c7ecd036f3fbb4a354e0e7c60b9bbd549e075c32,,c7ecd036f3fbb4a354e0e7c60b9bbd549e075c32,,0,,3388,409,5,36,8,0,0,33,4,16,67,56,1857.14285714286,125.0,267.857142857143,1.0,,2014-12-23 19:02:55,2014-12-23 19:03:51,passed,2143,"[44966530, 44966531, 44966532, 44966533, 44966534, 44966535, 44966536, 44966537, 44966538, 44966539, 44966540, 44966541, 44966542, 44966543, 44966544, 44966545, 44966546, 44966547]",89,44966547,ruby,ok,0,ruby,rspec,1.0,,13,0,13,0,,0.04,,0
44969232,thoughtbot/flutie,0.0,,,ruby,,master,5,37470e96e5a31b71c7242897b22015463ce06e64#713252454ba2068ffb6b2a45ea96434770681165#c24ca3acaea6f99d5b37e5bca8240944bec6617b#9d0cda41cf20c03a1feb064740ae1ce2d3e57d25#6b52d531b87f222ba78146b14695e36cfee5b330,build_found,c7ecd036f3fbb4a354e0e7c60b9bbd549e075c32,44966529,2014-12-23 19:08:49,5,6b52d531b87f222ba78146b14695e36cfee5b330#9d0cda41cf20c03a1feb064740ae1ce2d3e57d25#c24ca3acaea6f99d5b37e5bca8240944bec6617b#713252454ba2068ffb6b2a45ea96434770681165#37470e96e5a31b71c7242897b22015463ce06e64,5,6b52d531b87f222ba78146b14695e36cfee5b330,,6b52d531b87f222ba78146b14695e36cfee5b330,,0,,50,0,0,0,3,0,0,3,0,0,82,56,1857.14285714286,125.0,267.857142857143,1.0,,2014-12-23 19:30:21,2014-12-23 19:31:11,passed,1943,"[44969233, 44969234, 44969235, 44969236, 44969237, 44969238, 44969239, 44969240, 44969241, 44969242, 44969243, 44969244, 44969245, 44969246, 44969247, 44969248, 44969249, 44969250]",91,44969246,ruby,ok,0,ruby,rspec,1.0,,13,0,13,0,,0.07,,0
44969812,thoughtbot/flutie,1.0,2014-12-23 18:37:15,50,ruby,commits_in_master,master,1,9a2f80eaac8c0042b234981e1da0f48dba35e4dd,build_found,6b52d531b87f222ba78146b14695e36cfee5b330,44969232,2014-12-23 19:36:15,5,9a2f80eaac8c0042b234981e1da0f48dba35e4dd,1,9a2f80eaac8c0042b234981e1da0f48dba35e4dd,6b52d531b87f222ba78146b14695e36cfee5b330,d3a7f9295355bc72d59708abeb07cefdf6bbb40b,0,0,0,31,34,0,2,5,0,0,7,0,0,91,43,1837.20930232558,69.7674418604651,209.302325581395,1.0,19,2014-12-23 19:52:32,2014-12-23 19:46:07,passed,715,"[44969813, 44969814, 44969815, 44969816, 44969817, 44969818, 44969819, 44969820, 44969821, 44969822, 44969823, 44969824, 44969825, 44969826, 44969827, 44969828, 44969829, 44969830]",93,44969816,ruby,ok,0,ruby,rspec,1.0,,9,0,9,0,,0.07,,0
44971235,thoughtbot/flutie,0.0,,,ruby,,master,1,9a2f80eaac8c0042b234981e1da0f48dba35e4dd,build_found,6b52d531b87f222ba78146b14695e36cfee5b330,44969232,2014-12-23 19:36:15,5,9a2f80eaac8c0042b234981e1da0f48dba35e4dd,1,9a2f80eaac8c0042b234981e1da0f48dba35e4dd,,9a2f80eaac8c0042b234981e1da0f48dba35e4dd,,0,,31,34,0,2,5,0,0,7,0,0,91,43,1837.20930232558,69.7674418604651,209.302325581395,1.0,,2014-12-23 19:52:32,2014-12-23 19:57:03,passed,788,"[44971236, 44971237, 44971238, 44971240, 44971242, 44971243, 44971244, 44971245, 44971246, 44971247, 44971248, 44971249, 44971250, 44971251, 44971252, 44971255, 44971256, 44971257]",94,44971249,ruby,ok,0,ruby,rspec,1.0,,9,0,9,0,,0.03,,0
45371104,thoughtbot/flutie,0.0,,,ruby,,master,1,bcfb84662b1ff2c6b53a9fe382facaa74c237e08,build_found,9a2f80eaac8c0042b234981e1da0f48dba35e4dd,44971235,2014-12-29 17:06:38,5,bcfb84662b1ff2c6b53a9fe382facaa74c237e08,1,bcfb84662b1ff2c6b53a9fe382facaa74c237e08,,bcfb84662b1ff2c6b53a9fe382facaa74c237e08,,0,,0,0,0,0,1,0,0,0,0,1,12,43,1837.20930232558,69.7674418604651,209.302325581395,1.0,,2014-12-29 17:14:27,2014-12-29 17:15:01,passed,869,"[45371105, 45371106, 45371107, 45371108, 45371109, 45371110, 45371111, 45371112, 45371113, 45371114, 45371115, 45371116, 45371117, 45371118, 45371119, 45371120, 45371121, 45371122, 45371123, 45371124]",96,45371109,ruby,ok,0,ruby,rspec,1.0,,9,0,9,0,,0.05,,0
48295176,thoughtbot/flutie,1.0,2015-01-25 23:22:11,51,ruby,commits_in_master,master,1,3efa2f3855203c1d9d96750115b7747ee75f8202,build_found,bcfb84662b1ff2c6b53a9fe382facaa74c237e08,48293858,2015-01-26 00:05:23,5,3efa2f3855203c1d9d96750115b7747ee75f8202,1,3efa2f3855203c1d9d96750115b7747ee75f8202,bcfb84662b1ff2c6b53a9fe382facaa74c237e08,7dbcc3e69df8d5c089b4d7803a60242b1e51fcb5,0,0,0,61,0,1,0,2,0,0,2,0,1,39,43,1837.20930232558,69.7674418604651,209.302325581395,1.0,51,2015-01-26 01:08:04,2015-01-26 01:16:16,passed,849,"[48295177, 48295178, 48295179, 48295180, 48295181, 48295182, 48295183, 48295184, 48295185, 48295186, 48295187, 48295188, 48295189, 48295190, 48295191, 48295192, 48295194, 48295197, 48295198, 48295201]",112,48295179,ruby,ok,0,ruby,rspec,1.0,,9,0,9,0,,0.08,,0
48399244,thoughtbot/flutie,0.0,,,ruby,,master,1,3efa2f3855203c1d9d96750115b7747ee75f8202,build_found,bcfb84662b1ff2c6b53a9fe382facaa74c237e08,48293858,2015-01-26 00:05:23,6,3efa2f3855203c1d9d96750115b7747ee75f8202,1,3efa2f3855203c1d9d96750115b7747ee75f8202,,3efa2f3855203c1d9d96750115b7747ee75f8202,,0,,61,0,1,0,2,0,0,2,0,1,39,43,1837.20930232558,69.7674418604651,209.302325581395,1.0,,2015-01-26 01:08:04,2015-01-26 21:17:50,passed,904,"[48399245, 48399246, 48399247, 48399248, 48399249, 48399250, 48399251, 48399252, 48399253, 48399254, 48399255, 48399256, 48399257, 48399258, 48399259, 48399260, 48399261, 48399262, 48399263, 48399264]",120,48399253,ruby,ok,0,ruby,rspec,1.0,,9,0,9,0,,0.07,,0
48399544,thoughtbot/flutie,0.0,,,ruby,,master,1,ccef5195b75450802d1197ff55e113b6d5beb48b,build_found,3efa2f3855203c1d9d96750115b7747ee75f8202,48399244,2015-01-26 06:22:50,6,ccef5195b75450802d1197ff55e113b6d5beb48b,1,ccef5195b75450802d1197ff55e113b6d5beb48b,,ccef5195b75450802d1197ff55e113b6d5beb48b,,0,,2,0,0,0,2,0,0,1,0,1,19,43,1837.20930232558,69.7674418604651,209.302325581395,1.0,,2015-01-26 21:18:23,2015-01-26 21:25:28,passed,248,"[48399546, 48399548, 48399549, 48399551]",122,48399548,ruby,ok,0,ruby,rspec,1.0,,9,0,9,0,,0.03,,0
48399612,thoughtbot/flutie,0.0,,,ruby,,master,2,ccef5195b75450802d1197ff55e113b6d5beb48b#ac18894a2acc0958dbeb4cbafe4a8765e75869f4,build_found,ccef5195b75450802d1197ff55e113b6d5beb48b,48399544,2015-01-26 06:22:50,6,ac18894a2acc0958dbeb4cbafe4a8765e75869f4,1,ac18894a2acc0958dbeb4cbafe4a8765e75869f4,,ac18894a2acc0958dbeb4cbafe4a8765e75869f4,,0,,0,0,0,0,1,0,0,0,0,1,14,43,1837.20930232558,69.7674418604651,209.302325581395,1.0,,2015-01-26 21:19:33,2015-01-26 21:27:55,passed,227,"[48399613, 48399614, 48399615, 48399616]",124,48399614,ruby,ok,0,ruby,rspec,1.0,,9,0,9,0,,0.02,,0
51541402,thoughtbot/flutie,0.0,,,ruby,,master,1,d1e405ef5b48aa3cc7d27eb9de3a452475945417,build_found,ac18894a2acc0958dbeb4cbafe4a8765e75869f4,48399612,2015-02-20 15:20:25,6,d1e405ef5b48aa3cc7d27eb9de3a452475945417,1,d1e405ef5b48aa3cc7d27eb9de3a452475945417,,d1e405ef5b48aa3cc7d27eb9de3a452475945417,,0,,41,0,0,4,1,0,0,1,0,4,19,43,1837.20930232558,69.7674418604651,209.302325581395,1.0,,2015-02-20 17:35:14,2015-02-20 17:36:02,passed,213,"[51541403, 51541404, 51541405, 51541406]",127,51541405,ruby,ok,0,ruby,rspec,1.0,,9,0,9,0,,0.02,,0
52282107,thoughtbot/flutie,0.0,,,ruby,,master,,,build_found,d1e405ef5b48aa3cc7d27eb9de3a452475945417,51541402,,6,27ad8e35b6ea1e4b8fea6b3ec064e9c3425b1887,1,27ad8e35b6ea1e4b8fea6b3ec064e9c3425b1887,,27ad8e35b6ea1e4b8fea6b3ec064e9c3425b1887,,0,,14,0,0,0,1,0,0,1,0,0,20,43,1837.20930232558,69.7674418604651,209.302325581395,1.0,,,2015-02-26 14:42:59,passed,219,"[52282108, 52282109, 52282110, 52282113]",128,52282108,ruby,ok,0,ruby,rspec,1.0,,9,0,9,0,,0.03,,0
