tr_build_id,gh_project_name,gh_is_pr,gh_pr_created_at,gh_pull_req_num,gh_lang,git_merged_with,git_branch,gh_num_commits_in_push,gh_commits_in_push,git_prev_commit_resolution_status,git_prev_built_commit,tr_prev_build,gh_first_commit_created_at,gh_team_size,git_all_built_commits,git_num_all_built_commits,git_trigger_commit,tr_virtual_merged_into,tr_original_commit,gh_num_issue_comments,gh_num_commit_comments,gh_num_pr_comments,git_diff_src_churn,git_diff_test_churn,gh_diff_files_added,gh_diff_files_deleted,gh_diff_files_modified,gh_diff_tests_added,gh_diff_tests_deleted,gh_diff_src_files,gh_diff_doc_files,gh_diff_other_files,gh_num_commits_on_files_touched,gh_sloc,gh_test_lines_per_kloc,gh_test_cases_per_kloc,gh_asserts_cases_per_kloc,gh_by_core_team_member,gh_description_complexity,gh_pushed_at,gh_build_started_at,tr_status,tr_duration,tr_jobs,tr_build_number,tr_job_id,tr_log_lan,tr_log_status,tr_log_setup_time,tr_log_analyzer,tr_log_frameworks,tr_log_bool_tests_ran,tr_log_bool_tests_failed,tr_log_num_tests_ok,tr_log_num_tests_failed,tr_log_num_tests_run,tr_log_num_tests_skipped,tr_log_tests_failed,tr_log_testduration,tr_log_buildduration,build_successful
28579344,github/gemoji,0.0,,,ruby,,master,1,1a7a23fd461cbddab1111442865b65e7504bf113,merge_found,,,2014-06-27 10:36:36,6,1a7a23fd461cbddab1111442865b65e7504bf113#d7b020fd169fbffaac83cb4ad94a7a800c24ace6,2,1a7a23fd461cbddab1111442865b65e7504bf113,,1a7a23fd461cbddab1111442865b65e7504bf113,,0,,121,0,4,294,4,0,0,4,0,298,97,195,953.846153846154,5.12820512820513,230.769230769231,1.0,,2014-06-27 10:36:54,2014-06-27 10:37:50,failed,60,"[28579345, 28579346, 28579347]",1,28579345,ruby,broken,,ruby,,0.0,,,,,,,,,0
28579825,github/gemoji,0.0,,,ruby,,master,2,490b07b49ea9bc12b5936ca112947e7902509d02#cb55354db945672f2988d3b83b1a6fde003e65c3,build_found,1a7a23fd461cbddab1111442865b65e7504bf113,28579344,2014-06-27 10:43:09,6,cb55354db945672f2988d3b83b1a6fde003e65c3#490b07b49ea9bc12b5936ca112947e7902509d02,2,cb55354db945672f2988d3b83b1a6fde003e65c3,,cb55354db945672f2988d3b83b1a6fde003e65c3,,1,,24,4,2,0,2,0,0,3,0,1,6,195,953.846153846154,5.12820512820513,230.769230769231,1.0,,2014-06-27 10:44:12,2014-06-27 10:44:38,failed,56,"[28579826, 28579827, 28579828]",2,28579828,ruby,ok,,ruby,testunit,1.0,,2762,0,2762,0,,0.21,,0
28580364,github/gemoji,0.0,,,ruby,,master,1,6a781b647498f06d3a0f1d8ace755a424a5a37fe,build_found,cb55354db945672f2988d3b83b1a6fde003e65c3,28579825,2014-06-27 10:52:36,6,6a781b647498f06d3a0f1d8ace755a424a5a37fe,1,6a781b647498f06d3a0f1d8ace755a424a5a37fe,,6a781b647498f06d3a0f1d8ace755a424a5a37fe,,0,,3,0,0,0,2,0,0,2,0,0,4,195,953.846153846154,5.12820512820513,230.769230769231,1.0,,2014-06-27 10:53:03,2014-06-27 10:53:41,failed,56,"[28580365, 28580366, 28580367]",3,28580365,ruby,broken,,ruby,testunit,1.0,,2643,12,2655,0,EmojiTest#EmojiTest#EmojiTest#EmojiTest#EmojiTest#EmojiTest#EmojiTest,0.48,,0
28581086,github/gemoji,0.0,,,ruby,,master,2,72aecc9105c0cde3763a1c9d23cb4fd8de241a4a#608ddd58fdb5fa7e7369b98e65d2a6b9770dbb58,build_found,6a781b647498f06d3a0f1d8ace755a424a5a37fe,28580364,2014-06-02 19:57:33,6,608ddd58fdb5fa7e7369b98e65d2a6b9770dbb58#72aecc9105c0cde3763a1c9d23cb4fd8de241a4a,2,608ddd58fdb5fa7e7369b98e65d2a6b9770dbb58,,608ddd58fdb5fa7e7369b98e65d2a6b9770dbb58,,0,,10,0,0,0,4,0,0,3,0,1,24,195,953.846153846154,5.12820512820513,230.769230769231,1.0,,2014-06-27 11:04:37,2014-06-27 11:05:16,passed,45,"[28581087, 28581088]",4,28581087,ruby,ok,,ruby,testunit,1.0,,2762,0,2762,0,,0.29,,0
28581555,github/gemoji,1.0,2014-06-27 09:12:37,48,ruby,commits_in_master,master,2,097fbafcb7c8fefb35719a0d29d5ba84275ebc36#ef06de53053a5b41de8b1b3ac2c6dc5553061012,build_found,608ddd58fdb5fa7e7369b98e65d2a6b9770dbb58,28581086,2014-06-25 14:32:35,6,097fbafcb7c8fefb35719a0d29d5ba84275ebc36,1,097fbafcb7c8fefb35719a0d29d5ba84275ebc36,608ddd58fdb5fa7e7369b98e65d2a6b9770dbb58,2cd274ddedca272d5134ace9cce072329f07ea6d,0,0,0,29,83,0,0,3,0,0,3,0,0,37,172,895.348837209302,5.81395348837209,180.232558139535,1.0,27,2014-06-27 22:08:10,2014-06-27 11:39:51,passed,46,"[28581556, 28581557]",6,28581556,ruby,ok,,ruby,testunit,1.0,,20,0,20,0,,0.09,,0
28630851,github/gemoji,0.0,,,ruby,,master,2,097fbafcb7c8fefb35719a0d29d5ba84275ebc36#ef06de53053a5b41de8b1b3ac2c6dc5553061012,merge_found,,,2014-06-25 14:32:35,6,ef06de53053a5b41de8b1b3ac2c6dc5553061012,1,ef06de53053a5b41de8b1b3ac2c6dc5553061012,,ef06de53053a5b41de8b1b3ac2c6dc5553061012,,0,,29,83,0,0,3,0,0,3,0,0,38,172,895.348837209302,5.81395348837209,180.232558139535,1.0,,2014-06-27 22:08:10,2014-06-27 22:09:01,passed,55,"[28630852, 28630853]",11,28630853,ruby,ok,,ruby,testunit,1.0,,20,0,20,0,,0.09,,0
28635224,github/gemoji,1.0,2014-06-27 12:06:44,49,ruby,commits_in_master,master,4,097fbafcb7c8fefb35719a0d29d5ba84275ebc36#ef06de53053a5b41de8b1b3ac2c6dc5553061012#7477247802faa4ca2866db7598b9f3403b5b3b83#65031cfcd2b70f5e11d58027463a3a062b7f8de9,build_found,ef06de53053a5b41de8b1b3ac2c6dc5553061012,28630851,2014-06-25 14:32:35,6,65031cfcd2b70f5e11d58027463a3a062b7f8de9#7477247802faa4ca2866db7598b9f3403b5b3b83,2,65031cfcd2b70f5e11d58027463a3a062b7f8de9,ef06de53053a5b41de8b1b3ac2c6dc5553061012,f170bd12c6e48f66f97972fdc3f34d5c632d8fc8,0,1,0,110,47,0,0,3,0,0,3,0,0,70,177,1096.04519774011,5.64971751412429,254.237288135593,1.0,44,2014-06-27 23:20:09,2014-06-27 23:21:12,passed,51,"[28635225, 28635226]",13,28635226,ruby,ok,,ruby,testunit,1.0,,22,0,22,0,,0.08,,0
28636926,github/gemoji,1.0,2014-06-27 21:54:36,50,ruby,commits_in_master,master,2,bbfae32663b646c7445ac3ad4861689a65e06b85#e2ae300270e440f7cd5f63a9ea98a6c6667006aa,build_found,608ddd58fdb5fa7e7369b98e65d2a6b9770dbb58,28581086,2014-06-27 14:08:13,6,bbfae32663b646c7445ac3ad4861689a65e06b85,1,bbfae32663b646c7445ac3ad4861689a65e06b85,ef06de53053a5b41de8b1b3ac2c6dc5553061012,2d1a3449ae23cf36d9b79725d8f6b000861fe760,1,0,0,0,0,1,0,0,0,0,0,1,0,0,195,953.846153846154,5.12820512820513,230.769230769231,1.0,31,2014-06-28 01:13:42,2014-06-27 23:55:25,passed,44,"[28636927, 28636928]",15,28636927,ruby,ok,,ruby,testunit,1.0,,20,0,20,0,,0.1,,0
28639689,github/gemoji,0.0,,,ruby,,master,2,bbfae32663b646c7445ac3ad4861689a65e06b85#e2ae300270e440f7cd5f63a9ea98a6c6667006aa,merge_found,,,2014-06-27 14:08:13,6,e2ae300270e440f7cd5f63a9ea98a6c6667006aa,1,e2ae300270e440f7cd5f63a9ea98a6c6667006aa,,e2ae300270e440f7cd5f63a9ea98a6c6667006aa,,0,,0,0,1,0,0,0,0,0,1,0,1,172,895.348837209302,5.81395348837209,180.232558139535,1.0,,2014-06-28 01:13:42,2014-06-28 01:14:33,passed,52,"[28639690, 28639691]",16,28639690,ruby,ok,,ruby,testunit,1.0,,20,0,20,0,,0.1,,0
28980652,github/gemoji,0.0,,,ruby,,master,,,build_found,e2ae300270e440f7cd5f63a9ea98a6c6667006aa,28639689,,6,06c5d0993b509b9583cddd6ef4b3b15dd8017470#f73921aacdb32a0e53575c571a952127f937717a,2,06c5d0993b509b9583cddd6ef4b3b15dd8017470,,06c5d0993b509b9583cddd6ef4b3b15dd8017470,,1,,0,15,0,0,8,0,0,1,0,7,12,172,970.930232558139,5.81395348837209,186.046511627907,1.0,,,2014-07-02 16:31:09,passed,51,"[28980653, 28980654]",17,28980654,ruby,ok,,ruby,testunit,1.0,,21,0,21,0,,0.17,,0
29020784,github/gemoji,1.0,2014-07-03 00:17:37,51,ruby,commits_in_master,master,2,77ff183d854b0ab2219023b177a1dee678259e9c#e9480a983b5aa89a5fd184df1d3ea94aafc7285f,build_found,06c5d0993b509b9583cddd6ef4b3b15dd8017470,28980652,2014-07-03 02:17:35,6,77ff183d854b0ab2219023b177a1dee678259e9c,1,77ff183d854b0ab2219023b177a1dee678259e9c,06c5d0993b509b9583cddd6ef4b3b15dd8017470,278579c66f95d4af151c1ab8db213fc6c3adfb79,0,0,0,2,0,0,0,1,0,0,1,0,0,35,172,970.930232558139,5.81395348837209,186.046511627907,0.0,2,2014-07-04 03:43:31,2014-07-03 02:18:27,passed,46,"[29020785, 29020786]",18,29020785,ruby,ok,,ruby,testunit,1.0,,21,0,21,0,,0.17,,0
29112974,github/gemoji,1.0,2014-06-27 12:06:44,49,ruby,commits_in_master,master,1,3935375ca8472cb34b6cbab92baa0180167ce6f9,build_found,65031cfcd2b70f5e11d58027463a3a062b7f8de9,28635224,2014-07-03 10:13:55,6,3935375ca8472cb34b6cbab92baa0180167ce6f9,1,3935375ca8472cb34b6cbab92baa0180167ce6f9,06c5d0993b509b9583cddd6ef4b3b15dd8017470,7fc5b8edbfb9bfea049e8e53db5de18cf27bb41d,5,0,0,59,4,0,0,5,0,0,5,0,0,73,180,1077.77777777778,5.55555555555556,250.0,1.0,44,2014-07-04 03:22:26,2014-07-04 03:23:07,passed,43,"[29112975, 29112976]",21,29112976,ruby,ok,,ruby,testunit,1.0,,23,0,23,0,,0.12,,0
29113580,github/gemoji,0.0,,,ruby,,master,2,77ff183d854b0ab2219023b177a1dee678259e9c#e9480a983b5aa89a5fd184df1d3ea94aafc7285f,merge_found,,,2014-07-03 02:17:35,6,e9480a983b5aa89a5fd184df1d3ea94aafc7285f,1,e9480a983b5aa89a5fd184df1d3ea94aafc7285f,,e9480a983b5aa89a5fd184df1d3ea94aafc7285f,,0,,2,0,0,0,1,0,0,1,0,0,36,172,970.930232558139,5.81395348837209,186.046511627907,1.0,,2014-07-04 03:43:31,2014-07-04 03:44:01,passed,50,"[29113581, 29113582]",22,29113581,ruby,ok,,ruby,testunit,1.0,,21,0,21,0,,0.14,,0
29113873,github/gemoji,1.0,2014-06-27 12:06:44,49,ruby,commits_in_master,master,1,0bea2df7ba13b2b5c981a2ea9d9faa94bd87af1d,build_found,3935375ca8472cb34b6cbab92baa0180167ce6f9,29112974,2014-07-04 03:51:20,6,0bea2df7ba13b2b5c981a2ea9d9faa94bd87af1d,1,0bea2df7ba13b2b5c981a2ea9d9faa94bd87af1d,e9480a983b5aa89a5fd184df1d3ea94aafc7285f,897668ec44995e928e0f9aeae5d08e5e7c812ff5,0,0,0,2,13,0,0,2,0,0,2,0,0,40,180,1138.88888888889,5.55555555555556,272.222222222222,1.0,44,2014-07-04 03:51:53,2014-07-04 03:52:22,passed,42,"[29113874, 29113875]",24,29113875,ruby,ok,,ruby,testunit,1.0,,24,0,24,0,,0.12,,0
29115639,github/gemoji,0.0,,,ruby,,master,3,be4946fbbef49c53b6fc7ba6487b468193a97563#2b26bb9b0d7e8b5dd779562b955a129d9d1b9a65#c5ee5ebb29270661d0bce95f158fadc73f5863c1,merge_found,,,2014-07-04 04:09:11,6,c5ee5ebb29270661d0bce95f158fadc73f5863c1#2b26bb9b0d7e8b5dd779562b955a129d9d1b9a65#be4946fbbef49c53b6fc7ba6487b468193a97563#3b65ee2f15047fa4273f2ee26ad4c530a7898aa8,4,c5ee5ebb29270661d0bce95f158fadc73f5863c1,,c5ee5ebb29270661d0bce95f158fadc73f5863c1,,0,,149,82,0,0,7,0,0,7,0,0,97,180,1311.11111111111,5.55555555555556,283.333333333333,1.0,,2014-07-04 04:53:56,2014-07-04 04:54:30,passed,42,"[29115640, 29115641]",26,29115640,ruby,ok,,ruby,testunit,1.0,,25,0,25,0,,0.17,,0
30227283,github/gemoji,0.0,,,ruby,,master,1,2741be5eb632bbee51fb437555df7ffd80740ec5,build_found,58f2f068c12754d70603343eb34d927f8c853747,29128746,2014-07-18 00:50:05,6,2741be5eb632bbee51fb437555df7ffd80740ec5,1,2741be5eb632bbee51fb437555df7ffd80740ec5,,2741be5eb632bbee51fb437555df7ffd80740ec5,,0,,2,0,0,0,1,0,0,1,0,0,3,180,1311.11111111111,5.55555555555556,283.333333333333,1.0,,2014-07-18 01:04:50,2014-07-18 01:05:18,passed,44,"[30227284, 30227285]",29,30227284,ruby,ok,,ruby,testunit,1.0,,25,0,25,0,,0.17,,0
30283590,github/gemoji,1.0,2014-07-18 14:17:40,54,ruby,commits_in_master,master,2,f9aba615afee097f994332ae2d64daa384d385bc#b1736a387c7c1c2af300506fea5603e2e1fb89d8,build_found,2741be5eb632bbee51fb437555df7ffd80740ec5,30227283,2014-07-18 00:50:57,6,f9aba615afee097f994332ae2d64daa384d385bc,1,f9aba615afee097f994332ae2d64daa384d385bc,2741be5eb632bbee51fb437555df7ffd80740ec5,961ada3451cd6a29c1fb4bb748abb5b393634c1b,0,0,0,18,34,0,0,3,0,0,3,0,0,77,171,1286.54970760234,5.84795321637427,274.853801169591,1.0,47,2014-07-19 20:14:52,2014-07-18 16:24:58,passed,53,"[30283591, 30283592]",31,30283592,ruby,ok,,ruby,testunit,1.0,,23,0,23,0,,0.18,,0
30361564,github/gemoji,0.0,,,ruby,,master,2,f9aba615afee097f994332ae2d64daa384d385bc#b1736a387c7c1c2af300506fea5603e2e1fb89d8,merge_found,,,2014-07-18 00:50:57,6,b1736a387c7c1c2af300506fea5603e2e1fb89d8,1,b1736a387c7c1c2af300506fea5603e2e1fb89d8,,b1736a387c7c1c2af300506fea5603e2e1fb89d8,,0,,18,34,0,0,3,0,0,3,0,0,78,171,1286.54970760234,5.84795321637427,274.853801169591,1.0,,2014-07-19 20:14:52,2014-07-19 20:15:29,passed,44,"[30361565, 30361566]",32,30361565,ruby,ok,,ruby,testunit,1.0,,23,0,23,0,,0.18,,0
31445486,github/gemoji,1.0,2014-08-01 15:39:36,56,ruby,commits_in_master,master,4,1212951bc61641dd8190022a2b6e9aaef9e6e7c9#b7c2b8e4d8bfab50748d92207bc14291cacf6dd3#a86999a7f1412d575d1344ab1ee316e1aa5a0ea6#3e21d95409df78370e8e3dbe779789fe8cd5f714,build_found,b1736a387c7c1c2af300506fea5603e2e1fb89d8,30361564,2014-08-01 17:00:35,6,1212951bc61641dd8190022a2b6e9aaef9e6e7c9,1,1212951bc61641dd8190022a2b6e9aaef9e6e7c9,b1736a387c7c1c2af300506fea5603e2e1fb89d8,5d56332881474283c415fa5b1b89569b7a5e6aac,0,0,0,15,5,1,0,4,0,0,3,1,1,48,164,1317.07317073171,6.09756097560976,280.487804878049,1.0,282,2014-08-02 03:06:51,2014-08-01 17:40:24,passed,17,"[31445487, 31445488]",38,31445488,ruby,ok,,ruby,testunit,1.0,,22,0,22,0,,0.15,,0
31446681,github/gemoji,1.0,2014-08-01 15:39:36,56,ruby,commits_in_master,master,1,b7c2b8e4d8bfab50748d92207bc14291cacf6dd3,build_found,1212951bc61641dd8190022a2b6e9aaef9e6e7c9,31445486,2014-08-01 17:56:38,6,b7c2b8e4d8bfab50748d92207bc14291cacf6dd3,1,b7c2b8e4d8bfab50748d92207bc14291cacf6dd3,b1736a387c7c1c2af300506fea5603e2e1fb89d8,3ff8e7445f03cbceb016a949ab1b31730f826fce,0,0,0,0,0,0,0,2,0,0,0,1,1,6,164,1317.07317073171,6.09756097560976,280.487804878049,1.0,282,2014-08-01 17:57:07,2014-08-01 17:57:53,failed,16,"[31446682, 31446683]",40,31446682,ruby,broken,,ruby,testunit,1.0,,21,1,22,0,EmojiTest,0.33,,0
31448145,github/gemoji,1.0,2014-08-01 15:39:36,56,ruby,commits_in_master,master,1,a86999a7f1412d575d1344ab1ee316e1aa5a0ea6,build_found,b7c2b8e4d8bfab50748d92207bc14291cacf6dd3,31446681,2014-08-01 18:11:13,6,a86999a7f1412d575d1344ab1ee316e1aa5a0ea6,1,a86999a7f1412d575d1344ab1ee316e1aa5a0ea6,b1736a387c7c1c2af300506fea5603e2e1fb89d8,203f9f6092617b685c8f9e696b441d02000868e1,0,0,0,0,4,0,0,1,0,0,1,0,0,17,164,1317.07317073171,6.09756097560976,280.487804878049,1.0,282,2014-08-01 18:11:20,2014-08-01 18:12:10,passed,16,"[31448146, 31448147]",42,31448147,ruby,ok,,ruby,testunit,1.0,,22,0,22,0,,0.18,,0
31476494,github/gemoji,0.0,,,ruby,,master,4,1212951bc61641dd8190022a2b6e9aaef9e6e7c9#b7c2b8e4d8bfab50748d92207bc14291cacf6dd3#a86999a7f1412d575d1344ab1ee316e1aa5a0ea6#3e21d95409df78370e8e3dbe779789fe8cd5f714,merge_found,,,2014-08-01 17:00:35,6,3e21d95409df78370e8e3dbe779789fe8cd5f714,1,3e21d95409df78370e8e3dbe779789fe8cd5f714,,3e21d95409df78370e8e3dbe779789fe8cd5f714,,0,,15,9,1,0,4,0,0,3,1,1,51,164,1317.07317073171,6.09756097560976,280.487804878049,1.0,,2014-08-02 03:06:51,2014-08-02 03:07:32,passed,12,"[31476495, 31476496]",43,31476496,ruby,ok,,ruby,testunit,1.0,,22,0,22,0,,0.13,,0
31778779,github/gemoji,1.0,2014-08-06 03:25:07,58,ruby,commits_in_master,master,6,c2286e7c5b12c45f7cbf3c0a003d207e5ee238d9#75f837e6b5d2c05852f46ee95264ffefa8f002b3#6b9cdd6eb5fdfd53f5a2ac58bc9e771cb4f00145#0d1a82dc6aee7dcb595280649640ea9c2858b6c6#2aaf9693a97175ace41615626e130808794a4fe6#5e6dcae949b3c4cd7c0c2064d0f1de5825022a1c,build_found,3e21d95409df78370e8e3dbe779789fe8cd5f714,31476494,2014-08-06 03:01:01,6,0d1a82dc6aee7dcb595280649640ea9c2858b6c6#6b9cdd6eb5fdfd53f5a2ac58bc9e771cb4f00145#75f837e6b5d2c05852f46ee95264ffefa8f002b3#c2286e7c5b12c45f7cbf3c0a003d207e5ee238d9,4,0d1a82dc6aee7dcb595280649640ea9c2858b6c6,3e21d95409df78370e8e3dbe779789fe8cd5f714,2c9be03616a74ced01a6321f843ce7cb3008995c,0,0,0,2,29,0,0,4,0,0,3,0,108,36,164,1359.75609756098,6.09756097560976,280.487804878049,1.0,68,2014-08-06 05:29:51,2014-08-06 05:25:35,failed,12,"[31778780, 31778781]",47,31778780,ruby,broken,,ruby,,0.0,,,,,,,,,0
31778850,github/gemoji,1.0,2014-08-06 03:25:07,58,ruby,commits_in_master,master,1,2aaf9693a97175ace41615626e130808794a4fe6,build_found,0d1a82dc6aee7dcb595280649640ea9c2858b6c6,31778779,2014-08-06 05:27:01,6,2aaf9693a97175ace41615626e130808794a4fe6,1,2aaf9693a97175ace41615626e130808794a4fe6,3e21d95409df78370e8e3dbe779789fe8cd5f714,1fb551319a45bd376d603766aa62f4f33b8e43c5,0,0,0,0,1,0,0,1,0,0,1,0,0,14,164,1359.75609756098,6.09756097560976,280.487804878049,1.0,68,2014-08-06 05:27:18,2014-08-06 05:27:58,passed,15,"[31778851, 31778852]",49,31778852,ruby,ok,,ruby,testunit,1.0,,23,0,23,0,,0.1,,0
31778909,github/gemoji,0.0,,,ruby,,master,6,c2286e7c5b12c45f7cbf3c0a003d207e5ee238d9#75f837e6b5d2c05852f46ee95264ffefa8f002b3#6b9cdd6eb5fdfd53f5a2ac58bc9e771cb4f00145#0d1a82dc6aee7dcb595280649640ea9c2858b6c6#2aaf9693a97175ace41615626e130808794a4fe6#5e6dcae949b3c4cd7c0c2064d0f1de5825022a1c,merge_found,,,2014-08-06 03:01:01,6,5e6dcae949b3c4cd7c0c2064d0f1de5825022a1c,1,5e6dcae949b3c4cd7c0c2064d0f1de5825022a1c,,5e6dcae949b3c4cd7c0c2064d0f1de5825022a1c,,0,,2,30,0,0,4,0,0,3,0,108,41,164,1359.75609756098,6.09756097560976,280.487804878049,1.0,,2014-08-06 05:29:51,2014-08-06 05:30:29,passed,12,"[31778910, 31778911]",50,31778910,ruby,ok,,ruby,testunit,1.0,,23,0,23,0,,0.15,,0
31782026,github/gemoji,1.0,2014-08-06 04:34:17,59,ruby,commits_in_master,master,6,3bb3cea8d3899264e23b2f81674cae87306783c4#2c58377420524e112b9025b22f4473ca87b94e12#680d1bc59b7b9daaa49bebbb3f6dff789b742354#584939127e53d6c716278a431fe6511a2284beaf#96295d78718acf0f60a901279f634048ca45c9a4#7d416739ba3e9f404737110003a5e99f1f68d019,build_found,5e6dcae949b3c4cd7c0c2064d0f1de5825022a1c,31778909,2014-08-06 06:06:52,6,584939127e53d6c716278a431fe6511a2284beaf#680d1bc59b7b9daaa49bebbb3f6dff789b742354#2c58377420524e112b9025b22f4473ca87b94e12#3bb3cea8d3899264e23b2f81674cae87306783c4,4,584939127e53d6c716278a431fe6511a2284beaf,5e6dcae949b3c4cd7c0c2064d0f1de5825022a1c,7fb708a57ddd7183f8024ed25a3e0557148bb39d,0,0,0,0,0,5,0,1,0,0,1,0,5,3,164,1359.75609756098,6.09756097560976,280.487804878049,1.0,12,2014-08-06 07:08:12,2014-08-06 06:34:57,passed,16,"[31782027, 31782028]",52,31782027,ruby,ok,,ruby,testunit,1.0,,23,0,23,0,,0.19,,0
31783187,github/gemoji,1.0,2014-08-06 04:34:17,59,ruby,commits_in_master,master,1,96295d78718acf0f60a901279f634048ca45c9a4,build_found,584939127e53d6c716278a431fe6511a2284beaf,31782026,2014-08-06 06:51:22,6,96295d78718acf0f60a901279f634048ca45c9a4,1,96295d78718acf0f60a901279f634048ca45c9a4,5e6dcae949b3c4cd7c0c2064d0f1de5825022a1c,def1bd7762e4d8ddecab836df72b8dd1b8cc763c,0,0,0,0,0,1,0,0,0,0,0,0,1,0,164,1359.75609756098,6.09756097560976,280.487804878049,1.0,12,2014-08-06 06:51:37,2014-08-06 06:52:34,passed,14,"[31783190, 31783191]",54,31783190,ruby,ok,,ruby,testunit,1.0,,23,0,23,0,,0.14,,0
31784150,github/gemoji,0.0,,,ruby,,master,6,3bb3cea8d3899264e23b2f81674cae87306783c4#2c58377420524e112b9025b22f4473ca87b94e12#680d1bc59b7b9daaa49bebbb3f6dff789b742354#584939127e53d6c716278a431fe6511a2284beaf#96295d78718acf0f60a901279f634048ca45c9a4#7d416739ba3e9f404737110003a5e99f1f68d019,merge_found,,,2014-08-06 06:06:52,6,7d416739ba3e9f404737110003a5e99f1f68d019,1,7d416739ba3e9f404737110003a5e99f1f68d019,,7d416739ba3e9f404737110003a5e99f1f68d019,,0,,0,0,6,0,1,0,0,1,0,6,8,164,1359.75609756098,6.09756097560976,280.487804878049,1.0,,2014-08-06 07:08:12,2014-08-06 07:09:28,passed,18,"[31784151, 31784152]",55,31784151,ruby,ok,,ruby,testunit,1.0,,23,0,23,0,,0.2,,0
31784473,github/gemoji,1.0,2014-08-06 05:13:43,60,ruby,commits_in_master,master,3,ea70c9894692d87a91d21d957232ae665ad444dc#9beb9c0172384bc99666dcbc62bcf2349561278e#75ada7cc89280534b81a68efd94bd1ffb006968a,build_found,7d416739ba3e9f404737110003a5e99f1f68d019,31784150,2014-08-06 05:02:07,6,9beb9c0172384bc99666dcbc62bcf2349561278e#ea70c9894692d87a91d21d957232ae665ad444dc,2,9beb9c0172384bc99666dcbc62bcf2349561278e,7d416739ba3e9f404737110003a5e99f1f68d019,f895bec1cdb8f53fda7643efb006d64eff5c8335,0,0,0,17,13,0,0,6,0,0,4,1,1,62,164,1384.14634146341,6.09756097560976,292.682926829268,1.0,163,2014-08-07 00:24:49,2014-08-06 07:14:26,passed,27,"[31784474, 31784475]",57,31784475,ruby,ok,,ruby,testunit,1.0,,24,0,24,0,,0.13,,0
31868014,github/gemoji,0.0,,,ruby,,master,3,ea70c9894692d87a91d21d957232ae665ad444dc#9beb9c0172384bc99666dcbc62bcf2349561278e#75ada7cc89280534b81a68efd94bd1ffb006968a,merge_found,,,2014-08-06 05:02:07,6,75ada7cc89280534b81a68efd94bd1ffb006968a,1,75ada7cc89280534b81a68efd94bd1ffb006968a,,75ada7cc89280534b81a68efd94bd1ffb006968a,,0,,17,13,0,0,6,0,0,4,1,1,64,164,1384.14634146341,6.09756097560976,292.682926829268,1.0,,2014-08-07 00:24:49,2014-08-07 00:25:35,passed,14,"[31868015, 31868016]",58,31868016,ruby,ok,,ruby,testunit,1.0,,24,0,24,0,,0.12,,0
31869198,github/gemoji,0.0,,,ruby,,master,3,51629595466d8f156b0c605226a7cf2205fffada#112cc8fb8b5361a6b5f5c8303554e5ba4609a8f0#701f434b603ffd1d9cb62aea975c1527c12c8460,build_found,75ada7cc89280534b81a68efd94bd1ffb006968a,31868014,2014-08-07 00:38:26,6,701f434b603ffd1d9cb62aea975c1527c12c8460#112cc8fb8b5361a6b5f5c8303554e5ba4609a8f0#51629595466d8f156b0c605226a7cf2205fffada,3,701f434b603ffd1d9cb62aea975c1527c12c8460,,701f434b603ffd1d9cb62aea975c1527c12c8460,,0,,80,5,1,1,3,0,0,5,0,0,48,164,1378.0487804878,6.09756097560976,292.682926829268,1.0,,2014-08-07 00:56:22,2014-08-07 00:57:06,passed,11,"[31869199, 31869201]",59,31869201,ruby,ok,,ruby,testunit,1.0,,24,0,24,0,,0.1,,0
38144232,github/gemoji,1.0,2014-09-20 22:40:24,63,ruby,commits_in_master,master,6,29c25127d0ff3539928306b40e999514eaae3793#6984758915221b600743f1af5ba61fb0373504ba#5dea1600456f95ba218139e1cf9115066b2d8ef3#3d35b9f862af8d037c0aa322091307368bdda260#8a9a8572aa35681a9765f4c5cf4c9b6851b1bfcf#f5092b7aa439c2b0faea22f2572c4e68ee96164c,build_found,701f434b603ffd1d9cb62aea975c1527c12c8460,31869203,2014-09-21 19:23:57,6,f5092b7aa439c2b0faea22f2572c4e68ee96164c#8a9a8572aa35681a9765f4c5cf4c9b6851b1bfcf#3d35b9f862af8d037c0aa322091307368bdda260#5dea1600456f95ba218139e1cf9115066b2d8ef3#6984758915221b600743f1af5ba61fb0373504ba#29c25127d0ff3539928306b40e999514eaae3793,6,f5092b7aa439c2b0faea22f2572c4e68ee96164c,701f434b603ffd1d9cb62aea975c1527c12c8460,44536f7ec04f536c646f28f57a13c33911d32ce5,17,0,0,58,48,1,0,331,0,0,5,0,327,70,198,1146.46464646465,5.05050505050505,247.474747474747,1.0,223,2014-10-16 11:12:00,2014-10-16 11:12:46,passed,17,"[38144233, 38144234]",74,38144233,ruby,ok,,ruby,testunit,1.0,,24,0,24,0,,0.16,,0
38157902,github/gemoji,0.0,,,ruby,,master,7,29c25127d0ff3539928306b40e999514eaae3793#6984758915221b600743f1af5ba61fb0373504ba#5dea1600456f95ba218139e1cf9115066b2d8ef3#3d35b9f862af8d037c0aa322091307368bdda260#8a9a8572aa35681a9765f4c5cf4c9b6851b1bfcf#f5092b7aa439c2b0faea22f2572c4e68ee96164c#757584d2b9e0876bc05697c636ce5dc61060d9f0,merge_found,,,2014-09-21 19:23:57,7,757584d2b9e0876bc05697c636ce5dc61060d9f0,1,757584d2b9e0876bc05697c636ce5dc61060d9f0,,757584d2b9e0876bc05697c636ce5dc61060d9f0,,0,,12,0,0,0,300,0,0,3,0,298,58,198,1146.46464646465,5.05050505050505,247.474747474747,1.0,,2014-10-16 13:50:53,2014-10-16 13:52:12,passed,20,"[38157903, 38157904]",75,38157903,ruby,ok,,ruby,testunit,1.0,,24,0,24,0,,0.17,,0
38508375,github/gemoji,1.0,2014-10-20 13:22:04,65,ruby,commits_in_master,master,2,06a2df3427153b7c196f7ffe2645a72ab89f76fc#d41a53d4596d87bee7ed37c204e552fb42af185f,build_found,757584d2b9e0876bc05697c636ce5dc61060d9f0,38157902,2014-10-20 15:21:16,7,06a2df3427153b7c196f7ffe2645a72ab89f76fc,1,06a2df3427153b7c196f7ffe2645a72ab89f76fc,757584d2b9e0876bc05697c636ce5dc61060d9f0,7d29c4dd33547d86f1ddf66ad2a652b41def984b,0,0,0,0,0,0,0,1,0,0,0,0,1,5,198,1146.46464646465,5.05050505050505,247.474747474747,0.0,7,2014-10-23 14:44:45,2014-10-20 15:23:17,passed,33,"[38508376, 38508377, 38508378]",77,38508378,ruby,ok,,ruby,testunit,1.0,,24,0,24,0,,0.17,,0
38826787,github/gemoji,0.0,,,ruby,,master,2,06a2df3427153b7c196f7ffe2645a72ab89f76fc#d41a53d4596d87bee7ed37c204e552fb42af185f,merge_found,,,2014-10-20 15:21:16,7,d41a53d4596d87bee7ed37c204e552fb42af185f,1,d41a53d4596d87bee7ed37c204e552fb42af185f,,d41a53d4596d87bee7ed37c204e552fb42af185f,,0,,0,0,0,0,1,0,0,0,0,1,6,198,1146.46464646465,5.05050505050505,247.474747474747,1.0,,2014-10-23 14:44:45,2014-10-23 14:48:02,passed,24,"[38826788, 38826789, 38826790]",78,38826789,ruby,ok,,ruby,testunit,1.0,,24,0,24,0,,0.2,,0
40212308,github/gemoji,1.0,2014-11-06 17:31:50,66,ruby,commits_in_master,master,3,9967b2ef28cdb450bd9531616d918cb62802ee4f#eda537e1a900567d1a57814ecc473035ae1d164e#df1b6fac6e65989157228e832b6d7bb06642ab75,build_found,d41a53d4596d87bee7ed37c204e552fb42af185f,38826787,2014-11-06 18:25:44,7,9967b2ef28cdb450bd9531616d918cb62802ee4f,1,9967b2ef28cdb450bd9531616d918cb62802ee4f,d41a53d4596d87bee7ed37c204e552fb42af185f,b63fff25a8f01bd30ee349b66cf3cabb873596cd,0,0,0,0,0,2,0,0,0,0,0,0,2,0,198,1146.46464646465,5.05050505050505,247.474747474747,1.0,18,2014-11-06 20:36:52,2014-11-06 18:37:00,failed,60,"[40212309, 40212310, 40212311]",79,40212310,ruby,broken,,ruby,testunit,1.0,,23,1,24,0,IntegrityTest,0.18,,0
40226018,github/gemoji,0.0,,,ruby,,master,3,9967b2ef28cdb450bd9531616d918cb62802ee4f#eda537e1a900567d1a57814ecc473035ae1d164e#df1b6fac6e65989157228e832b6d7bb06642ab75,merge_found,,,2014-11-06 18:25:44,8,df1b6fac6e65989157228e832b6d7bb06642ab75,1,df1b6fac6e65989157228e832b6d7bb06642ab75,,df1b6fac6e65989157228e832b6d7bb06642ab75,,0,,0,0,2,0,1,0,0,0,0,3,14,198,1146.46464646465,5.05050505050505,247.474747474747,1.0,,2014-11-06 20:36:52,2014-11-06 20:39:10,passed,73,"[40226019, 40226020, 40226021]",81,40226019,ruby,ok,,ruby,testunit,1.0,,24,0,24,0,,0.18,,0
43803797,github/gemoji,1.0,2014-12-12 02:46:38,68,ruby,commits_in_master,master,1,60a473bfe57aeca9e1f656a1972cfa012be4aa78,build_found,df1b6fac6e65989157228e832b6d7bb06642ab75,43794919,2014-12-12 03:42:08,8,60a473bfe57aeca9e1f656a1972cfa012be4aa78,1,60a473bfe57aeca9e1f656a1972cfa012be4aa78,df1b6fac6e65989157228e832b6d7bb06642ab75,b4c0652129eba3ef1b95c37b919ff3eb100e7ae5,3,0,0,0,0,1,0,1,0,0,0,0,2,14,198,1146.46464646465,5.05050505050505,247.474747474747,1.0,14,2014-12-12 07:02:22,2014-12-12 07:03:12,passed,33,"[43803798, 43803799, 43803800]",87,43803798,ruby,ok,0,ruby,testunit,1.0,,24,0,24,0,,0.17,,0
43885427,github/gemoji,0.0,,,ruby,,master,2,ac3620cf89baca5f50ddf9cd0d759aea009086d1#b841e20394a859f7c010bf5de09494a4eae7f0bd,merge_found,,,2014-12-12 20:34:42,9,b841e20394a859f7c010bf5de09494a4eae7f0bd,1,b841e20394a859f7c010bf5de09494a4eae7f0bd,,b841e20394a859f7c010bf5de09494a4eae7f0bd,,0,,20,12,0,0,3,0,0,3,0,0,61,207,1144.92753623188,4.83091787439614,241.545893719807,1.0,,2014-12-12 21:53:40,2014-12-12 21:58:59,passed,21,"[43885428, 43885429, 43885430]",91,43885429,ruby,ok,0,ruby,testunit,1.0,,25,0,25,0,,0.13,,0
48415424,github/gemoji,0.0,,,ruby,,master,2,9308a10b5290ea040cf24ad3b09fae246e95691a#4e6ce27ed64fa8b54cde95f82f118cc51f9a6a00,merge_found,,,2015-01-24 03:23:36,8,4e6ce27ed64fa8b54cde95f82f118cc51f9a6a00,1,4e6ce27ed64fa8b54cde95f82f118cc51f9a6a00,,4e6ce27ed64fa8b54cde95f82f118cc51f9a6a00,,0,,2,2,0,0,2,0,0,2,0,0,46,207,1144.92753623188,4.83091787439614,241.545893719807,1.0,,2015-01-26 23:17:41,2015-01-26 23:18:57,passed,24,"[48415425, 48415426, 48415427]",96,48415427,ruby,ok,0,ruby,testunit,1.0,,25,0,25,0,,0.1,,0
52503891,github/gemoji,0.0,,,ruby,,master,2,60a473bfe57aeca9e1f656a1972cfa012be4aa78#11b4f69f5adaa9ab54eb68988a5d1e559b1c379a,merge_found,,,2014-12-12 03:42:08,7,11b4f69f5adaa9ab54eb68988a5d1e559b1c379a,1,11b4f69f5adaa9ab54eb68988a5d1e559b1c379a,,11b4f69f5adaa9ab54eb68988a5d1e559b1c379a,,0,,0,0,1,0,1,0,0,0,0,2,15,207,1144.92753623188,4.83091787439614,241.545893719807,1.0,,2015-02-28 02:02:48,2015-02-28 02:03:35,passed,21,"[52503892, 52503893, 52503894]",97,52503894,ruby,ok,1,ruby,testunit,1.0,,25,0,25,0,,0.1,,0
60372253,github/gemoji,1.0,2015-04-28 10:58:56,72,ruby,unknown,master,1,302d07129087f3454565682f43f1cd2ed9901899,build_found,11b4f69f5adaa9ab54eb68988a5d1e559b1c379a,60371443,2015-04-28 12:58:07,6,302d07129087f3454565682f43f1cd2ed9901899,1,302d07129087f3454565682f43f1cd2ed9901899,11b4f69f5adaa9ab54eb68988a5d1e559b1c379a,fc095c4f752086a5b49fce34bd25c8796ca674f3,0,0,0,0,0,0,0,0,0,0,0,0,0,0,207,1144.92753623188,4.83091787439614,241.545893719807,1.0,74,2015-04-28 12:58:49,2015-04-28 13:01:44,passed,34,"[60372254, 60372255, 60372256]",102,60372254,ruby,ok,0,ruby,testunit,1.0,,25,0,25,0,,0.15,,0
70104859,github/gemoji,1.0,2015-07-08 16:20:31,76,ruby,merge_button,master,2,694f862f7350b76d0d59bdf36a70fa58ae680716#a8204fd8d39192abea82ee354c263bed582ed59c,build_found,11b4f69f5adaa9ab54eb68988a5d1e559b1c379a,60371443,2015-07-08 18:19:45,5,694f862f7350b76d0d59bdf36a70fa58ae680716,1,694f862f7350b76d0d59bdf36a70fa58ae680716,11b4f69f5adaa9ab54eb68988a5d1e559b1c379a,cb5e3e657ff7db84229e8e64028f5f3025ef779c,0,0,0,3,0,0,0,1,0,0,1,0,0,1,207,1144.92753623188,4.83091787439614,241.545893719807,1.0,39,2015-07-20 17:02:27,2015-07-08 18:50:42,passed,39,"[70104860, 70104861, 70104862]",108,70104862,ruby,ok,0,ruby,testunit,1.0,,25,0,25,0,,0.12,,0
71802576,github/gemoji,0.0,,,ruby,,master,2,694f862f7350b76d0d59bdf36a70fa58ae680716#a8204fd8d39192abea82ee354c263bed582ed59c,merge_found,,,2015-07-08 18:19:45,7,a8204fd8d39192abea82ee354c263bed582ed59c,1,a8204fd8d39192abea82ee354c263bed582ed59c,,a8204fd8d39192abea82ee354c263bed582ed59c,,0,,3,0,0,0,1,0,0,1,0,0,2,207,1144.92753623188,4.83091787439614,241.545893719807,1.0,,2015-07-20 17:02:27,2015-07-20 17:03:31,passed,27,"[71802579, 71802581, 71802582]",112,71802581,ruby,ok,0,ruby,testunit,1.0,,25,0,25,0,,0.13,,0
72002028,github/gemoji,0.0,,,ruby,,master,2,859778cc4bb5f966032f0bba5ee719e182bf0deb#677084b5ed0256b6d224a2a4b176566b3893b5ec,merge_found,,,2015-07-17 21:47:52,8,677084b5ed0256b6d224a2a4b176566b3893b5ec,1,677084b5ed0256b6d224a2a4b176566b3893b5ec,,677084b5ed0256b6d224a2a4b176566b3893b5ec,,0,,6,0,0,0,1,0,0,1,0,0,4,208,1139.42307692308,4.80769230769231,240.384615384615,1.0,,2015-07-21 19:31:19,2015-07-21 19:32:18,passed,52,"[72002032, 72002035, 72002037]",114,72002037,ruby,ok,0,ruby,testunit,1.0,,25,0,25,0,,0.11,,0
73935162,github/gemoji,1.0,2015-08-03 16:11:18,79,ruby,merge_button,master,2,22e198644dc9e86dff1f17c767e251275b0d2332#3db7811891655d6a50809a32306d552662294c44,build_found,677084b5ed0256b6d224a2a4b176566b3893b5ec,72002028,2015-08-03 18:06:24,8,22e198644dc9e86dff1f17c767e251275b0d2332,1,22e198644dc9e86dff1f17c767e251275b0d2332,677084b5ed0256b6d224a2a4b176566b3893b5ec,a122df629abcdfb3df2d950233a09bfb0b5b7ab0,0,0,0,2,0,0,0,1,0,0,1,0,0,15,208,1139.42307692308,4.80769230769231,240.384615384615,1.0,83,2015-08-03 21:22:37,2015-08-03 18:12:21,passed,27,"[73935163, 73935164, 73935165]",115,73935163,ruby,ok,0,ruby,testunit,1.0,,25,0,25,0,,0.15,,0
73963360,github/gemoji,0.0,,,ruby,,master,2,22e198644dc9e86dff1f17c767e251275b0d2332#3db7811891655d6a50809a32306d552662294c44,merge_found,,,2015-08-03 18:06:24,8,3db7811891655d6a50809a32306d552662294c44,1,3db7811891655d6a50809a32306d552662294c44,,3db7811891655d6a50809a32306d552662294c44,,0,,2,0,0,0,1,0,0,1,0,0,16,208,1139.42307692308,4.80769230769231,240.384615384615,1.0,,2015-08-03 21:22:37,2015-08-03 21:23:31,passed,24,"[73963361, 73963362, 73963363]",116,73963362,ruby,ok,1,ruby,testunit,1.0,,25,0,25,0,,0.14,,0
83681846,github/gemoji,0.0,,,ruby,,master,3,365c7a184cc42442b8f061ba1f3d649fedfa89e3#b05ddab3b94975e82ab09161996fc980b24a0b9d#b84bf23a5b45cca3e15e025cab9953b31796b162,merge_found,,,2015-10-05 11:36:58,8,b84bf23a5b45cca3e15e025cab9953b31796b162,1,b84bf23a5b45cca3e15e025cab9953b31796b162,,b84bf23a5b45cca3e15e025cab9953b31796b162,,0,,0,0,0,0,1,0,0,0,0,1,18,208,1139.42307692308,4.80769230769231,240.384615384615,1.0,,2015-10-05 12:30:03,2015-10-05 12:31:09,passed,38,"[83681847, 83681848, 83681849]",120,83681848,ruby,ok,2,ruby,testunit,1.0,,25,0,25,0,,0.38,,0
91059067,github/gemoji,0.0,,,ruby,,master,2,f21379209fd4c8fc47999a5f9eb7d0ec751431ab#be21f6efc67aa0d6db70f32fb146451a3dd921ba,merge_found,,,2015-10-30 02:46:41,6,be21f6efc67aa0d6db70f32fb146451a3dd921ba,1,be21f6efc67aa0d6db70f32fb146451a3dd921ba,,be21f6efc67aa0d6db70f32fb146451a3dd921ba,,0,,0,0,0,0,1,0,0,0,0,1,20,208,1139.42307692308,4.80769230769231,240.384615384615,1.0,,2015-11-14 01:13:21,2015-11-14 01:14:13,passed,23,"[91059073, 91059075, 91059076]",123,91059075,ruby,ok,1,ruby,testunit,1.0,,25,0,25,0,,0.11,,0
111940561,github/gemoji,0.0,,,ruby,,master,1,a76d5f02f45478a711f25f94d9ed474221b319a4,build_found,be21932d23f8a03ac078591eec97ee525bb8db6a,111940052,2016-02-26 06:54:30,6,a76d5f02f45478a711f25f94d9ed474221b319a4,1,a76d5f02f45478a711f25f94d9ed474221b319a4,,a76d5f02f45478a711f25f94d9ed474221b319a4,,0,,0,0,0,0,1,0,0,0,0,1,9,208,1139.42307692308,4.80769230769231,240.384615384615,1.0,,2016-02-26 06:54:53,2016-02-26 06:55:05,passed,144,"[111940562, 111940563, 111940564, 111940565]",133,111940565,ruby,ok,1,ruby,testunit,1.0,,25,0,25,0,,0.13,,0
111940859,github/gemoji,0.0,,,ruby,,master,2,6de1de2fa1df6ce6d7a2e8690b6cf0a1e4d7c308#50865e8895c54037bf06c4c1691aa925d030a59d,merge_found,,,2016-02-04 14:01:31,6,50865e8895c54037bf06c4c1691aa925d030a59d,1,50865e8895c54037bf06c4c1691aa925d030a59d,,50865e8895c54037bf06c4c1691aa925d030a59d,,0,,0,0,0,0,1,0,0,0,0,1,22,208,1139.42307692308,4.80769230769231,240.384615384615,1.0,,2016-02-26 06:58:38,2016-02-26 06:58:53,passed,160,"[111940860, 111940861, 111940862, 111940863]",134,111940860,ruby,ok,1,ruby,testunit,1.0,,25,0,25,0,,0.12,,0
