tr_build_id,gh_project_name,gh_is_pr,gh_pr_created_at,gh_pull_req_num,gh_lang,git_merged_with,git_branch,gh_num_commits_in_push,gh_commits_in_push,git_prev_commit_resolution_status,git_prev_built_commit,tr_prev_build,gh_first_commit_created_at,gh_team_size,git_all_built_commits,git_num_all_built_commits,git_trigger_commit,tr_virtual_merged_into,tr_original_commit,gh_num_issue_comments,gh_num_commit_comments,gh_num_pr_comments,git_diff_src_churn,git_diff_test_churn,gh_diff_files_added,gh_diff_files_deleted,gh_diff_files_modified,gh_diff_tests_added,gh_diff_tests_deleted,gh_diff_src_files,gh_diff_doc_files,gh_diff_other_files,gh_num_commits_on_files_touched,gh_sloc,gh_test_lines_per_kloc,gh_test_cases_per_kloc,gh_asserts_cases_per_kloc,gh_by_core_team_member,gh_description_complexity,gh_pushed_at,gh_build_started_at,tr_status,tr_duration,tr_jobs,tr_build_number,tr_job_id,tr_log_lan,tr_log_status,tr_log_setup_time,tr_log_analyzer,tr_log_frameworks,tr_log_bool_tests_ran,tr_log_bool_tests_failed,tr_log_num_tests_ok,tr_log_num_tests_failed,tr_log_num_tests_run,tr_log_num_tests_skipped,tr_log_tests_failed,tr_log_testduration,tr_log_buildduration,build_successful
6088313,technicalpickles/homesick,0.0,,,ruby,,master,1,e7d251f8a1f8ea6c134dd29ac252f12744e1f7d6,merge_found,,,2013-04-05 18:07:11,9,e7d251f8a1f8ea6c134dd29ac252f12744e1f7d6#af950d042aa04fb8e00bd30e8764bf23d87a89a5#23ae908e7dde081b4b5b023c59a7f9e560f8fcbe,3,e7d251f8a1f8ea6c134dd29ac252f12744e1f7d6,,e7d251f8a1f8ea6c134dd29ac252f12744e1f7d6,,0,,44,0,0,0,5,0,0,4,0,0,98,291,481.099656357388,54.9828178694158,61.8556701030928,1.0,,2013-04-05 18:09:00,2013-04-05 18:09:48,passed,57,"[6088314, 6088315]",1,6088314,ruby,ok,,ruby,rspec,1.0,,20,0,20,4,,0.29,,0
6088635,technicalpickles/homesick,0.0,,,ruby,,master,1,9d6e77fd5ae7083dec17877e4883d48f7a87f32a,build_found,e7d251f8a1f8ea6c134dd29ac252f12744e1f7d6,6088313,2013-04-05 18:23:40,9,9d6e77fd5ae7083dec17877e4883d48f7a87f32a,1,9d6e77fd5ae7083dec17877e4883d48f7a87f32a,,9d6e77fd5ae7083dec17877e4883d48f7a87f32a,,0,,0,0,0,0,1,0,0,0,0,0,13,291,481.099656357388,54.9828178694158,61.8556701030928,1.0,,2013-04-05 18:25:40,2013-04-05 18:26:26,passed,52,"[6088636, 6088637]",2,6088636,ruby,ok,,ruby,rspec,1.0,,20,0,20,4,,0.3,,0
7243494,technicalpickles/homesick,1.0,2013-05-17 05:44:36,37,ruby,merge_button,master,2,7cbbf2bdd7e700a9b4e8be2b5c18a00491735374#caf5ca04f5819f28c0d0c3078f74716db4d3a8a2,build_found,9d6e77fd5ae7083dec17877e4883d48f7a87f32a,6088635,2013-05-17 07:37:44,9,7cbbf2bdd7e700a9b4e8be2b5c18a00491735374,1,7cbbf2bdd7e700a9b4e8be2b5c18a00491735374,9d6e77fd5ae7083dec17877e4883d48f7a87f32a,b110ab418d589e449fa83006cd95de4dd9404770,0,0,0,6,0,0,0,1,0,0,1,0,0,57,291,481.099656357388,54.9828178694158,61.8556701030928,0.0,87,2013-05-18 08:15:58,2013-05-17 07:45:17,passed,59,"[7243496, 7243495]",5,7243496,ruby,ok,,ruby,rspec,1.0,,20,0,20,4,,0.26,,0
7272508,technicalpickles/homesick,0.0,,,ruby,,master,2,7cbbf2bdd7e700a9b4e8be2b5c18a00491735374#caf5ca04f5819f28c0d0c3078f74716db4d3a8a2,merge_found,,,2013-05-17 07:37:44,9,caf5ca04f5819f28c0d0c3078f74716db4d3a8a2,1,caf5ca04f5819f28c0d0c3078f74716db4d3a8a2,,caf5ca04f5819f28c0d0c3078f74716db4d3a8a2,,0,,6,0,0,0,1,0,0,1,0,0,58,291,481.099656357388,54.9828178694158,61.8556701030928,1.0,,2013-05-18 08:15:58,2013-05-18 08:16:27,passed,59,"[7272510, 7272509]",6,7272509,ruby,ok,,ruby,rspec,1.0,,20,0,20,4,,0.38,,0
7298751,technicalpickles/homesick,0.0,,,ruby,,master,3,628d9bc0c106e84ec697e59daa00073a4eda3131#21a9e4312d01a55ab2c45de82b719de8184ca297#236373b7d77999f61f56dfba2d7925a291d6b22b,build_found,caf5ca04f5819f28c0d0c3078f74716db4d3a8a2,7272508,2013-05-19 13:37:54,9,236373b7d77999f61f56dfba2d7925a291d6b22b#21a9e4312d01a55ab2c45de82b719de8184ca297#628d9bc0c106e84ec697e59daa00073a4eda3131,3,236373b7d77999f61f56dfba2d7925a291d6b22b,,236373b7d77999f61f56dfba2d7925a291d6b22b,,0,,60,0,0,0,5,0,0,4,0,0,52,291,481.099656357388,54.9828178694158,61.8556701030928,1.0,,2013-05-19 13:43:03,2013-05-19 13:44:32,passed,73,"[7298753, 7298752]",7,7298753,ruby,ok,,ruby,rspec,1.0,,20,0,20,4,,0.28,,0
7839429,technicalpickles/homesick,1.0,2013-06-04 16:31:40,39,ruby,merge_button,master,1,360e8185f75244b87d1a4f9191057616987097f7,build_found,da0958d45582aa6cb96cee274d14d1e8922cff36,7838960,2013-06-06 12:39:41,9,360e8185f75244b87d1a4f9191057616987097f7,1,360e8185f75244b87d1a4f9191057616987097f7,236373b7d77999f61f56dfba2d7925a291d6b22b,e83e159923ff5008be887a6d64b07eaa0cf055ec,0,0,0,5,11,0,0,3,0,0,3,0,0,82,387,604.651162790698,62.015503875969,85.2713178294574,1.0,23,2013-06-06 12:39:48,2013-06-06 12:40:24,passed,111,"[7839432, 7839430, 7839431]",28,7839432,ruby,ok,,ruby,rspec,1.0,,28,0,28,4,,0.75,,0
7839579,technicalpickles/homesick,0.0,,,ruby,,master,20,49e4d2844b7474af7e94c1998c649aecffcc909a#7332aa4acd1a4a64384f59d1012f8268d943b75e#b93eea0e24c6c40d4dca1e1b6943e218e4e55e63#a76d09d3f6b0b67837623b493bd82c44fcc0d611#6867ef78dc91290022fbd70c5af266715e26d004#e924cbefda7a0173f6f21aaf8fbbe040f4f5e1b1#c31c67a3eb8126c2493236984a4229176b83633b#2d54086d894e1cbf461c3b4fce47a6d43fca640f#3559d825cacd48c36e1220d9c90a83ebfc7be244#bf1fc58e10dcdc9150f1433f65f6d0759347aeb0#76fcf5d0b7d35e32c4ee8b0857cf53998c8972ad#97fe1686f5adcbdf21be327cbce95fb31c5dcce6#a95c4b244603f4580b12e9d274798e76c2a5691c#8e58a3f5e2545ed5c6603fe60153aeb44a3284df#3ddd3207b305a3571639fb1fc5e473d3e6d5f239#6b281ef0016ad9ea5d70bd28b89ef26eee420016#70f5d24e0a6c8f162d79f2d4413fce33408e4449#da0958d45582aa6cb96cee274d14d1e8922cff36#360e8185f75244b87d1a4f9191057616987097f7#4c97948e043dc833aba4a82d17b0f0ef3a9941c7,merge_found,,,2013-05-21 00:11:48,9,4c97948e043dc833aba4a82d17b0f0ef3a9941c7,1,4c97948e043dc833aba4a82d17b0f0ef3a9941c7,,4c97948e043dc833aba4a82d17b0f0ef3a9941c7,,0,,144,123,0,0,7,0,0,4,0,2,107,387,604.651162790698,62.015503875969,85.2713178294574,1.0,,2013-06-06 12:47:45,2013-06-06 12:48:11,passed,98,"[7839581, 7839580, 7839582]",29,7839582,ruby,ok,,ruby,rspec,1.0,,28,0,28,4,,0.52,,0
7839881,technicalpickles/homesick,0.0,,,ruby,,master,2,14f0f8c121931d24f5b4fbb875938434253b3e70#e817c816c9ddb20c7b8459318f9782be90b7b05b,build_found,4c97948e043dc833aba4a82d17b0f0ef3a9941c7,7839579,2013-06-06 12:58:36,9,e817c816c9ddb20c7b8459318f9782be90b7b05b#14f0f8c121931d24f5b4fbb875938434253b3e70,2,e817c816c9ddb20c7b8459318f9782be90b7b05b,,e817c816c9ddb20c7b8459318f9782be90b7b05b,,0,,6,0,0,0,3,0,0,2,0,0,42,387,604.651162790698,62.015503875969,85.2713178294574,1.0,,2013-06-06 12:59:07,2013-06-06 12:59:32,passed,85,"[7839883, 7839882, 7839884]",30,7839884,ruby,ok,,ruby,rspec,1.0,,28,0,28,4,,1.01,,0
7935872,technicalpickles/homesick,0.0,,,ruby,,master,1,e530df7239d976536ee7c2a10830eb326a1ee7f8,build_found,e817c816c9ddb20c7b8459318f9782be90b7b05b,7839881,2013-06-09 23:10:21,9,e530df7239d976536ee7c2a10830eb326a1ee7f8,1,e530df7239d976536ee7c2a10830eb326a1ee7f8,,e530df7239d976536ee7c2a10830eb326a1ee7f8,,0,,1,11,0,0,2,0,0,2,0,0,57,388,621.134020618557,64.4329896907216,87.6288659793814,1.0,,2013-06-09 23:10:32,2013-06-09 23:10:59,passed,84,"[7935874, 7935875, 7935873]",31,7935874,ruby,ok,,ruby,rspec,1.0,,29,0,29,4,,0.79,,0
8137044,technicalpickles/homesick,1.0,2013-06-16 15:02:56,40,ruby,merge_button,master,2,024856e53895aa9e80cca8b64fbbaac6d2bab0fe#d964e65a7e98ddb0713b4f5eb148431160f3bdd6,build_found,e530df7239d976536ee7c2a10830eb326a1ee7f8,7935872,2013-06-16 16:47:53,9,024856e53895aa9e80cca8b64fbbaac6d2bab0fe,1,024856e53895aa9e80cca8b64fbbaac6d2bab0fe,e530df7239d976536ee7c2a10830eb326a1ee7f8,d89d16c3b7594c2a844a3e723ac105761994af5d,0,0,0,5,8,0,0,2,0,0,2,0,0,58,385,641.558441558442,67.5324675324675,90.9090909090909,0.0,106,2013-06-17 11:47:22,2013-06-16 17:03:25,passed,92,"[8137046, 8137045, 8137047]",32,8137045,ruby,ok,,ruby,rspec,1.0,,30,0,30,4,,0.58,,0
8157406,technicalpickles/homesick,0.0,,,ruby,,master,2,024856e53895aa9e80cca8b64fbbaac6d2bab0fe#d964e65a7e98ddb0713b4f5eb148431160f3bdd6,merge_found,,,2013-06-16 16:47:53,9,d964e65a7e98ddb0713b4f5eb148431160f3bdd6,1,d964e65a7e98ddb0713b4f5eb148431160f3bdd6,,d964e65a7e98ddb0713b4f5eb148431160f3bdd6,,0,,5,8,0,0,2,0,0,2,0,0,59,385,641.558441558442,67.5324675324675,90.9090909090909,1.0,,2013-06-17 11:47:22,2013-06-17 11:47:53,passed,98,"[8157407, 8157409, 8157408]",33,8157408,ruby,ok,,ruby,rspec,1.0,,30,0,30,4,,0.76,,0
8158718,technicalpickles/homesick,0.0,,,ruby,,master,2,b21aef09be5a54abeff42a10fe8680cba0226a3f#e07f3f0658e1a6ff3f78ea2840abffc6f478fd84,build_found,d964e65a7e98ddb0713b4f5eb148431160f3bdd6,8157406,2013-06-17 12:35:39,9,e07f3f0658e1a6ff3f78ea2840abffc6f478fd84#b21aef09be5a54abeff42a10fe8680cba0226a3f,2,e07f3f0658e1a6ff3f78ea2840abffc6f478fd84,,e07f3f0658e1a6ff3f78ea2840abffc6f478fd84,,0,,31,0,0,0,3,0,0,2,0,0,44,385,641.558441558442,67.5324675324675,90.9090909090909,1.0,,2013-06-17 12:36:19,2013-06-17 12:37:00,passed,105,"[8158719, 8158721, 8158720]",34,8158720,ruby,ok,,ruby,rspec,1.0,,30,0,30,4,,2.17,,0
8247141,technicalpickles/homesick,1.0,2013-06-19 15:30:34,41,ruby,merge_button,master,9,114b44d4b68b6f22a801a76a3953dc401d449858#b1f2742422721de9bf4823a147c756b345bcd892#dd101259f05ba6ec703f14cf21887a1aa8c66065#f2aca02b8270ffaaf9aac27509ecde4a885afee0#37b55bf934b60bda0a62b273a2b60e317acb4215#00f49be42c82ab68404d72a789277b356aa0da28#21cbb2c6976965c0158c26e1a7baa2f94f4d4eec#a267a9c0b84aef74a043904a179a6341b845c73b#ca5dc3a4cc50c4f8a4585be8f144e77315057e5b,build_found,e07f3f0658e1a6ff3f78ea2840abffc6f478fd84,8158718,2013-06-19 15:01:36,9,a267a9c0b84aef74a043904a179a6341b845c73b#21cbb2c6976965c0158c26e1a7baa2f94f4d4eec#00f49be42c82ab68404d72a789277b356aa0da28#37b55bf934b60bda0a62b273a2b60e317acb4215#f2aca02b8270ffaaf9aac27509ecde4a885afee0#dd101259f05ba6ec703f14cf21887a1aa8c66065#b1f2742422721de9bf4823a147c756b345bcd892#114b44d4b68b6f22a801a76a3953dc401d449858,8,a267a9c0b84aef74a043904a179a6341b845c73b,e07f3f0658e1a6ff3f78ea2840abffc6f478fd84,ee3502731f6d8edce3b91bf212ee89d50fa21920,0,0,0,111,239,0,0,8,0,0,7,0,1,127,387,620.15503875969,62.015503875969,90.4392764857881,1.0,19,2013-06-20 23:44:14,2013-06-19 17:43:32,passed,145,"[8247143, 8247144, 8247142]",36,8247142,ruby,ok,,ruby,rspec,1.0,,28,0,28,4,,0.63,,0
8294959,technicalpickles/homesick,0.0,,,ruby,,master,9,114b44d4b68b6f22a801a76a3953dc401d449858#b1f2742422721de9bf4823a147c756b345bcd892#dd101259f05ba6ec703f14cf21887a1aa8c66065#f2aca02b8270ffaaf9aac27509ecde4a885afee0#37b55bf934b60bda0a62b273a2b60e317acb4215#00f49be42c82ab68404d72a789277b356aa0da28#21cbb2c6976965c0158c26e1a7baa2f94f4d4eec#a267a9c0b84aef74a043904a179a6341b845c73b#ca5dc3a4cc50c4f8a4585be8f144e77315057e5b,merge_found,,,2013-06-19 15:01:36,9,ca5dc3a4cc50c4f8a4585be8f144e77315057e5b,1,ca5dc3a4cc50c4f8a4585be8f144e77315057e5b,,ca5dc3a4cc50c4f8a4585be8f144e77315057e5b,,0,,101,195,0,0,8,0,0,7,0,1,135,387,620.15503875969,62.015503875969,90.4392764857881,1.0,,2013-06-20 23:44:14,2013-06-20 23:44:53,passed,124,"[8294962, 8294960, 8294961]",37,8294960,ruby,ok,,ruby,rspec,1.0,,28,0,28,4,,0.62,,0
8362018,technicalpickles/homesick,1.0,2013-06-21 03:15:55,42,ruby,merge_button,master,3,dbf333c9716c66f1fe82d0d32857ce7b1a49808a#82ae1284296666882bcfd4f3b60818c014d79a05#4aa76ce444b82a7a7ff7c33697549e3bba2e8f02,build_found,ca5dc3a4cc50c4f8a4585be8f144e77315057e5b,8294959,2013-06-21 05:02:50,9,82ae1284296666882bcfd4f3b60818c014d79a05#dbf333c9716c66f1fe82d0d32857ce7b1a49808a,2,82ae1284296666882bcfd4f3b60818c014d79a05,ca5dc3a4cc50c4f8a4585be8f144e77315057e5b,8e873eca664ec8476fbe32bd4f96ac938d540ce2,3,0,1,22,26,0,0,2,0,0,2,0,0,90,388,664.948453608247,67.0103092783505,97.9381443298969,0.0,30,2013-06-23 16:56:56,2013-06-23 15:45:13,passed,125,"[8362019, 8362021, 8362020]",40,8362019,ruby,ok,,ruby,rspec,1.0,,30,0,30,4,,0.96,,0
8363564,technicalpickles/homesick,0.0,,,ruby,,master,3,dbf333c9716c66f1fe82d0d32857ce7b1a49808a#82ae1284296666882bcfd4f3b60818c014d79a05#4aa76ce444b82a7a7ff7c33697549e3bba2e8f02,merge_found,,,2013-06-21 05:02:50,9,4aa76ce444b82a7a7ff7c33697549e3bba2e8f02,1,4aa76ce444b82a7a7ff7c33697549e3bba2e8f02,,4aa76ce444b82a7a7ff7c33697549e3bba2e8f02,,0,,12,26,0,0,2,0,0,2,0,0,92,388,664.948453608247,67.0103092783505,97.9381443298969,1.0,,2013-06-23 16:56:56,2013-06-23 16:57:25,passed,100,"[8363567, 8363565, 8363566]",41,8363565,ruby,ok,,ruby,rspec,1.0,,30,0,30,4,,0.71,,0
8475517,technicalpickles/homesick,1.0,2013-06-25 18:13:14,44,ruby,merge_button,master,4,99760c27afedecc2d87d3dd2b6cecb928a699655#8be3cdb6a036457b8e637727ce7f4afe21b6d29c#a68149a87bcaefffbffb730cade015f87fcd713b#2ab35e91e2a6b483c3d6d7c87842042a78d81a3f,build_found,4aa76ce444b82a7a7ff7c33697549e3bba2e8f02,8363564,2013-06-25 20:11:08,9,a68149a87bcaefffbffb730cade015f87fcd713b#8be3cdb6a036457b8e637727ce7f4afe21b6d29c#99760c27afedecc2d87d3dd2b6cecb928a699655,3,a68149a87bcaefffbffb730cade015f87fcd713b,4aa76ce444b82a7a7ff7c33697549e3bba2e8f02,906b947ef1bfec4f141f3764eb9821d60c639255,2,0,0,42,22,0,0,3,0,0,3,0,0,101,415,653.012048192771,65.0602409638554,93.9759036144578,1.0,66,2013-06-27 16:47:20,2013-06-26 18:35:51,passed,142,"[8475520, 8475518, 8475519]",44,8475519,ruby,ok,,ruby,rspec,1.0,,33,0,33,6,,0.72,,0
8511755,technicalpickles/homesick,0.0,,,ruby,,master,4,99760c27afedecc2d87d3dd2b6cecb928a699655#8be3cdb6a036457b8e637727ce7f4afe21b6d29c#a68149a87bcaefffbffb730cade015f87fcd713b#2ab35e91e2a6b483c3d6d7c87842042a78d81a3f,merge_found,,,2013-06-25 20:11:08,8,2ab35e91e2a6b483c3d6d7c87842042a78d81a3f,1,2ab35e91e2a6b483c3d6d7c87842042a78d81a3f,,2ab35e91e2a6b483c3d6d7c87842042a78d81a3f,,0,,32,22,0,0,3,0,0,3,0,0,104,415,653.012048192771,65.0602409638554,93.9759036144578,1.0,,2013-06-27 16:47:20,2013-06-27 16:48:14,passed,140,"[8511756, 8511758, 8511757]",46,8511758,ruby,ok,,ruby,rspec,1.0,,33,0,33,6,,0.94,,0
8511775,technicalpickles/homesick,0.0,,,ruby,,master,2,4867ac2c7c337798a3096852ff8c2c06fa568b9c#995eff975fb2bbe6a5dd8ce5ee19e019159472fb,merge_found,,,2013-06-27 16:06:54,8,995eff975fb2bbe6a5dd8ce5ee19e019159472fb,1,995eff975fb2bbe6a5dd8ce5ee19e019159472fb,,995eff975fb2bbe6a5dd8ce5ee19e019159472fb,,0,,0,0,0,0,1,0,0,0,0,0,20,415,653.012048192771,65.0602409638554,93.9759036144578,1.0,,2013-06-27 16:47:51,2013-06-27 16:48:39,passed,142,"[8511778, 8511776, 8511777]",47,8511778,ruby,ok,,ruby,rspec,1.0,,33,0,33,6,,1.17,,0
8512710,technicalpickles/homesick,0.0,,,ruby,,master,3,ce8b46f300ae45e2c207c58b50cdc93460bbd7a1#498ffa27f99964eb15758402dbb1ebc8135686e0#10a9c0f482657b8447e32ed82429e7d62b9dd7bf,build_found,995eff975fb2bbe6a5dd8ce5ee19e019159472fb,8511775,2013-06-27 17:08:33,8,10a9c0f482657b8447e32ed82429e7d62b9dd7bf#498ffa27f99964eb15758402dbb1ebc8135686e0#ce8b46f300ae45e2c207c58b50cdc93460bbd7a1,3,10a9c0f482657b8447e32ed82429e7d62b9dd7bf,,10a9c0f482657b8447e32ed82429e7d62b9dd7bf,,0,,59,0,0,1,4,0,0,3,0,1,60,415,653.012048192771,65.0602409638554,93.9759036144578,1.0,,2013-06-27 17:19:37,2013-06-27 17:20:26,passed,116,"[8512714, 8512711, 8512715]",48,8512711,ruby,ok,,ruby,rspec,1.0,,33,0,33,6,,0.69,,0
8627012,technicalpickles/homesick,0.0,,,ruby,,master,1,26ce289e9b21e8824b43db0b7d50a4af35180e98,build_found,10a9c0f482657b8447e32ed82429e7d62b9dd7bf,8512710,2013-07-01 16:35:19,8,26ce289e9b21e8824b43db0b7d50a4af35180e98,1,26ce289e9b21e8824b43db0b7d50a4af35180e98,,26ce289e9b21e8824b43db0b7d50a4af35180e98,,0,,2,0,0,0,1,0,0,1,0,0,34,415,653.012048192771,65.0602409638554,93.9759036144578,1.0,,2013-07-01 16:35:30,2013-07-01 16:36:23,passed,214,"[8627014, 8627013, 8627015]",49,8627015,ruby,ok,,ruby,rspec,1.0,,33,0,33,6,,0.61,,0
8801515,technicalpickles/homesick,0.0,,,ruby,,master,1,600811ff015a81c38b682a0ea8abe22e25aee3a1,build_found,26ce289e9b21e8824b43db0b7d50a4af35180e98,8627012,2013-07-06 18:26:34,8,600811ff015a81c38b682a0ea8abe22e25aee3a1,1,600811ff015a81c38b682a0ea8abe22e25aee3a1,,600811ff015a81c38b682a0ea8abe22e25aee3a1,,0,,2,0,0,0,2,0,0,1,0,0,32,415,653.012048192771,65.0602409638554,93.9759036144578,1.0,,2013-07-06 18:26:45,2013-07-06 18:27:23,passed,158,"[8801517, 8801516, 8801518]",50,8801518,ruby,ok,,ruby,rspec,1.0,,33,0,33,6,,1.71,,0
8801738,technicalpickles/homesick,0.0,,,ruby,,master,1,846c5c202bfe8560bda402448c3f55d5f4462694,build_found,600811ff015a81c38b682a0ea8abe22e25aee3a1,8801515,2013-07-06 18:36:51,8,846c5c202bfe8560bda402448c3f55d5f4462694,1,846c5c202bfe8560bda402448c3f55d5f4462694,,846c5c202bfe8560bda402448c3f55d5f4462694,,0,,34,0,0,0,1,0,0,1,0,0,25,415,653.012048192771,65.0602409638554,93.9759036144578,1.0,,2013-07-06 18:36:55,2013-07-06 18:37:26,passed,154,"[8801741, 8801739, 8801740]",51,8801741,ruby,ok,,ruby,rspec,1.0,,33,0,33,6,,0.89,,0
9165413,technicalpickles/homesick,1.0,2013-07-17 01:52:38,47,ruby,merge_button,master,3,bfce04e63c25682bafab4faafc5e213ad7037888#4b38eb848fcab66bad4fef24f684872b6fad1d44#40efb2f58a2f1a1596059bd6299a3731e1175c83,build_found,846c5c202bfe8560bda402448c3f55d5f4462694,8801738,2013-07-17 03:49:40,8,4b38eb848fcab66bad4fef24f684872b6fad1d44#bfce04e63c25682bafab4faafc5e213ad7037888,2,4b38eb848fcab66bad4fef24f684872b6fad1d44,846c5c202bfe8560bda402448c3f55d5f4462694,0f11ee79329d893bc66e4e2d30f4575c90290aa2,0,0,0,44,88,0,0,4,0,0,3,0,1,108,445,755.056179775281,74.1573033707865,112.359550561798,1.0,7,2013-07-21 17:37:17,2013-07-17 03:53:21,passed,147,"[9165415, 9165416, 9165414]",52,9165415,ruby,ok,,ruby,rspec,1.0,,39,0,39,6,,1.05,,0
9326907,technicalpickles/homesick,0.0,,,ruby,,master,3,bfce04e63c25682bafab4faafc5e213ad7037888#4b38eb848fcab66bad4fef24f684872b6fad1d44#40efb2f58a2f1a1596059bd6299a3731e1175c83,merge_found,,,2013-07-17 03:49:40,8,40efb2f58a2f1a1596059bd6299a3731e1175c83,1,40efb2f58a2f1a1596059bd6299a3731e1175c83,,40efb2f58a2f1a1596059bd6299a3731e1175c83,,0,,44,88,0,0,4,0,0,3,0,1,110,445,755.056179775281,74.1573033707865,112.359550561798,1.0,,2013-07-21 17:37:17,2013-07-21 17:37:49,passed,183,"[9326908, 9326909, 9326910]",57,9326908,ruby,ok,,ruby,rspec,1.0,,39,0,39,6,,1.84,,0
9327062,technicalpickles/homesick,0.0,,,ruby,,master,3,92dc611bb15fe02733b8e7d5982c7b1d696fbc0b#3d59bc7a972c62af3f0f86c2afec7105866e4f8e#0ff5325e3eae19373ab3e1bc958132e0e53de9a0,merge_found,,,2013-06-21 12:45:26,8,0ff5325e3eae19373ab3e1bc958132e0e53de9a0,1,0ff5325e3eae19373ab3e1bc958132e0e53de9a0,,0ff5325e3eae19373ab3e1bc958132e0e53de9a0,,0,,2,2,0,0,2,0,0,2,0,0,101,445,755.056179775281,74.1573033707865,112.359550561798,1.0,,2013-07-21 17:47:33,2013-07-21 17:48:02,passed,165,"[9327064, 9327065, 9327063]",58,9327064,ruby,ok,,ruby,rspec,1.0,,39,0,39,6,,0.96,,0
9656927,technicalpickles/homesick,0.0,,,ruby,,master,5,75dcad8ea4839ffd75527c027c45b6279c72c0fa#b043f2a5ed66f1dcf0aca6cc8eeacb58df383d2b#8e06beced644b7e88b3947e881b6543e5bc3b9ad#4b20c7224e5c655d21b3db086b2de3bbd39d5d76#e3bee69b27bab311354e56451777fda080730749,merge_found,,,2013-07-17 04:13:03,8,e3bee69b27bab311354e56451777fda080730749,1,e3bee69b27bab311354e56451777fda080730749,,e3bee69b27bab311354e56451777fda080730749,,0,,12,54,0,0,2,0,0,2,0,0,105,452,836.283185840708,79.646017699115,130.530973451327,1.0,,2013-07-30 16:54:51,2013-07-30 16:57:22,passed,347,"[9656929, 9656928, 9656930]",59,9656930,ruby,ok,,ruby,rspec,1.0,,42,0,42,6,,3.72,,0
9694792,technicalpickles/homesick,0.0,,,ruby,,master,2,334a1db262a559f4fdb6a48dec915c81f00bd9fa#cbb6117d69e0859523a2abce31a1bd2788add2a4,build_found,e3bee69b27bab311354e56451777fda080730749,9656927,2013-07-31 14:14:51,8,cbb6117d69e0859523a2abce31a1bd2788add2a4#334a1db262a559f4fdb6a48dec915c81f00bd9fa,2,cbb6117d69e0859523a2abce31a1bd2788add2a4,,cbb6117d69e0859523a2abce31a1bd2788add2a4,,0,,0,19,0,0,1,0,0,1,0,0,56,452,829.646017699115,79.646017699115,130.530973451327,1.0,,2013-07-31 14:22:35,2013-07-31 14:23:41,passed,229,"[9694793, 9694795, 9694794]",60,9694794,ruby,ok,,ruby,rspec,1.0,,42,0,42,6,,1.19,,0
9695472,technicalpickles/homesick,0.0,,,ruby,,master,1,d1f87be435e75e85713c788d365c8b9b862bfa5f,build_found,cbb6117d69e0859523a2abce31a1bd2788add2a4,9694792,2013-07-31 14:38:37,8,d1f87be435e75e85713c788d365c8b9b862bfa5f,1,d1f87be435e75e85713c788d365c8b9b862bfa5f,,d1f87be435e75e85713c788d365c8b9b862bfa5f,,0,,2,0,0,0,3,0,0,1,0,0,57,452,829.646017699115,79.646017699115,130.530973451327,1.0,,2013-07-31 14:38:47,2013-07-31 14:39:42,passed,204,"[9695476, 9695474, 9695477]",61,9695477,ruby,ok,,ruby,rspec,1.0,,42,0,42,6,,5.32,,0
9695537,technicalpickles/homesick,0.0,,,ruby,,master,1,ac34249afe6df1ee81683e8bcbb95b81a3ee7509,build_found,d1f87be435e75e85713c788d365c8b9b862bfa5f,9695472,2013-07-31 14:40:22,8,ac34249afe6df1ee81683e8bcbb95b81a3ee7509,1,ac34249afe6df1ee81683e8bcbb95b81a3ee7509,,ac34249afe6df1ee81683e8bcbb95b81a3ee7509,,0,,4,0,0,0,1,0,0,1,0,0,27,452,829.646017699115,79.646017699115,130.530973451327,1.0,,2013-07-31 14:40:31,2013-07-31 14:42:20,passed,235,"[9695538, 9695540, 9695539]",62,9695540,ruby,ok,,ruby,rspec,1.0,,42,0,42,6,,3.32,,0
9695587,technicalpickles/homesick,0.0,,,ruby,,master,1,0d28a3ef9b4c8fa97748e8db82cdce5a1cec0c05,build_found,ac34249afe6df1ee81683e8bcbb95b81a3ee7509,9695537,2013-07-31 14:41:36,8,0d28a3ef9b4c8fa97748e8db82cdce5a1cec0c05,1,0d28a3ef9b4c8fa97748e8db82cdce5a1cec0c05,,0d28a3ef9b4c8fa97748e8db82cdce5a1cec0c05,,0,,2,0,0,0,1,0,0,1,0,0,30,452,829.646017699115,79.646017699115,130.530973451327,1.0,,2013-07-31 14:41:47,2013-07-31 14:42:29,passed,237,"[9695590, 9695589, 9695588]",63,9695589,ruby,ok,,ruby,rspec,1.0,,42,0,42,6,,1.44,,0
9695613,technicalpickles/homesick,0.0,,,ruby,,master,1,191ce11d8e1abba53fc248abbe2c6c26f8fe30dc,build_found,0d28a3ef9b4c8fa97748e8db82cdce5a1cec0c05,9695587,2013-07-31 14:41:49,8,191ce11d8e1abba53fc248abbe2c6c26f8fe30dc,1,191ce11d8e1abba53fc248abbe2c6c26f8fe30dc,,191ce11d8e1abba53fc248abbe2c6c26f8fe30dc,,0,,2,0,0,0,1,0,0,1,0,0,28,452,829.646017699115,79.646017699115,130.530973451327,1.0,,2013-07-31 14:41:58,2013-07-31 14:45:11,passed,228,"[9695615, 9695614, 9695616]",64,9695614,ruby,ok,,ruby,rspec,1.0,,42,0,42,6,,1.62,,0
11516321,technicalpickles/homesick,1.0,2013-09-18 14:25:28,51,ruby,merge_button,master,2,a7d2d0a3f3ca1e3e921fe8bf759d11380ce99b7c#461ac5f2264b2bd5012072995b28f898543763af,build_found,191ce11d8e1abba53fc248abbe2c6c26f8fe30dc,9695613,2013-09-18 16:25:09,9,a7d2d0a3f3ca1e3e921fe8bf759d11380ce99b7c,1,a7d2d0a3f3ca1e3e921fe8bf759d11380ce99b7c,191ce11d8e1abba53fc248abbe2c6c26f8fe30dc,b036f8e099c55124565798a1eb73a7a55a242795,4,0,0,14,13,0,0,2,0,0,2,0,0,79,452,847.345132743363,81.858407079646,134.955752212389,1.0,119,2013-09-18 16:46:40,2013-09-18 16:28:51,passed,232,"[11516322, 11516323, 11516324]",71,11516324,ruby,ok,,ruby,rspec,1.0,,43,0,43,6,,4.22,,0
11517161,technicalpickles/homesick,0.0,,,ruby,,master,2,a7d2d0a3f3ca1e3e921fe8bf759d11380ce99b7c#461ac5f2264b2bd5012072995b28f898543763af,merge_found,,,2013-09-18 16:25:09,9,461ac5f2264b2bd5012072995b28f898543763af,1,461ac5f2264b2bd5012072995b28f898543763af,,461ac5f2264b2bd5012072995b28f898543763af,,0,,14,13,0,0,2,0,0,2,0,0,80,452,847.345132743363,81.858407079646,134.955752212389,1.0,,2013-09-18 16:46:40,2013-09-18 16:48:36,passed,223,"[11517162, 11517163, 11517164]",72,11517164,ruby,ok,,ruby,rspec,1.0,,43,0,43,6,,1.32,,0
11517194,technicalpickles/homesick,0.0,,,ruby,,master,1,88ff4b85cebf8597d0f9b77d82ecd7a978307e85,build_found,461ac5f2264b2bd5012072995b28f898543763af,11517161,2013-09-18 16:47:36,9,88ff4b85cebf8597d0f9b77d82ecd7a978307e85,1,88ff4b85cebf8597d0f9b77d82ecd7a978307e85,,88ff4b85cebf8597d0f9b77d82ecd7a978307e85,,0,,2,0,0,0,1,0,0,1,0,0,29,452,847.345132743363,81.858407079646,134.955752212389,1.0,,2013-09-18 16:47:41,2013-09-18 16:49:42,passed,256,"[11517195, 11517196, 11517197]",73,11517196,ruby,ok,,ruby,rspec,1.0,,43,0,43,6,,2.46,,0
11517202,technicalpickles/homesick,0.0,,,ruby,,master,1,3d405542af53ee07d3d75229db5b59d160f00268,build_found,88ff4b85cebf8597d0f9b77d82ecd7a978307e85,11517194,2013-09-18 16:47:46,9,3d405542af53ee07d3d75229db5b59d160f00268,1,3d405542af53ee07d3d75229db5b59d160f00268,,3d405542af53ee07d3d75229db5b59d160f00268,,0,,8,0,0,0,1,0,0,1,0,0,30,452,847.345132743363,81.858407079646,134.955752212389,1.0,,2013-09-18 16:47:48,2013-09-18 16:52:25,passed,260,"[11517203, 11517204, 11517205]",74,11517205,ruby,ok,,ruby,rspec,1.0,,43,0,43,6,,3.86,,0
11517212,technicalpickles/homesick,0.0,,,ruby,,master,1,59c137c653e16d43f8206b5a0af6bc4c6c402c6a,build_found,3d405542af53ee07d3d75229db5b59d160f00268,11517202,2013-09-18 16:48:26,9,59c137c653e16d43f8206b5a0af6bc4c6c402c6a,1,59c137c653e16d43f8206b5a0af6bc4c6c402c6a,,59c137c653e16d43f8206b5a0af6bc4c6c402c6a,,0,,2,0,0,0,1,0,0,1,0,0,31,452,847.345132743363,81.858407079646,134.955752212389,1.0,,2013-09-18 16:48:28,2013-09-18 16:52:38,passed,213,"[11517213, 11517214, 11517215]",75,11517214,ruby,ok,,ruby,rspec,1.0,,43,0,43,6,,4.43,,0
11517216,technicalpickles/homesick,0.0,,,ruby,,master,1,9c345828b08c20c94da9df4d346dcbc91eda6b69,build_found,59c137c653e16d43f8206b5a0af6bc4c6c402c6a,11517212,2013-09-18 16:48:33,9,9c345828b08c20c94da9df4d346dcbc91eda6b69,1,9c345828b08c20c94da9df4d346dcbc91eda6b69,,9c345828b08c20c94da9df4d346dcbc91eda6b69,,0,,2,0,0,0,1,0,0,1,0,0,31,452,847.345132743363,81.858407079646,134.955752212389,1.0,,2013-09-18 16:48:35,2013-09-18 16:54:45,passed,237,"[11517217, 11517218, 11517219]",76,11517219,ruby,ok,,ruby,rspec,1.0,,43,0,43,6,,4.77,,0
11720590,technicalpickles/homesick,1.0,2013-09-23 16:38:56,53,ruby,merge_button,master,4,aa95ffac82249d7837a8a6025619a61e68151d7a#d953a964cd32d3f3056c7f1ec45000ecbfc5ee8d#b750094934d4071a1205744007a3e9f6f979fa66#a0c7fbacb7fee73ff6853d37524ca5b51763867a,build_found,9c345828b08c20c94da9df4d346dcbc91eda6b69,11517216,2013-09-23 18:30:10,9,b750094934d4071a1205744007a3e9f6f979fa66#d953a964cd32d3f3056c7f1ec45000ecbfc5ee8d#aa95ffac82249d7837a8a6025619a61e68151d7a,3,b750094934d4071a1205744007a3e9f6f979fa66,9c345828b08c20c94da9df4d346dcbc91eda6b69,dc149088798a0c6e23aab91fe0b90e7f7eeef142,1,0,0,4,2,0,0,2,0,0,2,0,0,110,452,847.345132743363,81.858407079646,134.955752212389,0.0,10,2013-10-07 16:39:41,2013-09-24 06:25:12,passed,164,"[11720591, 11720592, 11720593]",79,11720593,ruby,ok,,ruby,rspec,1.0,,43,0,43,6,,1.9,,0
12238495,technicalpickles/homesick,0.0,,,ruby,,master,4,aa95ffac82249d7837a8a6025619a61e68151d7a#d953a964cd32d3f3056c7f1ec45000ecbfc5ee8d#b750094934d4071a1205744007a3e9f6f979fa66#a0c7fbacb7fee73ff6853d37524ca5b51763867a,merge_found,,,2013-09-23 18:30:10,9,a0c7fbacb7fee73ff6853d37524ca5b51763867a,1,a0c7fbacb7fee73ff6853d37524ca5b51763867a,,a0c7fbacb7fee73ff6853d37524ca5b51763867a,,0,,2,2,0,0,2,0,0,2,0,0,113,452,847.345132743363,81.858407079646,134.955752212389,1.0,,2013-10-07 16:39:41,2013-10-07 16:40:20,passed,211,"[12238496, 12238497, 12238498]",80,12238497,ruby,ok,,ruby,rspec,1.0,,43,0,43,6,,2.49,,0
12719514,technicalpickles/homesick,0.0,,,ruby,,master,2,6cc28450a41936a6e595fdcad75dfec8a3cf2711#e4a428e0c5e98d3c144bc402547fb06b0bcc9854,merge_found,,,2013-10-18 12:35:56,9,e4a428e0c5e98d3c144bc402547fb06b0bcc9854,1,e4a428e0c5e98d3c144bc402547fb06b0bcc9854,,e4a428e0c5e98d3c144bc402547fb06b0bcc9854,,0,,2,0,0,0,1,0,0,1,0,0,91,452,847.345132743363,81.858407079646,134.955752212389,1.0,,2013-10-18 14:15:06,2013-10-18 14:18:06,passed,293,"[12719515, 12719516, 12719517]",82,12719517,ruby,ok,,ruby,rspec,1.0,,43,0,43,6,,0.0,,0
12719613,technicalpickles/homesick,0.0,,,ruby,,master,1,3265de0c1d8e3280008aa86d57524c419c470472,build_found,e4a428e0c5e98d3c144bc402547fb06b0bcc9854,12719514,2013-10-18 14:17:39,9,3265de0c1d8e3280008aa86d57524c419c470472,1,3265de0c1d8e3280008aa86d57524c419c470472,,3265de0c1d8e3280008aa86d57524c419c470472,,0,,2,0,0,0,1,0,0,1,0,0,32,452,847.345132743363,81.858407079646,134.955752212389,1.0,,2013-10-18 14:17:41,2013-10-18 14:20:07,passed,375,"[12719614, 12719615, 12719616]",83,12719615,ruby,ok,,ruby,rspec,1.0,,43,0,43,6,,1.92,,0
12719642,technicalpickles/homesick,0.0,,,ruby,,master,1,04602efd6ee925bad2de60ca2837c7075534bec3,build_found,3265de0c1d8e3280008aa86d57524c419c470472,12719613,2013-10-18 14:18:07,9,04602efd6ee925bad2de60ca2837c7075534bec3,1,04602efd6ee925bad2de60ca2837c7075534bec3,,04602efd6ee925bad2de60ca2837c7075534bec3,,0,,2,0,0,0,1,0,0,1,0,0,32,452,847.345132743363,81.858407079646,134.955752212389,1.0,,2013-10-18 14:18:13,2013-10-18 14:20:40,passed,226,"[12719643, 12719644, 12719645]",84,12719645,ruby,ok,,ruby,rspec,1.0,,43,0,43,6,,1.18,,0
12719649,technicalpickles/homesick,0.0,,,ruby,,master,1,093db8bdac2203dd42fced56eac279109f3ed4e4,build_found,04602efd6ee925bad2de60ca2837c7075534bec3,12719642,2013-10-18 14:18:15,9,093db8bdac2203dd42fced56eac279109f3ed4e4,1,093db8bdac2203dd42fced56eac279109f3ed4e4,,093db8bdac2203dd42fced56eac279109f3ed4e4,,0,,2,0,0,0,1,0,0,1,0,0,33,452,847.345132743363,81.858407079646,134.955752212389,1.0,,2013-10-18 14:18:18,2013-10-18 14:23:17,passed,235,"[12719650, 12719651, 12719652]",85,12719650,ruby,ok,,ruby,rspec,1.0,,43,0,43,6,,1.09,,0
13288184,technicalpickles/homesick,0.0,,,ruby,,master,2,1d5f27f567f4c06479c74c2811c48789b00da76f#34fec632342f580bc31e43be670769521f4de31f,merge_found,,,2013-10-30 18:01:40,9,34fec632342f580bc31e43be670769521f4de31f,1,34fec632342f580bc31e43be670769521f4de31f,,34fec632342f580bc31e43be670769521f4de31f,,0,,0,0,0,0,1,0,0,0,0,0,23,452,847.345132743363,81.858407079646,134.955752212389,1.0,,2013-10-30 22:20:35,2013-10-30 22:22:24,passed,239,"[13288185, 13288186, 13288187]",88,13288186,ruby,ok,,ruby,rspec,1.0,,43,0,43,6,,3.52,,0
13418417,technicalpickles/homesick,0.0,,,ruby,,master,2,2d0304feb12b90e935c8fa067cb33c505584c6ab#a65c2e6a1f67630d4514941de085472a4e6b3f68,merge_found,,,2013-11-02 20:15:51,9,a65c2e6a1f67630d4514941de085472a4e6b3f68,1,a65c2e6a1f67630d4514941de085472a4e6b3f68,,a65c2e6a1f67630d4514941de085472a4e6b3f68,,0,,2,0,0,0,1,0,0,1,0,0,40,452,847.345132743363,81.858407079646,134.955752212389,1.0,,2013-11-02 23:02:21,2013-11-02 23:02:52,passed,152,"[13418418, 13418419, 13418420]",90,13418418,ruby,ok,,ruby,rspec,1.0,,43,0,43,6,,1.04,,0
13418439,technicalpickles/homesick,0.0,,,ruby,,master,1,5a8b92f556b354a8899df9ff310535c6b5223fa2,build_found,a65c2e6a1f67630d4514941de085472a4e6b3f68,13418417,2013-11-02 23:03:51,9,5a8b92f556b354a8899df9ff310535c6b5223fa2,1,5a8b92f556b354a8899df9ff310535c6b5223fa2,,5a8b92f556b354a8899df9ff310535c6b5223fa2,,0,,2,0,0,0,1,0,0,1,0,0,33,452,847.345132743363,81.858407079646,134.955752212389,1.0,,2013-11-02 23:03:55,2013-11-02 23:04:29,passed,186,"[13418440, 13418441, 13418442]",91,13418442,ruby,ok,,ruby,rspec,1.0,,43,0,43,6,,1.22,,0
13418443,technicalpickles/homesick,0.0,,,ruby,,master,1,8874994feb6225837aee905cb74af83e458a275b,build_found,5a8b92f556b354a8899df9ff310535c6b5223fa2,13418439,2013-11-02 23:03:57,9,8874994feb6225837aee905cb74af83e458a275b,1,8874994feb6225837aee905cb74af83e458a275b,,8874994feb6225837aee905cb74af83e458a275b,,0,,4,0,0,0,1,0,0,1,0,0,34,452,847.345132743363,81.858407079646,134.955752212389,1.0,,2013-11-02 23:03:59,2013-11-02 23:04:39,passed,181,"[13418444, 13418445, 13418446]",92,13418446,ruby,ok,,ruby,rspec,1.0,,43,0,43,6,,1.34,,0
14507998,technicalpickles/homesick,0.0,,,ruby,,master,,,merge_found,,,,10,086828b12f684658e0ec0dd40ccc3a660cf7a8e2,1,086828b12f684658e0ec0dd40ccc3a660cf7a8e2,,086828b12f684658e0ec0dd40ccc3a660cf7a8e2,,0,,43,23,0,0,3,0,0,3,0,0,184,485,826.80412371134,80.4123711340206,134.020618556701,1.0,,,2013-11-25 19:44:17,passed,227,"[14507999, 14508000, 14508001]",96,14508000,ruby,ok,,ruby,rspec,1.0,,45,0,45,6,,3.86,,0
14784665,technicalpickles/homesick,0.0,,,ruby,,master,2,208adeef6c4ded1d61652ee3ef93e67fff9722b9#900277f4266c44e7a27d15b7d5ce9466fcb3136e,merge_found,,,2013-11-30 22:23:47,10,900277f4266c44e7a27d15b7d5ce9466fcb3136e,1,900277f4266c44e7a27d15b7d5ce9466fcb3136e,,900277f4266c44e7a27d15b7d5ce9466fcb3136e,,0,,0,0,0,0,1,0,0,0,0,0,37,485,826.80412371134,80.4123711340206,134.020618556701,1.0,,2013-12-02 00:38:59,2013-12-02 00:39:38,passed,189,"[14784666, 14784667, 14784668]",98,14784666,ruby,ok,,ruby,rspec,1.0,,45,0,45,6,,1.26,,0
16638416,technicalpickles/homesick,1.0,2014-01-05 03:00:56,71,ruby,merge_button,master,4,8931739e977801517a2a063048a630d2a720bb8a#8bf18643356bce0eadfc57e4f02cc93a3da26ca3#674ffb6bb2918138cfcaa5cb695e39c8f30311a6#a60ca62eba8052a0c83270745ca53a5574677346,build_found,e787abd3f316c1e08879d168341b07d26b7ebe06,16503921,2014-01-05 02:02:55,11,8bf18643356bce0eadfc57e4f02cc93a3da26ca3#8931739e977801517a2a063048a630d2a720bb8a,2,8bf18643356bce0eadfc57e4f02cc93a3da26ca3,e787abd3f316c1e08879d168341b07d26b7ebe06,42c8a6077ba9706b5a48c4ebcd12bf0b4e8cf177,4,0,0,2,4,0,0,3,0,0,2,0,1,48,511,888.454011741683,91.9765166340509,152.641878669276,1.0,73,2014-01-16 00:35:19,2014-01-09 07:50:48,passed,442,"[16638417, 16638418]",134,16638418,ruby,ok,,ruby,rspec,1.0,,51,0,51,4,,2.29,,0
17033433,technicalpickles/homesick,0.0,,,ruby,,master,4,8931739e977801517a2a063048a630d2a720bb8a#8bf18643356bce0eadfc57e4f02cc93a3da26ca3#674ffb6bb2918138cfcaa5cb695e39c8f30311a6#a60ca62eba8052a0c83270745ca53a5574677346,merge_found,,,2014-01-05 02:02:55,11,a60ca62eba8052a0c83270745ca53a5574677346,1,a60ca62eba8052a0c83270745ca53a5574677346,,a60ca62eba8052a0c83270745ca53a5574677346,,0,,2,4,0,0,3,0,0,2,0,1,52,527,872.865275142315,91.0815939278937,149.905123339658,1.0,,2014-01-16 00:35:19,2014-01-16 00:40:29,passed,488,"[17033434, 17033435]",144,17033435,ruby,ok,,ruby,rspec,1.0,,52,0,52,4,,4.83,,0
17033823,technicalpickles/homesick,0.0,,,ruby,,master,2,2dadd4e064258cf158b05c34e16f9a159a8b204f#2dba8b6496c8eefa4a6bd310382f1ed4d90bfe7f,merge_found,,,2014-01-16 00:38:02,11,2dba8b6496c8eefa4a6bd310382f1ed4d90bfe7f,1,2dba8b6496c8eefa4a6bd310382f1ed4d90bfe7f,,2dba8b6496c8eefa4a6bd310382f1ed4d90bfe7f,,0,,2,4,0,0,3,0,0,2,0,1,54,527,872.865275142315,91.0815939278937,149.905123339658,1.0,,2014-01-16 00:42:46,2014-01-16 00:47:06,passed,506,"[17033824, 17033825]",146,17033825,ruby,ok,,ruby,rspec,1.0,,52,0,52,4,,4.17,,0
17033850,technicalpickles/homesick,0.0,,,ruby,,master,10,76bee65475eae3e56005c245c4b172656183f777#264d5868635818af7ced1e40b5cd920d6cb4d448#148d18565fa23ae568f82b56ee77b05718a9af46#ab46cf7b2f5d2ff420714fefad706757c006a8f4#df8f6b1cb0281bbc6ca755b0b39e26e0dd01c5d8#6e25f13e06d234d633fe92a8e0a5cd774bf30c11#8a537b8204ce7bc52cd21bc6fc8429eb38e46509#5fa0fc037c618af1b35f31049f55caaa14125811#7c137279787d7dc71a5a0b721e37721a4e85e8cd#faa5f0b9edfe11475347ed089db4a9b77c9f1bad,merge_found,,,2014-01-02 15:27:11,11,faa5f0b9edfe11475347ed089db4a9b77c9f1bad,1,faa5f0b9edfe11475347ed089db4a9b77c9f1bad,,faa5f0b9edfe11475347ed089db4a9b77c9f1bad,,0,,4,64,0,0,2,0,0,2,0,0,130,527,963.946869070209,104.364326375712,166.982922201139,1.0,,2014-01-16 00:43:36,2014-01-16 00:49:03,passed,574,"[17033851, 17033852]",147,17033852,ruby,ok,,ruby,rspec,1.0,,55,0,55,0,,2.72,,0
17035299,technicalpickles/homesick,0.0,,,ruby,,master,1,e5a6e433339326ef70780a2857fc5c7e29bb1fde,build_found,faa5f0b9edfe11475347ed089db4a9b77c9f1bad,17033850,2014-01-16 01:23:25,11,e5a6e433339326ef70780a2857fc5c7e29bb1fde,1,e5a6e433339326ef70780a2857fc5c7e29bb1fde,,e5a6e433339326ef70780a2857fc5c7e29bb1fde,,0,,6,0,0,0,3,0,0,1,0,0,74,527,963.946869070209,104.364326375712,166.982922201139,1.0,,2014-01-16 01:24:28,2014-01-16 01:26:17,passed,462,"[17035300, 17035301]",148,17035300,ruby,ok,,ruby,rspec,1.0,,55,0,55,0,,5.83,,0
17035351,technicalpickles/homesick,0.0,,,ruby,,master,1,db0f604faf2669d4a529016e465d5cf858eaae63,build_found,e5a6e433339326ef70780a2857fc5c7e29bb1fde,17035299,2014-01-16 01:24:36,11,db0f604faf2669d4a529016e465d5cf858eaae63,1,db0f604faf2669d4a529016e465d5cf858eaae63,,db0f604faf2669d4a529016e465d5cf858eaae63,,0,,36,0,0,0,1,0,0,1,0,0,52,527,963.946869070209,104.364326375712,166.982922201139,1.0,,2014-01-16 01:25:59,2014-01-16 01:26:46,passed,525,"[17035352, 17035353]",149,17035352,ruby,ok,,ruby,rspec,1.0,,55,0,55,0,,8.06,,0
17038235,technicalpickles/homesick,1.0,2014-01-16 01:57:00,81,ruby,merge_button,master,2,3fcbd21104727de3fc1c6bc0a6504e1f6c07dfb1#2b48544e32587d95b2c823c8ed3299d880a0f6ec,build_found,db0f604faf2669d4a529016e465d5cf858eaae63,17035366,2014-01-16 02:41:07,11,3fcbd21104727de3fc1c6bc0a6504e1f6c07dfb1,1,3fcbd21104727de3fc1c6bc0a6504e1f6c07dfb1,db0f604faf2669d4a529016e465d5cf858eaae63,ec30141235660713e101fd405875ae23acc7851e,0,0,0,0,0,0,0,2,0,0,0,0,1,62,527,963.946869070209,104.364326375712,166.982922201139,1.0,53,2014-01-20 20:56:21,2014-01-16 02:58:00,passed,676,"[17038236, 17038237, 17038238]",151,17038236,ruby,ok,,ruby,rspec,1.0,,55,0,55,0,,2.1,,0
17043659,technicalpickles/homesick,1.0,2014-01-16 04:46:03,82,ruby,merge_button,master,20,e202b7eae776024f292fd3e226d91d745721de65#f03e7670cf1c04f36ca70eb1bf870f8bf69f5658#fc2bbb1d6e2f3d37c7fed28e8fedacd859524744#12244abb568d84efbf082007a0b51a09f1c2b93a#8f634b9d079a9a7ba89939cbaac02b17180edce6#7d36460851d536a84fa7657b9cad0c8429ca2771#604a3b2a20a9c80475d4699d2d722c42a3fa94ba#571c5799e92fbe1c10fd408b6f6d76b73fe8b84f#c667cefd4cf8caa7cb4bd25b9592bf507a478850#7e659f11fe7edb4ae63c8bef7feed64ba56e5dfa#e42eff4e10d8e64879a20e572b208c3a794dad3f#0bbb82f9ba6b1b9303c15a4ee7e0cc31524bec66#bb735763c6db5da6015cf6e5ce298c54bb0af390#82be04ad8a5078e583a556b579ec19c425a5a681#81734291310feb025fef213630d2ae6e397392d2#08a71f657f607a1cac2d62ae40aef03abfa6f4ed#95943deb820d3a26c8fd0aa13e4dbd4e31d81742#c2cb6081e19a6ddbb125aa6fef31fff1b3e0965c#98edb54ca44bd10f2be3c0233f794949eec5fef1#7253bdd634010cfe4e806919e64870754eea6139,build_found,db0f604faf2669d4a529016e465d5cf858eaae63,17035366,2014-01-05 01:20:10,11,81734291310feb025fef213630d2ae6e397392d2#82be04ad8a5078e583a556b579ec19c425a5a681#bb735763c6db5da6015cf6e5ce298c54bb0af390#0bbb82f9ba6b1b9303c15a4ee7e0cc31524bec66#e42eff4e10d8e64879a20e572b208c3a794dad3f#7e659f11fe7edb4ae63c8bef7feed64ba56e5dfa#c667cefd4cf8caa7cb4bd25b9592bf507a478850#571c5799e92fbe1c10fd408b6f6d76b73fe8b84f#604a3b2a20a9c80475d4699d2d722c42a3fa94ba#7d36460851d536a84fa7657b9cad0c8429ca2771#8f634b9d079a9a7ba89939cbaac02b17180edce6#12244abb568d84efbf082007a0b51a09f1c2b93a#fc2bbb1d6e2f3d37c7fed28e8fedacd859524744#f03e7670cf1c04f36ca70eb1bf870f8bf69f5658#e202b7eae776024f292fd3e226d91d745721de65,15,81734291310feb025fef213630d2ae6e397392d2,db0f604faf2669d4a529016e465d5cf858eaae63,225cb924e701bd8699b45a6ad754ce10e84c353c,0,0,0,313,241,2,1,8,0,0,6,0,2,201,595,974.789915966387,82.3529411764706,154.621848739496,1.0,104,2014-01-23 20:19:57,2014-01-16 05:46:51,passed,463,"[17043660, 17043661]",154,17043660,ruby,ok,,ruby,rspec,1.0,,55,0,55,0,,4.06,,0
17047029,technicalpickles/homesick,1.0,2014-01-16 06:53:02,83,ruby,merge_button,master,2,f1191d4b3c21cc0303818a782dad9dec6d84e129#8c6a17404fc29049796025dc62c2b9c82cf4bbcd,build_found,db0f604faf2669d4a529016e465d5cf858eaae63,17035366,2014-01-16 07:44:04,11,f1191d4b3c21cc0303818a782dad9dec6d84e129,1,f1191d4b3c21cc0303818a782dad9dec6d84e129,db0f604faf2669d4a529016e465d5cf858eaae63,5728ca691a80f3a5b529e8ec7a7e98c1961e70e0,0,0,0,18,0,0,0,1,0,0,1,0,0,63,514,988.326848249027,107.003891050584,171.206225680934,1.0,27,2014-01-22 12:14:28,2014-01-16 07:53:35,passed,478,"[17047030, 17047031]",155,17047030,ruby,ok,,ruby,rspec,1.0,,110,0,110,0,,4.18,,0
17299903,technicalpickles/homesick,0.0,,,ruby,,master,2,3fcbd21104727de3fc1c6bc0a6504e1f6c07dfb1#2b48544e32587d95b2c823c8ed3299d880a0f6ec,merge_found,,,2014-01-16 02:41:07,12,2b48544e32587d95b2c823c8ed3299d880a0f6ec,1,2b48544e32587d95b2c823c8ed3299d880a0f6ec,,2b48544e32587d95b2c823c8ed3299d880a0f6ec,,0,,0,0,0,0,2,0,0,0,0,1,63,527,963.946869070209,104.364326375712,166.982922201139,1.0,,2014-01-20 20:56:21,2014-01-20 20:57:35,passed,827,"[17299904, 17299905, 17299906]",156,17299904,unknown,unknown,,plain,,0.0,,,,,,,,,0
17319132,technicalpickles/homesick,1.0,2014-01-16 04:46:03,82,ruby,merge_button,master,20,e202b7eae776024f292fd3e226d91d745721de65#f03e7670cf1c04f36ca70eb1bf870f8bf69f5658#fc2bbb1d6e2f3d37c7fed28e8fedacd859524744#12244abb568d84efbf082007a0b51a09f1c2b93a#8f634b9d079a9a7ba89939cbaac02b17180edce6#7d36460851d536a84fa7657b9cad0c8429ca2771#604a3b2a20a9c80475d4699d2d722c42a3fa94ba#571c5799e92fbe1c10fd408b6f6d76b73fe8b84f#c667cefd4cf8caa7cb4bd25b9592bf507a478850#7e659f11fe7edb4ae63c8bef7feed64ba56e5dfa#e42eff4e10d8e64879a20e572b208c3a794dad3f#0bbb82f9ba6b1b9303c15a4ee7e0cc31524bec66#bb735763c6db5da6015cf6e5ce298c54bb0af390#82be04ad8a5078e583a556b579ec19c425a5a681#81734291310feb025fef213630d2ae6e397392d2#08a71f657f607a1cac2d62ae40aef03abfa6f4ed#95943deb820d3a26c8fd0aa13e4dbd4e31d81742#c2cb6081e19a6ddbb125aa6fef31fff1b3e0965c#98edb54ca44bd10f2be3c0233f794949eec5fef1#7253bdd634010cfe4e806919e64870754eea6139,build_found,81734291310feb025fef213630d2ae6e397392d2,17043659,2014-01-05 01:20:10,12,c2cb6081e19a6ddbb125aa6fef31fff1b3e0965c#95943deb820d3a26c8fd0aa13e4dbd4e31d81742#08a71f657f607a1cac2d62ae40aef03abfa6f4ed,3,c2cb6081e19a6ddbb125aa6fef31fff1b3e0965c,2b48544e32587d95b2c823c8ed3299d880a0f6ec,f09b481b079ebfda1395c64e7f014b3f9eea0461,6,0,4,88,75,0,0,5,0,0,4,0,1,215,567,985.890652557319,97.0017636684303,162.257495590829,1.0,104,2014-01-23 20:19:57,2014-01-21 04:27:26,passed,809,"[17319133, 17319134, 17319135]",159,17319133,unknown,unknown,,plain,,0.0,,,,,,,,,0
17378031,technicalpickles/homesick,0.0,,,ruby,,master,2,59f6239ea0dde6ac99735e4f3059f57d3cb2aa95#9b780ffac690ae9fd915ee3f978449ac2a3e6bc2,merge_found,,,2014-01-21 22:19:54,13,9b780ffac690ae9fd915ee3f978449ac2a3e6bc2,1,9b780ffac690ae9fd915ee3f978449ac2a3e6bc2,,9b780ffac690ae9fd915ee3f978449ac2a3e6bc2,,0,,6,30,0,0,2,0,0,2,0,0,179,528,962.121212121212,104.166666666667,166.666666666667,1.0,,2014-01-22 00:17:13,2014-01-22 00:17:51,passed,762,"[17378032, 17378033, 17378034]",161,17378033,ruby,ok,,ruby,rspec,1.0,,55,0,55,0,,4.82,,0
17385349,technicalpickles/homesick,1.0,2014-01-16 04:46:03,82,ruby,merge_button,master,20,e202b7eae776024f292fd3e226d91d745721de65#f03e7670cf1c04f36ca70eb1bf870f8bf69f5658#fc2bbb1d6e2f3d37c7fed28e8fedacd859524744#12244abb568d84efbf082007a0b51a09f1c2b93a#8f634b9d079a9a7ba89939cbaac02b17180edce6#7d36460851d536a84fa7657b9cad0c8429ca2771#604a3b2a20a9c80475d4699d2d722c42a3fa94ba#571c5799e92fbe1c10fd408b6f6d76b73fe8b84f#c667cefd4cf8caa7cb4bd25b9592bf507a478850#7e659f11fe7edb4ae63c8bef7feed64ba56e5dfa#e42eff4e10d8e64879a20e572b208c3a794dad3f#0bbb82f9ba6b1b9303c15a4ee7e0cc31524bec66#bb735763c6db5da6015cf6e5ce298c54bb0af390#82be04ad8a5078e583a556b579ec19c425a5a681#81734291310feb025fef213630d2ae6e397392d2#08a71f657f607a1cac2d62ae40aef03abfa6f4ed#95943deb820d3a26c8fd0aa13e4dbd4e31d81742#c2cb6081e19a6ddbb125aa6fef31fff1b3e0965c#98edb54ca44bd10f2be3c0233f794949eec5fef1#7253bdd634010cfe4e806919e64870754eea6139,merge_found,,,2014-01-05 01:20:10,13,98edb54ca44bd10f2be3c0233f794949eec5fef1,1,98edb54ca44bd10f2be3c0233f794949eec5fef1,9b780ffac690ae9fd915ee3f978449ac2a3e6bc2,221d89307136ca65b7ae7dc5dfb28297940fa677,7,0,4,6,30,0,0,4,0,0,2,0,1,245,568,984.154929577465,96.830985915493,161.971830985915,1.0,104,2014-01-23 20:19:57,2014-01-22 03:38:43,passed,695,"[17385350, 17385351, 17385352]",163,17385352,ruby,ok,,ruby,rspec,1.0,,55,0,55,0,,2.79,,0
17405400,technicalpickles/homesick,0.0,,,ruby,,master,2,f1191d4b3c21cc0303818a782dad9dec6d84e129#8c6a17404fc29049796025dc62c2b9c82cf4bbcd,merge_found,,,2014-01-16 07:44:04,13,8c6a17404fc29049796025dc62c2b9c82cf4bbcd,1,8c6a17404fc29049796025dc62c2b9c82cf4bbcd,,8c6a17404fc29049796025dc62c2b9c82cf4bbcd,,0,,18,0,0,0,1,0,0,1,0,0,64,515,986.407766990291,106.796116504854,170.873786407767,1.0,,2014-01-22 12:14:28,2014-01-22 12:15:06,passed,718,"[17405401, 17405402, 17405403]",164,17405402,ruby,ok,,ruby,rspec,1.0,,55,0,55,0,,2.08,,0
17503044,technicalpickles/homesick,0.0,,,ruby,,master,20,e202b7eae776024f292fd3e226d91d745721de65#f03e7670cf1c04f36ca70eb1bf870f8bf69f5658#fc2bbb1d6e2f3d37c7fed28e8fedacd859524744#12244abb568d84efbf082007a0b51a09f1c2b93a#8f634b9d079a9a7ba89939cbaac02b17180edce6#7d36460851d536a84fa7657b9cad0c8429ca2771#604a3b2a20a9c80475d4699d2d722c42a3fa94ba#571c5799e92fbe1c10fd408b6f6d76b73fe8b84f#c667cefd4cf8caa7cb4bd25b9592bf507a478850#7e659f11fe7edb4ae63c8bef7feed64ba56e5dfa#e42eff4e10d8e64879a20e572b208c3a794dad3f#0bbb82f9ba6b1b9303c15a4ee7e0cc31524bec66#bb735763c6db5da6015cf6e5ce298c54bb0af390#82be04ad8a5078e583a556b579ec19c425a5a681#81734291310feb025fef213630d2ae6e397392d2#08a71f657f607a1cac2d62ae40aef03abfa6f4ed#95943deb820d3a26c8fd0aa13e4dbd4e31d81742#c2cb6081e19a6ddbb125aa6fef31fff1b3e0965c#98edb54ca44bd10f2be3c0233f794949eec5fef1#7253bdd634010cfe4e806919e64870754eea6139,merge_found,,,2014-01-05 01:20:10,13,7253bdd634010cfe4e806919e64870754eea6139,1,7253bdd634010cfe4e806919e64870754eea6139,,7253bdd634010cfe4e806919e64870754eea6139,,0,,191,178,1,0,5,0,0,5,0,1,218,555,1007.20720720721,99.0990990990991,165.765765765766,1.0,,2014-01-23 20:19:57,2014-01-23 20:20:48,passed,749,"[17503045, 17503046, 17503047]",165,17503046,ruby,ok,,ruby,rspec,1.0,,55,0,55,0,,2.22,,0
17630515,technicalpickles/homesick,0.0,,,ruby,,master,1,94bff3aa9d989d70829f2205f38b56273ff398b3,build_found,7253bdd634010cfe4e806919e64870754eea6139,17503044,2014-01-26 04:16:15,13,94bff3aa9d989d70829f2205f38b56273ff398b3,1,94bff3aa9d989d70829f2205f38b56273ff398b3,,94bff3aa9d989d70829f2205f38b56273ff398b3,,0,,2,0,0,0,1,0,0,1,0,0,151,555,1007.20720720721,99.0990990990991,165.765765765766,1.0,,2014-01-26 04:17:14,2014-01-26 04:17:49,passed,637,"[17630516, 17630517, 17630518]",166,17630518,ruby,ok,,ruby,rspec,1.0,,55,0,55,0,,2.41,,0
20369379,technicalpickles/homesick,1.0,2014-03-08 21:27:54,93,ruby,commits_in_master,master,2,d91628f811f6cb395b020fbe55591c924a3bdb71#3f2d3431619bb87e5371f0774686a955f9fc3d2a,build_found,94bff3aa9d989d70829f2205f38b56273ff398b3,17630515,2014-03-08 01:28:35,11,d91628f811f6cb395b020fbe55591c924a3bdb71,1,d91628f811f6cb395b020fbe55591c924a3bdb71,94bff3aa9d989d70829f2205f38b56273ff398b3,976ba9eb86692c8cbf280e9c1863447c946f6c82,0,0,0,0,8,0,0,1,0,0,1,0,0,113,555,1007.20720720721,99.0990990990991,165.765765765766,1.0,45,2014-03-16 14:44:59,2014-03-08 22:28:27,passed,665,"[20369380, 20369381, 20369382]",169,20369380,ruby,ok,,ruby,rspec,1.0,,55,0,55,0,,2.82,,0
20880286,technicalpickles/homesick,0.0,,,ruby,,master,2,d91628f811f6cb395b020fbe55591c924a3bdb71#3f2d3431619bb87e5371f0774686a955f9fc3d2a,merge_found,,,2014-03-08 01:28:35,11,3f2d3431619bb87e5371f0774686a955f9fc3d2a,1,3f2d3431619bb87e5371f0774686a955f9fc3d2a,,3f2d3431619bb87e5371f0774686a955f9fc3d2a,,0,,0,8,0,0,1,0,0,1,0,0,114,555,1007.20720720721,99.0990990990991,165.765765765766,1.0,,2014-03-16 14:44:59,2014-03-16 14:45:34,passed,780,"[20880287, 20880288, 20880289]",170,20880289,ruby,ok,,ruby,rspec,1.0,,55,0,55,0,,2.11,,0
22335971,technicalpickles/homesick,1.0,2014-04-05 00:38:18,97,ruby,commits_in_master,master,2,bea3a0b6808e73a0f9c543ba89a611e61c41cc7d#ab603240e4f68690a49ab79ebf56fba75e62bb7d,build_found,8b6bf92e9a9d7930defc50061c82f352cd5a8f31,,2014-04-02 02:31:50,12,bea3a0b6808e73a0f9c543ba89a611e61c41cc7d,1,bea3a0b6808e73a0f9c543ba89a611e61c41cc7d,133c3613e9b789726d58cc61897d091e5e1bb0e0,1fe3ecbeef5adec4a19d9d957ec8035f4c1b98cd,4,0,0,19,42,0,0,2,0,0,2,0,0,201,573,1031.41361256544,101.221640488656,171.029668411867,1.0,49,2014-04-06 04:48:22,2014-04-05 13:25:21,passed,692,"[22335972, 22335973, 22335974]",179,22335973,ruby,ok,,ruby,rspec,1.0,,58,0,58,0,,2.47,,0
22335983,technicalpickles/homesick,0.0,,,ruby,,master,1,8b6bf92e9a9d7930defc50061c82f352cd5a8f31,build_found,133c3613e9b789726d58cc61897d091e5e1bb0e0,22321232,2014-04-05 13:18:56,12,8b6bf92e9a9d7930defc50061c82f352cd5a8f31,1,8b6bf92e9a9d7930defc50061c82f352cd5a8f31,,8b6bf92e9a9d7930defc50061c82f352cd5a8f31,,1,,0,9,0,0,1,0,0,1,0,0,118,555,1009.00900900901,99.0990990990991,162.162162162162,1.0,,2014-04-05 13:25:32,2014-04-05 13:26:02,passed,736,"[22335984, 22335985, 22335986]",180,22335985,ruby,ok,,ruby,rspec,1.0,,55,0,55,0,,2.58,,0
22367508,technicalpickles/homesick,1.0,2014-04-06 01:48:42,100,ruby,commits_in_master,master,3,349e75584f5635676b2bd7805e8952f3cd1192a9#2e5c2ec018a56e5ca73c5e7bcea1f83a013af018#9a3268b7c3d8eb3653116d558eb9f8f4afe7b9b0,build_found,8b6bf92e9a9d7930defc50061c82f352cd5a8f31,22335983,2014-04-06 03:27:29,12,2e5c2ec018a56e5ca73c5e7bcea1f83a013af018#349e75584f5635676b2bd7805e8952f3cd1192a9,2,2e5c2ec018a56e5ca73c5e7bcea1f83a013af018,8b6bf92e9a9d7930defc50061c82f352cd5a8f31,7816508b99f06faaa4fd4b8ae24114fb54eed53e,0,0,0,3,4,0,0,3,0,0,2,0,0,112,555,1009.00900900901,99.0990990990991,162.162162162162,1.0,4,2014-04-16 01:15:47,2014-04-06 03:49:17,passed,651,"[22367509, 22367510, 22367511]",181,22367510,ruby,ok,,ruby,rspec,1.0,,55,0,55,0,,2.39,,0
22368591,technicalpickles/homesick,0.0,,,ruby,,master,2,bea3a0b6808e73a0f9c543ba89a611e61c41cc7d#ab603240e4f68690a49ab79ebf56fba75e62bb7d,merge_found,,,2014-04-02 02:31:50,12,ab603240e4f68690a49ab79ebf56fba75e62bb7d,1,ab603240e4f68690a49ab79ebf56fba75e62bb7d,,ab603240e4f68690a49ab79ebf56fba75e62bb7d,,0,,19,42,0,0,2,0,0,2,0,0,202,573,1031.41361256544,101.221640488656,171.029668411867,1.0,,2014-04-06 04:48:22,2014-04-06 04:48:59,passed,716,"[22368592, 22368593, 22368594]",182,22368593,ruby,ok,,ruby,rspec,1.0,,58,0,58,0,,2.85,,0
22370195,technicalpickles/homesick,1.0,2014-04-06 04:06:51,101,ruby,commits_in_master,master,3,5dc7b5068de03f91ac94ebe8542bbd4658dbd7c6#84fb1d146277236ab919e3612fa89acbd6ca263a#53ac09a5e9de61c30f95e058e4f2ce9f43919aef,build_found,ab603240e4f68690a49ab79ebf56fba75e62bb7d,22368591,2014-01-16 10:43:20,12,84fb1d146277236ab919e3612fa89acbd6ca263a#5dc7b5068de03f91ac94ebe8542bbd4658dbd7c6,2,84fb1d146277236ab919e3612fa89acbd6ca263a,ab603240e4f68690a49ab79ebf56fba75e62bb7d,c5e260531d4f3f50a08e22d4333f79d7e35bc961,0,0,0,19,2,0,0,2,0,0,2,0,0,102,574,1029.61672473868,101.045296167247,170.731707317073,1.0,9,2014-04-13 21:17:32,2014-04-06 06:08:11,passed,653,"[22370196, 22370197, 22370198]",183,22370198,ruby,ok,,ruby,rspec,1.0,,58,0,58,0,,2.99,,0
22888623,technicalpickles/homesick,1.0,2014-04-13 13:01:45,105,ruby,commits_in_master,master,2,efea18327b22f24a91d45675bb5d457eec81ee96#8428ad1c9cc977fd5496dc14c47aaa28a5c91b24,build_found,ab603240e4f68690a49ab79ebf56fba75e62bb7d,22368591,2014-04-12 19:39:51,11,efea18327b22f24a91d45675bb5d457eec81ee96,1,efea18327b22f24a91d45675bb5d457eec81ee96,ab603240e4f68690a49ab79ebf56fba75e62bb7d,2d0ddb8f66ff5d4c1885e0b24e8388dd6a8699ed,0,0,0,46,100,0,0,2,0,0,2,0,0,203,610,1080.32786885246,106.55737704918,152.459016393443,1.0,49,2014-04-13 18:30:00,2014-04-13 15:02:25,passed,919,"[22888624, 22888625, 22888626]",184,22888626,ruby,ok,,ruby,rspec,1.0,,65,0,65,0,,4.04,,0
22897512,technicalpickles/homesick,0.0,,,ruby,,master,2,efea18327b22f24a91d45675bb5d457eec81ee96#8428ad1c9cc977fd5496dc14c47aaa28a5c91b24,merge_found,,,2014-04-12 19:39:51,11,8428ad1c9cc977fd5496dc14c47aaa28a5c91b24,1,8428ad1c9cc977fd5496dc14c47aaa28a5c91b24,,8428ad1c9cc977fd5496dc14c47aaa28a5c91b24,,0,,46,100,0,0,2,0,0,2,0,0,204,610,1080.32786885246,106.55737704918,152.459016393443,1.0,,2014-04-13 18:30:00,2014-04-13 18:30:32,passed,814,"[22897513, 22897514, 22897515]",185,22897515,ruby,ok,,ruby,rspec,1.0,,65,0,65,0,,3.83,,0
22898993,technicalpickles/homesick,0.0,,,ruby,,master,1,c790e34b396d35951bcecaf55d66fbb6dc8d721e,build_found,8428ad1c9cc977fd5496dc14c47aaa28a5c91b24,22897512,2014-04-13 18:58:54,11,c790e34b396d35951bcecaf55d66fbb6dc8d721e,1,c790e34b396d35951bcecaf55d66fbb6dc8d721e,,c790e34b396d35951bcecaf55d66fbb6dc8d721e,,0,,0,0,0,0,1,0,0,0,0,0,56,610,1080.32786885246,106.55737704918,152.459016393443,1.0,,2014-04-13 18:59:23,2014-04-13 19:00:06,passed,831,"[22898994, 22898995, 22898996]",187,22898994,ruby,ok,,ruby,rspec,1.0,,65,0,65,0,,3.11,,0
22906325,technicalpickles/homesick,0.0,,,ruby,,master,3,5dc7b5068de03f91ac94ebe8542bbd4658dbd7c6#84fb1d146277236ab919e3612fa89acbd6ca263a#53ac09a5e9de61c30f95e058e4f2ce9f43919aef,merge_found,,,2014-01-16 10:43:20,11,53ac09a5e9de61c30f95e058e4f2ce9f43919aef,1,53ac09a5e9de61c30f95e058e4f2ce9f43919aef,,53ac09a5e9de61c30f95e058e4f2ce9f43919aef,,0,,19,2,0,0,2,0,0,2,0,0,104,611,1078.55973813421,106.382978723404,152.209492635025,1.0,,2014-04-13 21:17:32,2014-04-13 21:18:15,passed,855,"[22906326, 22906327, 22906328]",188,22906326,ruby,ok,,ruby,rspec,1.0,,65,0,65,0,,3.77,,0
22906451,technicalpickles/homesick,0.0,,,ruby,,master,1,70c1666606b466e2f9f6948d5700b1ca8812746e,build_found,53ac09a5e9de61c30f95e058e4f2ce9f43919aef,22906325,2014-04-13 21:20:28,11,70c1666606b466e2f9f6948d5700b1ca8812746e,1,70c1666606b466e2f9f6948d5700b1ca8812746e,,70c1666606b466e2f9f6948d5700b1ca8812746e,,0,,0,0,0,0,1,0,0,0,0,0,57,611,1078.55973813421,106.382978723404,152.209492635025,1.0,,2014-04-13 21:20:29,2014-04-13 21:21:18,passed,849,"[22906452, 22906453, 22906454]",189,22906454,ruby,ok,,ruby,rspec,1.0,,65,0,65,0,,7.1,,0
23086515,technicalpickles/homesick,0.0,,,ruby,,master,3,349e75584f5635676b2bd7805e8952f3cd1192a9#2e5c2ec018a56e5ca73c5e7bcea1f83a013af018#9a3268b7c3d8eb3653116d558eb9f8f4afe7b9b0,merge_found,,,2014-04-06 03:27:29,11,9a3268b7c3d8eb3653116d558eb9f8f4afe7b9b0,1,9a3268b7c3d8eb3653116d558eb9f8f4afe7b9b0,,9a3268b7c3d8eb3653116d558eb9f8f4afe7b9b0,,0,,3,4,0,0,3,0,0,2,0,0,118,611,1078.55973813421,106.382978723404,152.209492635025,1.0,,2014-04-16 01:15:47,2014-04-16 01:16:28,passed,810,"[23086516, 23086517, 23086518]",190,23086518,ruby,ok,,ruby,rspec,1.0,,65,0,65,0,,3.9,,0
23088947,technicalpickles/homesick,1.0,2014-04-16 00:21:53,107,ruby,merge_button,master,2,74cfd2927291fd1d6e65c193d10a76e7953c89e3#41f3f9d3745162ba6295bbdcd5c8ad21bae1699d,build_found,9a3268b7c3d8eb3653116d558eb9f8f4afe7b9b0,23086515,2014-04-16 02:20:12,11,74cfd2927291fd1d6e65c193d10a76e7953c89e3,1,74cfd2927291fd1d6e65c193d10a76e7953c89e3,9a3268b7c3d8eb3653116d558eb9f8f4afe7b9b0,71cdc0f26134c6bf1b31681f7aa2fec042501765,0,0,0,396,0,1,0,1,0,0,2,0,0,156,617,1068.07131280389,105.348460291734,150.729335494327,1.0,24,2014-04-16 17:38:57,2014-04-16 02:22:37,passed,754,"[23088948, 23088949, 23088950]",191,23088949,ruby,ok,,ruby,rspec,1.0,,65,0,65,0,,5.86,,0
23140626,technicalpickles/homesick,0.0,,,ruby,,master,2,74cfd2927291fd1d6e65c193d10a76e7953c89e3#41f3f9d3745162ba6295bbdcd5c8ad21bae1699d,merge_found,,,2014-04-16 02:20:12,11,41f3f9d3745162ba6295bbdcd5c8ad21bae1699d,1,41f3f9d3745162ba6295bbdcd5c8ad21bae1699d,,41f3f9d3745162ba6295bbdcd5c8ad21bae1699d,,0,,396,0,1,0,1,0,0,2,0,0,157,617,1068.07131280389,105.348460291734,150.729335494327,1.0,,2014-04-16 17:38:57,2014-04-16 17:49:38,passed,913,"[23140627, 23140628, 23140629]",192,23140629,ruby,ok,,ruby,rspec,1.0,,65,0,65,0,,5.79,,0
23161862,technicalpickles/homesick,1.0,2014-04-16 20:20:57,110,ruby,commits_in_master,master,7,705a416d74deaa6150aa468d6e9f77e71eb25f74#f6c4e5e42e27b1f357eb97b60572202fe3a35929#03d87807e01161ed12658685e1f4d1a3116d7a60#1c3403064ec05ace8e568ab43aa0bb7595a2cc9e#214869786489ff3313aae04ec16eb2f93cf3f080#d9ee74bf142f82d8d57baf3197d72410d93652b3#b5138bcdd1f44e1b867887a29a56c9c8c6ab720e,build_found,41f3f9d3745162ba6295bbdcd5c8ad21bae1699d,23140626,2014-04-16 17:46:08,11,214869786489ff3313aae04ec16eb2f93cf3f080#1c3403064ec05ace8e568ab43aa0bb7595a2cc9e#03d87807e01161ed12658685e1f4d1a3116d7a60#f6c4e5e42e27b1f357eb97b60572202fe3a35929#705a416d74deaa6150aa468d6e9f77e71eb25f74,5,214869786489ff3313aae04ec16eb2f93cf3f080,41f3f9d3745162ba6295bbdcd5c8ad21bae1699d,c69b25401175e8db1ebb7968f0e35d8d7649a8e8,0,0,0,875,6,2,0,7,0,0,9,0,1,191,629,1047.69475357711,103.338632750397,147.85373608903,1.0,57,2014-04-22 16:46:50,2014-04-16 22:23:27,passed,920,"[23161863, 23161864, 23161865]",193,23161864,ruby,ok,,ruby,rspec,1.0,,65,0,65,0,,3.19,,0
23169962,technicalpickles/homesick,1.0,2014-04-16 20:20:57,110,ruby,commits_in_master,master,7,705a416d74deaa6150aa468d6e9f77e71eb25f74#f6c4e5e42e27b1f357eb97b60572202fe3a35929#03d87807e01161ed12658685e1f4d1a3116d7a60#1c3403064ec05ace8e568ab43aa0bb7595a2cc9e#214869786489ff3313aae04ec16eb2f93cf3f080#d9ee74bf142f82d8d57baf3197d72410d93652b3#b5138bcdd1f44e1b867887a29a56c9c8c6ab720e,build_found,214869786489ff3313aae04ec16eb2f93cf3f080,23161862,2014-04-16 17:46:08,11,d9ee74bf142f82d8d57baf3197d72410d93652b3,1,d9ee74bf142f82d8d57baf3197d72410d93652b3,41f3f9d3745162ba6295bbdcd5c8ad21bae1699d,b3bd7a1542c01a81f495738addeb5f4d14d89b66,1,0,0,374,0,2,2,2,0,0,6,0,0,161,633,1041.07424960506,102.685624012638,146.919431279621,1.0,57,2014-04-22 16:46:50,2014-04-17 01:07:50,passed,789,"[23169963, 23169964, 23169965]",194,23169964,ruby,ok,,ruby,rspec,1.0,,65,0,65,0,,2.85,,0
23525404,technicalpickles/homesick,0.0,,,ruby,,master,7,705a416d74deaa6150aa468d6e9f77e71eb25f74#f6c4e5e42e27b1f357eb97b60572202fe3a35929#03d87807e01161ed12658685e1f4d1a3116d7a60#1c3403064ec05ace8e568ab43aa0bb7595a2cc9e#214869786489ff3313aae04ec16eb2f93cf3f080#d9ee74bf142f82d8d57baf3197d72410d93652b3#b5138bcdd1f44e1b867887a29a56c9c8c6ab720e,merge_found,,,2014-04-16 17:46:08,10,b5138bcdd1f44e1b867887a29a56c9c8c6ab720e,1,b5138bcdd1f44e1b867887a29a56c9c8c6ab720e,,b5138bcdd1f44e1b867887a29a56c9c8c6ab720e,,0,,1051,6,3,1,5,0,0,9,0,1,196,633,1041.07424960506,102.685624012638,146.919431279621,1.0,,2014-04-22 16:46:50,2014-04-22 16:56:13,passed,855,"[23525405, 23525406, 23525407]",203,23525406,ruby,ok,,ruby,rspec,1.0,,65,0,65,0,,3.9,,0
23554014,technicalpickles/homesick,1.0,2014-04-20 13:08:20,111,ruby,commits_in_master,master,2,d4f9633a0c10bd80da1ce4135d1b7b87953572d4#1a44edcde1ec0191a59f852a00a66c075969e95a,build_found,b5138bcdd1f44e1b867887a29a56c9c8c6ab720e,23525404,2014-04-20 14:52:30,10,d4f9633a0c10bd80da1ce4135d1b7b87953572d4,1,d4f9633a0c10bd80da1ce4135d1b7b87953572d4,b5138bcdd1f44e1b867887a29a56c9c8c6ab720e,99f2444911feb674a098fbc5e877525d716dde3f,0,0,0,112,6,0,0,5,0,0,5,0,0,6,645,1021.70542635659,100.77519379845,144.186046511628,1.0,68,2014-04-26 21:45:09,2014-04-22 23:44:20,passed,912,"[23554015, 23554016, 23554017]",206,23554017,ruby,ok,,ruby,rspec,1.0,,65,0,65,0,,4.3,,0
23566553,technicalpickles/homesick,0.0,,,ruby,,master,2,f55828f1d45ee50dacf163f25df75bf1c0a5b2bc#383f2a9f3252a7f9fa17a7dbdc8f02b9068b3f2b,merge_found,,,2014-04-23 00:54:05,10,383f2a9f3252a7f9fa17a7dbdc8f02b9068b3f2b,1,383f2a9f3252a7f9fa17a7dbdc8f02b9068b3f2b,,383f2a9f3252a7f9fa17a7dbdc8f02b9068b3f2b,,0,,5,0,0,0,2,0,0,2,0,0,6,634,1039.43217665615,102.523659305994,146.687697160883,1.0,,2014-04-23 05:17:08,2014-04-23 05:17:39,passed,910,"[23566554, 23566555, 23566556]",208,23566555,ruby,ok,,ruby,rspec,1.0,,65,0,65,0,,4.93,,0
23840061,technicalpickles/homesick,0.0,,,ruby,,master,2,d4f9633a0c10bd80da1ce4135d1b7b87953572d4#1a44edcde1ec0191a59f852a00a66c075969e95a,merge_found,,,2014-04-20 14:52:30,9,1a44edcde1ec0191a59f852a00a66c075969e95a,1,1a44edcde1ec0191a59f852a00a66c075969e95a,,1a44edcde1ec0191a59f852a00a66c075969e95a,,0,,112,6,0,0,5,0,0,5,0,0,9,646,1020.12383900929,100.61919504644,143.962848297214,1.0,,2014-04-26 21:45:09,2014-04-26 21:45:43,passed,845,"[23840062, 23840063, 23840064]",209,23840063,ruby,ok,,ruby,rspec,1.0,,65,0,65,0,,2.97,,0
23840770,technicalpickles/homesick,0.0,,,ruby,,master,1,9a8788fb80c6c4478dca748f96cb5e99772b8a86,build_found,1a44edcde1ec0191a59f852a00a66c075969e95a,23840061,2014-04-26 22:04:34,9,9a8788fb80c6c4478dca748f96cb5e99772b8a86,1,9a8788fb80c6c4478dca748f96cb5e99772b8a86,,9a8788fb80c6c4478dca748f96cb5e99772b8a86,,0,,20,0,0,0,1,0,0,1,0,0,6,626,1052.71565495208,103.833865814696,148.562300319489,1.0,,2014-04-26 22:05:04,2014-04-26 22:05:40,passed,828,"[23840771, 23840772, 23840773]",210,23840771,ruby,ok,,ruby,rspec,1.0,,65,0,65,0,,2.92,,0
23980489,technicalpickles/homesick,0.0,,,ruby,,master,4,b60703d496df464131f7b9cdb4fc32aef005d127#f5054cf41d4684dde4243c23164eda2042f490d2#72bfc5a2fde824747d276a2dbf0dd30254776417#895543641bdaf288917c57f2233582c6e74058e8,build_found,72bfc5a2fde824747d276a2dbf0dd30254776417,23980473,2014-04-18 14:47:58,9,895543641bdaf288917c57f2233582c6e74058e8,1,895543641bdaf288917c57f2233582c6e74058e8,,895543641bdaf288917c57f2233582c6e74058e8,,0,,0,0,0,0,1,0,0,0,0,0,25,626,1052.71565495208,103.833865814696,148.562300319489,1.0,,2014-04-29 00:46:28,2014-04-29 00:47:13,passed,765,"[23980490, 23980491, 23980492]",212,23980490,ruby,ok,,ruby,rspec,1.0,,65,0,65,0,,3.27,,0
24762457,technicalpickles/homesick,1.0,2014-05-09 00:09:00,116,ruby,merge_button,master,3,23c012a5277a4d13ac60451786925ead86f95d67#753f5027b0ed7ed13be0df00afa2c9f27da5af2b#77e3f7f47985bb94016821a8942d7f34f51a760b,build_found,895543641bdaf288917c57f2233582c6e74058e8,23980489,2014-04-29 00:48:43,9,753f5027b0ed7ed13be0df00afa2c9f27da5af2b#23c012a5277a4d13ac60451786925ead86f95d67,2,753f5027b0ed7ed13be0df00afa2c9f27da5af2b,895543641bdaf288917c57f2233582c6e74058e8,31b24a328c0f24ece5345ee9952f2b8bdee9c83a,3,0,0,3,0,0,0,1,0,0,1,0,0,55,626,1052.71565495208,103.833865814696,148.562300319489,1.0,13,2014-05-22 00:54:16,2014-05-09 02:09:29,passed,853,"[24762458, 24762459, 24762460]",213,24762459,ruby,ok,,ruby,rspec,1.0,,65,0,65,0,,3.29,,0
25747548,technicalpickles/homesick,0.0,,,ruby,,master,3,23c012a5277a4d13ac60451786925ead86f95d67#753f5027b0ed7ed13be0df00afa2c9f27da5af2b#77e3f7f47985bb94016821a8942d7f34f51a760b,merge_found,,,2014-04-29 00:48:43,9,77e3f7f47985bb94016821a8942d7f34f51a760b,1,77e3f7f47985bb94016821a8942d7f34f51a760b,,77e3f7f47985bb94016821a8942d7f34f51a760b,,0,,3,0,0,0,1,0,0,1,0,0,57,626,1052.71565495208,103.833865814696,148.562300319489,1.0,,2014-05-22 00:54:16,2014-05-22 00:54:52,passed,554,"[25747549, 25747550, 25747551]",214,25747550,ruby,ok,,ruby,rspec,1.0,,65,0,65,0,,3.5,,0
25748785,technicalpickles/homesick,0.0,,,ruby,,master,3,bf6894e313bd94a01fd1cce9b35f457fe6aae12e#3465c37c0ef7ee3a31f90b9969a058da9fc4a096#2e8d431ab5f07fdbd5e934766162a4f7124168a8,build_found,77e3f7f47985bb94016821a8942d7f34f51a760b,25747548,2014-05-22 00:55:35,9,2e8d431ab5f07fdbd5e934766162a4f7124168a8#3465c37c0ef7ee3a31f90b9969a058da9fc4a096#bf6894e313bd94a01fd1cce9b35f457fe6aae12e,3,2e8d431ab5f07fdbd5e934766162a4f7124168a8,,2e8d431ab5f07fdbd5e934766162a4f7124168a8,,0,,9,0,0,0,2,0,0,2,0,0,67,626,1052.71565495208,103.833865814696,148.562300319489,1.0,,2014-05-22 01:26:56,2014-05-22 01:27:30,passed,533,"[25748786, 25748787, 25748788]",215,25748786,ruby,ok,,ruby,rspec,1.0,,65,0,65,0,,0.0,,0
27581442,technicalpickles/homesick,1.0,2014-06-14 17:09:47,117,ruby,commits_in_master,master,2,ee04b5788a96bcecf9d2cc6e5cef6cd8acff0890#e57b139e3295bec809b3b16d0ebe33e61ac875a4,build_found,2e8d431ab5f07fdbd5e934766162a4f7124168a8,25748789,2014-06-14 19:03:57,9,ee04b5788a96bcecf9d2cc6e5cef6cd8acff0890,1,ee04b5788a96bcecf9d2cc6e5cef6cd8acff0890,2e8d431ab5f07fdbd5e934766162a4f7124168a8,29e7cb205b1b5bded4fa8db3313d124074eab024,1,0,0,32,0,0,1,2,0,0,3,0,0,167,622,1059.48553054662,104.501607717042,149.51768488746,1.0,26,2014-09-19 16:08:55,2014-06-14 19:10:28,passed,559,"[27581443, 27581444, 27581445]",217,27581443,ruby,ok,,ruby,rspec,1.0,,65,0,65,0,,4.72,,0
34683861,technicalpickles/homesick,1.0,2014-09-08 05:42:58,121,ruby,merge_button,master,2,b64bfe2bb677bb5d130e20bc9296b1933d65bbf8#681fd98dc399d9a521df636b77071504cb0da1a5,build_found,2e8d431ab5f07fdbd5e934766162a4f7124168a8,25748789,2014-09-08 07:42:54,7,b64bfe2bb677bb5d130e20bc9296b1933d65bbf8,1,b64bfe2bb677bb5d130e20bc9296b1933d65bbf8,2e8d431ab5f07fdbd5e934766162a4f7124168a8,6a30d1392ad8dd0ba5fbbbdd3451ba866df144a6,0,0,0,0,0,0,0,1,0,0,0,0,0,60,626,1052.71565495208,103.833865814696,148.562300319489,1.0,10,2014-09-19 16:10:34,2014-09-08 07:43:33,passed,466,"[34683862, 34683863, 34683864]",218,34683862,ruby,ok,,ruby,rspec,1.0,,65,0,65,0,,3.45,,0
35745177,technicalpickles/homesick,0.0,,,ruby,,master,2,ee04b5788a96bcecf9d2cc6e5cef6cd8acff0890#e57b139e3295bec809b3b16d0ebe33e61ac875a4,merge_found,,,2014-06-14 19:03:57,8,e57b139e3295bec809b3b16d0ebe33e61ac875a4,1,e57b139e3295bec809b3b16d0ebe33e61ac875a4,,e57b139e3295bec809b3b16d0ebe33e61ac875a4,,0,,32,0,0,1,2,0,0,3,0,0,168,622,1059.48553054662,104.501607717042,149.51768488746,1.0,,2014-09-19 16:08:55,2014-09-19 16:09:41,passed,505,"[35745178, 35745179, 35745180]",219,35745178,ruby,ok,,ruby,rspec,1.0,,65,0,65,0,,3.9,,0
35745265,technicalpickles/homesick,0.0,,,ruby,,master,2,b64bfe2bb677bb5d130e20bc9296b1933d65bbf8#681fd98dc399d9a521df636b77071504cb0da1a5,merge_found,,,2014-09-08 07:42:54,8,681fd98dc399d9a521df636b77071504cb0da1a5,1,681fd98dc399d9a521df636b77071504cb0da1a5,,681fd98dc399d9a521df636b77071504cb0da1a5,,0,,0,0,0,0,1,0,0,0,0,0,61,622,1059.48553054662,104.501607717042,149.51768488746,1.0,,2014-09-19 16:10:34,2014-09-19 16:11:55,passed,685,"[35745266, 35745267, 35745268]",220,35745268,ruby,ok,,ruby,rspec,1.0,,65,0,65,0,,6.71,,0
35758134,technicalpickles/homesick,1.0,2014-09-19 16:22:09,122,ruby,merge_button,master,2,f034f773c59c2d289591c0dce186b541eb8c10c4#e06a5d63000482b7cd0f35008395eed0413fb3ce,build_found,e57b139e3295bec809b3b16d0ebe33e61ac875a4,35745177,2014-09-19 18:19:09,8,f034f773c59c2d289591c0dce186b541eb8c10c4,1,f034f773c59c2d289591c0dce186b541eb8c10c4,681fd98dc399d9a521df636b77071504cb0da1a5,653bb7f935694595057e5684871d2ae04a6c7ee9,1,0,0,0,13,0,0,1,0,0,1,0,0,4,622,1078.77813504823,106.109324758842,151.12540192926,1.0,26,2014-09-19 18:38:45,2014-09-19 18:23:26,passed,574,"[35758135, 35758136, 35758137]",221,35758136,ruby,ok,,ruby,rspec,1.0,,66,0,66,0,,3.48,,0
35759469,technicalpickles/homesick,1.0,2014-09-19 16:38:25,123,ruby,commits_in_master,master,2,7451e8c739c2001bd311ebf39ff04020ed35e1ce#882b862780315f91fb7adff0e77d632c149e9ed0,build_found,e57b139e3295bec809b3b16d0ebe33e61ac875a4,35745177,2014-09-19 18:36:32,8,7451e8c739c2001bd311ebf39ff04020ed35e1ce,1,7451e8c739c2001bd311ebf39ff04020ed35e1ce,681fd98dc399d9a521df636b77071504cb0da1a5,2fb22972308af545e46eb0757549d0aee9148562,0,0,0,2,0,0,0,1,0,0,1,0,0,8,622,1059.48553054662,104.501607717042,149.51768488746,1.0,25,2014-09-27 21:37:24,2014-09-19 18:39:21,passed,499,"[35759470, 35759471, 35759473]",222,35759473,ruby,ok,,ruby,rspec,1.0,,66,0,66,0,,5.22,,0
35759529,technicalpickles/homesick,0.0,,,ruby,,master,2,f034f773c59c2d289591c0dce186b541eb8c10c4#e06a5d63000482b7cd0f35008395eed0413fb3ce,merge_found,,,2014-09-19 18:19:09,8,e06a5d63000482b7cd0f35008395eed0413fb3ce,1,e06a5d63000482b7cd0f35008395eed0413fb3ce,,e06a5d63000482b7cd0f35008395eed0413fb3ce,,0,,0,13,0,0,1,0,0,1,0,0,5,622,1078.77813504823,106.109324758842,151.12540192926,1.0,,2014-09-19 18:38:45,2014-09-19 18:40:01,passed,555,"[35759530, 35759531, 35759532]",223,35759532,ruby,ok,,ruby,rspec,1.0,,66,0,66,0,,5.07,,0
36456203,technicalpickles/homesick,0.0,,,ruby,,master,2,7451e8c739c2001bd311ebf39ff04020ed35e1ce#882b862780315f91fb7adff0e77d632c149e9ed0,merge_found,,,2014-09-19 18:36:32,8,882b862780315f91fb7adff0e77d632c149e9ed0,1,882b862780315f91fb7adff0e77d632c149e9ed0,,882b862780315f91fb7adff0e77d632c149e9ed0,,0,,2,0,0,0,1,0,0,1,0,0,9,622,1078.77813504823,106.109324758842,151.12540192926,1.0,,2014-09-27 21:37:24,2014-09-27 21:37:53,passed,391,"[36456204, 36456205, 36456206]",225,36456205,ruby,ok,,ruby,rspec,1.0,,66,0,66,0,,3.05,,0
36725150,technicalpickles/homesick,1.0,2014-09-30 22:02:10,125,ruby,merge_button,master,2,8d6bf4c0c5cde2de67d8876724e7bd12cc252e78#096067ac629d5dbc2b3bfd569d0360b591b2d63d,build_found,882b862780315f91fb7adff0e77d632c149e9ed0,36456203,2014-09-30 23:39:16,8,8d6bf4c0c5cde2de67d8876724e7bd12cc252e78,1,8d6bf4c0c5cde2de67d8876724e7bd12cc252e78,882b862780315f91fb7adff0e77d632c149e9ed0,629f2ccab4e8f88c61e30d113531ffe84d10fead,0,0,0,2,2,0,0,2,0,0,2,0,0,46,622,1078.77813504823,106.109324758842,151.12540192926,1.0,11,2014-10-02 01:37:45,2014-10-01 00:02:52,passed,424,"[36725151, 36725152, 36725153]",226,36725151,ruby,ok,,ruby,rspec,1.0,,66,0,66,0,,4.04,,0
36830762,technicalpickles/homesick,0.0,,,ruby,,master,2,8d6bf4c0c5cde2de67d8876724e7bd12cc252e78#096067ac629d5dbc2b3bfd569d0360b591b2d63d,merge_found,,,2014-09-30 23:39:16,8,096067ac629d5dbc2b3bfd569d0360b591b2d63d,1,096067ac629d5dbc2b3bfd569d0360b591b2d63d,,096067ac629d5dbc2b3bfd569d0360b591b2d63d,,0,,2,2,0,0,2,0,0,2,0,0,47,622,1078.77813504823,106.109324758842,151.12540192926,1.0,,2014-10-02 01:37:45,2014-10-02 01:38:52,passed,405,"[36830763, 36830764, 36830765]",227,36830764,ruby,ok,,ruby,rspec,1.0,,66,0,66,0,,3.27,,0
40469541,technicalpickles/homesick,0.0,,,ruby,,master,,,build_found,096067ac629d5dbc2b3bfd569d0360b591b2d63d,36830762,,8,63c45d7c3a5ab65bf6b4d20e3f8c98babdb68201,1,63c45d7c3a5ab65bf6b4d20e3f8c98babdb68201,,63c45d7c3a5ab65bf6b4d20e3f8c98babdb68201,,0,,0,1,0,0,1,0,0,1,0,0,38,622,1077.17041800643,106.109324758842,151.12540192926,1.0,,,2014-11-09 16:55:21,passed,445,"[40469542, 40469543, 40469544]",228,40469544,ruby,ok,,ruby,rspec,1.0,,66,0,66,0,,3.78,,0
41673931,technicalpickles/homesick,1.0,2014-11-21 01:29:52,127,ruby,commits_in_master,master,6,b7e2b45e69db5405f0ce7d81d3ef409dc3c0c4dc#a808f56cafb6e2ae35de5abb4ddebd716d13d365#7bd9759e81e98e6cbee90d8454af8c9d84e15cbe#03490531d8d827addabb503722e4be41f8011741#2c920100936475727a937e55672913ddb7569da8#ba620e0f7f11293ec7e6a269bbe3c6330c294c63,build_found,63c45d7c3a5ab65bf6b4d20e3f8c98babdb68201,40469541,2014-11-08 18:28:22,8,b7e2b45e69db5405f0ce7d81d3ef409dc3c0c4dc,1,b7e2b45e69db5405f0ce7d81d3ef409dc3c0c4dc,63c45d7c3a5ab65bf6b4d20e3f8c98babdb68201,f799c58eb3d3e8ef45f7b4e9414cc6e935215dbe,1,0,0,7,13,0,0,2,0,0,2,0,0,13,626,1084.66453674121,107.02875399361,153.354632587859,1.0,17,2014-12-03 01:53:43,2014-11-21 02:30:54,failed,405,"[41673932, 41673933, 41673934]",229,41673934,ruby,broken,0,ruby,rspec,1.0,,1,66,67,0,,0.76,,0
42154067,technicalpickles/homesick,1.0,2014-11-21 01:29:52,127,ruby,commits_in_master,master,6,b7e2b45e69db5405f0ce7d81d3ef409dc3c0c4dc#a808f56cafb6e2ae35de5abb4ddebd716d13d365#7bd9759e81e98e6cbee90d8454af8c9d84e15cbe#03490531d8d827addabb503722e4be41f8011741#2c920100936475727a937e55672913ddb7569da8#ba620e0f7f11293ec7e6a269bbe3c6330c294c63,build_found,b7e2b45e69db5405f0ce7d81d3ef409dc3c0c4dc,41673931,2014-11-08 18:28:22,8,2c920100936475727a937e55672913ddb7569da8#03490531d8d827addabb503722e4be41f8011741#7bd9759e81e98e6cbee90d8454af8c9d84e15cbe#a808f56cafb6e2ae35de5abb4ddebd716d13d365,4,2c920100936475727a937e55672913ddb7569da8,63c45d7c3a5ab65bf6b4d20e3f8c98babdb68201,040e26beb963f9033fcd1fb330a90bd16d648cc6,6,0,0,39,55,0,0,4,0,0,4,0,0,173,642,1071.65109034268,105.919003115265,155.763239875389,1.0,17,2014-12-03 01:53:43,2014-11-26 02:18:51,passed,379,"[42154068, 42154069, 42154070]",232,42154069,ruby,ok,0,ruby,rspec,1.0,,68,0,68,0,,3.47,,0
42665981,technicalpickles/homesick,1.0,2014-12-01 18:41:27,128,ruby,commits_in_master,master,2,5700f55dc352774ff7ba9fcbb10558b62f698b9e#093ce706e74aff1d08d85af92fa0793a1a12b934,build_found,63c45d7c3a5ab65bf6b4d20e3f8c98babdb68201,40469541,2014-12-01 19:38:43,8,5700f55dc352774ff7ba9fcbb10558b62f698b9e,1,5700f55dc352774ff7ba9fcbb10558b62f698b9e,63c45d7c3a5ab65bf6b4d20e3f8c98babdb68201,930eb454a67f4265395104e285bb0abfd48fa5f6,0,0,0,5,20,0,0,2,0,0,2,0,0,13,625,1097.6,107.2,155.2,1.0,30,2014-12-13 13:09:45,2014-12-01 19:51:37,passed,571,"[42665982, 42665983, 42665984]",233,42665982,ruby,ok,0,ruby,rspec,1.0,,67,0,67,0,,7.51,,0
42815384,technicalpickles/homesick,0.0,,,ruby,,master,6,b7e2b45e69db5405f0ce7d81d3ef409dc3c0c4dc#a808f56cafb6e2ae35de5abb4ddebd716d13d365#7bd9759e81e98e6cbee90d8454af8c9d84e15cbe#03490531d8d827addabb503722e4be41f8011741#2c920100936475727a937e55672913ddb7569da8#ba620e0f7f11293ec7e6a269bbe3c6330c294c63,merge_found,,,2014-11-08 18:28:22,8,ba620e0f7f11293ec7e6a269bbe3c6330c294c63,1,ba620e0f7f11293ec7e6a269bbe3c6330c294c63,,ba620e0f7f11293ec7e6a269bbe3c6330c294c63,,0,,26,24,0,0,3,0,0,3,0,0,18,642,1071.65109034268,105.919003115265,155.763239875389,1.0,,2014-12-03 01:53:43,2014-12-03 01:54:36,passed,440,"[42815385, 42815386, 42815387]",234,42815387,ruby,ok,0,ruby,rspec,1.0,,68,0,68,0,,9.6,,0
43928537,technicalpickles/homesick,0.0,,,ruby,,master,1,e35d3fe6bac4f888786b04ea864b1a1812f27fdd,merge_found,,,2014-12-13 13:09:45,8,e35d3fe6bac4f888786b04ea864b1a1812f27fdd,1,e35d3fe6bac4f888786b04ea864b1a1812f27fdd,,e35d3fe6bac4f888786b04ea864b1a1812f27fdd,,0,,5,20,0,0,2,0,0,2,0,0,20,645,1091.47286821705,106.976744186047,159.68992248062,1.0,,2014-12-13 13:12:30,2014-12-13 13:13:07,passed,356,"[43928538, 43928539, 43928540]",236,43928538,ruby,ok,0,ruby,rspec,1.0,,69,0,69,0,,3.8,,0
45655653,technicalpickles/homesick,0.0,,,ruby,,master,2,46faec7857f58b48eb2fc1415a4426b0b376a6af#c8f0999035e407ae9d60b4b65bd8dee1b3a08c2c,build_found,e35d3fe6bac4f888786b04ea864b1a1812f27fdd,43928537,2015-01-02 02:21:27,8,c8f0999035e407ae9d60b4b65bd8dee1b3a08c2c#46faec7857f58b48eb2fc1415a4426b0b376a6af,2,c8f0999035e407ae9d60b4b65bd8dee1b3a08c2c,,c8f0999035e407ae9d60b4b65bd8dee1b3a08c2c,,0,,22,19,0,0,7,0,0,5,0,0,193,645,1105.42635658915,108.527131782946,164.341085271318,1.0,,2015-01-02 05:09:55,2015-01-02 05:10:29,passed,372,"[45655654, 45655655, 45655656]",237,45655656,ruby,ok,0,ruby,rspec,1.0,,70,0,70,0,,4.69,,0
51515641,technicalpickles/homesick,0.0,,,ruby,,master,2,fb7595d2549334f8444e3573e5491fb5bdf6d0fb#1a181b907cecf7a57ec9c27d24b45492dac932d1,merge_found,,,2015-02-19 02:35:45,8,1a181b907cecf7a57ec9c27d24b45492dac932d1,1,1a181b907cecf7a57ec9c27d24b45492dac932d1,,1a181b907cecf7a57ec9c27d24b45492dac932d1,,0,,2,0,0,0,1,0,0,1,0,0,10,645,1105.42635658915,108.527131782946,164.341085271318,1.0,,2015-02-20 14:19:16,2015-02-20 14:19:44,passed,422,"[51515642, 51515643, 51515644]",242,51515644,ruby,ok,0,ruby,rspec,1.0,,70,0,70,0,,4.75,,0
51751656,technicalpickles/homesick,1.0,2015-02-22 19:12:48,137,ruby,commits_in_master,master,2,4641843ffdbb2b160846caf4664d3ea592e87a52#5918746059cec6477f2a71ad4dbe45cbc2863f1b,build_found,1a181b907cecf7a57ec9c27d24b45492dac932d1,51515641,2015-02-22 20:09:18,8,4641843ffdbb2b160846caf4664d3ea592e87a52,1,4641843ffdbb2b160846caf4664d3ea592e87a52,1a181b907cecf7a57ec9c27d24b45492dac932d1,e3bee7a302bbf712354c06a525fc80d978727d92,1,0,0,2,0,0,0,1,0,0,1,0,0,10,646,1103.71517027864,108.359133126935,164.086687306502,0.0,17,2015-02-24 04:00:23,2015-02-22 20:13:39,passed,403,"[51751657, 51751658, 51751659]",243,51751659,ruby,ok,0,ruby,rspec,1.0,,70,0,70,0,,5.64,,0
51928774,technicalpickles/homesick,0.0,,,ruby,,master,2,4641843ffdbb2b160846caf4664d3ea592e87a52#5918746059cec6477f2a71ad4dbe45cbc2863f1b,merge_found,,,2015-02-22 20:09:18,8,5918746059cec6477f2a71ad4dbe45cbc2863f1b,1,5918746059cec6477f2a71ad4dbe45cbc2863f1b,,5918746059cec6477f2a71ad4dbe45cbc2863f1b,,0,,2,0,0,0,1,0,0,1,0,0,11,646,1103.71517027864,108.359133126935,164.086687306502,1.0,,2015-02-24 04:00:23,2015-02-24 04:01:17,passed,482,"[51928776, 51928777, 51928778]",244,51928777,ruby,ok,0,ruby,rspec,1.0,,70,0,70,0,,7.27,,0
53188205,technicalpickles/homesick,1.0,2014-09-23 13:35:38,124,ruby,commits_in_master,master,2,9ad171ab78bd8bfb163fd21a8b9307398032317d#60d4458bbc55807335e33d66b3e72c16cb7f00e5,build_found,e06a5d63000482b7cd0f35008395eed0413fb3ce,35759529,2014-09-23 15:29:06,8,9ad171ab78bd8bfb163fd21a8b9307398032317d,1,9ad171ab78bd8bfb163fd21a8b9307398032317d,5918746059cec6477f2a71ad4dbe45cbc2863f1b,febdff26dae19ce521cb8d1d8f1b4061a4fcb82c,5,0,0,4,15,0,0,2,0,0,2,0,0,11,622,1086.81672025723,106.109324758842,151.12540192926,1.0,63,2015-03-22 18:12:42,2015-03-05 13:28:45,passed,408,"[53188206, 53188207, 53188208]",245,53188208,ruby,ok,0,ruby,rspec,1.0,,70,0,70,0,,5.3,,0
55392814,technicalpickles/homesick,0.0,,,ruby,,master,2,9ad171ab78bd8bfb163fd21a8b9307398032317d#60d4458bbc55807335e33d66b3e72c16cb7f00e5,merge_found,,,2014-09-23 15:29:06,8,60d4458bbc55807335e33d66b3e72c16cb7f00e5,1,60d4458bbc55807335e33d66b3e72c16cb7f00e5,,60d4458bbc55807335e33d66b3e72c16cb7f00e5,,0,,4,15,0,0,2,0,0,2,0,0,23,646,1111.45510835913,108.359133126935,164.086687306502,1.0,,2015-03-22 18:12:42,2015-03-22 18:13:58,passed,474,"[55392815, 55392816, 55392817]",246,55392816,ruby,ok,0,ruby,rspec,1.0,,70,0,70,0,,4.97,,0
84794618,technicalpickles/homesick,1.0,2015-10-11 14:24:18,144,ruby,commits_in_master,master,3,171b4c1fb888bf5763d2b71a01f9526d2629a6bc#1016002638905df1197e0919b94641eb3f114b3b#1c12c73e4b2d28d4ecb6f089f416c3113367a5c5,build_found,60d4458bbc55807335e33d66b3e72c16cb7f00e5,55392814,2015-10-11 16:21:22,8,171b4c1fb888bf5763d2b71a01f9526d2629a6bc,1,171b4c1fb888bf5763d2b71a01f9526d2629a6bc,60d4458bbc55807335e33d66b3e72c16cb7f00e5,de3cfa5d22cb370e9f9da8b2f6c72ee1b0d9f05f,1,0,0,13,8,0,0,2,0,0,2,0,0,24,646,1120.74303405573,109.907120743034,165.634674922601,0.0,32,2015-10-15 02:31:52,2015-10-11 16:25:46,passed,382,"[84794619, 84794620, 84794621]",248,84794620,ruby,ok,0,ruby,rspec,1.0,,71,0,71,0,,4.2,,0
84934661,technicalpickles/homesick,0.0,,,ruby,,master,2,332aad8ad07e1d9b2c71c8be41f84e85fc71bdb1#721c10cffd6b0776297a8f7b2b42a26aa65a7acc,merge_found,,,2015-10-10 17:11:03,9,721c10cffd6b0776297a8f7b2b42a26aa65a7acc,1,721c10cffd6b0776297a8f7b2b42a26aa65a7acc,,721c10cffd6b0776297a8f7b2b42a26aa65a7acc,,0,,4,2,0,0,2,0,0,2,0,0,25,646,1111.45510835913,108.359133126935,164.086687306502,1.0,,2015-10-12 15:06:11,2015-10-12 15:07:49,passed,454,"[84934667, 84934669, 84934671]",250,84934671,ruby,ok,1,ruby,rspec,1.0,,70,0,70,0,,6.27,,0
85253292,technicalpickles/homesick,0.0,,,ruby,,master,4,a9a5b81dc54f7ed84d41dc0d303f07077b0fd11a#76325916817196c51985178a73fa65cf24382f1e#42f661cfbf034122d9c704e11b2306cde3673e21#6431a864adf0d20bfcdf2d3f9ebc6c09b9b440a1,merge_found,,,2015-10-12 02:18:33,9,6431a864adf0d20bfcdf2d3f9ebc6c09b9b440a1,1,6431a864adf0d20bfcdf2d3f9ebc6c09b9b440a1,,6431a864adf0d20bfcdf2d3f9ebc6c09b9b440a1,,0,,97,102,0,0,8,0,0,7,0,1,239,634,1074.13249211356,110.410094637224,167.192429022082,1.0,,2015-10-14 02:43:07,2015-10-14 02:43:22,passed,258,"[85253293, 85253294, 85253295]",252,85253293,ruby,ok,0,ruby,rspec,1.0,,70,0,70,0,,1.64,,0
85454477,technicalpickles/homesick,0.0,,,ruby,,master,3,171b4c1fb888bf5763d2b71a01f9526d2629a6bc#1016002638905df1197e0919b94641eb3f114b3b#1c12c73e4b2d28d4ecb6f089f416c3113367a5c5,merge_found,,,2015-10-11 16:21:22,9,1c12c73e4b2d28d4ecb6f089f416c3113367a5c5,1,1c12c73e4b2d28d4ecb6f089f416c3113367a5c5,,1c12c73e4b2d28d4ecb6f089f416c3113367a5c5,,0,,13,8,0,0,2,0,0,2,0,0,30,634,1083.59621451104,111.98738170347,168.769716088328,1.0,,2015-10-15 02:31:52,2015-10-15 02:32:06,passed,251,"[85454479, 85454480, 85454482]",253,85454479,ruby,ok,0,ruby,rspec,1.0,,71,0,71,0,,1.67,,0
86532982,technicalpickles/homesick,1.0,2015-10-16 00:21:16,146,ruby,commits_in_master,master,2,978416d1e4aad8d72cc1c65ec2b7c2bdb03031a9#dcc5cb0bc11fea95943aeb3ac2f0ebf220aad350,build_found,721c10cffd6b0776297a8f7b2b42a26aa65a7acc,84934661,2015-02-25 02:04:21,9,978416d1e4aad8d72cc1c65ec2b7c2bdb03031a9#42f661cfbf034122d9c704e11b2306cde3673e21#76325916817196c51985178a73fa65cf24382f1e#a9a5b81dc54f7ed84d41dc0d303f07077b0fd11a,4,978416d1e4aad8d72cc1c65ec2b7c2bdb03031a9,1c12c73e4b2d28d4ecb6f089f416c3113367a5c5,171f8a2e6fba9fb340d1c2f1db9de99b447dbfe5,0,0,0,108,102,0,0,8,0,0,7,0,1,236,636,1070.75471698113,110.062893081761,166.666666666667,1.0,19,2015-10-25 19:21:28,2015-10-21 01:47:38,passed,264,"[86532983, 86532984, 86532985]",255,86532983,ruby,ok,0,ruby,rspec,1.0,,71,0,71,0,,1.98,,0
87345983,technicalpickles/homesick,0.0,,,ruby,,master,2,978416d1e4aad8d72cc1c65ec2b7c2bdb03031a9#dcc5cb0bc11fea95943aeb3ac2f0ebf220aad350,merge_found,,,2015-02-25 02:04:21,9,dcc5cb0bc11fea95943aeb3ac2f0ebf220aad350,1,dcc5cb0bc11fea95943aeb3ac2f0ebf220aad350,,dcc5cb0bc11fea95943aeb3ac2f0ebf220aad350,,0,,11,0,0,0,3,0,0,3,0,0,34,636,1080.18867924528,111.635220125786,168.238993710692,1.0,,2015-10-25 19:21:28,2015-10-25 19:21:38,passed,284,"[87345984, 87345985, 87345986]",256,87345984,ruby,ok,0,ruby,rspec,1.0,,71,0,71,0,,1.71,,0
88516615,technicalpickles/homesick,0.0,,,ruby,,master,1,cc83a4e1fab98efe30325dad579c4b2eb3c3ff98,build_found,dcc5cb0bc11fea95943aeb3ac2f0ebf220aad350,87345983,2015-10-31 13:46:28,9,cc83a4e1fab98efe30325dad579c4b2eb3c3ff98,1,cc83a4e1fab98efe30325dad579c4b2eb3c3ff98,,cc83a4e1fab98efe30325dad579c4b2eb3c3ff98,,0,,8,0,0,0,4,0,0,2,0,1,102,636,1080.18867924528,111.635220125786,168.238993710692,1.0,,2015-10-31 13:48:43,2015-10-31 13:48:52,passed,319,"[88516616, 88516617, 88516618]",257,88516617,ruby,ok,0,ruby,rspec,1.0,,71,0,71,0,,1.91,,0
88517162,technicalpickles/homesick,0.0,,,ruby,,master,1,2f5e20d963170556f9834952c9a5999b1f32f50f,build_found,cc83a4e1fab98efe30325dad579c4b2eb3c3ff98,88516626,2015-10-31 13:54:41,9,2f5e20d963170556f9834952c9a5999b1f32f50f,1,2f5e20d963170556f9834952c9a5999b1f32f50f,,2f5e20d963170556f9834952c9a5999b1f32f50f,,0,,0,0,0,0,1,0,0,0,0,0,28,636,1080.18867924528,111.635220125786,168.238993710692,1.0,,2015-10-31 13:53:41,2015-10-31 13:53:53,passed,274,"[88517163, 88517164, 88517165]",259,88517165,ruby,ok,0,ruby,rspec,1.0,,71,0,71,0,,3.2,,0
103992924,technicalpickles/homesick,0.0,,,ruby,,master,2,ed397bdaf8ccde86a4b39863f2b68254f8a5c9bc#f0e11abb5bea5ccadab825f75c58ff4245ac8b87,merge_found,,,2016-01-21 10:36:52,8,f0e11abb5bea5ccadab825f75c58ff4245ac8b87,1,f0e11abb5bea5ccadab825f75c58ff4245ac8b87,,f0e11abb5bea5ccadab825f75c58ff4245ac8b87,,0,,2,0,0,0,1,0,0,1,0,0,17,636,1080.18867924528,111.635220125786,168.238993710692,1.0,,2016-01-22 01:05:34,2016-01-22 01:05:53,passed,285,"[103992925, 103992926, 103992927]",261,103992926,ruby,ok,0,ruby,rspec,1.0,,71,0,71,0,,1.76,,0
