tr_build_id,gh_project_name,gh_is_pr,gh_pr_created_at,gh_pull_req_num,gh_lang,git_merged_with,git_branch,gh_num_commits_in_push,gh_commits_in_push,git_prev_commit_resolution_status,git_prev_built_commit,tr_prev_build,gh_first_commit_created_at,gh_team_size,git_all_built_commits,git_num_all_built_commits,git_trigger_commit,tr_virtual_merged_into,tr_original_commit,gh_num_issue_comments,gh_num_commit_comments,gh_num_pr_comments,git_diff_src_churn,git_diff_test_churn,gh_diff_files_added,gh_diff_files_deleted,gh_diff_files_modified,gh_diff_tests_added,gh_diff_tests_deleted,gh_diff_src_files,gh_diff_doc_files,gh_diff_other_files,gh_num_commits_on_files_touched,gh_sloc,gh_test_lines_per_kloc,gh_test_cases_per_kloc,gh_asserts_cases_per_kloc,gh_by_core_team_member,gh_description_complexity,gh_pushed_at,gh_build_started_at,tr_status,tr_duration,tr_jobs,tr_build_number,tr_job_id,tr_log_lan,tr_log_status,tr_log_setup_time,tr_log_analyzer,tr_log_frameworks,tr_log_bool_tests_ran,tr_log_bool_tests_failed,tr_log_num_tests_ok,tr_log_num_tests_failed,tr_log_num_tests_run,tr_log_num_tests_skipped,tr_log_tests_failed,tr_log_testduration,tr_log_buildduration,build_successful
9520843,collectiveidea/interactor,0.0,,,ruby,,master,1,dee1933ded712c889ddc9bab18c4cdb12e3b75f4,no_previous_build,b5a70bde3d3ad23726f5534191011b1a8b6c4148,,2013-07-26 14:56:01,6,dee1933ded712c889ddc9bab18c4cdb12e3b75f4#303a20544eab1e531d4a7e91c72bcdc38675adde#755ddd7d6d909d2e5ca53959b26697a157302ae9#237d8d717897d8e2380ca1e94c61e028817ebe60#f1765785b9e667b24386686ffca9d8ab74e8e8b3#822366286d9cde28951dee29e6338afa5bb09013#670ca1e657bdedf6f342a1870d27b1a699286ad5#1b3926337958c1ba9629ba7fbac638b55a7e97cb#31140df1b911a3f2f268f39fccc535c2ba47e073#f249ee0f8e5c8244c6f2edb9d649330acedd83b1#51ab7d6ffe8c6411bfea057997cee65e471b8fe8#814faab4bba8d9dede324c03bd71439a9b132af3#64a064f711ab9519e07c3300017f7f4d82a978fc#5c11c3243780469a0d4c5279ef84b93635fe00b7#1a0cc4ce3444d66e64175bf2d1a20823e508c942#7b2a8cdfebddc3498380634f261a740b480ecea8#9c67f8184ae2cb3229ac437397b3267d368e4265#416125d9c383ef3da155ed100741c104943b2c15#5218be1301ad7633f5c06d65ef5e82ad7e78325e#0ee018f5317dd8e3487569c5358fadad2b623561#9ae5316e8e9d862e47c8195b753c984a81de1582#37d400a352c038e295db5763c8c5a93cfc8da4e3#b5a70bde3d3ad23726f5534191011b1a8b6c4148,23,dee1933ded712c889ddc9bab18c4cdb12e3b75f4,,dee1933ded712c889ddc9bab18c4cdb12e3b75f4,,0,,369,349,15,1,9,0,0,12,0,2,0,75,3333.33333333333,360.0,813.333333333333,0.0,,2013-07-26 14:57:56,2013-07-26 15:02:30,passed,53,"[9520844, 9520845]",1,9520845,ruby,ok,,ruby,rspec,1.0,,27,0,27,0,,0.02,,0
9522088,collectiveidea/interactor,0.0,,,ruby,,master,1,b3f195df2158c9fa46f8824d67a3b0c37c3d76a1,build_found,dee1933ded712c889ddc9bab18c4cdb12e3b75f4,9520843,2013-07-26 15:12:50,6,b3f195df2158c9fa46f8824d67a3b0c37c3d76a1,1,b3f195df2158c9fa46f8824d67a3b0c37c3d76a1,,b3f195df2158c9fa46f8824d67a3b0c37c3d76a1,,0,,1,3,0,0,2,0,0,2,0,0,3,75,3360.0,360.0,813.333333333333,1.0,,2013-07-26 15:28:28,2013-07-26 15:32:26,passed,139,"[9522089, 9522090]",2,9522090,ruby,ok,,ruby,rspec,1.0,,27,0,27,0,,0.13,,0
9666950,collectiveidea/interactor,0.0,,,ruby,,master,1,207dc2014e155757808ab747507e547ec834533c,build_found,b3f195df2158c9fa46f8824d67a3b0c37c3d76a1,9522088,2013-07-30 21:01:49,6,207dc2014e155757808ab747507e547ec834533c#f3afec1e4d7886c7c3fd219cb4af7dc683a2ed9c,2,207dc2014e155757808ab747507e547ec834533c,,207dc2014e155757808ab747507e547ec834533c,,0,,10,12,0,0,3,0,0,3,0,0,14,78,3346.15384615385,358.974358974359,794.871794871795,1.0,,2013-07-30 21:02:48,2013-07-30 21:55:19,passed,86,"[9666952, 9666951]",3,9666951,ruby,ok,,ruby,rspec,1.0,,28,0,28,0,,0.02,,0
9674515,collectiveidea/interactor,0.0,,,ruby,,master,5,bbdd6b23f59ce8b754a18aa99e165bb395305811#d7ce0996e5ef48df67b3bb2fac06ffb719950525#6bf3ab39f6e95f7e1a8af4cdd2ad8bc05f653af7#dfd2f0534d3fe00f68219337714d6203b4328c98#2d03eead1cfa9a10422bb99ad3a963cf31f50b6e,build_found,207dc2014e155757808ab747507e547ec834533c,9666950,2013-07-31 00:44:36,6,2d03eead1cfa9a10422bb99ad3a963cf31f50b6e#dfd2f0534d3fe00f68219337714d6203b4328c98#6bf3ab39f6e95f7e1a8af4cdd2ad8bc05f653af7#d7ce0996e5ef48df67b3bb2fac06ffb719950525#bbdd6b23f59ce8b754a18aa99e165bb395305811,5,2d03eead1cfa9a10422bb99ad3a963cf31f50b6e,,2d03eead1cfa9a10422bb99ad3a963cf31f50b6e,,0,,7,130,0,0,4,0,0,4,0,0,13,82,3524.39024390244,390.243902439024,829.268292682927,1.0,,2013-07-31 01:22:25,2013-07-31 01:23:15,passed,60,"[9674517, 9674516]",4,9674517,ruby,ok,,ruby,rspec,1.0,,32,0,32,0,,0.03,,0
9675023,collectiveidea/interactor,0.0,,,ruby,,master,1,8112f4c75ef5ea1f65f2e881a2d8cf450cad8157,build_found,2d03eead1cfa9a10422bb99ad3a963cf31f50b6e,9674515,2013-07-31 01:49:46,6,8112f4c75ef5ea1f65f2e881a2d8cf450cad8157#bb93b5541d1998346ada3ed974cc76de420fd2ba,2,8112f4c75ef5ea1f65f2e881a2d8cf450cad8157,,8112f4c75ef5ea1f65f2e881a2d8cf450cad8157,,0,,4,8,0,0,3,0,0,2,0,1,16,82,3573.17073170732,402.439024390244,841.463414634146,1.0,,2013-07-31 01:50:54,2013-07-31 01:51:38,passed,62,"[9675024, 9675025]",5,9675025,ruby,ok,,ruby,rspec,1.0,,33,0,33,0,,0.04,,0
10249428,collectiveidea/interactor,0.0,,,ruby,,master,3,f326498182da8e85fdcabe83835597d47a94fff8#6cb765bda2a53fe107f1f3debae1d91f28d2e8f3#d4cf9c466dadaeb67c36e2d5d723ad9ad991d364,build_found,8112f4c75ef5ea1f65f2e881a2d8cf450cad8157,9675023,2013-08-15 12:53:19,6,6cb765bda2a53fe107f1f3debae1d91f28d2e8f3#f326498182da8e85fdcabe83835597d47a94fff8,2,6cb765bda2a53fe107f1f3debae1d91f28d2e8f3,,6cb765bda2a53fe107f1f3debae1d91f28d2e8f3,,0,,73,560,3,0,4,0,0,5,0,0,16,102,3127.45098039216,343.137254901961,735.294117647059,1.0,,2013-08-15 17:44:12,2013-08-15 17:44:59,passed,67,"[10249430, 10249429]",6,10249429,ruby,ok,,ruby,rspec,1.0,,51,0,51,0,,0.07,,0
10368955,collectiveidea/interactor,1.0,2013-08-19 13:40:55,6,ruby,merge_button,master,4,7bbeea3cdb5ad1609e3808452746c40f6e83a778#7f910245b621a51a5db42922f3c7e1e50f323375#d56618fd0255ae0135153a9973daaeb2bf42ef30#3bf088278a108b325b83a5294bc44f4c6e910633,build_found,6cb765bda2a53fe107f1f3debae1d91f28d2e8f3,10249428,2013-08-19 13:50:45,7,7f910245b621a51a5db42922f3c7e1e50f323375#7bbeea3cdb5ad1609e3808452746c40f6e83a778#a707c4a707e3be71133b097f7e6ac972ae22096e#d4cf9c466dadaeb67c36e2d5d723ad9ad991d364,4,7f910245b621a51a5db42922f3c7e1e50f323375,a707c4a707e3be71133b097f7e6ac972ae22096e,84da3db1be8024b45c7eda1505aa31089a576d79,4,0,3,135,128,0,0,3,0,0,3,0,0,7,100,3610.0,360.0,870.0,1.0,19,2013-08-19 16:03:13,2013-08-19 15:41:29,passed,73,"[10368956, 10368957]",8,10368957,ruby,ok,,ruby,rspec,1.0,,52,0,52,0,,0.06,,0
10369724,collectiveidea/interactor,1.0,2013-08-19 13:40:55,6,ruby,merge_button,master,1,d56618fd0255ae0135153a9973daaeb2bf42ef30,build_found,7f910245b621a51a5db42922f3c7e1e50f323375,10368955,2013-08-19 15:56:48,7,d56618fd0255ae0135153a9973daaeb2bf42ef30,1,d56618fd0255ae0135153a9973daaeb2bf42ef30,a707c4a707e3be71133b097f7e6ac972ae22096e,77c0c7d15d3eb4d9a06e86e25e1cc86a04dc597e,0,0,0,0,7,0,0,1,0,0,1,0,0,4,100,3660.0,360.0,880.0,1.0,19,2013-08-19 15:57:43,2013-08-19 15:58:36,passed,72,"[10369726, 10369725]",9,10369726,ruby,ok,,ruby,rspec,1.0,,52,0,52,0,,0.05,,0
10370003,collectiveidea/interactor,0.0,,,ruby,,master,4,7bbeea3cdb5ad1609e3808452746c40f6e83a778#7f910245b621a51a5db42922f3c7e1e50f323375#d56618fd0255ae0135153a9973daaeb2bf42ef30#3bf088278a108b325b83a5294bc44f4c6e910633,merge_found,,,2013-08-19 13:50:45,7,3bf088278a108b325b83a5294bc44f4c6e910633,1,3bf088278a108b325b83a5294bc44f4c6e910633,,3bf088278a108b325b83a5294bc44f4c6e910633,,0,,10,127,0,0,2,0,0,2,0,0,5,100,3660.0,360.0,880.0,1.0,,2013-08-19 16:03:13,2013-08-19 16:04:28,passed,77,"[10370005, 10370004]",10,10370005,ruby,ok,,ruby,rspec,1.0,,52,0,52,0,,0.05,,0
10375245,collectiveidea/interactor,1.0,2013-08-19 16:17:36,7,ruby,merge_button,master,2,4b139c9fecda6297196959cc306dfab0440dc075#57811e17db24895166fc98f4d3ae6c9b383f5913,build_found,3bf088278a108b325b83a5294bc44f4c6e910633,10370003,2013-08-19 18:16:05,8,4b139c9fecda6297196959cc306dfab0440dc075,1,4b139c9fecda6297196959cc306dfab0440dc075,3bf088278a108b325b83a5294bc44f4c6e910633,84ac3acde319183d95599fcc5274a51b478baa07,1,0,0,4,18,0,0,2,0,0,2,0,0,15,97,3639.17525773196,350.515463917526,845.360824742268,1.0,16,2013-08-19 18:25:56,2013-08-19 18:18:19,passed,76,"[10375247, 10375246]",11,10375246,ruby,ok,,ruby,rspec,1.0,,48,0,48,0,,0.07,,0
10375632,collectiveidea/interactor,0.0,,,ruby,,master,2,4b139c9fecda6297196959cc306dfab0440dc075#57811e17db24895166fc98f4d3ae6c9b383f5913,merge_found,,,2013-08-19 18:16:05,8,57811e17db24895166fc98f4d3ae6c9b383f5913,1,57811e17db24895166fc98f4d3ae6c9b383f5913,,57811e17db24895166fc98f4d3ae6c9b383f5913,,0,,4,18,0,0,2,0,0,2,0,0,16,97,3639.17525773196,350.515463917526,845.360824742268,1.0,,2013-08-19 18:25:56,2013-08-19 18:27:13,passed,69,"[10375634, 10375633]",12,10375634,ruby,ok,,ruby,rspec,1.0,,48,0,48,0,,0.05,,0
10380981,collectiveidea/interactor,0.0,,,ruby,,master,2,9aa03eb567c6b625dbaaeb46a6b6f481336eadea#caf8c91ad9db48dcab5367bcfe7c291aa1633b4b,merge_found,,,2013-08-18 20:32:18,8,caf8c91ad9db48dcab5367bcfe7c291aa1633b4b,1,caf8c91ad9db48dcab5367bcfe7c291aa1633b4b,,caf8c91ad9db48dcab5367bcfe7c291aa1633b4b,,0,,21,0,0,0,1,0,0,1,0,0,8,97,3639.17525773196,350.515463917526,845.360824742268,1.0,,2013-08-19 20:36:14,2013-08-19 21:03:55,passed,76,"[10380983, 10380982]",15,10380983,ruby,ok,,ruby,rspec,1.0,,48,0,48,0,,0.06,,0
10388238,collectiveidea/interactor,1.0,2013-08-19 17:18:06,8,ruby,merge_button,master,1,b05f689f8f84ac95bd0864cc32445712936f13f0,build_found,57811e17db24895166fc98f4d3ae6c9b383f5913,10375632,2013-08-19 20:08:07,8,b05f689f8f84ac95bd0864cc32445712936f13f0,1,b05f689f8f84ac95bd0864cc32445712936f13f0,946689f033511c0db2ed0449504159938cab16cd,ad592a672f08f7b2a75ec32d5b3241d561e7fed3,3,0,0,51,0,0,0,1,0,0,1,0,0,17,94,3755.31914893617,361.702127659575,872.340425531915,1.0,6,2013-08-19 23:27:55,2013-08-19 23:28:48,passed,77,"[10388239, 10388240]",17,10388239,ruby,ok,,ruby,rspec,1.0,,48,0,48,0,,0.08,,0
10388336,collectiveidea/interactor,0.0,,,ruby,,master,2,b05f689f8f84ac95bd0864cc32445712936f13f0#7eda59903af0728808d031e84eb994ba4d631b9b,merge_found,,,2013-08-19 20:08:07,8,7eda59903af0728808d031e84eb994ba4d631b9b,1,7eda59903af0728808d031e84eb994ba4d631b9b,,7eda59903af0728808d031e84eb994ba4d631b9b,,0,,51,0,0,0,1,0,0,1,0,0,18,94,3755.31914893617,361.702127659575,872.340425531915,1.0,,2013-08-19 23:30:47,2013-08-19 23:41:45,passed,70,"[10388337, 10388338]",18,10388338,ruby,ok,,ruby,rspec,1.0,,48,0,48,0,,0.05,,0
10499043,collectiveidea/interactor,1.0,2013-08-22 13:07:53,10,ruby,merge_button,master,2,a292ff1ea122615d96b735c9f752a3a956389b44#267d27b29f4c5944840d7bca50ad3455a5eed024,build_found,7eda59903af0728808d031e84eb994ba4d631b9b,10388336,2013-08-22 15:02:04,8,a292ff1ea122615d96b735c9f752a3a956389b44#794f2ec270cc03f1ca6da1d2537f6b89c0261f3f,2,a292ff1ea122615d96b735c9f752a3a956389b44,794f2ec270cc03f1ca6da1d2537f6b89c0261f3f,d19f2cc7d59abba14377f3596f92a807e9b7d650,2,0,0,6,0,0,0,1,0,0,1,0,0,9,94,3755.31914893617,361.702127659575,872.340425531915,0.0,6,2013-08-22 15:56:06,2013-08-22 15:09:06,passed,202,"[10499044, 10499045]",19,10499044,ruby,ok,,ruby,rspec,1.0,,48,0,48,0,,0.08,,0
10501100,collectiveidea/interactor,0.0,,,ruby,,master,2,a292ff1ea122615d96b735c9f752a3a956389b44#267d27b29f4c5944840d7bca50ad3455a5eed024,merge_found,,,2013-08-22 15:02:04,8,267d27b29f4c5944840d7bca50ad3455a5eed024,1,267d27b29f4c5944840d7bca50ad3455a5eed024,,267d27b29f4c5944840d7bca50ad3455a5eed024,,0,,2,0,0,0,1,0,0,1,0,0,11,94,3755.31914893617,361.702127659575,872.340425531915,1.0,,2013-08-22 15:56:06,2013-08-22 15:57:53,passed,70,"[10501102, 10501101]",20,10501101,ruby,ok,,ruby,rspec,1.0,,48,0,48,0,,0.09,,0
10726119,collectiveidea/interactor,1.0,2013-08-28 17:06:54,13,ruby,merge_button,master,1,0d47f5cff16e03b14ff783d614e839cfeee2baad,build_found,267d27b29f4c5944840d7bca50ad3455a5eed024,10501100,2013-08-28 19:01:16,8,0d47f5cff16e03b14ff783d614e839cfeee2baad,1,0d47f5cff16e03b14ff783d614e839cfeee2baad,267d27b29f4c5944840d7bca50ad3455a5eed024,ce52b78c961dcdb9606204e34723974ad345f9df,2,0,1,2,28,0,0,2,0,0,2,0,0,19,94,3840.42553191489,372.340425531915,882.978723404255,0.0,69,2013-08-28 19:16:53,2013-08-28 19:17:42,passed,75,"[10726121, 10726120]",24,10726121,ruby,ok,,ruby,rspec,1.0,,50,0,50,0,,0.06,,0
10726222,collectiveidea/interactor,0.0,,,ruby,,master,2,0d47f5cff16e03b14ff783d614e839cfeee2baad#87a2a8ebca3c1a6c7a15160dc17398bb7685f82d,merge_found,,,2013-08-28 19:01:16,8,87a2a8ebca3c1a6c7a15160dc17398bb7685f82d,1,87a2a8ebca3c1a6c7a15160dc17398bb7685f82d,,87a2a8ebca3c1a6c7a15160dc17398bb7685f82d,,0,,2,28,0,0,2,0,0,2,0,0,20,94,3840.42553191489,372.340425531915,882.978723404255,1.0,,2013-08-28 19:21:16,2013-08-28 19:22:05,passed,70,"[10726224, 10726223]",25,10726224,ruby,ok,,ruby,rspec,1.0,,50,0,50,0,,0.07,,0
10726239,collectiveidea/interactor,0.0,,,ruby,,master,1,be12e93ce611a36e0b1da3fa3c538d11167d37e4,build_found,87a2a8ebca3c1a6c7a15160dc17398bb7685f82d,10726222,2013-08-28 19:21:49,8,be12e93ce611a36e0b1da3fa3c538d11167d37e4,1,be12e93ce611a36e0b1da3fa3c538d11167d37e4,,be12e93ce611a36e0b1da3fa3c538d11167d37e4,,0,,2,0,0,0,1,0,0,1,0,0,5,94,3840.42553191489,372.340425531915,882.978723404255,1.0,,2013-08-28 19:22:00,2013-08-28 19:23:00,passed,64,"[10726240, 10726241]",26,10726241,ruby,ok,,ruby,rspec,1.0,,50,0,50,0,,0.05,,0
11000467,collectiveidea/interactor,1.0,2013-09-04 19:59:11,16,ruby,merge_button,master,1,b2f3de7920349de5bf6214c420895a23c6d346e3,build_found,be12e93ce611a36e0b1da3fa3c538d11167d37e4,10726239,2013-09-04 21:54:30,8,b2f3de7920349de5bf6214c420895a23c6d346e3#c23bc21fb8c73a384aa75b9ec209925b9d47dd8f,2,b2f3de7920349de5bf6214c420895a23c6d346e3,c23bc21fb8c73a384aa75b9ec209925b9d47dd8f,23c343f4d89aacbb8275120c59b99992509cbeca,3,0,0,8,19,0,0,3,0,0,3,0,0,8,99,3767.67676767677,363.636363636364,898.989898989899,1.0,13,2013-09-05 02:15:16,2013-09-05 02:15:46,passed,54,"[11000469, 11000468]",35,11000468,ruby,ok,,ruby,rspec,1.0,,51,0,51,0,,0.06,,0
11000477,collectiveidea/interactor,1.0,2013-09-04 20:52:18,18,ruby,merge_button,master,4,7606fa20ccef11a77cea6f5289ff395c465f639d#2c3f205578df99244fd49c1e39e9d35a1728ee0f#56e6c89d8a5d1d220a1e640dec4efbae8270cf2a#c82bafb41bc06e0992e29a09e9dfad9699c46f54,build_found,be12e93ce611a36e0b1da3fa3c538d11167d37e4,10726239,2013-09-04 22:18:52,8,c82bafb41bc06e0992e29a09e9dfad9699c46f54#56e6c89d8a5d1d220a1e640dec4efbae8270cf2a#2c3f205578df99244fd49c1e39e9d35a1728ee0f#7606fa20ccef11a77cea6f5289ff395c465f639d#c23bc21fb8c73a384aa75b9ec209925b9d47dd8f,5,c82bafb41bc06e0992e29a09e9dfad9699c46f54,c23bc21fb8c73a384aa75b9ec209925b9d47dd8f,ea6a3a7588c444a1f027a5c480ff722eb3d5aabb,6,0,0,17,45,0,0,6,0,0,6,0,0,27,98,4010.20408163265,397.959183673469,938.775510204082,1.0,13,2013-09-05 02:15:38,2013-09-05 02:16:20,passed,74,"[11000479, 11000478]",37,11000478,ruby,ok,,ruby,rspec,1.0,,55,0,55,0,,0.09,,0
11017572,collectiveidea/interactor,0.0,,,ruby,,master,5,7606fa20ccef11a77cea6f5289ff395c465f639d#2c3f205578df99244fd49c1e39e9d35a1728ee0f#56e6c89d8a5d1d220a1e640dec4efbae8270cf2a#c82bafb41bc06e0992e29a09e9dfad9699c46f54#8685b6253acc15adfb232e335cab0a65c3ccc5df,merge_found,,,2013-09-04 22:18:52,9,8685b6253acc15adfb232e335cab0a65c3ccc5df,1,8685b6253acc15adfb232e335cab0a65c3ccc5df,,8685b6253acc15adfb232e335cab0a65c3ccc5df,,0,,15,39,0,0,5,0,0,5,0,0,30,98,4010.20408163265,397.959183673469,938.775510204082,1.0,,2013-09-05 13:59:43,2013-09-05 14:00:24,passed,92,"[11017573, 11017574]",38,11017573,ruby,ok,,ruby,rspec,1.0,,55,0,55,0,,0.09,,0
11017642,collectiveidea/interactor,0.0,,,ruby,,master,2,b2f3de7920349de5bf6214c420895a23c6d346e3#f18abd6e49a2fb2ae73ad49df294c9679dd0e0f7,merge_found,,,2013-09-04 21:54:30,9,f18abd6e49a2fb2ae73ad49df294c9679dd0e0f7,1,f18abd6e49a2fb2ae73ad49df294c9679dd0e0f7,,f18abd6e49a2fb2ae73ad49df294c9679dd0e0f7,,0,,8,13,0,0,2,0,0,2,0,0,7,103,3912.6213592233,388.349514563107,951.456310679612,1.0,,2013-09-05 14:00:55,2013-09-05 14:01:36,passed,79,"[11017644, 11017643]",39,11017643,ruby,ok,,ruby,rspec,1.0,,56,0,56,0,,0.06,,0
17648938,collectiveidea/interactor,1.0,2014-01-26 14:43:44,26,ruby,commits_in_master,master,2,9761b58b14dfda19ef2dc0bdb5e63faba056c887#c3efbcd9ef9676e4a2bea7ae5d3bcaa746d0b85c,build_found,f18abd6e49a2fb2ae73ad49df294c9679dd0e0f7,11017642,2014-01-26 15:40:28,4,9761b58b14dfda19ef2dc0bdb5e63faba056c887#9ef10c71538e270a4f05ada71f8c876f3afd9af3#e3bcae6e514bc73176d0cc04d3459c80848247bd,3,9761b58b14dfda19ef2dc0bdb5e63faba056c887,9ef10c71538e270a4f05ada71f8c876f3afd9af3,4341df655887a0a731db65d54695b2268ba8bd68,0,0,0,8,11,0,0,4,0,0,4,0,0,30,105,3895.23809523809,390.47619047619,961.904761904762,1.0,50,2014-04-08 19:44:29,2014-01-26 15:44:19,passed,86,"[17648939, 17648940]",46,17648940,ruby,ok,,ruby,rspec,1.0,,58,0,58,0,,0.06,,0
18598497,collectiveidea/interactor,1.0,2014-01-26 14:43:44,26,ruby,commits_in_master,master,2,9761b58b14dfda19ef2dc0bdb5e63faba056c887#c3efbcd9ef9676e4a2bea7ae5d3bcaa746d0b85c,build_found,f18abd6e49a2fb2ae73ad49df294c9679dd0e0f7,11017642,2014-01-26 15:40:28,4,9761b58b14dfda19ef2dc0bdb5e63faba056c887#9ef10c71538e270a4f05ada71f8c876f3afd9af3#e3bcae6e514bc73176d0cc04d3459c80848247bd,3,9761b58b14dfda19ef2dc0bdb5e63faba056c887,9ef10c71538e270a4f05ada71f8c876f3afd9af3,d6902ca43a653e857bd7dec83b063f4ff8ce46fc,5,0,0,8,11,0,0,4,0,0,4,0,0,30,105,3895.23809523809,390.47619047619,961.904761904762,1.0,50,2014-04-08 19:44:29,2014-02-10 18:36:13,passed,109,"[18598498, 18598499]",47,18598498,ruby,ok,,ruby,rspec,1.0,,58,0,58,0,,0.08,,0
21172279,collectiveidea/interactor,0.0,,,ruby,,master,2,757fa6a3aafe4563d4fa55d6156f56d8d4d6adfe#d62f8cddbf73205ef1b0c762a1f8b013d53d25d7,merge_found,,,2014-03-19 03:57:37,5,d62f8cddbf73205ef1b0c762a1f8b013d53d25d7,1,d62f8cddbf73205ef1b0c762a1f8b013d53d25d7,,d62f8cddbf73205ef1b0c762a1f8b013d53d25d7,,0,,22,0,0,0,1,0,0,1,0,0,13,103,3912.6213592233,388.349514563107,951.456310679612,1.0,,2014-03-20 12:35:49,2014-03-20 12:36:32,passed,102,"[21172280, 21172281]",52,21172280,ruby,ok,,ruby,rspec,1.0,,56,0,56,0,,0.06,,0
22555969,collectiveidea/interactor,0.0,,,ruby,,master,2,9761b58b14dfda19ef2dc0bdb5e63faba056c887#c3efbcd9ef9676e4a2bea7ae5d3bcaa746d0b85c,merge_found,,,2014-01-26 15:40:28,6,c3efbcd9ef9676e4a2bea7ae5d3bcaa746d0b85c,1,c3efbcd9ef9676e4a2bea7ae5d3bcaa746d0b85c,,c3efbcd9ef9676e4a2bea7ae5d3bcaa746d0b85c,,0,,4,11,0,0,2,0,0,2,0,0,24,105,3895.23809523809,390.47619047619,961.904761904762,1.0,,2014-04-08 19:44:29,2014-04-08 19:46:26,passed,103,"[22555970, 22555971]",54,22555970,ruby,ok,,ruby,rspec,1.0,,58,0,58,0,,0.06,,0
24485369,collectiveidea/interactor,0.0,,,ruby,,master,3,a2bfd1f3f664dcb021d3c3d4545bf92a66ada147#e7635b8617b2c94f8aef2bc7acfd261d724e83de#e449786f743363d5db4b4f67ce6b4ca1de7e86b8,build_found,c3efbcd9ef9676e4a2bea7ae5d3bcaa746d0b85c,22555969,2014-05-05 20:48:59,6,e449786f743363d5db4b4f67ce6b4ca1de7e86b8#e7635b8617b2c94f8aef2bc7acfd261d724e83de#a2bfd1f3f664dcb021d3c3d4545bf92a66ada147,3,e449786f743363d5db4b4f67ce6b4ca1de7e86b8,,e449786f743363d5db4b4f67ce6b4ca1de7e86b8,,0,,0,0,0,0,1,0,0,0,0,1,2,105,3895.23809523809,390.47619047619,961.904761904762,1.0,,2014-05-05 20:52:07,2014-05-05 20:52:46,passed,369,"[24485370, 24485371, 24485372, 24485373]",57,24485370,ruby,ok,,ruby,rspec,1.0,,58,0,58,0,,0.12,,0
34664269,collectiveidea/interactor,0.0,,,ruby,,master,1,e5103e91ccdf12c3a7e380769b125bd3c1bacd97,build_found,d1ac2088e8dddf3ccf41c30175c3703f37fb3338,34649704,2014-09-07 22:44:32,5,e5103e91ccdf12c3a7e380769b125bd3c1bacd97#e9d010c9c9d7614cfa061ca577fbf7d18cf2f301#b01f77fb40fb81c485b36a92abb4d6c640a8175a#7f171df9a6c27ffcaca55288716ecb48b53c3965#6376e35652fd994ce549d4712b51ff7b36e1258f#c43ccf4fa1a5630ddd02a0bd205b7d3cb68add48#3cc80e25d9a8b3e5b0a511ea26f74ee5f6f56fdb#4f6e22a31a9ca58d9a7ef09a7290a3a28ac7c0b5,8,e5103e91ccdf12c3a7e380769b125bd3c1bacd97,,e5103e91ccdf12c3a7e380769b125bd3c1bacd97,,0,,832,0,2,0,2,0,0,4,0,0,23,149,7570.46979865772,402.684563758389,590.604026845638,1.0,,2014-09-07 22:44:44,2014-09-07 22:59:45,passed,166,"[34664270, 34664271, 34664272, 34664273]",75,34664271,ruby,ok,9,ruby,rspec,1.0,,74,0,74,0,,0.06,,0
37802560,collectiveidea/interactor,1.0,2014-10-13 06:16:39,71,ruby,commits_in_master,master,2,e9e46e4b85d72458e0e17989b35f30cc80ab4f8c#6437d554e3635e198e115644aa5f25e6ca4398a5,merge_found,,,2014-10-13 08:16:34,6,e9e46e4b85d72458e0e17989b35f30cc80ab4f8c#338ed263b449b302976e777296c0f4028cc7f688,2,e9e46e4b85d72458e0e17989b35f30cc80ab4f8c,338ed263b449b302976e777296c0f4028cc7f688,e56ef67b837783a3c4f2bd161c439e9d6de575cd,0,0,0,4,0,0,0,1,0,0,1,0,0,23,149,7570.46979865772,402.684563758389,590.604026845638,0.0,2,2014-10-13 11:23:12,2014-10-13 08:17:10,passed,111,"[37802561, 37802562, 37802563, 37802564]",78,37802561,ruby,ok,9,ruby,rspec,1.0,,74,0,74,0,,0.06,,0
37815115,collectiveidea/interactor,0.0,,,ruby,,master,2,e9e46e4b85d72458e0e17989b35f30cc80ab4f8c#6437d554e3635e198e115644aa5f25e6ca4398a5,merge_found,,,2014-10-13 08:16:34,6,6437d554e3635e198e115644aa5f25e6ca4398a5,1,6437d554e3635e198e115644aa5f25e6ca4398a5,,6437d554e3635e198e115644aa5f25e6ca4398a5,,0,,2,0,0,0,1,0,0,1,0,0,25,149,7570.46979865772,402.684563758389,590.604026845638,1.0,,2014-10-13 11:23:12,2014-10-13 11:23:39,passed,128,"[37815116, 37815117, 37815118, 37815119]",79,37815117,ruby,ok,9,ruby,rspec,1.0,,74,0,74,0,,0.08,,0
37830243,collectiveidea/interactor,1.0,2014-10-12 23:10:25,70,ruby,commits_in_master,master,1,7b9045d3248ddf145bbf154c6bf60508d317435d,merge_found,,,2014-10-13 01:53:06,6,7b9045d3248ddf145bbf154c6bf60508d317435d#d824d4d937d383831a3c506d88756c59408225b7#83978c538d3584842fdc9b3b50d3ad3266e7889f#338ed263b449b302976e777296c0f4028cc7f688,4,7b9045d3248ddf145bbf154c6bf60508d317435d,6437d554e3635e198e115644aa5f25e6ca4398a5,adae5ec1b6c880782092933d1591ecb9bfa8cf81,3,0,10,186,1578,1,0,3,0,0,4,0,0,35,163,12920.245398773,558.282208588957,730.061349693251,1.0,11,2014-10-13 14:02:06,2014-10-13 14:02:42,passed,118,"[37830244, 37830245, 37830246, 37830247]",80,37830247,ruby,ok,5,ruby,rspec,1.0,,105,0,105,0,,0.08,,0
37831429,collectiveidea/interactor,0.0,,,ruby,,master,4,83978c538d3584842fdc9b3b50d3ad3266e7889f#d824d4d937d383831a3c506d88756c59408225b7#7b9045d3248ddf145bbf154c6bf60508d317435d#20cc4b44273fdb166d7ecd8fb8217b08daf93905,merge_found,,,2014-10-03 16:07:31,6,20cc4b44273fdb166d7ecd8fb8217b08daf93905,1,20cc4b44273fdb166d7ecd8fb8217b08daf93905,,20cc4b44273fdb166d7ecd8fb8217b08daf93905,,0,,184,1578,1,0,3,0,0,4,0,0,41,163,12920.245398773,558.282208588957,730.061349693251,1.0,,2014-10-13 14:13:45,2014-10-13 14:14:33,passed,122,"[37831430, 37831431, 37831432, 37831433]",81,37831433,ruby,ok,5,ruby,rspec,1.0,,105,0,105,0,,0.13,,0
37863006,collectiveidea/interactor,1.0,2014-10-13 17:24:02,62,ruby,unknown,master,1,318740b2d87604f4eb526f7ada9d38659d9bf286,build_found,20cc4b44273fdb166d7ecd8fb8217b08daf93905,37831429,2014-10-13 19:53:47,6,318740b2d87604f4eb526f7ada9d38659d9bf286#4abb986f2c1e138b2f70d3a1655e44641eb1f005#ca2688e299f8fc4f831e4ca404fe975e9f8d27a1,3,318740b2d87604f4eb526f7ada9d38659d9bf286,ca2688e299f8fc4f831e4ca404fe975e9f8d27a1,bcf36943ef6fbba0cf110b196ab2144aefcbedff,0,0,0,4,33,0,0,3,0,0,3,0,0,33,163,13030.6748466258,558.282208588957,730.061349693251,1.0,45,2014-10-13 19:54:03,2014-10-13 19:54:43,passed,117,"[37863007, 37863008, 37863009, 37863010]",82,37863008,ruby,ok,9,ruby,rspec,1.0,,105,0,105,0,,0.1,,0
41247251,collectiveidea/interactor,1.0,2014-11-17 13:03:51,76,ruby,commits_in_master,master,2,84d4c73dcf54bea9e6cdeb1d237c5fa150e076ba#750ccad3003dfd4e6dbb1a5d1be472effc4dc1a1,build_found,20cc4b44273fdb166d7ecd8fb8217b08daf93905,37831429,2014-11-17 14:03:21,6,84d4c73dcf54bea9e6cdeb1d237c5fa150e076ba#aa72619856d1a634a2903f0aa5afbc7cf008d9a0#ca2688e299f8fc4f831e4ca404fe975e9f8d27a1,3,84d4c73dcf54bea9e6cdeb1d237c5fa150e076ba,aa72619856d1a634a2903f0aa5afbc7cf008d9a0,6959f506f6a5ae8608a4ceef26219347cf3345f6,1,0,0,17,0,0,0,3,0,0,3,0,0,28,163,12920.245398773,558.282208588957,730.061349693251,0.0,2,2014-11-17 14:52:31,2014-11-17 14:49:43,passed,133,"[41247252, 41247253, 41247254, 41247255]",83,41247253,ruby,ok,12,ruby,rspec,1.0,,105,0,105,0,,0.12,,0
41252029,collectiveidea/interactor,0.0,,,ruby,,master,2,84d4c73dcf54bea9e6cdeb1d237c5fa150e076ba#750ccad3003dfd4e6dbb1a5d1be472effc4dc1a1,merge_found,,,2014-11-17 14:03:21,6,750ccad3003dfd4e6dbb1a5d1be472effc4dc1a1,1,750ccad3003dfd4e6dbb1a5d1be472effc4dc1a1,,750ccad3003dfd4e6dbb1a5d1be472effc4dc1a1,,0,,4,0,0,0,1,0,0,1,0,0,16,163,12920.245398773,558.282208588957,730.061349693251,1.0,,2014-11-17 14:52:31,2014-11-17 14:53:44,passed,158,"[41252030, 41252031, 41252032, 41252033]",84,41252031,ruby,ok,11,ruby,rspec,1.0,,105,0,105,0,,0.14,,0
61364827,collectiveidea/interactor,0.0,,,ruby,,master,2,af9b0816de910095ae18f561cb91cd1fde91a6b0#ed250d90f74767ab1140cb6960e80ce1675d13af,merge_found,,,2015-05-05 17:16:21,5,ed250d90f74767ab1140cb6960e80ce1675d13af,1,ed250d90f74767ab1140cb6960e80ce1675d13af,,ed250d90f74767ab1140cb6960e80ce1675d13af,,0,,28,0,0,0,1,0,0,1,0,0,29,163,12920.245398773,558.282208588957,730.061349693251,1.0,,2015-05-05 20:22:10,2015-05-05 20:34:51,passed,137,"[61364828, 61364829, 61364830, 61364831]",102,61364828,ruby,ok,13,ruby,rspec,1.0,,105,0,105,0,,0.18,,0
62452723,collectiveidea/interactor,0.0,,,ruby,,master,2,7df8d6b91d4ded3d224d0581131578e9ae3619f3#086281f30c334bf06cc59d47888f420202fd751b,merge_found,,,2015-05-13 19:26:34,5,086281f30c334bf06cc59d47888f420202fd751b,1,086281f30c334bf06cc59d47888f420202fd751b,,086281f30c334bf06cc59d47888f420202fd751b,,0,,2,0,0,0,1,0,0,1,0,0,31,163,12920.245398773,558.282208588957,730.061349693251,1.0,,2015-05-13 19:32:05,2015-05-13 19:44:22,passed,145,"[62452725, 62452727, 62452728, 62452729]",104,62452728,ruby,ok,11,ruby,rspec,1.0,,105,0,105,0,,0.14,,0
