tr_build_id,gh_project_name,gh_is_pr,gh_pr_created_at,gh_pull_req_num,gh_lang,git_merged_with,git_branch,gh_num_commits_in_push,gh_commits_in_push,git_prev_commit_resolution_status,git_prev_built_commit,tr_prev_build,gh_first_commit_created_at,gh_team_size,git_all_built_commits,git_num_all_built_commits,git_trigger_commit,tr_virtual_merged_into,tr_original_commit,gh_num_issue_comments,gh_num_commit_comments,gh_num_pr_comments,git_diff_src_churn,git_diff_test_churn,gh_diff_files_added,gh_diff_files_deleted,gh_diff_files_modified,gh_diff_tests_added,gh_diff_tests_deleted,gh_diff_src_files,gh_diff_doc_files,gh_diff_other_files,gh_num_commits_on_files_touched,gh_sloc,gh_test_lines_per_kloc,gh_test_cases_per_kloc,gh_asserts_cases_per_kloc,gh_by_core_team_member,gh_description_complexity,gh_pushed_at,gh_build_started_at,tr_status,tr_duration,tr_jobs,tr_build_number,tr_job_id,tr_log_lan,tr_log_status,tr_log_setup_time,tr_log_analyzer,tr_log_frameworks,tr_log_bool_tests_ran,tr_log_bool_tests_failed,tr_log_num_tests_ok,tr_log_num_tests_failed,tr_log_num_tests_run,tr_log_num_tests_skipped,tr_log_tests_failed,tr_log_testduration,tr_log_buildduration,build_successful
37110605,javaee-samples/javaee7-samples,0.0,,,java,,master,6,76589b5a582976783babe16b30576ce5b4b4eb6e#eaa3455c3b318f54e634069b620172bc34c83bbc#5818b1fb1081fa6f174676630714c73eda2e21fa#8f8cd5685cceb9736dbdbd8986fa185b1f4d72d7#02b59746c8f7874cdbd4e7ab501cfbdf38f67d4c#76b3e08d4a04001194d2e4ffe51a50cb01da4917,merge_found,,,2014-09-30 21:01:12,3,76b3e08d4a04001194d2e4ffe51a50cb01da4917,1,76b3e08d4a04001194d2e4ffe51a50cb01da4917,,76b3e08d4a04001194d2e4ffe51a50cb01da4917,,0,,1026,0,5,30,23,0,0,3,0,56,300,17933,439.246082640941,17.8441978475436,47.4544136508113,1.0,,2014-10-05 15:43:28,2014-10-05 15:43:58,failed,3,[37110606],1,37110606,java,broken,,java-ant,,0.0,,,,,,,,,0
37110628,javaee-samples/javaee7-samples,0.0,,,java,,master,4,8cf60e354d0e58585bd8a7ee3855cfc55a34f20b#bd9e098e254ed4c4e2dca82072a896a523799ef1#a4bcb6450accabda7ba2ac5bd20947731f21f01a#e87a1d7cdc1014caa5ded6eac8b464607be08bde,merge_found,,,2014-07-25 14:32:28,3,e87a1d7cdc1014caa5ded6eac8b464607be08bde,1,e87a1d7cdc1014caa5ded6eac8b464607be08bde,,e87a1d7cdc1014caa5ded6eac8b464607be08bde,,0,,300,498,14,0,1,0,0,12,0,3,24,18152,446.01145879242,18.1247245482591,47.5980608197444,1.0,,2014-10-05 15:43:49,2014-11-02 22:03:21,failed,4,[37110629],2,37110629,java,broken,,java-ant,,0.0,,,,,,,,,0
42071445,javaee-samples/javaee7-samples,0.0,,,java,,master,1,27aabba3e899b19c831d51b24c7df324e0e77f5a,build_found,923a9591953e8388a30eb677438599a1300b8f9b,41922095,2014-11-25 12:25:49,3,27aabba3e899b19c831d51b24c7df324e0e77f5a,1,27aabba3e899b19c831d51b24c7df324e0e77f5a,,27aabba3e899b19c831d51b24c7df324e0e77f5a,,0,,0,0,0,0,1,0,0,0,0,1,14,18222,451.596970694765,18.329491823071,48.9518164855669,0.0,,2014-11-25 12:25:58,2014-11-25 12:26:40,failed,1194,"[42071446, 42071447]",11,42071446,java,broken,1,java-maven,junit,1.0,,0,1,1,0,BatchCSVDatabaseTest#,21.19,201.0,0
42806072,javaee-samples/javaee7-samples,0.0,,,java,,master,3,77c1c17ed1359cd87667102240393613470ad32b#96b68ef8fdc3236a1840adee6d50208e7949860a#18782763fb1bbec763940a150c6b2708318d5446,build_found,27aabba3e899b19c831d51b24c7df324e0e77f5a,42071445,2014-12-02 23:39:40,3,18782763fb1bbec763940a150c6b2708318d5446#96b68ef8fdc3236a1840adee6d50208e7949860a#77c1c17ed1359cd87667102240393613470ad32b,3,18782763fb1bbec763940a150c6b2708318d5446,,18782763fb1bbec763940a150c6b2708318d5446,,0,,21,0,1,0,2,0,0,1,0,1,42,18222,451.596970694765,18.329491823071,48.9518164855669,1.0,,2014-12-02 23:47:14,2014-12-02 23:48:30,failed,1144,"[42806073, 42806074]",12,42806073,java,broken,1,java-maven,junit,1.0,,0,1,1,0,BatchCSVDatabaseTest#,20.5,188.0,0
42806102,javaee-samples/javaee7-samples,0.0,,,java,,master,1,f2811e8a09277a10085a2b284c2168db2920c32f,build_found,18782763fb1bbec763940a150c6b2708318d5446,42806072,2014-12-02 23:47:44,3,f2811e8a09277a10085a2b284c2168db2920c32f,1,f2811e8a09277a10085a2b284c2168db2920c32f,,f2811e8a09277a10085a2b284c2168db2920c32f,,0,,14,0,0,0,1,0,0,1,0,0,43,18222,451.596970694765,18.329491823071,48.9518164855669,1.0,,2014-12-02 23:47:50,2014-12-02 23:49:26,failed,1450,"[42806103, 42806104]",13,42806104,java,broken,1,java-maven,junit,1.0,,0,1,1,0,BatchCSVDatabaseTest#,36.43,307.0,0
42806315,javaee-samples/javaee7-samples,0.0,,,java,,master,1,a0e84e7a4505cbb6c91c3953f0886d23f7d5d498,build_found,f2811e8a09277a10085a2b284c2168db2920c32f,42806102,2014-12-02 23:50:29,3,a0e84e7a4505cbb6c91c3953f0886d23f7d5d498,1,a0e84e7a4505cbb6c91c3953f0886d23f7d5d498,,a0e84e7a4505cbb6c91c3953f0886d23f7d5d498,,0,,38,0,0,0,1,0,0,1,0,0,44,18222,451.596970694765,18.329491823071,48.9518164855669,1.0,,2014-12-02 23:50:33,2014-12-02 23:52:56,failed,1359,"[42806316, 42806317]",14,42806317,java,broken,1,java-maven,junit,1.0,,0,1,1,0,BatchCSVDatabaseTest#,31.93,274.0,0
42822182,javaee-samples/javaee7-samples,0.0,,,java,,master,2,3867803849c6c8385b4e01f11a7220c038e96449#06e2a6e0988c8e10d48f0f462f2a71776d4f4a8e,build_found,a0e84e7a4505cbb6c91c3953f0886d23f7d5d498,42806315,2014-12-03 03:59:29,3,06e2a6e0988c8e10d48f0f462f2a71776d4f4a8e#3867803849c6c8385b4e01f11a7220c038e96449,2,06e2a6e0988c8e10d48f0f462f2a71776d4f4a8e,,06e2a6e0988c8e10d48f0f462f2a71776d4f4a8e,,0,,40,57,4,0,1,0,2,3,0,2,13,18242,453.623506194496,18.4190330007675,49.0077842341849,1.0,,2014-12-03 03:59:57,2014-12-03 04:00:26,failed,1078,"[42822183, 42822184]",15,42822184,java,broken,1,java-maven,junit,1.0,,0,1,1,0,BatchCSVDatabaseTest#,27.89,207.0,0
43337772,javaee-samples/javaee7-samples,0.0,,,java,,master,9,cae4ec225d9045fb4e65dbffc4f2602643d516a8#fa297bc3adcccc5976422d1c36f2effd9d2bf235#a9d8a71cb66edf92ed4daca00840b30bae8775f3#85ff6a2862d5278e4c195ef6f9bcf432f6f3adbf#a90854ddc6ef7b32041f299a9b1ac317c9a7efeb#a4df3ab230741429df42a11fe92dff78d9bde673#4ad88e9630858e300443f8ffe4d8954e424e0420#0a25ef40fada9cfde2f1ca6b30cd2d043e305832#79500db3322fae91a927ec88008df49b57dff51b,build_found,06e2a6e0988c8e10d48f0f462f2a71776d4f4a8e,42822182,2014-12-01 20:39:04,3,79500db3322fae91a927ec88008df49b57dff51b#0a25ef40fada9cfde2f1ca6b30cd2d043e305832#4ad88e9630858e300443f8ffe4d8954e424e0420#a4df3ab230741429df42a11fe92dff78d9bde673#a90854ddc6ef7b32041f299a9b1ac317c9a7efeb#85ff6a2862d5278e4c195ef6f9bcf432f6f3adbf#a9d8a71cb66edf92ed4daca00840b30bae8775f3#fa297bc3adcccc5976422d1c36f2effd9d2bf235#cae4ec225d9045fb4e65dbffc4f2602643d516a8,9,79500db3322fae91a927ec88008df49b57dff51b,,79500db3322fae91a927ec88008df49b57dff51b,,0,,1590,635,12,21,31,0,13,52,0,16,19,17808,492.53144654088,19.5979335130279,53.0098831985624,0.0,,2014-12-08 12:01:34,2014-12-08 12:02:07,failed,1088,"[43337773, 43337774]",18,43337774,java,broken,1,java-maven,junit,1.0,,0,1,1,0,BatchCSVDatabaseTest#,27.3,199.0,0
43539959,javaee-samples/javaee7-samples,0.0,,,java,,master,2,6c2f73a4947b83ccbc157c59aeb9f2a68e68d2e5#3195a28b3f0ceed497407cd4a85a5d0277a60c11,merge_found,,,2014-12-09 23:54:57,3,3195a28b3f0ceed497407cd4a85a5d0277a60c11,1,3195a28b3f0ceed497407cd4a85a5d0277a60c11,,3195a28b3f0ceed497407cd4a85a5d0277a60c11,,0,,0,0,0,0,1,0,0,0,0,1,3,17808,492.53144654088,19.5979335130279,53.0098831985624,1.0,,2014-12-10 00:18:29,2014-12-10 00:21:09,failed,1244,"[43539960, 43539961]",21,43539961,java,broken,1,java-maven,junit,1.0,,0,1,1,0,BatchCSVDatabaseTest#,27.25,200.0,0
43658463,javaee-samples/javaee7-samples,0.0,,,java,,master,1,54a2719863155aac3a2661a99d8e26a287506510,build_found,3195a28b3f0ceed497407cd4a85a5d0277a60c11,43539959,2014-12-10 23:10:53,3,54a2719863155aac3a2661a99d8e26a287506510,1,54a2719863155aac3a2661a99d8e26a287506510,,54a2719863155aac3a2661a99d8e26a287506510,,0,,20,120,0,0,7,0,0,7,0,0,20,17799,493.679420192146,19.6078431372549,53.3176021124782,0.0,,2014-12-10 23:16:08,2014-12-10 23:18:28,failed,1181,"[43658464, 43658465]",24,43658465,java,broken,1,java-maven,junit,1.0,,0,1,1,0,BatchCSVDatabaseTest#,28.92,209.0,0
44159747,javaee-samples/javaee7-samples,0.0,,,java,,master,1,ef36f95f2ee2e05dbaebc8cf30c56e23e88898de,build_found,54a2719863155aac3a2661a99d8e26a287506510,43658513,2014-12-14 18:59:25,3,ef36f95f2ee2e05dbaebc8cf30c56e23e88898de,1,ef36f95f2ee2e05dbaebc8cf30c56e23e88898de,,ef36f95f2ee2e05dbaebc8cf30c56e23e88898de,,0,,14,28,0,0,15,0,0,15,0,0,72,17802,493.596225143242,19.6045388158634,53.3086170093248,1.0,,2014-12-16 01:15:16,2014-12-16 01:20:22,failed,1262,"[44159748, 44159749]",27,44159748,java,broken,1,java-maven,junit,1.0,,0,1,1,0,BatchCSVDatabaseTest#,22.48,188.0,0
44397494,javaee-samples/javaee7-samples,0.0,,,java,,master,1,d7f2ac10d583afd88b50721c7653c4ebfd143e6e,build_found,ef36f95f2ee2e05dbaebc8cf30c56e23e88898de,44159747,2014-12-17 23:44:04,3,d7f2ac10d583afd88b50721c7653c4ebfd143e6e,1,d7f2ac10d583afd88b50721c7653c4ebfd143e6e,,d7f2ac10d583afd88b50721c7653c4ebfd143e6e,,0,,0,0,0,0,1,0,0,0,0,1,124,17802,493.596225143242,19.6045388158634,53.3086170093248,0.0,,2014-12-17 23:44:12,2014-12-17 23:44:51,failed,1392,"[44397495, 44397496]",28,44397495,java,broken,1,java-maven,junit,1.0,,0,1,1,0,BatchCSVDatabaseTest#,21.89,321.0,0
45803094,javaee-samples/javaee7-samples,1.0,2015-01-03 20:29:42,287,java,commits_in_master,master,2,ebfa5231b022783b4a8845130ace7468ea387b00#4712de05c6843307b3287c0ffea21f5873ffd3f6,build_found,d7f2ac10d583afd88b50721c7653c4ebfd143e6e,44397494,2015-01-03 21:25:52,3,ebfa5231b022783b4a8845130ace7468ea387b00,1,ebfa5231b022783b4a8845130ace7468ea387b00,d7f2ac10d583afd88b50721c7653c4ebfd143e6e,c6f2d4343e36e68735896d4185c2d1dfce2ed7c9,0,0,0,0,0,4,0,0,0,0,0,2,2,0,17802,493.596225143242,19.6045388158634,53.3086170093248,0.0,23,2015-02-13 18:13:36,2015-01-03 21:30:31,failed,1327,"[45803095, 45803096]",29,45803096,java,broken,0,java-maven,junit,1.0,,0,1,1,0,BatchCSVDatabaseTest#,35.14,263.0,0
50178117,javaee-samples/javaee7-samples,1.0,2015-02-10 09:07:55,288,java,commits_in_master,master,2,4f6e1d8868b9a172e7050abf6a6b59ec05c20214#688c6c03843500e99f66312e8be09a033b10031d,build_found,d7f2ac10d583afd88b50721c7653c4ebfd143e6e,44397494,2015-02-10 10:07:28,3,4f6e1d8868b9a172e7050abf6a6b59ec05c20214,1,4f6e1d8868b9a172e7050abf6a6b59ec05c20214,d7f2ac10d583afd88b50721c7653c4ebfd143e6e,98f22715c7bfce715bda793a53c1300897e42f83,0,0,0,0,4,0,0,1,0,0,1,0,0,11,17802,493.596225143242,19.6045388158634,53.3086170093248,0.0,37,2015-02-13 18:13:57,2015-02-10 10:08:30,failed,1331,"[50178118, 50178119]",30,50178118,java,broken,0,java-maven,junit,1.0,,0,1,1,0,BatchCSVDatabaseTest#,18.8,269.0,0
50668269,javaee-samples/javaee7-samples,0.0,,,java,,master,2,c2f9195a3918d9abe4b046ce1cccd242c5ae14c8#54d9036baee3502fc2ea69a147bd8b0d0ea07e57,merge_found,,,2014-05-04 20:52:15,3,54d9036baee3502fc2ea69a147bd8b0d0ea07e57,1,54d9036baee3502fc2ea69a147bd8b0d0ea07e57,,54d9036baee3502fc2ea69a147bd8b0d0ea07e57,,0,,419,263,17,0,2,0,0,11,0,8,5,18012,495.94714634688,19.5425272040862,53.1312458361093,1.0,,2015-02-13 18:13:05,2015-02-13 18:14:19,failed,572,"[50668270, 50668273]",32,50668273,java,broken,1,java-maven,junit,1.0,,0,1,1,0,BatchCSVDatabaseTest#,33.11,158.0,0
50668333,javaee-samples/javaee7-samples,0.0,,,java,,master,2,ebfa5231b022783b4a8845130ace7468ea387b00#4712de05c6843307b3287c0ffea21f5873ffd3f6,merge_found,,,2015-01-03 21:25:52,3,4712de05c6843307b3287c0ffea21f5873ffd3f6,1,4712de05c6843307b3287c0ffea21f5873ffd3f6,,4712de05c6843307b3287c0ffea21f5873ffd3f6,,0,,0,0,4,0,0,0,0,0,2,2,1,18012,495.94714634688,19.5425272040862,53.1312458361093,1.0,,2015-02-13 18:13:36,2015-02-13 18:14:54,failed,613,"[50668334, 50668335]",33,50668335,java,broken,1,java-maven,junit,1.0,,0,1,1,0,BatchCSVDatabaseTest#,31.55,126.0,0
50668375,javaee-samples/javaee7-samples,0.0,,,java,,master,2,4f6e1d8868b9a172e7050abf6a6b59ec05c20214#688c6c03843500e99f66312e8be09a033b10031d,merge_found,,,2015-02-10 10:07:28,3,688c6c03843500e99f66312e8be09a033b10031d,1,688c6c03843500e99f66312e8be09a033b10031d,,688c6c03843500e99f66312e8be09a033b10031d,,0,,0,4,0,0,1,0,0,1,0,0,12,18012,495.94714634688,19.5425272040862,53.1312458361093,1.0,,2015-02-13 18:13:57,2015-02-13 18:15:07,failed,489,"[50668376, 50668377]",34,50668377,java,broken,1,java-maven,junit,1.0,,0,1,1,0,BatchCSVDatabaseTest#,32.76,128.0,0
50671210,javaee-samples/javaee7-samples,0.0,,,java,,master,9,43d71f86f01188262554839e557e72504162e694#d60d45272e9475a7fcb76b049ffbc6502ca934a4#69c240cd0e0da8c3f65f294b423de72c3e38613b#6b17c71a14bcaa8b76721919c91b8f0016696338#afbed3e9700686845d2609121bf7d825e9802847#3109fbe2f97f01ac375c48d15d2489e9614c424b#2614510bc8825ac19c4e9d723210e121e2cd3d36#034513f972d1c1dbc43b590e4bc3019f8d640d0b#9692eb7477f5527770700cffd706b2ae51825eaa,merge_found,,,2015-02-10 00:29:18,3,9692eb7477f5527770700cffd706b2ae51825eaa,1,9692eb7477f5527770700cffd706b2ae51825eaa,,9692eb7477f5527770700cffd706b2ae51825eaa,,0,,1636,1408,8,0,292,0,0,229,0,72,263,18569,481.339867521137,18.9563250578922,51.5375087511444,1.0,,2015-02-13 18:34:53,2015-02-13 18:35:54,failed,573,"[50671211, 50671212]",36,50671211,java,broken,1,java-maven,junit,1.0,,0,1,1,0,BatchCSVDatabaseTest#,26.28,136.0,0
51856164,javaee-samples/javaee7-samples,0.0,,,java,,master,3,4cfb36a865eaf2e54505f6d6022a0ef99ee4a770#4cc2cccd50765b7f5989b1b789a85817488b2422#038b3a890312bbed8753d3ef15a27b5d1f9ea756,merge_found,,,2015-02-23 13:20:38,3,038b3a890312bbed8753d3ef15a27b5d1f9ea756,1,038b3a890312bbed8753d3ef15a27b5d1f9ea756,,038b3a890312bbed8753d3ef15a27b5d1f9ea756,,0,,56,62,2,0,1,0,0,2,0,1,10,18605,482.18220908358,18.9733942488578,51.7602794947595,1.0,,2015-02-23 17:06:38,2015-02-23 17:12:51,failed,663,"[51856165, 51856166]",38,51856165,java,broken,1,java-maven,junit,1.0,,0,1,1,0,BatchCSVDatabaseTest#,20.03,137.0,0
52121257,javaee-samples/javaee7-samples,1.0,2015-02-25 10:34:22,292,java,commits_in_master,master,2,9a6f1195b10184f16cba17f8ce5191281b5c8992#969f1c9760ab0f8d41189f5da0ef0512bd06983d,build_found,038b3a890312bbed8753d3ef15a27b5d1f9ea756,51856164,2015-02-25 11:33:26,3,9a6f1195b10184f16cba17f8ce5191281b5c8992,1,9a6f1195b10184f16cba17f8ce5191281b5c8992,038b3a890312bbed8753d3ef15a27b5d1f9ea756,5551d04d8a8fc08194fecfd8758f1e86b1d6a2a6,0,0,0,16,0,0,0,2,0,0,1,0,1,132,18605,482.18220908358,18.9733942488578,51.7602794947595,1.0,12,2015-04-21 15:43:07,2015-02-25 11:35:35,failed,507,"[52121258, 52121259]",40,52121259,java,broken,0,java-maven,junit,1.0,,0,1,1,0,BatchCSVDatabaseTest#,29.68,112.0,0
53841072,javaee-samples/javaee7-samples,0.0,,,java,,master,2,25f81c09bdb1c368b64d7e2c9bc45cd3fe62961c#69afae8afcc1eedb7636f69ece4cf93799366063,merge_found,,,2015-03-10 18:19:07,3,69afae8afcc1eedb7636f69ece4cf93799366063,1,69afae8afcc1eedb7636f69ece4cf93799366063,,69afae8afcc1eedb7636f69ece4cf93799366063,,0,,2,0,0,0,1,0,0,1,0,0,47,18605,482.18220908358,18.9733942488578,51.7602794947595,1.0,,2015-03-10 18:29:37,2015-03-10 18:34:51,failed,559,"[53841073, 53841074]",42,53841073,java,broken,1,java-maven,junit,1.0,,0,1,1,0,BatchCSVDatabaseTest#,26.03,116.0,0
56410786,javaee-samples/javaee7-samples,0.0,,,java,,master,7,b3ae40f937deb1664f54485a8526b98a1a4413be#fa235833926cf24f6fed3413cbdb11b5843244cc#e32c3317b22d6aa5f737fe7c512aa6a43289b710#e24189d417843055cfd2c6e61198836cb4cb39c9#9ea4cd57e4e209981fc3265231ac006a0212530f#9def070bb23fa94b81b6d6a5b4a1cd1ed0caba2d#b89f18fce14f69321cf33cd085ac880f54e42324,merge_found,,,2015-03-27 22:13:03,3,b89f18fce14f69321cf33cd085ac880f54e42324,1,b89f18fce14f69321cf33cd085ac880f54e42324,,b89f18fce14f69321cf33cd085ac880f54e42324,,0,,99,231,7,0,0,0,0,9,0,0,6,18674,488.433115561744,19.0639391667559,51.8903287994002,1.0,,2015-03-30 13:15:12,2015-03-30 13:16:42,failed,700,"[56410787, 56410788]",45,56410788,java,broken,1,java-maven,junit,1.0,,0,1,1,0,BatchCSVDatabaseTest#,37.64,171.0,0
59172116,javaee-samples/javaee7-samples,1.0,2015-04-19 21:07:24,299,java,commits_in_master,master,5,53bd58c126916b88262139c457d32c3679c9d6ea#7018631bfe5804540370540206f4732df90dc83f#eb7483717940929663485054ec127bdaa7f07cb1#6607515116474e64a33f42347c41e9701151510e#41c735ee454c4d8f614b70cb360d6a470436818e,merge_found,,,2015-02-23 21:22:32,3,6607515116474e64a33f42347c41e9701151510e#eb7483717940929663485054ec127bdaa7f07cb1#7018631bfe5804540370540206f4732df90dc83f,3,6607515116474e64a33f42347c41e9701151510e,b89f18fce14f69321cf33cd085ac880f54e42324,541b0a03420b296dd582f09272f3ab489ebb0a01,0,0,0,179,285,13,0,16,0,0,23,0,8,191,18688,488.174229452055,19.0496575342466,51.851455479452,1.0,17,2015-04-21 15:42:21,2015-04-19 23:42:03,failed,578,"[59172117, 59172118]",49,59172117,java,broken,0,java-maven,junit,1.0,,0,1,1,0,BatchCSVDatabaseTest#,35.38,129.0,0
59417917,javaee-samples/javaee7-samples,0.0,,,java,,master,5,53bd58c126916b88262139c457d32c3679c9d6ea#7018631bfe5804540370540206f4732df90dc83f#eb7483717940929663485054ec127bdaa7f07cb1#6607515116474e64a33f42347c41e9701151510e#41c735ee454c4d8f614b70cb360d6a470436818e,merge_found,,,2015-02-23 21:22:32,3,41c735ee454c4d8f614b70cb360d6a470436818e,1,41c735ee454c4d8f614b70cb360d6a470436818e,,41c735ee454c4d8f614b70cb360d6a470436818e,,0,,78,54,6,0,16,0,0,14,0,8,187,18688,488.174229452055,19.0496575342466,51.851455479452,1.0,,2015-04-21 15:42:21,2015-04-21 20:55:10,failed,497,"[59417920, 59417926]",50,59417926,java,broken,1,java-maven,junit,1.0,,0,1,1,0,BatchCSVDatabaseTest#,40.66,123.0,0
59418080,javaee-samples/javaee7-samples,0.0,,,java,,master,2,9a6f1195b10184f16cba17f8ce5191281b5c8992#969f1c9760ab0f8d41189f5da0ef0512bd06983d,merge_found,,,2015-02-25 11:33:26,3,969f1c9760ab0f8d41189f5da0ef0512bd06983d,1,969f1c9760ab0f8d41189f5da0ef0512bd06983d,,969f1c9760ab0f8d41189f5da0ef0512bd06983d,,0,,16,0,0,0,2,0,0,1,0,1,135,18688,488.174229452055,19.0496575342466,51.851455479452,1.0,,2015-04-21 15:43:07,2015-04-21 20:55:16,failed,481,"[59418081, 59418082]",51,59418082,java,broken,1,java-maven,junit,1.0,,0,1,1,0,BatchCSVDatabaseTest#,43.39,128.0,0
59932812,javaee-samples/javaee7-samples,0.0,,,java,,master,2,30bcf1862b6688481fba43a582d04dd4f50c01ce#309d1e85f8e45bf150a033951b6e3a886003b596,merge_found,,,2015-04-24 19:36:12,3,309d1e85f8e45bf150a033951b6e3a886003b596,1,309d1e85f8e45bf150a033951b6e3a886003b596,,309d1e85f8e45bf150a033951b6e3a886003b596,,0,,0,0,0,0,16,0,0,0,0,16,30,18688,488.174229452055,19.0496575342466,51.851455479452,1.0,,2015-04-24 20:05:07,2015-04-24 20:09:01,failed,690,"[59932813, 59932814]",54,59932813,java,broken,1,java-maven,junit,1.0,,0,1,1,0,BatchCSVDatabaseTest#,34.73,104.0,0
61972772,javaee-samples/javaee7-samples,0.0,,,java,,master,1,f9fdd13589a527da383613bc24bf590761cc6527,build_found,309d1e85f8e45bf150a033951b6e3a886003b596,59932812,2015-04-26 16:50:20,3,f9fdd13589a527da383613bc24bf590761cc6527,1,f9fdd13589a527da383613bc24bf590761cc6527,,f9fdd13589a527da383613bc24bf590761cc6527,,0,,16,0,0,0,3,0,0,1,0,2,177,18688,488.174229452055,19.0496575342466,51.851455479452,1.0,,2015-05-10 14:28:25,2015-05-10 14:29:26,failed,585,"[61972773, 61972774]",56,61972773,java,broken,1,java-maven,junit,1.0,,0,1,1,0,BatchCSVDatabaseTest#,35.14,127.0,0
63605582,javaee-samples/javaee7-samples,0.0,,,java,,master,3,6a227090e4dae349968374466b1677b6709ac4e1#f845342e331ac0259486ec63258ce2d4c3087351#557de8055f61c107fba5df41572fc1364d0b4776,merge_found,,,2015-05-19 22:53:56,3,557de8055f61c107fba5df41572fc1364d0b4776,1,557de8055f61c107fba5df41572fc1364d0b4776,,557de8055f61c107fba5df41572fc1364d0b4776,,0,,714,699,50,0,2,0,0,30,4,18,28,19128,499.372647427854,19.5524884985362,53.3772480133835,1.0,,2015-05-22 06:41:19,2015-05-22 06:43:56,failed,567,"[63605583, 63605584]",59,63605583,java,broken,1,java-maven,junit,1.0,,0,1,1,0,BatchCSVDatabaseTest#,32.54,131.0,0
63968002,javaee-samples/javaee7-samples,0.0,,,java,,master,2,0dae775939b0345378aca7140bb7b659af41ddd9#5dc614394e2d687e9ea614d170c2477fd2a0e0cc,merge_found,,,2015-05-25 14:13:41,3,5dc614394e2d687e9ea614d170c2477fd2a0e0cc,1,5dc614394e2d687e9ea614d170c2477fd2a0e0cc,,5dc614394e2d687e9ea614d170c2477fd2a0e0cc,,0,,56,60,7,0,2,0,0,6,0,3,27,19163,500.182643636174,19.6211449146793,53.6450451390701,1.0,,2015-05-25 15:00:42,2015-05-25 15:02:23,failed,570,"[63968003, 63968004]",61,63968003,java,broken,1,java-maven,junit,1.0,,0,1,1,0,BatchCSVDatabaseTest#,42.94,120.0,0
64105163,javaee-samples/javaee7-samples,0.0,,,java,,master,,,merge_found,,,,3,0b69631f4e50260364786389ccaf038ecdc8971e,1,0b69631f4e50260364786389ccaf038ecdc8971e,,0b69631f4e50260364786389ccaf038ecdc8971e,,0,,100,112,14,0,1,0,0,10,0,5,30,19222,502.60118614088,19.7690146706898,54.1566954531266,1.0,,,2015-05-26 14:53:54,failed,856,"[64105164, 64105165]",64,64105165,java,broken,1,java-maven,junit,1.0,,0,1,1,0,BatchCSVDatabaseTest#,44.65,159.0,0
64117839,javaee-samples/javaee7-samples,0.0,,,java,,master,1,f3938d786b9a00b8ea499bc8e6daa1bd536577fa,build_found,0b69631f4e50260364786389ccaf038ecdc8971e,64105163,2015-05-26 16:05:47,3,f3938d786b9a00b8ea499bc8e6daa1bd536577fa,1,f3938d786b9a00b8ea499bc8e6daa1bd536577fa,,f3938d786b9a00b8ea499bc8e6daa1bd536577fa,,0,,0,0,0,0,1,0,0,0,0,1,3,19222,502.60118614088,19.7690146706898,54.1566954531266,1.0,,2015-05-26 16:05:49,2015-05-26 16:12:31,failed,1986,"[64117840, 64117841]",65,64117840,java,broken,1,java-ant,,0.0,,,,,,,,,0
64120358,javaee-samples/javaee7-samples,0.0,,,java,,master,1,96afe6e2d3fd506b15b41b0221ff37728687ae73,build_found,f3938d786b9a00b8ea499bc8e6daa1bd536577fa,64117839,2015-05-26 16:22:19,3,96afe6e2d3fd506b15b41b0221ff37728687ae73,1,96afe6e2d3fd506b15b41b0221ff37728687ae73,,96afe6e2d3fd506b15b41b0221ff37728687ae73,,0,,0,0,0,0,1,0,0,0,0,1,4,19222,502.60118614088,19.7690146706898,54.1566954531266,1.0,,2015-05-26 16:22:20,2015-05-26 16:51:44,failed,1844,"[64120359, 64120360]",66,64120359,java,broken,1,java-ant,,0.0,,,,,,,,,0
64128648,javaee-samples/javaee7-samples,0.0,,,java,,master,1,ddc23e056bd178897fde764378903de65d3297de,build_found,96afe6e2d3fd506b15b41b0221ff37728687ae73,64120358,2015-05-26 17:20:42,3,ddc23e056bd178897fde764378903de65d3297de,1,ddc23e056bd178897fde764378903de65d3297de,,ddc23e056bd178897fde764378903de65d3297de,,0,,0,0,0,0,1,0,0,0,0,1,5,19222,502.60118614088,19.7690146706898,54.1566954531266,1.0,,2015-05-26 17:20:44,2015-05-26 17:30:58,failed,1338,"[64128649, 64128650]",67,64128650,java,broken,1,java-ant,,0.0,,,,,,,,,0
65679086,javaee-samples/javaee7-samples,0.0,,,java,,master,1,227c82f9d13c2d728623f683b6fe7cd604bd4c79,build_found,f514f55d6ba62dcbbf4938c1970d097c21bbd96e,64640398,2015-06-06 10:48:30,3,227c82f9d13c2d728623f683b6fe7cd604bd4c79,1,227c82f9d13c2d728623f683b6fe7cd604bd4c79,,227c82f9d13c2d728623f683b6fe7cd604bd4c79,,0,,0,0,0,0,1,0,0,0,0,1,16,19222,502.60118614088,19.7690146706898,54.1566954531266,1.0,,2015-06-06 10:48:31,2015-06-06 10:49:00,failed,10435,"[65679087, 65679088, 65679089, 65679090, 65679091, 65679092, 65679093, 65679094, 65679095, 65679096, 65679097, 65679098, 65679099, 65679100, 65679101, 65679102, 65679103, 65679104, 65679105, 65679106, 65679107, 65679108, 65679109, 65679110, 65679111, 65679112, 65679113, 65679114, 65679115, 65679116, 65679117, 65679118, 65679119, 65679120, 65679121, 65679122, 65679123, 65679124, 65679125, 65679126, 65679127, 65679128]",82,65679097,java,broken,1,java-ant,,0.0,,,,,,,,,0
65770941,javaee-samples/javaee7-samples,1.0,2015-05-27 12:59:25,307,java,commits_in_master,master,3,6f97ceb289920b410952729c10864043f5bbb24e#c7e69f5b8a9cd1b0b92a9e5c98e1c09513e56a43#b3dd29be3f70e8a4d3d2c9375eaf8ea235074602,merge_found,,,2015-05-27 14:57:57,3,c7e69f5b8a9cd1b0b92a9e5c98e1c09513e56a43,1,c7e69f5b8a9cd1b0b92a9e5c98e1c09513e56a43,227c82f9d13c2d728623f683b6fe7cd604bd4c79,6691494ebc8ef7963e5c05fdb37922acede19db0,0,0,0,0,0,0,0,1,0,0,0,0,1,17,19226,505.2012899199,19.9729532924165,54.1974409653594,0.0,15,2015-06-24 02:38:26,2015-06-07 13:13:17,failed,10687,"[65770942, 65770943, 65770944, 65770945, 65770946, 65770947, 65770948, 65770949, 65770950, 65770951, 65770952, 65770953, 65770954, 65770955, 65770956, 65770957, 65770958, 65770959, 65770960, 65770961, 65770962, 65770963, 65770964, 65770965, 65770966, 65770967, 65770968, 65770969, 65770970, 65770971, 65770972, 65770973, 65770974, 65770975, 65770976, 65770977, 65770978, 65770979, 65770980, 65770981, 65770982, 65770983]",83,65770961,java,broken,0,java-ant,junit,1.0,,2,0,2,0,,10.92,,0
66456041,javaee-samples/javaee7-samples,1.0,2015-06-11 20:04:06,311,java,commits_in_master,master,7,acf7790b10644e3c0420ae2d070cd7ba7a9c1089#983ce756a5c2d1ff526e6e942669a06cc11d3158#5140ac175926f05661b93be2c9b5a161e84d9aa0#29aeea058538f11830cd9f46b16dd92b6cda1c10#5135f038a554ab231d4ea821e497252b8c75f2b2#4ec30e2badcf64d8c4c8ea32e526d2cf4df6efb2#a63598d3b56ea3eb1aed98ac36d2468e26b3b5c9,build_found,227c82f9d13c2d728623f683b6fe7cd604bd4c79,65679086,2015-06-11 21:39:19,3,983ce756a5c2d1ff526e6e942669a06cc11d3158#acf7790b10644e3c0420ae2d070cd7ba7a9c1089,2,983ce756a5c2d1ff526e6e942669a06cc11d3158,227c82f9d13c2d728623f683b6fe7cd604bd4c79,c35a32aad33312d2103563f4cc0c81ccbeef145d,0,0,0,10,8,0,0,7,0,0,7,0,0,18,19222,502.60118614088,19.7690146706898,54.1566954531266,1.0,9,2015-06-24 02:43:22,2015-06-11 22:05:29,failed,10408,"[66456042, 66456043, 66456044, 66456045, 66456046, 66456047, 66456048, 66456049, 66456050, 66456051, 66456052, 66456053, 66456054, 66456055, 66456056, 66456057, 66456058, 66456059, 66456060, 66456061, 66456062, 66456063, 66456064, 66456065, 66456066, 66456067, 66456068, 66456069, 66456070, 66456071, 66456072, 66456073, 66456074, 66456075, 66456076, 66456077, 66456078, 66456079, 66456080, 66456081, 66456082, 66456083]",84,66456044,java,ok,0,java-ant,,0.0,,,,,,,,,0
67350996,javaee-samples/javaee7-samples,0.0,,,java,,master,1,2f4e79196f9e529e30dfb1ffaea8be7a89ef2009,build_found,227c82f9d13c2d728623f683b6fe7cd604bd4c79,65679086,2015-06-18 11:25:57,3,2f4e79196f9e529e30dfb1ffaea8be7a89ef2009,1,2f4e79196f9e529e30dfb1ffaea8be7a89ef2009,,2f4e79196f9e529e30dfb1ffaea8be7a89ef2009,,0,,0,0,0,0,1,0,0,0,0,1,136,19222,502.60118614088,19.7690146706898,54.1566954531266,0.0,,2015-06-18 11:27:45,2015-06-18 11:28:31,failed,10928,"[67350997, 67350998, 67350999, 67351000, 67351001, 67351002, 67351003, 67351004, 67351005, 67351006, 67351007, 67351008, 67351009, 67351010, 67351011, 67351012, 67351013, 67351014, 67351015, 67351016, 67351017, 67351018, 67351019, 67351020, 67351022, 67351024, 67351025, 67351026, 67351027, 67351028, 67351029, 67351030, 67351031, 67351033, 67351035, 67351036, 67351037, 67351038, 67351039, 67351040, 67351041, 67351042]",85,67351042,java,ok,1,java-ant,,0.0,,,,,,,,,0
67596968,javaee-samples/javaee7-samples,1.0,2015-06-11 20:04:06,311,java,commits_in_master,master,7,acf7790b10644e3c0420ae2d070cd7ba7a9c1089#983ce756a5c2d1ff526e6e942669a06cc11d3158#5140ac175926f05661b93be2c9b5a161e84d9aa0#29aeea058538f11830cd9f46b16dd92b6cda1c10#5135f038a554ab231d4ea821e497252b8c75f2b2#4ec30e2badcf64d8c4c8ea32e526d2cf4df6efb2#a63598d3b56ea3eb1aed98ac36d2468e26b3b5c9,merge_found,,,2015-06-11 21:39:19,3,4ec30e2badcf64d8c4c8ea32e526d2cf4df6efb2#5135f038a554ab231d4ea821e497252b8c75f2b2#29aeea058538f11830cd9f46b16dd92b6cda1c10#5140ac175926f05661b93be2c9b5a161e84d9aa0,4,4ec30e2badcf64d8c4c8ea32e526d2cf4df6efb2,2f4e79196f9e529e30dfb1ffaea8be7a89ef2009,876168798eac0e90cc92dc5817f97f1e0d3ed84b,0,0,0,0,0,0,0,2,0,0,0,0,2,137,19222,502.60118614088,19.7690146706898,54.1566954531266,1.0,9,2015-06-24 02:43:22,2015-06-20 04:03:12,failed,10028,"[67596969, 67596970, 67596971, 67596972, 67596973, 67596974, 67596975, 67596976, 67596977, 67596978, 67596979, 67596980, 67596981, 67596982, 67596983, 67596984, 67596985, 67596986, 67596987, 67596988, 67596989, 67596990, 67596991, 67596992, 67596993, 67596994, 67596995, 67596996, 67596997, 67596998, 67596999, 67597000, 67597001, 67597002, 67597003, 67597004, 67597005, 67597006, 67597007, 67597008, 67597009, 67597010]",89,67596972,java,broken,0,java-ant,junit,1.0,,1,0,1,0,,5.35,,0
68097179,javaee-samples/javaee7-samples,0.0,,,java,,master,3,6f97ceb289920b410952729c10864043f5bbb24e#c7e69f5b8a9cd1b0b92a9e5c98e1c09513e56a43#b3dd29be3f70e8a4d3d2c9375eaf8ea235074602,merge_found,,,2015-05-27 14:57:57,3,b3dd29be3f70e8a4d3d2c9375eaf8ea235074602,1,b3dd29be3f70e8a4d3d2c9375eaf8ea235074602,,b3dd29be3f70e8a4d3d2c9375eaf8ea235074602,,0,,6,160,2,0,4,0,0,6,0,0,4,19226,505.2012899199,19.9729532924165,54.1974409653594,1.0,,2015-06-24 02:38:26,2015-06-24 03:36:21,failed,9952,"[68097180, 68097181, 68097182, 68097183, 68097184, 68097185, 68097186, 68097187, 68097188, 68097189, 68097190, 68097191, 68097192, 68097193, 68097194, 68097195, 68097196, 68097197, 68097198, 68097199, 68097200, 68097201, 68097202, 68097203, 68097204, 68097205, 68097206, 68097207, 68097208, 68097209, 68097210, 68097211, 68097212, 68097213, 68097214, 68097215, 68097216, 68097217, 68097218, 68097219, 68097220, 68097221]",92,68097199,java,broken,1,java-ant,junit,1.0,,2,0,2,0,,15.37,,0
68097320,javaee-samples/javaee7-samples,0.0,,,java,,master,6,c929944fb6696c43bfc475d9709e1a7ee53f207e#e15ffd5baa17a3abd23e893f32c5b34a86688953#98022871fadfd15a91ad0c4a6df19c8bc21baf16#fc30c0edb0ee59ab02182ec900112813a2d13bac#cfe64e3dafd50c66d50bea84cb0a9421e6d810f8#6d194bcd6525e62dccbe5172cfef9055310c0282,merge_found,,,2015-06-05 19:35:45,3,6d194bcd6525e62dccbe5172cfef9055310c0282,1,6d194bcd6525e62dccbe5172cfef9055310c0282,,6d194bcd6525e62dccbe5172cfef9055310c0282,,0,,348,143,5,0,20,0,0,9,0,19,212,19319,508.566695998758,20.0320927584243,54.3506392670428,1.0,,2015-06-24 02:41:06,2015-06-24 05:38:56,failed,9186,"[68097321, 68097322, 68097323, 68097324, 68097325, 68097326, 68097327, 68097328, 68097329, 68097330, 68097331, 68097332, 68097333, 68097334, 68097335, 68097336, 68097337, 68097338, 68097339, 68097340, 68097341, 68097343, 68097344, 68097345, 68097346, 68097347, 68097349, 68097350, 68097351, 68097352, 68097353, 68097354, 68097355, 68097356, 68097357, 68097358, 68097359, 68097360, 68097361, 68097362, 68097363, 68097364]",93,68097343,java,broken,1,java-ant,,0.0,,,,,,,,,0
68097487,javaee-samples/javaee7-samples,0.0,,,java,,master,7,acf7790b10644e3c0420ae2d070cd7ba7a9c1089#983ce756a5c2d1ff526e6e942669a06cc11d3158#5140ac175926f05661b93be2c9b5a161e84d9aa0#29aeea058538f11830cd9f46b16dd92b6cda1c10#5135f038a554ab231d4ea821e497252b8c75f2b2#4ec30e2badcf64d8c4c8ea32e526d2cf4df6efb2#a63598d3b56ea3eb1aed98ac36d2468e26b3b5c9,merge_found,,,2015-06-11 21:39:19,3,a63598d3b56ea3eb1aed98ac36d2468e26b3b5c9,1,a63598d3b56ea3eb1aed98ac36d2468e26b3b5c9,,a63598d3b56ea3eb1aed98ac36d2468e26b3b5c9,,0,,10,8,0,0,8,0,0,7,0,1,158,19319,508.566695998758,20.0320927584243,54.3506392670428,1.0,,2015-06-24 02:43:22,2015-06-24 08:34:45,failed,9555,"[68097488, 68097489, 68097490, 68097491, 68097492, 68097493, 68097494, 68097495, 68097496, 68097497, 68097498, 68097499, 68097500, 68097501, 68097502, 68097503, 68097504, 68097505, 68097506, 68097507, 68097508, 68097509, 68097510, 68097511, 68097512, 68097513, 68097514, 68097515, 68097516, 68097517, 68097518, 68097519, 68097520, 68097521, 68097522, 68097523, 68097524, 68097525, 68097526, 68097527, 68097528, 68097529]",94,68097496,java,broken,1,java-ant,junit,1.0,,3,0,3,0,,0.92,,0
69347187,javaee-samples/javaee7-samples,0.0,,,java,,master,3,4c3d5a62b321aafe1a46d7fbfbf026fbdb4ca453#b4ccfd36f5c6dd8bc49e0a38f9942e0a7e2f73b9#a05d7eb43e994fff76c7c9d7d18dc58a86f627bf,merge_found,,,2015-07-02 15:04:24,3,a05d7eb43e994fff76c7c9d7d18dc58a86f627bf,1,a05d7eb43e994fff76c7c9d7d18dc58a86f627bf,,a05d7eb43e994fff76c7c9d7d18dc58a86f627bf,,0,,0,0,0,0,1,0,0,0,0,1,145,19319,508.566695998758,20.0320927584243,54.3506392670428,1.0,,2015-07-02 20:09:31,2015-07-02 20:19:01,failed,9411,"[69347188, 69347189, 69347190, 69347191, 69347193, 69347194, 69347195, 69347196, 69347198, 69347199, 69347200, 69347201, 69347202, 69347203, 69347204, 69347205, 69347206, 69347207, 69347208, 69347209, 69347210, 69347211, 69347212, 69347213, 69347214, 69347215, 69347216, 69347217, 69347218, 69347219, 69347220, 69347221, 69347222, 69347223, 69347224, 69347225, 69347226, 69347227, 69347228, 69347229, 69347230, 69347231]",97,69347216,java,broken,1,java-ant,,0.0,,,,,,,,,0
69570329,javaee-samples/javaee7-samples,1.0,2015-07-04 18:49:54,315,java,merge_button,master,5,06dbcfb7804005b7261fdad0c9067d97271fd5dc#b376ada5dc485537297bbe5e23cd5d6210f0c92a#bf4482d3d627445184b2c40dbfad2ab3a7c72997#6b84efd4cf8098376706141ec36dda0babb6cbd1#5669bb3660c113cb49b791912725bf27aab6beac,merge_found,,,2015-06-27 20:32:11,3,b376ada5dc485537297bbe5e23cd5d6210f0c92a,1,b376ada5dc485537297bbe5e23cd5d6210f0c92a,a05d7eb43e994fff76c7c9d7d18dc58a86f627bf,830fd9df5e4d49182fb6536e5361b21181cc30f3,0,0,0,0,0,0,0,1,0,0,0,0,1,146,19319,508.566695998758,20.0320927584243,54.3506392670428,0.0,4,2015-07-08 17:41:28,2015-07-04 20:50:17,failed,8649,"[69570330, 69570331, 69570332, 69570333, 69570334, 69570335, 69570336, 69570337, 69570338, 69570339, 69570340, 69570341, 69570342, 69570343, 69570344, 69570345, 69570346, 69570347, 69570348, 69570349, 69570350, 69570351, 69570352, 69570353, 69570354, 69570355, 69570356, 69570357, 69570358, 69570359, 69570360, 69570361, 69570362, 69570363, 69570364, 69570365, 69570366, 69570367, 69570368, 69570369, 69570370, 69570371]",98,69570340,java,broken,0,java-ant,,0.0,,,,,,,,,0
70099435,javaee-samples/javaee7-samples,0.0,,,java,,master,5,06dbcfb7804005b7261fdad0c9067d97271fd5dc#b376ada5dc485537297bbe5e23cd5d6210f0c92a#bf4482d3d627445184b2c40dbfad2ab3a7c72997#6b84efd4cf8098376706141ec36dda0babb6cbd1#5669bb3660c113cb49b791912725bf27aab6beac,merge_found,,,2015-06-27 20:32:11,3,5669bb3660c113cb49b791912725bf27aab6beac,1,5669bb3660c113cb49b791912725bf27aab6beac,,5669bb3660c113cb49b791912725bf27aab6beac,,0,,365,71,2,5,5,0,0,9,0,6,20,19162,515.447239327836,20.4049681661622,55.0046967957416,1.0,,2015-07-08 17:41:28,2015-07-08 17:42:07,failed,9761,"[70099436, 70099437, 70099438, 70099439, 70099440, 70099441, 70099442, 70099443, 70099444, 70099445, 70099446, 70099447, 70099448, 70099449, 70099450, 70099451, 70099452, 70099454, 70099456, 70099458, 70099459, 70099461, 70099462, 70099463, 70099464, 70099465, 70099466, 70099467, 70099468, 70099469, 70099470, 70099471, 70099472, 70099473, 70099474, 70099475, 70099476, 70099477, 70099478, 70099479, 70099480, 70099481]",101,70099474,java,broken,1,java-ant,,0.0,,,,,,,,,0
71283021,javaee-samples/javaee7-samples,0.0,,,java,,master,2,970cade38847eecaaca7a1186bb1b6487220b4d8#e86d98f6023ec577425533e0c43fb82276641e72,merge_found,,,2015-07-15 13:20:47,3,e86d98f6023ec577425533e0c43fb82276641e72,1,e86d98f6023ec577425533e0c43fb82276641e72,,e86d98f6023ec577425533e0c43fb82276641e72,,0,,0,16,0,0,3,0,0,1,0,2,11,19162,515.603799185889,20.4049681661622,55.0046967957416,1.0,,2015-07-16 16:31:21,2015-07-16 16:35:14,failed,9683,"[71283022, 71283023, 71283024, 71283025, 71283026, 71283027, 71283028, 71283030, 71283031, 71283032, 71283033, 71283035, 71283037, 71283039, 71283040, 71283041, 71283042, 71283044, 71283045, 71283046, 71283047, 71283049, 71283050, 71283051, 71283052, 71283053, 71283054, 71283055, 71283057, 71283058, 71283059, 71283060, 71283061, 71283062, 71283063, 71283064, 71283065, 71283066, 71283067, 71283068, 71283069, 71283070]",104,71283050,java,broken,2,java-ant,junit,1.0,,1,0,1,0,,1.32,,0
76287405,javaee-samples/javaee7-samples,0.0,,,java,,master,1,2b478e842bbf1814bf09f7a9f092900f4988561b,build_found,e86d98f6023ec577425533e0c43fb82276641e72,71283021,2015-08-19 12:20:33,3,2b478e842bbf1814bf09f7a9f092900f4988561b,1,2b478e842bbf1814bf09f7a9f092900f4988561b,,2b478e842bbf1814bf09f7a9f092900f4988561b,,0,,9767,39,0,0,300,0,0,252,0,48,181,19166,515.496191171867,20.4007095898988,54.9932171553793,0.0,,2015-08-19 13:57:46,2015-08-19 14:01:39,failed,9863,"[76287406, 76287407, 76287408, 76287409, 76287410, 76287411, 76287414, 76287415, 76287416, 76287418, 76287421, 76287423, 76287425, 76287428, 76287430, 76287436, 76287439, 76287441, 76287444, 76287445, 76287446, 76287447, 76287448, 76287450, 76287452, 76287453, 76287454, 76287455, 76287456, 76287457, 76287458, 76287459, 76287460, 76287461, 76287462, 76287463, 76287464, 76287465, 76287466, 76287467, 76287468, 76287469]",105,76287461,java,broken,1,java-ant,junit,1.0,,0,3,3,0,,44.86,,0
80509708,javaee-samples/javaee7-samples,0.0,,,java,,master,2,90efe3f8f505815689dfde80547750a2e627c4e3#74a13b2e046da4e933ec5a0b29563346acffaa41,merge_found,,,2015-09-15 15:31:45,3,74a13b2e046da4e933ec5a0b29563346acffaa41,1,74a13b2e046da4e933ec5a0b29563346acffaa41,,74a13b2e046da4e933ec5a0b29563346acffaa41,,0,,207,32,2,2,0,0,0,5,0,0,6,19121,516.081794885205,20.4487213011872,55.1226400292872,1.0,,2015-09-15 20:18:59,2015-09-15 20:19:14,failed,9488,"[80509709, 80509710, 80509711, 80509712, 80509713, 80509714, 80509715, 80509716, 80509718, 80509719, 80509721, 80509723, 80509725, 80509727, 80509728, 80509729, 80509730, 80509731, 80509732, 80509733, 80509734, 80509735, 80509736, 80509737, 80509738, 80509739, 80509740, 80509741, 80509742, 80509743, 80509744, 80509745, 80509746, 80509747, 80509748, 80509749, 80509750, 80509751, 80509752, 80509753, 80509754, 80509755]",107,80509752,java,broken,2,java-ant,junit,1.0,,2,0,2,0,,10.67,,0
80523580,javaee-samples/javaee7-samples,0.0,,,java,,master,2,3d63ed03dc4106ab415624c670fc48bdb1456651#71a68f44ebe895af33686158238abdfdea47cf72,merge_found,,,2015-09-15 21:13:33,3,71a68f44ebe895af33686158238abdfdea47cf72,1,71a68f44ebe895af33686158238abdfdea47cf72,,71a68f44ebe895af33686158238abdfdea47cf72,,0,,2,0,0,0,1,0,0,1,0,0,3,19121,516.081794885205,20.4487213011872,55.1226400292872,1.0,,2015-09-15 21:34:51,2015-09-15 23:15:07,failed,9011,"[80523582, 80523584, 80523586, 80523587, 80523588, 80523589, 80523591, 80523593, 80523594, 80523595, 80523596, 80523597, 80523599, 80523600, 80523601, 80523602, 80523603, 80523604, 80523605, 80523606, 80523607, 80523608, 80523609, 80523610, 80523611, 80523612, 80523613, 80523614, 80523615, 80523616, 80523617, 80523618, 80523619, 80523620, 80523621, 80523622, 80523623, 80523624, 80523625, 80523626, 80523627, 80523628]",109,80523602,java,broken,1,java-ant,,0.0,,,,,,,,,0
90259259,javaee-samples/javaee7-samples,0.0,,,java,,master,3,b616a52ad1bfab6fdb943b2dcc8c5da9ecf404a3#72702963f134a2c007162fc7ea87fe423b751c4c#5f53c523ef91e87853d29c00eaf24ddaf721f99a,merge_found,,,2015-11-09 08:49:49,3,5f53c523ef91e87853d29c00eaf24ddaf721f99a,1,5f53c523ef91e87853d29c00eaf24ddaf721f99a,,5f53c523ef91e87853d29c00eaf24ddaf721f99a,,0,,227,234,16,0,1,0,0,10,0,7,25,19277,524.303574207605,20.9057425948021,55.6621880998081,1.0,,2015-11-10 08:06:02,2015-11-10 08:06:19,failed,9923,"[90259260, 90259261, 90259262, 90259263, 90259264, 90259265, 90259266, 90259267, 90259268, 90259269, 90259270, 90259271, 90259272, 90259273, 90259274, 90259275, 90259276, 90259277, 90259278, 90259279, 90259280, 90259281, 90259282, 90259283, 90259284, 90259285, 90259286, 90259287, 90259288, 90259289, 90259290, 90259291, 90259292, 90259293, 90259294, 90259295, 90259296, 90259297, 90259298, 90259299, 90259300, 90259301]",117,90259297,java,ok,1,java-ant,,0.0,,,,,,,,,0
90854828,javaee-samples/javaee7-samples,0.0,,,java,,master,4,fad4e9b894ffdeb77110568cd9e9bbfb68c203db#065bb599e12ff66e17404f6d2bb7bb0026dbb2d9#dae0efe9aed18b293e9cad38b0923b2f56786746#3f52c35985b7753eb39c55cb83710be583350c4b,merge_found,,,2015-11-12 17:09:21,3,3f52c35985b7753eb39c55cb83710be583350c4b,1,3f52c35985b7753eb39c55cb83710be583350c4b,,3f52c35985b7753eb39c55cb83710be583350c4b,,0,,8,74,0,0,11,0,0,11,0,0,77,19277,524.718576541993,20.9057425948021,55.6621880998081,1.0,,2015-11-13 00:29:46,2015-11-13 00:30:00,failed,8665,"[90854829, 90854830, 90854831, 90854832, 90854833, 90854834, 90854835, 90854836, 90854837, 90854838, 90854839, 90854840, 90854841, 90854842, 90854843, 90854844, 90854845, 90854846, 90854847, 90854848, 90854849, 90854850, 90854851, 90854852, 90854853, 90854854, 90854855, 90854856, 90854857, 90854858, 90854859, 90854860, 90854861, 90854862, 90854863, 90854864, 90854865, 90854866, 90854867, 90854868, 90854869, 90854870]",119,90854860,java,broken,1,java-ant,,0.0,,,,,,,,,0
91131276,javaee-samples/javaee7-samples,1.0,2015-11-14 16:33:20,331,java,commits_in_master,master,3,771b724b02683b9fe10418982383e961cbe11ec8#0b303a05fdc2d48e4dfee7b4e177dfa4d902ddf8#78b56682356fc8c7b11968f36e4be78a45dda90c,build_found,71a68f44ebe895af33686158238abdfdea47cf72,80523580,2015-11-13 21:42:32,3,0b303a05fdc2d48e4dfee7b4e177dfa4d902ddf8#771b724b02683b9fe10418982383e961cbe11ec8#dae0efe9aed18b293e9cad38b0923b2f56786746#065bb599e12ff66e17404f6d2bb7bb0026dbb2d9#fad4e9b894ffdeb77110568cd9e9bbfb68c203db#72702963f134a2c007162fc7ea87fe423b751c4c#b616a52ad1bfab6fdb943b2dcc8c5da9ecf404a3#c366a6ef9074cc71337b87588bce2bb9bb20c420#c617bc24bfa2386f1fe45ef8879c0e0b849f2dfb#5a9b9d9749a63ec3311178e845fad0632e78c1a3,10,0b303a05fdc2d48e4dfee7b4e177dfa4d902ddf8,3f52c35985b7753eb39c55cb83710be583350c4b,b69f6d6bc08acaf9aaa169c2ba47cc19ba90dddd,0,0,0,345,808,17,1,23,2,14,29,0,8,209,19332,524.467204634802,20.8462652596731,55.5038278501966,1.0,22,2015-11-14 23:33:54,2015-11-14 17:37:35,failed,9945,"[91131277, 91131278, 91131279, 91131280, 91131281, 91131282, 91131283, 91131284, 91131285, 91131286, 91131287, 91131288, 91131289, 91131290, 91131291, 91131292, 91131293, 91131294, 91131295, 91131296, 91131297, 91131298, 91131299, 91131300, 91131301, 91131302, 91131303, 91131304, 91131305, 91131306, 91131307, 91131308, 91131309, 91131310, 91131311, 91131312, 91131313, 91131314, 91131315, 91131316, 91131317, 91131318]",120,91131296,java,broken,0,java-ant,junit,1.0,,2,0,2,0,,10.56,,0
91167166,javaee-samples/javaee7-samples,0.0,,,java,,master,3,771b724b02683b9fe10418982383e961cbe11ec8#0b303a05fdc2d48e4dfee7b4e177dfa4d902ddf8#78b56682356fc8c7b11968f36e4be78a45dda90c,merge_found,,,2015-11-13 21:42:32,3,78b56682356fc8c7b11968f36e4be78a45dda90c,1,78b56682356fc8c7b11968f36e4be78a45dda90c,,78b56682356fc8c7b11968f36e4be78a45dda90c,,0,,78,69,0,0,10,0,0,10,0,0,18,19332,524.467204634802,20.8462652596731,55.5038278501966,1.0,,2015-11-14 23:33:54,2015-11-14 23:34:06,failed,9152,"[91167167, 91167168, 91167169, 91167170, 91167171, 91167172, 91167173, 91167174, 91167175, 91167176, 91167177, 91167178, 91167179, 91167180, 91167181, 91167182, 91167183, 91167184, 91167185, 91167186, 91167187, 91167188, 91167189, 91167190, 91167191, 91167192, 91167193, 91167194, 91167195, 91167196, 91167197, 91167198, 91167199, 91167200, 91167201, 91167202, 91167203, 91167204, 91167205, 91167206, 91167207, 91167208]",121,91167182,java,broken,2,java-ant,,0.0,,,,,,,,,0
91331852,javaee-samples/javaee7-samples,0.0,,,java,,master,2,64e9774f7e4301db4a3a692d14d2b134bc25b6b7#b925063e08d3b5ac6d27f8d122bfea390e36312b,merge_found,,,2015-11-15 22:43:08,3,b925063e08d3b5ac6d27f8d122bfea390e36312b,1,b925063e08d3b5ac6d27f8d122bfea390e36312b,,b925063e08d3b5ac6d27f8d122bfea390e36312b,,0,,136,86,11,0,1,0,0,6,0,6,27,19416,524.876390605686,20.8590852904821,55.4697156983931,1.0,,2015-11-16 07:46:31,2015-11-16 07:46:39,failed,10138,"[91331853, 91331854, 91331855, 91331856, 91331857, 91331858, 91331859, 91331860, 91331861, 91331862, 91331863, 91331864, 91331865, 91331866, 91331867, 91331868, 91331869, 91331870, 91331871, 91331872, 91331873, 91331874, 91331875, 91331876, 91331877, 91331878, 91331879, 91331880, 91331881, 91331882, 91331883, 91331884, 91331885, 91331886, 91331887, 91331888, 91331889, 91331890, 91331891, 91331892, 91331893, 91331894]",123,91331871,java,broken,1,java-ant,,0.0,,,,,,,,,0
93176968,javaee-samples/javaee7-samples,0.0,,,java,,master,3,4391bdebdacb153da1987f859a66add378b1b3c4#f503dc7c310715b6983f15875cd79d0fd454e966#07cad23203857b87610b6d69915cf9fe53f9f67a,merge_found,,,2015-11-24 23:45:21,3,07cad23203857b87610b6d69915cf9fe53f9f67a,1,07cad23203857b87610b6d69915cf9fe53f9f67a,,07cad23203857b87610b6d69915cf9fe53f9f67a,,0,,114,72,7,0,1,0,0,4,0,4,35,19484,525.610757544652,20.8376103469513,55.4300964894272,1.0,,2015-11-25 15:21:11,2015-11-25 18:48:55,failed,10812,"[93176969, 93176970, 93176971, 93176972, 93176973, 93176974, 93176975, 93176976, 93176977, 93176978, 93176979, 93176980, 93176981, 93176982, 93176983, 93176984, 93176985, 93176986, 93176987, 93176988, 93176989, 93176990, 93176991, 93176992, 93176993, 93176994, 93176995, 93176996, 93176997, 93176998, 93176999, 93177000, 93177001, 93177002, 93177003, 93177004, 93177005, 93177006, 93177007, 93177008, 93177009, 93177010]",125,93176979,java,broken,2,java-ant,,0.0,,,,,,,,,0
94216599,javaee-samples/javaee7-samples,0.0,,,java,,master,2,24b94df93a11940f15282bc96159b5f70cdf1a16#6deca13a468e7ff789f1343d1610fcf631b4ac7f,merge_found,,,2015-12-01 00:10:47,3,6deca13a468e7ff789f1343d1610fcf631b4ac7f,1,6deca13a468e7ff789f1343d1610fcf631b4ac7f,,6deca13a468e7ff789f1343d1610fcf631b4ac7f,,0,,240,143,12,0,1,0,0,7,0,6,29,19632,525.825183374083,20.8333333333333,55.6234718826406,1.0,,2015-12-01 17:56:27,2015-12-01 19:29:47,failed,10011,"[94216600, 94216601, 94216602, 94216603, 94216604, 94216605, 94216606, 94216607, 94216608, 94216609, 94216610, 94216611, 94216612, 94216613, 94216614, 94216615, 94216616, 94216617, 94216618, 94216619, 94216620, 94216621, 94216622, 94216623, 94216624, 94216625, 94216626, 94216627, 94216628, 94216629, 94216630, 94216631, 94216632, 94216633, 94216634, 94216635, 94216636, 94216637, 94216638, 94216639, 94216640, 94216641]",127,94216637,java,ok,1,java-ant,,0.0,,,,,,,,,0
121820445,javaee-samples/javaee7-samples,0.0,,,java,,master,,,merge_found,,,,4,345b8a711629776d9433df72799f6181ae62c655,1,345b8a711629776d9433df72799f6181ae62c655,,345b8a711629776d9433df72799f6181ae62c655,,0,,67,232,2,0,4,0,0,6,0,0,15,19656,529.60927960928,20.9096459096459,56.1660561660562,1.0,,,2016-04-09 00:02:06,failed,10616,"[121820447, 121820448, 121820449, 121820450, 121820451, 121820452, 121820455, 121820457, 121820459, 121820461, 121820463, 121820465, 121820468, 121820470, 121820472, 121820474, 121820476, 121820479, 121820482, 121820484, 121820485, 121820488, 121820489, 121820491, 121820493, 121820495, 121820497, 121820499, 121820501, 121820503, 121820505, 121820507, 121820509, 121820511, 121820513, 121820515, 121820516, 121820518, 121820520, 121820522, 121820524, 121820526]",130,121820518,java,ok,1,java-ant,,0.0,,,,,,,,,0
127088321,javaee-samples/javaee7-samples,0.0,,,java,,master,,,merge_found,,,,4,8fa3d6764410e8285a5487e72b16490c6b859513,1,8fa3d6764410e8285a5487e72b16490c6b859513,,8fa3d6764410e8285a5487e72b16490c6b859513,,0,,236,334,6,0,5,0,0,9,0,2,44,19809,533.898732899187,20.8491089908627,57.1457418345197,1.0,,,2016-05-01 21:25:44,failed,12011,"[127088322, 127088323, 127088324, 127088325, 127088326, 127088328, 127088329, 127088330, 127088331, 127088333, 127088334, 127088335, 127088336, 127088338, 127088339, 127088340, 127088341, 127088342, 127088343, 127088345, 127088346, 127088347, 127088348, 127088349, 127088350, 127088352, 127088353, 127088354, 127088355, 127088356, 127088357, 127088358, 127088359, 127088360, 127088361, 127088362, 127088363, 127088364, 127088365, 127088366, 127088367, 127088368]",133,127088356,java,broken,1,java-ant,junit,1.0,,3,0,3,0,,0.5,,0
127113934,javaee-samples/javaee7-samples,0.0,,,java,,master,,,build_found,8fa3d6764410e8285a5487e72b16490c6b859513,127088321,,5,71635cbe721ee1f2e3dd0167001046fe1d6e648f,1,71635cbe721ee1f2e3dd0167001046fe1d6e648f,,71635cbe721ee1f2e3dd0167001046fe1d6e648f,,1,,0,0,0,0,1,0,0,0,0,1,149,19809,533.898732899187,20.8491089908627,57.1457418345197,1.0,,,2016-05-02 00:40:12,failed,11023,"[127113935, 127113936, 127113937, 127113938, 127113940, 127113941, 127113942, 127113943, 127113944, 127113945, 127113946, 127113947, 127113948, 127113950, 127113951, 127113952, 127113953, 127113954, 127113955, 127113956, 127113958, 127113959, 127113960, 127113962, 127113965, 127113966, 127113968, 127113971, 127113973, 127113974, 127113976, 127113977, 127113978, 127113979, 127113980, 127113981, 127113982, 127113983, 127113984, 127113985, 127113986, 127113987]",134,127113936,java,broken,1,java-ant,junit,1.0,,1,0,1,0,,1.89,,0
129851283,javaee-samples/javaee7-samples,0.0,,,java,,master,,,merge_found,,,,5,fff02d3520ecca0e2f95526af02dfdd2b568dce7,1,fff02d3520ecca0e2f95526af02dfdd2b568dce7,,fff02d3520ecca0e2f95526af02dfdd2b568dce7,,0,,56,0,0,0,3,0,0,2,0,1,204,19814,533.764005248814,20.8438477843949,57.1313212879782,1.0,,,2016-05-12 21:33:25,failed,10756,"[129851284, 129851285, 129851286, 129851287, 129851288, 129851289, 129851290, 129851291, 129851292, 129851293, 129851294, 129851295, 129851296, 129851297, 129851299, 129851300, 129851301, 129851302, 129851304, 129851305, 129851306, 129851307, 129851310, 129851311, 129851314, 129851315, 129851316, 129851317, 129851318, 129851319, 129851320, 129851321, 129851322, 129851323, 129851324, 129851325, 129851326, 129851327, 129851328, 129851330, 129851331, 129851332]",136,129851327,java,ok,1,java-ant,,0.0,,,,,,,,,0
131472010,javaee-samples/javaee7-samples,1.0,2016-05-19 16:57:56,351,java,commits_in_master,master,,,build_found,fff02d3520ecca0e2f95526af02dfdd2b568dce7,129851283,,5,8f0ad364514185cbf95d870589aaa3b2ef4daa67,1,8f0ad364514185cbf95d870589aaa3b2ef4daa67,fff02d3520ecca0e2f95526af02dfdd2b568dce7,000deb4470afbe19576f3e0f45eac0302ee82727,0,0,0,0,16,0,0,2,0,0,2,0,0,4,19814,533.965882709196,20.8438477843949,57.1313212879782,0.0,,,2016-05-19 16:58:25,failed,11124,"[131472011, 131472012, 131472013, 131472014, 131472015, 131472016, 131472017, 131472018, 131472019, 131472020, 131472021, 131472022, 131472023, 131472024, 131472025, 131472026, 131472027, 131472028, 131472029, 131472030, 131472031, 131472032, 131472033, 131472034, 131472035, 131472036, 131472037, 131472038, 131472039, 131472040, 131472041, 131472042, 131472043, 131472044, 131472045, 131472046, 131472047, 131472048, 131472049, 131472050, 131472051, 131472052]",137,131472011,java,broken,0,java-ant,,0.0,,,,,,,,,0
134211908,javaee-samples/javaee7-samples,0.0,,,java,,master,,,merge_found,,,,5,a96abcaebcfcfe6e74fc10c90c7aac948feb9831,1,a96abcaebcfcfe6e74fc10c90c7aac948feb9831,,a96abcaebcfcfe6e74fc10c90c7aac948feb9831,,0,,2,0,0,0,2,0,0,1,0,1,198,19814,533.764005248814,20.8438477843949,57.1313212879782,1.0,,,2016-05-31 16:39:29,failed,12833,"[134211909, 134211910, 134211911, 134211912, 134211913, 134211914, 134211915, 134211916, 134211917, 134211918, 134211919, 134211920, 134211921, 134211922, 134211923, 134211924, 134211925, 134211926, 134211927, 134211928, 134211929, 134211930, 134211931, 134211932, 134211933, 134211934, 134211935, 134211936, 134211937, 134211938, 134211939, 134211940, 134211941, 134211942, 134211943, 134211944, 134211945, 134211946, 134211947, 134211948, 134211949, 134211950]",139,134211944,java,broken,1,java-ant,,0.0,,,,,,,,,0
143106536,javaee-samples/javaee7-samples,0.0,,,java,,master,,,merge_found,,,,5,93b0df11a4d13717717b88ea507001dbf90a8955,1,93b0df11a4d13717717b88ea507001dbf90a8955,,93b0df11a4d13717717b88ea507001dbf90a8955,,0,,190,85,9,0,1,0,0,4,0,6,31,19928,533.470493777599,20.875150541951,57.3063026896829,1.0,,,2016-07-07 19:42:40,failed,11096,"[143106537, 143106538, 143106539, 143106540, 143106541, 143106542, 143106543, 143106544, 143106546, 143106547, 143106548, 143106552, 143106553, 143106554, 143106556, 143106557, 143106558, 143106559, 143106561, 143106562, 143106563, 143106564, 143106565, 143106566, 143106568, 143106569, 143106570, 143106571, 143106572, 143106574, 143106576, 143106578, 143106580, 143106581, 143106582, 143106583, 143106585, 143106586, 143106587, 143106588, 143106589, 143106590]",141,143106542,java,broken,1,java-ant,,0.0,,,,,,,,,0
143347593,javaee-samples/javaee7-samples,0.0,,,java,,master,,,merge_found,,,,5,e6200f839284dc93c9906870b54209805ae8b7e8,1,e6200f839284dc93c9906870b54209805ae8b7e8,,e6200f839284dc93c9906870b54209805ae8b7e8,,0,,21,0,1,0,3,0,0,1,0,3,203,19928,533.470493777599,20.875150541951,57.3063026896829,1.0,,,2016-07-08 15:25:41,failed,12399,"[143347594, 143347595, 143347596, 143347597, 143347598, 143347599, 143347600, 143347601, 143347602, 143347603, 143347604, 143347605, 143347606, 143347607, 143347608, 143347609, 143347610, 143347611, 143347612, 143347613, 143347614, 143347615, 143347616, 143347617, 143347618, 143347619, 143347620, 143347621, 143347622, 143347623, 143347624, 143347625, 143347626, 143347627, 143347628, 143347629, 143347630, 143347631, 143347632, 143347633, 143347634, 143347635]",144,143347618,java,broken,1,java-ant,junit,1.0,,1,0,1,0,,5.53,,0
144319503,javaee-samples/javaee7-samples,0.0,,,java,,master,,,merge_found,,,,5,67c5d9c07f187d6b9f1a2dd79fcda61d0f3dea47,1,67c5d9c07f187d6b9f1a2dd79fcda61d0f3dea47,,67c5d9c07f187d6b9f1a2dd79fcda61d0f3dea47,,0,,26,30,0,0,3,0,0,3,0,0,4,19937,534.433465416061,21.0162010332548,57.4309073581783,1.0,,,2016-07-13 00:04:07,failed,11409,"[144319504, 144319505, 144319506, 144319507, 144319508, 144319509, 144319510, 144319511, 144319512, 144319513, 144319515, 144319516, 144319517, 144319518, 144319519, 144319520, 144319521, 144319522, 144319524, 144319525, 144319526, 144319527, 144319528, 144319529, 144319530, 144319531, 144319532, 144319533, 144319534, 144319535, 144319536, 144319537, 144319538, 144319539, 144319540, 144319541, 144319542, 144319543, 144319544, 144319546, 144319548, 144319550]",146,144319532,java,broken,1,java-ant,,0.0,,,,,,,,,0
144833800,javaee-samples/javaee7-samples,0.0,,,java,,master,,,merge_found,,,,5,58cf7e994d6c1334fa0ff69b9b4ba67269edc3a5,1,58cf7e994d6c1334fa0ff69b9b4ba67269edc3a5,,58cf7e994d6c1334fa0ff69b9b4ba67269edc3a5,,0,,22,104,0,0,3,0,0,3,0,0,3,19953,536.510800380895,21.1998195760036,57.7857966220618,1.0,,,2016-07-14 22:53:05,failed,11162,"[144833801, 144833802, 144833803, 144833804, 144833805, 144833806, 144833807, 144833808, 144833809, 144833810, 144833811, 144833812, 144833813, 144833814, 144833815, 144833816, 144833817, 144833818, 144833819, 144833820, 144833823, 144833824, 144833825, 144833826, 144833827, 144833828, 144833829, 144833830, 144833831, 144833832, 144833833, 144833834, 144833835, 144833836, 144833837, 144833838, 144833839, 144833840, 144833841, 144833842, 144833843, 144833844]",148,144833837,java,broken,1,java-ant,,0.0,,,,,,,,,0
146975055,javaee-samples/javaee7-samples,0.0,,,java,,master,,,merge_found,,,,5,a99b7935c968f92edfa6472bd4acb5bf0b3518ac,1,a99b7935c968f92edfa6472bd4acb5bf0b3518ac,,a99b7935c968f92edfa6472bd4acb5bf0b3518ac,,0,,8,0,0,0,1,0,0,1,0,0,63,19953,536.510800380895,21.1998195760036,57.7857966220618,1.0,,,2016-07-24 11:39:24,failed,11962,"[146975056, 146975057, 146975058, 146975059, 146975060, 146975061, 146975062, 146975063, 146975064, 146975065, 146975066, 146975067, 146975068, 146975069, 146975070, 146975071, 146975072, 146975073, 146975074, 146975075, 146975076, 146975077, 146975078, 146975079, 146975080, 146975081, 146975082, 146975083, 146975084, 146975085, 146975086, 146975087, 146975088, 146975089, 146975090, 146975091, 146975092, 146975093, 146975094, 146975095, 146975096, 146975097]",150,146975062,java,ok,3,java-ant,junit,1.0,,1,0,1,0,,13.64,,0
