tr_build_id,gh_project_name,gh_is_pr,gh_pr_created_at,gh_pull_req_num,gh_lang,git_merged_with,git_branch,gh_num_commits_in_push,gh_commits_in_push,git_prev_commit_resolution_status,git_prev_built_commit,tr_prev_build,gh_first_commit_created_at,gh_team_size,git_all_built_commits,git_num_all_built_commits,git_trigger_commit,tr_virtual_merged_into,tr_original_commit,gh_num_issue_comments,gh_num_commit_comments,gh_num_pr_comments,git_diff_src_churn,git_diff_test_churn,gh_diff_files_added,gh_diff_files_deleted,gh_diff_files_modified,gh_diff_tests_added,gh_diff_tests_deleted,gh_diff_src_files,gh_diff_doc_files,gh_diff_other_files,gh_num_commits_on_files_touched,gh_sloc,gh_test_lines_per_kloc,gh_test_cases_per_kloc,gh_asserts_cases_per_kloc,gh_by_core_team_member,gh_description_complexity,gh_pushed_at,gh_build_started_at,tr_status,tr_duration,tr_jobs,tr_build_number,tr_job_id,tr_log_lan,tr_log_status,tr_log_setup_time,tr_log_analyzer,tr_log_frameworks,tr_log_bool_tests_ran,tr_log_bool_tests_failed,tr_log_num_tests_ok,tr_log_num_tests_failed,tr_log_num_tests_run,tr_log_num_tests_skipped,tr_log_tests_failed,tr_log_testduration,tr_log_buildduration,build_successful
5557501,alecgorge/jsonapi,0.0,,,java,,master,,,merge_found,,,,3,ef5dd5cf5fc9efcfe67a7782d10bbd92975d04a9#290f2983c9ec0189310fab6b6c514c72e537b76b,2,ef5dd5cf5fc9efcfe67a7782d10bbd92975d04a9,,ef5dd5cf5fc9efcfe67a7782d10bbd92975d04a9,,0,,51,0,1,10,6,0,0,5,0,10,128,11665,0.0,0.0,0.0,1.0,,,2013-03-16 22:19:20,passed,519,[5557502],29,5557502,java,ok,,java-maven,junit,1.0,,0,0,,0,,0.0,,0
5557771,alecgorge/jsonapi,0.0,,,java,,master,3,782ab0c456006fd0e98e6122fda57e7a6afddbe7#bbf45063cd2c9229cab9d569e86d1d36843fee02#27baea1fdece90f2a8ff2796942e56339e1b1d16,build_found,ef5dd5cf5fc9efcfe67a7782d10bbd92975d04a9,5557501,2013-03-16 22:18:39,3,27baea1fdece90f2a8ff2796942e56339e1b1d16#bbf45063cd2c9229cab9d569e86d1d36843fee02#782ab0c456006fd0e98e6122fda57e7a6afddbe7,3,27baea1fdece90f2a8ff2796942e56339e1b1d16,,27baea1fdece90f2a8ff2796942e56339e1b1d16,,0,,538,0,1,0,16,0,0,13,0,4,41,11713,0.0,0.0,0.0,1.0,,2013-03-16 22:32:40,2013-03-16 22:33:18,passed,143,[5557772],30,5557772,java,ok,,java-maven,junit,1.0,,0,0,,0,,0.0,,0
5721391,alecgorge/jsonapi,0.0,,,java,,master,1,81b4f00bfb105b7e2b9a45415946509abef55800,build_found,27baea1fdece90f2a8ff2796942e56339e1b1d16,5557771,2013-03-22 17:11:49,3,81b4f00bfb105b7e2b9a45415946509abef55800,1,81b4f00bfb105b7e2b9a45415946509abef55800,,81b4f00bfb105b7e2b9a45415946509abef55800,,0,,497,0,2,1,13,0,0,12,0,4,75,11750,0.0,0.0,0.0,1.0,,2013-03-22 17:11:59,2013-03-22 17:12:42,passed,136,[5721392],31,5721392,java,ok,,java-maven,junit,1.0,,0,0,,0,,0.0,,0
5874332,alecgorge/jsonapi,0.0,,,java,,master,,,build_found,b2c1651f9ccba49f5c72b2832a8948bbbc393ac4,5855442,,3,3801e588c98296c50f14e3a83ed16e3386357578,1,3801e588c98296c50f14e3a83ed16e3386357578,,3801e588c98296c50f14e3a83ed16e3386357578,,0,,4,0,0,0,3,0,0,2,0,1,4,11748,0.0,0.0,0.0,1.0,,,2013-03-28 17:07:02,passed,236,[5874333],33,5874333,java,ok,,java-maven,junit,1.0,,0,0,,0,,0.0,,0
6039618,alecgorge/jsonapi,0.0,,,java,,master,1,baace064a165613f713825e35f04f34c821df497,build_found,3801e588c98296c50f14e3a83ed16e3386357578,5874332,2013-04-04 05:54:38,3,baace064a165613f713825e35f04f34c821df497,1,baace064a165613f713825e35f04f34c821df497,,baace064a165613f713825e35f04f34c821df497,,1,,27,0,0,0,4,0,0,2,0,2,15,11757,0.0,0.0,0.0,1.0,,2013-04-04 05:54:43,2013-04-04 05:55:29,passed,124,[6039619],34,6039619,java,ok,,java-maven,junit,1.0,,0,0,,0,,0.0,,0
6039625,alecgorge/jsonapi,0.0,,,java,,master,1,d46ac2b00cb8d76be14616d087ec75a1f1a7d026,build_found,baace064a165613f713825e35f04f34c821df497,6039618,2013-04-04 05:55:03,3,d46ac2b00cb8d76be14616d087ec75a1f1a7d026,1,d46ac2b00cb8d76be14616d087ec75a1f1a7d026,,d46ac2b00cb8d76be14616d087ec75a1f1a7d026,,0,,0,0,0,0,1,0,0,0,0,1,5,11757,0.0,0.0,0.0,1.0,,2013-04-04 05:55:06,2013-04-04 05:55:49,passed,124,[6039626],35,6039626,java,ok,,java-maven,junit,1.0,,0,0,,0,,0.0,,0
13495411,alecgorge/jsonapi,0.0,,,java,,master,1,d685c61d7af4e3918ca259730bf716e8bc913f85,build_found,b531c8213b239e20dec02ec1fab6af6073699cef,13495155,2013-11-04 22:03:53,3,d685c61d7af4e3918ca259730bf716e8bc913f85,1,d685c61d7af4e3918ca259730bf716e8bc913f85,,d685c61d7af4e3918ca259730bf716e8bc913f85,,0,,0,0,0,0,1,0,0,0,0,1,1,14770,0.0,0.0,0.0,1.0,,2013-11-04 22:03:57,2013-11-04 22:21:11,failed,171,[13495412],40,13495412,java,broken,,java-ant,,0.0,,,,,,,,0.0,0
13495545,alecgorge/jsonapi,0.0,,,java,,master,1,9e11d4b14a33b123c2765f50bec26384277bc0fa,build_found,d685c61d7af4e3918ca259730bf716e8bc913f85,13495411,2013-11-04 22:10:38,3,9e11d4b14a33b123c2765f50bec26384277bc0fa,1,9e11d4b14a33b123c2765f50bec26384277bc0fa,,9e11d4b14a33b123c2765f50bec26384277bc0fa,,0,,0,0,0,0,1,0,0,0,0,1,1,14770,0.0,0.0,0.0,1.0,,2013-11-04 22:10:43,2013-11-04 22:26:58,passed,146,[13495546],41,13495546,java,ok,,java-ant,,0.0,,,,,,,,0.0,0
13553463,alecgorge/jsonapi,0.0,,,java,,master,2,f63db35748c7416a4eb20c43cc198fd54be419d9#d7c61d974fe5c323dad7b35a2265791975cf0878,build_found,9e11d4b14a33b123c2765f50bec26384277bc0fa,13495545,2013-11-05 23:19:40,3,d7c61d974fe5c323dad7b35a2265791975cf0878#f63db35748c7416a4eb20c43cc198fd54be419d9,2,d7c61d974fe5c323dad7b35a2265791975cf0878,,d7c61d974fe5c323dad7b35a2265791975cf0878,,0,,20268,0,115,0,10,0,0,111,7,7,67,23626,0.0,0.0,0.0,1.0,,2013-11-05 23:20:58,2013-11-05 23:30:57,passed,263,[13553464],42,13553464,java,ok,,java-ant,,0.0,,,,,,,,0.0,0
13653990,alecgorge/jsonapi,0.0,,,java,,master,1,17c62461a9484f9021fdba93284fb2782ad686e3,build_found,d7c61d974fe5c323dad7b35a2265791975cf0878,13553463,2013-11-07 21:06:38,3,17c62461a9484f9021fdba93284fb2782ad686e3,1,17c62461a9484f9021fdba93284fb2782ad686e3,,17c62461a9484f9021fdba93284fb2782ad686e3,,0,,161,0,0,0,17,0,0,10,0,7,105,23676,0.0,0.0,0.0,1.0,,2013-11-07 21:07:05,2013-11-07 21:12:17,passed,209,[13653991],43,13653991,java,ok,,java-ant,,0.0,,,,,,,,0.0,0
13676876,alecgorge/jsonapi,0.0,,,java,,master,1,2a4aab9f0f1845577b99e315f34231da1418db08,build_found,17c62461a9484f9021fdba93284fb2782ad686e3,13653990,2013-11-08 09:49:21,3,2a4aab9f0f1845577b99e315f34231da1418db08,1,2a4aab9f0f1845577b99e315f34231da1418db08,,2a4aab9f0f1845577b99e315f34231da1418db08,,0,,45,0,0,0,5,0,0,5,0,0,25,23694,0.0,0.0,0.0,1.0,,2013-11-08 09:49:37,2013-11-08 09:51:04,passed,206,[13676877],44,13676877,java,ok,,java-ant,,0.0,,,,,,,,0.0,0
13711426,alecgorge/jsonapi,0.0,,,java,,master,1,fb2ea795988a5ad4187fb5152e97ab5c5b8a99d0,build_found,2a4aab9f0f1845577b99e315f34231da1418db08,13676876,2013-11-08 22:40:47,3,fb2ea795988a5ad4187fb5152e97ab5c5b8a99d0,1,fb2ea795988a5ad4187fb5152e97ab5c5b8a99d0,,fb2ea795988a5ad4187fb5152e97ab5c5b8a99d0,,0,,5,0,0,0,1,0,0,1,0,0,11,23696,0.0,0.0,0.0,1.0,,2013-11-08 22:41:12,2013-11-08 22:44:02,passed,242,[13711427],45,13711427,java,ok,,java-ant,,0.0,,,,,,,,0.0,0
13712954,alecgorge/jsonapi,0.0,,,java,,master,1,82343fb7caa2cffa6269d636a47dba6026c7366e,build_found,fb2ea795988a5ad4187fb5152e97ab5c5b8a99d0,13711426,2013-11-08 23:29:56,3,82343fb7caa2cffa6269d636a47dba6026c7366e,1,82343fb7caa2cffa6269d636a47dba6026c7366e,,82343fb7caa2cffa6269d636a47dba6026c7366e,,0,,31,0,0,0,4,0,0,4,0,0,27,23690,0.0,0.0,0.0,1.0,,2013-11-08 23:30:06,2013-11-08 23:31:24,passed,188,[13712955],46,13712955,java,ok,,java-ant,,0.0,,,,,,,,0.0,0
13734023,alecgorge/jsonapi,1.0,2013-11-09 15:35:08,313,java,merge_button,master,2,fcbc5b50bb8c58f818730fe942a623e12e32bdc6#f7f0360f26f29e109588927280d75738cb08f0fb,build_found,82343fb7caa2cffa6269d636a47dba6026c7366e,13712954,2013-11-09 16:34:38,3,fcbc5b50bb8c58f818730fe942a623e12e32bdc6,1,fcbc5b50bb8c58f818730fe942a623e12e32bdc6,82343fb7caa2cffa6269d636a47dba6026c7366e,fbd07655d0adce6e38ff26baa9b1529cb5aafb97,0,0,0,64,0,0,0,1,0,0,1,0,0,24,23682,0.0,0.0,0.0,1.0,12,2013-11-12 09:23:56,2013-11-09 16:36:15,passed,214,[13734024],48,13734024,java,ok,,java-ant,,0.0,,,,,,,,0.0,0
13734180,alecgorge/jsonapi,1.0,2013-11-09 15:39:58,314,java,merge_button,master,2,34c0b5889c7d336ca15361ea98f7bccf9d297858#c045da01223f7db33e60a9e3aef9bd886adb3752,build_found,82343fb7caa2cffa6269d636a47dba6026c7366e,13712954,2013-11-09 15:56:35,3,34c0b5889c7d336ca15361ea98f7bccf9d297858,1,34c0b5889c7d336ca15361ea98f7bccf9d297858,82343fb7caa2cffa6269d636a47dba6026c7366e,65affcc1c0a5e3754a58970a04938c23af416a59,0,0,0,135,0,0,0,1,0,0,1,0,0,24,23690,0.0,0.0,0.0,1.0,28,2013-11-12 00:31:40,2013-11-09 16:40:37,passed,213,[13734181],49,13734181,java,ok,,java-ant,,0.0,,,,,,,,0.0,0
13820045,alecgorge/jsonapi,1.0,2013-11-11 17:54:55,317,java,merge_button,master,2,414efe73ed0ef20de5d5682c5139d84c0cbe56fc#70f078b90e0a2ab86784ad2758220774d2be144b,build_found,82343fb7caa2cffa6269d636a47dba6026c7366e,13712954,2013-11-09 16:11:24,3,414efe73ed0ef20de5d5682c5139d84c0cbe56fc,1,414efe73ed0ef20de5d5682c5139d84c0cbe56fc,82343fb7caa2cffa6269d636a47dba6026c7366e,bb5f821e42a13c79258a4eb7f5ad71d31ffd8b57,1,0,0,6,0,0,0,1,0,0,1,0,0,11,23686,0.0,0.0,0.0,1.0,35,2013-11-11 19:04:24,2013-11-11 18:56:26,passed,217,[13820046],50,13820046,java,ok,,java-ant,,0.0,,,,,,,,0.0,0
13820394,alecgorge/jsonapi,0.0,,,java,,master,2,414efe73ed0ef20de5d5682c5139d84c0cbe56fc#70f078b90e0a2ab86784ad2758220774d2be144b,merge_found,,,2013-11-09 16:11:24,3,70f078b90e0a2ab86784ad2758220774d2be144b,1,70f078b90e0a2ab86784ad2758220774d2be144b,,70f078b90e0a2ab86784ad2758220774d2be144b,,0,,6,0,0,0,1,0,0,1,0,0,12,23686,0.0,0.0,0.0,1.0,,2013-11-11 19:04:24,2013-11-11 19:05:37,passed,231,[13820395],51,13820395,java,ok,,java-ant,,0.0,,,,,,,,0.0,0
13834545,alecgorge/jsonapi,0.0,,,java,,master,2,34c0b5889c7d336ca15361ea98f7bccf9d297858#c045da01223f7db33e60a9e3aef9bd886adb3752,merge_found,,,2013-11-09 15:56:35,3,c045da01223f7db33e60a9e3aef9bd886adb3752,1,c045da01223f7db33e60a9e3aef9bd886adb3752,,c045da01223f7db33e60a9e3aef9bd886adb3752,,0,,135,0,0,0,1,0,0,1,0,0,25,23686,0.0,0.0,0.0,1.0,,2013-11-12 00:31:40,2013-11-12 00:32:32,failed,291,[13834546],52,13834546,java,broken,,java-ant,,0.0,,,,,,,,0.0,0
13848277,alecgorge/jsonapi,0.0,,,java,,master,2,fcbc5b50bb8c58f818730fe942a623e12e32bdc6#f7f0360f26f29e109588927280d75738cb08f0fb,merge_found,,,2013-11-09 16:34:38,3,f7f0360f26f29e109588927280d75738cb08f0fb,1,f7f0360f26f29e109588927280d75738cb08f0fb,,f7f0360f26f29e109588927280d75738cb08f0fb,,0,,64,0,0,0,1,0,0,1,0,0,25,23678,0.0,0.0,0.0,1.0,,2013-11-12 09:23:56,2013-11-12 09:25:02,passed,218,[13848278],53,13848278,java,ok,,java-ant,,0.0,,,,,,,,0.0,0
14075254,alecgorge/jsonapi,0.0,,,java,,master,1,cc4b83269bd3bf9deb752c683a2a08056cd8d492,build_found,f7f0360f26f29e109588927280d75738cb08f0fb,13848277,2013-11-16 20:20:16,3,cc4b83269bd3bf9deb752c683a2a08056cd8d492,1,cc4b83269bd3bf9deb752c683a2a08056cd8d492,,cc4b83269bd3bf9deb752c683a2a08056cd8d492,,0,,1,0,0,0,1,0,0,1,0,0,4,23679,0.0,0.0,0.0,1.0,,2013-11-16 20:20:16,2013-11-16 20:20:51,passed,208,[14075255],54,14075255,java,ok,,java-ant,,0.0,,,,,,,,0.0,0
14293440,alecgorge/jsonapi,0.0,,,java,,master,1,667a9547dc6c8fc7d66696f344c8bbc8f5070210,build_found,cc4b83269bd3bf9deb752c683a2a08056cd8d492,14075254,2013-11-21 05:11:44,3,667a9547dc6c8fc7d66696f344c8bbc8f5070210,1,667a9547dc6c8fc7d66696f344c8bbc8f5070210,,667a9547dc6c8fc7d66696f344c8bbc8f5070210,,0,,23,0,0,0,3,0,0,2,0,1,32,23693,0.0,0.0,0.0,1.0,,2013-11-21 05:12:32,2013-11-21 05:13:10,passed,199,[14293441],55,14293441,java,ok,,java-ant,,0.0,,,,,,,,0.0,0
14456867,alecgorge/jsonapi,0.0,,,java,,master,1,9b678dcd5f12610dfc8acfd031860ac408dc670f,build_found,667a9547dc6c8fc7d66696f344c8bbc8f5070210,14293440,2013-11-24 18:40:10,3,9b678dcd5f12610dfc8acfd031860ac408dc670f,1,9b678dcd5f12610dfc8acfd031860ac408dc670f,,9b678dcd5f12610dfc8acfd031860ac408dc670f,,0,,24,0,0,0,1,0,0,1,0,0,4,23712,0.0,0.0,0.0,1.0,,2013-11-24 18:40:22,2013-11-24 18:41:43,passed,218,[14456868],56,14456868,java,ok,,java-ant,,0.0,,,,,,,,0.0,0
14824207,alecgorge/jsonapi,0.0,,,java,,master,3,8820a66bff4238f247ed01ec7ce70b0570d97340#7430c6f3d79f68bfbfdd03bead9d9e213f19e56d#7a401ddab1a1465c629e3316f3d36f290630b426,build_found,9b678dcd5f12610dfc8acfd031860ac408dc670f,14456867,2013-11-26 00:50:44,3,7a401ddab1a1465c629e3316f3d36f290630b426#7430c6f3d79f68bfbfdd03bead9d9e213f19e56d#8820a66bff4238f247ed01ec7ce70b0570d97340,3,7a401ddab1a1465c629e3316f3d36f290630b426,,7a401ddab1a1465c629e3316f3d36f290630b426,,0,,1000,0,1,9,13,0,0,13,0,9,83,23067,0.0,0.0,0.0,1.0,,2013-12-02 19:48:55,2013-12-02 19:51:36,passed,291,[14824208],57,14824208,java,ok,,java-ant,,0.0,,,,,,,,0.0,0
15108382,alecgorge/jsonapi,0.0,,,java,,master,2,517aad3e8598a949d2874f67195b2cb5dc618da4#ad96abe82cc62115c2a50867e566f5612522efcf,build_found,7a401ddab1a1465c629e3316f3d36f290630b426,14824207,2013-12-08 01:53:41,3,ad96abe82cc62115c2a50867e566f5612522efcf#517aad3e8598a949d2874f67195b2cb5dc618da4,2,ad96abe82cc62115c2a50867e566f5612522efcf,,ad96abe82cc62115c2a50867e566f5612522efcf,,0,,20548,0,3,110,5,0,0,112,7,1,82,14353,0.0,0.0,0.0,1.0,,2013-12-08 01:55:14,2013-12-08 01:56:11,passed,220,[15108383],58,15108383,java,ok,,java-ant,,0.0,,,,,,,,0.0,0
15736192,alecgorge/jsonapi,0.0,,,java,,master,2,8749f5387bdc9f31b4ea29a8ea176f36c3a90964#498e82ae79bd270a4de21e0964e5542e4689d8fb,build_found,ad96abe82cc62115c2a50867e566f5612522efcf,15108382,2013-12-19 22:02:00,3,498e82ae79bd270a4de21e0964e5542e4689d8fb#8749f5387bdc9f31b4ea29a8ea176f36c3a90964,2,498e82ae79bd270a4de21e0964e5542e4689d8fb,,498e82ae79bd270a4de21e0964e5542e4689d8fb,,0,,521,0,5,0,6,0,0,9,0,2,54,14711,0.0,0.0,0.0,1.0,,2013-12-19 22:02:35,2013-12-19 22:11:33,failed,112,[15736193],59,15736193,java,broken,,java-ant,,0.0,,,,,,,,0.0,0
15736489,alecgorge/jsonapi,0.0,,,java,,master,1,f9c2597a148642c9db65f031aa8d499919ce6f70,build_found,498e82ae79bd270a4de21e0964e5542e4689d8fb,15736192,2013-12-19 22:08:18,3,f9c2597a148642c9db65f031aa8d499919ce6f70,1,f9c2597a148642c9db65f031aa8d499919ce6f70,,f9c2597a148642c9db65f031aa8d499919ce6f70,,0,,328,0,0,0,3,0,0,3,0,0,1,14700,0.0,0.0,0.0,1.0,,2013-12-19 22:08:31,2013-12-19 22:17:31,passed,249,[15736490],60,15736490,java,ok,,java-ant,,0.0,,,,,,,,0.0,0
16141170,alecgorge/jsonapi,0.0,,,java,,master,1,c766124cd5a1ff6749680137fa41528d617146db,build_found,f9c2597a148642c9db65f031aa8d499919ce6f70,15736489,2013-12-30 14:11:14,3,c766124cd5a1ff6749680137fa41528d617146db,1,c766124cd5a1ff6749680137fa41528d617146db,,c766124cd5a1ff6749680137fa41528d617146db,,0,,17,0,0,0,2,0,0,2,0,0,5,14715,0.0,0.0,0.0,1.0,,2013-12-30 14:11:22,2013-12-30 14:12:12,passed,219,[16141171],61,16141171,java,ok,,java-ant,,0.0,,,,,,,,0.0,0
16143242,alecgorge/jsonapi,0.0,,,java,,master,5,79f9f705d5a2ceeb580a866feb6536d1b075dd47#610c4e3e2576fec35b3ca954948b0c7cabc85d1a#0a593e2a04155294234591fbc42c46603affa419#09e17a035e3381e85100363c309f6178baa60dc0#9cfa51ad41ae632bdd1cb6b15890bd056e361d50,build_found,c766124cd5a1ff6749680137fa41528d617146db,16141170,2013-12-30 14:23:26,3,9cfa51ad41ae632bdd1cb6b15890bd056e361d50#09e17a035e3381e85100363c309f6178baa60dc0#0a593e2a04155294234591fbc42c46603affa419#610c4e3e2576fec35b3ca954948b0c7cabc85d1a#79f9f705d5a2ceeb580a866feb6536d1b075dd47,5,9cfa51ad41ae632bdd1cb6b15890bd056e361d50,,9cfa51ad41ae632bdd1cb6b15890bd056e361d50,,0,,182,0,1,0,8,0,0,2,1,5,75,14818,0.0,0.0,0.0,1.0,,2013-12-30 15:05:30,2013-12-30 15:06:11,passed,217,[16143243],62,16143243,java,ok,,java-ant,,0.0,,,,,,,,0.0,0
16143354,alecgorge/jsonapi,0.0,,,java,,master,1,3d3e524a72247a05fc4e6591e923cc4aead0d323,build_found,9cfa51ad41ae632bdd1cb6b15890bd056e361d50,16143242,2013-12-30 15:09:29,3,3d3e524a72247a05fc4e6591e923cc4aead0d323,1,3d3e524a72247a05fc4e6591e923cc4aead0d323,,3d3e524a72247a05fc4e6591e923cc4aead0d323,,0,,1,0,0,0,1,0,0,1,0,0,14,14819,0.0,0.0,0.0,1.0,,2013-12-30 15:09:42,2013-12-30 15:10:26,passed,212,[16143355],63,16143355,java,ok,,java-ant,,0.0,,,,,,,,0.0,0
16673170,alecgorge/jsonapi,0.0,,,java,,master,1,1319251e8d9b00a8588182aa6f428e5219e6fb7f,build_found,3d3e524a72247a05fc4e6591e923cc4aead0d323,16143354,2014-01-09 18:33:36,3,1319251e8d9b00a8588182aa6f428e5219e6fb7f,1,1319251e8d9b00a8588182aa6f428e5219e6fb7f,,1319251e8d9b00a8588182aa6f428e5219e6fb7f,,0,,6,0,0,0,1,0,0,1,0,0,4,14821,0.0,0.0,0.0,1.0,,2014-01-09 18:33:40,2014-01-09 18:51:08,passed,275,[16673171],64,16673171,java,ok,,java-ant,,0.0,,,,,,,,0.0,0
17196550,alecgorge/jsonapi,0.0,,,java,,master,3,243e8f7a5638c08ba8dc374d710550b0f0d37730#50cb8b491c42e8ed1e7a4c53f97ad87a3f29232d#2bf99f5dcafd331fa8b6f49dfcbec17a91203117,build_found,1319251e8d9b00a8588182aa6f428e5219e6fb7f,16673170,2014-01-18 20:57:05,2,2bf99f5dcafd331fa8b6f49dfcbec17a91203117#50cb8b491c42e8ed1e7a4c53f97ad87a3f29232d#243e8f7a5638c08ba8dc374d710550b0f0d37730,3,2bf99f5dcafd331fa8b6f49dfcbec17a91203117,,2bf99f5dcafd331fa8b6f49dfcbec17a91203117,,0,,14575,0,0,0,139,0,0,132,0,7,114,15303,0.0,0.0,0.0,1.0,,2014-01-18 21:00:17,2014-01-18 21:01:09,failed,86,[17196551],65,17196551,java,broken,,java-ant,,0.0,,,,,,,,0.0,0
17196632,alecgorge/jsonapi,0.0,,,java,,master,2,54573caae5b4785414c8d6d8b309762dd682836c#8430fe66eef226fe2105a63ba9c0d16319ff31d2,build_found,2bf99f5dcafd331fa8b6f49dfcbec17a91203117,17196550,2014-01-18 21:01:48,2,8430fe66eef226fe2105a63ba9c0d16319ff31d2#54573caae5b4785414c8d6d8b309762dd682836c,2,8430fe66eef226fe2105a63ba9c0d16319ff31d2,,8430fe66eef226fe2105a63ba9c0d16319ff31d2,,0,,14512,0,0,0,131,0,0,131,0,0,87,14844,0.0,0.0,0.0,1.0,,2014-01-18 21:01:52,2014-01-18 21:03:02,passed,256,[17196633],66,17196633,java,ok,,java-ant,,0.0,,,,,,,,0.0,0
17196699,alecgorge/jsonapi,0.0,,,java,,master,1,29114bd55d61a1d5240831ef6be113c2073465fc,build_found,8430fe66eef226fe2105a63ba9c0d16319ff31d2,17196632,2014-01-18 21:03:05,2,29114bd55d61a1d5240831ef6be113c2073465fc,1,29114bd55d61a1d5240831ef6be113c2073465fc,,29114bd55d61a1d5240831ef6be113c2073465fc,,0,,0,0,0,0,1,0,0,0,0,1,28,14844,0.0,0.0,0.0,1.0,,2014-01-18 21:03:56,2014-01-18 21:04:53,passed,242,[17196700],67,17196700,java,ok,,java-ant,,0.0,,,,,,,,0.0,0
17228394,alecgorge/jsonapi,1.0,2014-01-19 15:51:17,332,java,merge_button,master,2,5ea91db4e5eb8a49feaf71aceda483e50b30dc48#3351ab86d7892e81f55c2482302c5d5b6685bb6a,build_found,29114bd55d61a1d5240831ef6be113c2073465fc,17196699,2014-01-19 16:44:38,2,5ea91db4e5eb8a49feaf71aceda483e50b30dc48,1,5ea91db4e5eb8a49feaf71aceda483e50b30dc48,29114bd55d61a1d5240831ef6be113c2073465fc,6e8b8f51741c03156b6d009dcaea71dc16d8b1f8,0,0,0,239,0,1,0,0,0,0,1,0,0,0,14844,0.0,0.0,0.0,1.0,36,2014-01-20 23:08:55,2014-01-19 16:52:14,passed,230,[17228395],68,17228395,java,ok,,java-ant,,0.0,,,,,,,,0.0,0
17307287,alecgorge/jsonapi,0.0,,,java,,master,2,5ea91db4e5eb8a49feaf71aceda483e50b30dc48#3351ab86d7892e81f55c2482302c5d5b6685bb6a,merge_found,,,2014-01-19 16:44:38,2,3351ab86d7892e81f55c2482302c5d5b6685bb6a,1,3351ab86d7892e81f55c2482302c5d5b6685bb6a,,3351ab86d7892e81f55c2482302c5d5b6685bb6a,,0,,239,0,1,0,0,0,0,1,0,0,1,14844,0.0,0.0,0.0,1.0,,2014-01-20 23:08:55,2014-01-20 23:10:03,passed,250,[17307288],69,17307288,java,ok,,java-ant,,0.0,,,,,,,,0.0,0
17655935,alecgorge/jsonapi,0.0,,,java,,master,1,ae06e9a63fab29ea58664a216dcb0c241425378d,build_found,3351ab86d7892e81f55c2482302c5d5b6685bb6a,17307287,2014-01-26 18:32:26,2,ae06e9a63fab29ea58664a216dcb0c241425378d,1,ae06e9a63fab29ea58664a216dcb0c241425378d,,ae06e9a63fab29ea58664a216dcb0c241425378d,,0,,123,0,0,0,2,0,0,1,0,1,11,14853,0.0,0.0,0.0,1.0,,2014-01-26 18:35:22,2014-01-26 18:36:59,failed,244,[17655936],70,17655936,java,broken,,java-ant,,0.0,,,,,,,,0.0,0
17711956,alecgorge/jsonapi,0.0,,,java,,master,,,build_found,ae06e9a63fab29ea58664a216dcb0c241425378d,17655935,,2,5e2341f9cec64c67eb0fc66d7f08fe3434359f60,1,5e2341f9cec64c67eb0fc66d7f08fe3434359f60,,5e2341f9cec64c67eb0fc66d7f08fe3434359f60,,0,,2,0,0,0,1,0,0,1,0,0,30,14853,0.0,0.0,0.0,1.0,,,2014-01-27 17:40:11,passed,257,[17711957],71,17711957,java,ok,,java-ant,,0.0,,,,,,,,0.0,0
17712164,alecgorge/jsonapi,0.0,,,java,,master,,,build_found,5e2341f9cec64c67eb0fc66d7f08fe3434359f60,17711956,,2,85d0f936343001f2ad0c10f2e26d17059ea4dee4,1,85d0f936343001f2ad0c10f2e26d17059ea4dee4,,85d0f936343001f2ad0c10f2e26d17059ea4dee4,,0,,5,0,0,0,1,0,0,1,0,0,8,14850,0.0,0.0,0.0,1.0,,,2014-01-27 17:44:20,passed,266,[17712165],72,17712165,java,ok,,java-ant,,0.0,,,,,,,,0.0,0
17712544,alecgorge/jsonapi,0.0,,,java,,master,,,build_found,85d0f936343001f2ad0c10f2e26d17059ea4dee4,17712164,,2,3c70c3084e8f141d1c20628d5afa8364e3d55322,1,3c70c3084e8f141d1c20628d5afa8364e3d55322,,3c70c3084e8f141d1c20628d5afa8364e3d55322,,0,,2,0,0,0,1,0,0,1,0,0,31,14850,0.0,0.0,0.0,1.0,,,2014-01-27 17:51:06,passed,269,[17712545],73,17712545,java,ok,,java-ant,,0.0,,,,,,,,0.0,0
17851978,alecgorge/jsonapi,0.0,,,java,,master,2,05dc3639bb22cc88d5eb875357c39c9aa7774f39#14df1f96ee12050ed91a7b0769886bc868459cf7,build_found,3c70c3084e8f141d1c20628d5afa8364e3d55322,17712544,2014-01-28 20:21:03,2,14df1f96ee12050ed91a7b0769886bc868459cf7#05dc3639bb22cc88d5eb875357c39c9aa7774f39,2,14df1f96ee12050ed91a7b0769886bc868459cf7,,14df1f96ee12050ed91a7b0769886bc868459cf7,,0,,563,0,2,0,16,0,0,15,1,2,108,15203,0.0,0.0,0.0,1.0,,2014-01-29 17:34:02,2014-01-29 17:44:33,passed,333,[17851979],74,17851979,java,ok,,java-ant,,0.0,,,,,,,,0.0,0
17853518,alecgorge/jsonapi,0.0,,,java,,master,1,ac1485ddd7e1c754cebe012d7eea9f1c9f6c2c60,build_found,14df1f96ee12050ed91a7b0769886bc868459cf7,17851978,2014-01-29 17:56:30,2,ac1485ddd7e1c754cebe012d7eea9f1c9f6c2c60,1,ac1485ddd7e1c754cebe012d7eea9f1c9f6c2c60,,ac1485ddd7e1c754cebe012d7eea9f1c9f6c2c60,,0,,19,0,0,0,2,0,0,2,0,0,12,15210,0.0,0.0,0.0,1.0,,2014-01-29 17:55:51,2014-01-29 18:06:01,passed,353,[17853519],75,17853519,java,ok,,java-ant,,0.0,,,,,,,,0.0,0
17853539,alecgorge/jsonapi,0.0,,,java,,master,1,aeecd1a97de628ab5a654043c9cc1dafef06c3b9,build_found,ac1485ddd7e1c754cebe012d7eea9f1c9f6c2c60,17853518,2014-01-29 17:56:54,2,aeecd1a97de628ab5a654043c9cc1dafef06c3b9,1,aeecd1a97de628ab5a654043c9cc1dafef06c3b9,,aeecd1a97de628ab5a654043c9cc1dafef06c3b9,,0,,0,0,0,0,1,0,0,0,0,1,29,15210,0.0,0.0,0.0,1.0,,2014-01-29 17:56:16,2014-01-29 18:05:33,passed,306,[17853540],76,17853540,java,ok,,java-ant,,0.0,,,,,,,,0.0,0
17991066,alecgorge/jsonapi,0.0,,,java,,master,3,f1a59b80783196ec9955e47b5729a8af9d7cb05b#351d301b8de516bdd251c9b1a8fe478396a11b12#9141ed0ca71215e1608abd4f2f2db8ce1fa038bc,build_found,aeecd1a97de628ab5a654043c9cc1dafef06c3b9,17853539,2014-01-31 17:24:21,2,9141ed0ca71215e1608abd4f2f2db8ce1fa038bc#351d301b8de516bdd251c9b1a8fe478396a11b12#f1a59b80783196ec9955e47b5729a8af9d7cb05b,3,9141ed0ca71215e1608abd4f2f2db8ce1fa038bc,,9141ed0ca71215e1608abd4f2f2db8ce1fa038bc,,0,,692,0,0,2,19,0,0,17,0,3,123,14862,0.0,0.0,0.0,1.0,,2014-01-31 17:29:21,2014-01-31 17:34:07,passed,250,[17991067],77,17991067,java,ok,,java-ant,,0.0,,,,,,,,0.0,0
17991747,alecgorge/jsonapi,0.0,,,java,,master,1,9ad612a9ffa8dfaf128c5e557b91f14df3a4a0bc,build_found,9141ed0ca71215e1608abd4f2f2db8ce1fa038bc,17991066,2014-01-31 17:43:48,2,9ad612a9ffa8dfaf128c5e557b91f14df3a4a0bc,1,9ad612a9ffa8dfaf128c5e557b91f14df3a4a0bc,,9ad612a9ffa8dfaf128c5e557b91f14df3a4a0bc,,0,,6,0,0,0,2,0,0,2,0,0,39,14864,0.0,0.0,0.0,1.0,,2014-01-31 17:42:58,2014-01-31 17:46:42,passed,272,[17991748],78,17991748,java,ok,,java-ant,,0.0,,,,,,,,0.0,0
18432721,alecgorge/jsonapi,0.0,,,java,,master,1,27cff8fd3f54953745e33a3b2101a7aae300ad9f,build_found,9ad612a9ffa8dfaf128c5e557b91f14df3a4a0bc,17991747,2014-02-07 18:49:59,2,27cff8fd3f54953745e33a3b2101a7aae300ad9f,1,27cff8fd3f54953745e33a3b2101a7aae300ad9f,,27cff8fd3f54953745e33a3b2101a7aae300ad9f,,0,,115,0,2,0,4,0,0,3,0,3,106,14949,0.0,0.0,0.0,1.0,,2014-02-07 18:50:08,2014-02-07 18:52:11,failed,134,[18432722],79,18432722,java,broken,,java-ant,,0.0,,,,,,,,0.0,0
19066939,alecgorge/jsonapi,0.0,,,java,,master,3,201eaa9c2fec0134ac1476ab5e4cc6ae5b5ee531#2ec3829bfa9bb29c0188537f0248118a6dfdf31f#255554839675a2d93ab7cf332409df8879389be4,build_found,27cff8fd3f54953745e33a3b2101a7aae300ad9f,18432721,2014-02-17 20:45:56,2,255554839675a2d93ab7cf332409df8879389be4#2ec3829bfa9bb29c0188537f0248118a6dfdf31f#201eaa9c2fec0134ac1476ab5e4cc6ae5b5ee531,3,255554839675a2d93ab7cf332409df8879389be4,,255554839675a2d93ab7cf332409df8879389be4,,0,,118,0,0,0,11,0,0,3,0,8,80,14940,0.0,0.0,0.0,1.0,,2014-02-17 21:16:50,2014-02-17 21:19:09,failed,35,[19066940],81,19066940,java,broken,,java-ant,,0.0,,,,,,,,,0
19202762,alecgorge/jsonapi,0.0,,,java,,master,1,02199d944c65d07a5b88d9902b5dece8ca21f056,build_found,255554839675a2d93ab7cf332409df8879389be4,19066939,2014-02-19 18:38:46,2,02199d944c65d07a5b88d9902b5dece8ca21f056,1,02199d944c65d07a5b88d9902b5dece8ca21f056,,02199d944c65d07a5b88d9902b5dece8ca21f056,,0,,25,0,0,0,6,0,0,3,0,3,99,14958,0.0,0.0,0.0,1.0,,2014-02-19 18:38:44,2014-02-19 18:40:29,failed,128,[19202763],82,19202763,java,broken,,java-ant,,0.0,,,,,,,,0.0,0
19203479,alecgorge/jsonapi,0.0,,,java,,master,1,ae37e0bdd90e31beef67c50a691d34b64403cecc,build_found,02199d944c65d07a5b88d9902b5dece8ca21f056,19202762,2014-02-19 18:50:50,2,ae37e0bdd90e31beef67c50a691d34b64403cecc,1,ae37e0bdd90e31beef67c50a691d34b64403cecc,,ae37e0bdd90e31beef67c50a691d34b64403cecc,,0,,16,0,0,0,1,0,0,1,0,0,35,14961,0.0,0.0,0.0,1.0,,2014-02-19 18:50:50,2014-02-19 18:52:30,failed,127,[19203480],83,19203480,java,broken,,java-ant,,0.0,,,,,,,,0.0,0
19203513,alecgorge/jsonapi,0.0,,,java,,master,1,c5a7c325ee5292e229d42227733792ed3081c0a8,build_found,ae37e0bdd90e31beef67c50a691d34b64403cecc,19203479,2014-02-19 18:51:38,2,c5a7c325ee5292e229d42227733792ed3081c0a8,1,c5a7c325ee5292e229d42227733792ed3081c0a8,,c5a7c325ee5292e229d42227733792ed3081c0a8,,0,,37,0,2,0,0,0,0,2,0,0,0,14990,0.0,0.0,0.0,1.0,,2014-02-19 18:51:39,2014-02-19 18:53:00,passed,237,[19203514],84,19203514,java,ok,,java-ant,,0.0,,,,,,,,0.0,0
19203767,alecgorge/jsonapi,0.0,,,java,,master,1,47410220dcb19c94178930185b018a9fd21fe3ec,build_found,c5a7c325ee5292e229d42227733792ed3081c0a8,19203513,2014-02-19 18:55:59,2,47410220dcb19c94178930185b018a9fd21fe3ec,1,47410220dcb19c94178930185b018a9fd21fe3ec,,47410220dcb19c94178930185b018a9fd21fe3ec,,0,,10,0,0,0,2,0,0,2,0,0,58,14988,0.0,0.0,0.0,1.0,,2014-02-19 18:56:00,2014-02-19 18:56:57,passed,252,[19203768],85,19203768,java,ok,,java-ant,,0.0,,,,,,,,0.0,0
19203861,alecgorge/jsonapi,0.0,,,java,,master,1,9fbe643d916341fc18b2c0efc8ac05897fff9cd5,build_found,47410220dcb19c94178930185b018a9fd21fe3ec,19203767,2014-02-19 18:58:44,2,9fbe643d916341fc18b2c0efc8ac05897fff9cd5,1,9fbe643d916341fc18b2c0efc8ac05897fff9cd5,,9fbe643d916341fc18b2c0efc8ac05897fff9cd5,,0,,11,0,0,0,1,0,0,1,0,0,17,14998,0.0,0.0,0.0,1.0,,2014-02-19 18:58:47,2014-02-19 18:59:23,passed,218,[19203862],86,19203862,java,ok,,java-ant,,0.0,,,,,,,,0.0,0
19204304,alecgorge/jsonapi,0.0,,,java,,master,1,5b76e0a81a580d13084d8cd8f2bbe59e65cd7fbb,build_found,9fbe643d916341fc18b2c0efc8ac05897fff9cd5,19203861,2014-02-19 19:04:35,2,5b76e0a81a580d13084d8cd8f2bbe59e65cd7fbb,1,5b76e0a81a580d13084d8cd8f2bbe59e65cd7fbb,,5b76e0a81a580d13084d8cd8f2bbe59e65cd7fbb,,0,,22,0,0,0,2,0,0,2,0,0,46,14980,0.0,0.0,0.0,1.0,,2014-02-19 19:04:46,2014-02-19 19:05:23,passed,239,[19204305],87,19204305,java,ok,,java-ant,,0.0,,,,,,,,0.0,0
19212672,alecgorge/jsonapi,0.0,,,java,,master,1,481a43613d72cf586b06f845b5950f45071d7f9f,build_found,5b76e0a81a580d13084d8cd8f2bbe59e65cd7fbb,19204304,2014-02-19 21:03:54,2,481a43613d72cf586b06f845b5950f45071d7f9f,1,481a43613d72cf586b06f845b5950f45071d7f9f,,481a43613d72cf586b06f845b5950f45071d7f9f,,0,,2,0,0,0,2,0,0,1,0,1,49,14980,0.0,0.0,0.0,1.0,,2014-02-19 21:03:53,2014-02-19 21:06:01,passed,262,[19212673],88,19212673,java,ok,,java-ant,,0.0,,,,,,,,0.0,0
19306835,alecgorge/jsonapi,0.0,,,java,,master,1,a43e11d4a7e36199521db4078dc1aa3b6c953de4,build_found,481a43613d72cf586b06f845b5950f45071d7f9f,19212672,2014-02-21 02:45:03,2,a43e11d4a7e36199521db4078dc1aa3b6c953de4,1,a43e11d4a7e36199521db4078dc1aa3b6c953de4,,a43e11d4a7e36199521db4078dc1aa3b6c953de4,,0,,2278,0,10,4,8,0,0,22,0,0,79,15753,0.0,0.0,0.0,1.0,,2014-02-21 02:45:10,2014-02-21 02:45:47,failed,116,[19306836],89,19306836,java,broken,,java-ant,,0.0,,,,,,,,0.0,0
19307099,alecgorge/jsonapi,0.0,,,java,,master,1,275a13075320eddfcff542bce8ae74706c633bae,build_found,a43e11d4a7e36199521db4078dc1aa3b6c953de4,19306835,2014-02-21 02:53:51,2,275a13075320eddfcff542bce8ae74706c633bae,1,275a13075320eddfcff542bce8ae74706c633bae,,275a13075320eddfcff542bce8ae74706c633bae,,0,,19,0,0,0,1,0,0,1,0,0,1,15767,0.0,0.0,0.0,1.0,,2014-02-21 02:53:55,2014-02-21 02:54:38,failed,107,[19307100],90,19307100,java,broken,,java-ant,,0.0,,,,,,,,0.0,0
19308009,alecgorge/jsonapi,0.0,,,java,,master,1,12181ea51845b7b31b04574c7102d99471b76880,build_found,275a13075320eddfcff542bce8ae74706c633bae,19307099,2014-02-21 03:16:23,2,12181ea51845b7b31b04574c7102d99471b76880,1,12181ea51845b7b31b04574c7102d99471b76880,,12181ea51845b7b31b04574c7102d99471b76880,,0,,60,0,0,0,3,0,0,3,0,0,2,15789,0.0,0.0,0.0,1.0,,2014-02-21 03:16:28,2014-02-21 03:17:23,failed,111,[19308010],91,19308010,java,broken,,java-ant,,0.0,,,,,,,,0.0,0
19381454,alecgorge/jsonapi,0.0,,,java,,master,2,896cd479666a600bda5c2a388b885c6d39d6b30b#da77e365f24346a2431b4907f6e26cf11cefde82,build_found,12181ea51845b7b31b04574c7102d99471b76880,19308009,2014-02-22 04:16:53,2,da77e365f24346a2431b4907f6e26cf11cefde82#896cd479666a600bda5c2a388b885c6d39d6b30b,2,da77e365f24346a2431b4907f6e26cf11cefde82,,da77e365f24346a2431b4907f6e26cf11cefde82,,0,,802,0,13,0,4,0,0,6,6,4,71,15806,0.0,0.0,0.0,1.0,,2014-02-22 05:52:25,2014-02-22 05:52:52,failed,102,[19381455],92,19381455,java,broken,,java-ant,,0.0,,,,,,,,0.0,0
19381501,alecgorge/jsonapi,0.0,,,java,,master,1,cbad61ddef456ecfd9903d94efa9fa807c00fa41,build_found,da77e365f24346a2431b4907f6e26cf11cefde82,19381454,2014-02-22 05:56:09,2,cbad61ddef456ecfd9903d94efa9fa807c00fa41,1,cbad61ddef456ecfd9903d94efa9fa807c00fa41,,cbad61ddef456ecfd9903d94efa9fa807c00fa41,,0,,0,0,0,0,2,0,0,0,1,1,1,15806,0.0,0.0,0.0,1.0,,2014-02-22 05:56:08,2014-02-22 05:56:33,failed,93,[19381502],93,19381502,java,broken,,java-ant,,0.0,,,,,,,,0.0,0
21020195,alecgorge/jsonapi,0.0,,,java,,master,1,6bc4da66245c75b8daee899b2f86f80afb6e2ca6,build_found,cbad61ddef456ecfd9903d94efa9fa807c00fa41,19381501,2014-03-18 14:33:40,2,6bc4da66245c75b8daee899b2f86f80afb6e2ca6,1,6bc4da66245c75b8daee899b2f86f80afb6e2ca6,,6bc4da66245c75b8daee899b2f86f80afb6e2ca6,,0,,60,0,0,0,12,0,0,10,0,2,86,15796,0.0,0.0,0.0,1.0,,2014-03-18 14:33:50,2014-03-18 14:38:40,failed,149,[21020196],94,21020196,java,broken,,java-ant,,0.0,,,,,,,,0.0,0
21021522,alecgorge/jsonapi,0.0,,,java,,master,1,3960d24a45b6fdafda0f86b01b086b554aed24d3,build_found,6bc4da66245c75b8daee899b2f86f80afb6e2ca6,21020195,2014-03-18 14:50:10,2,3960d24a45b6fdafda0f86b01b086b554aed24d3,1,3960d24a45b6fdafda0f86b01b086b554aed24d3,,3960d24a45b6fdafda0f86b01b086b554aed24d3,,0,,12,0,0,0,3,0,0,3,0,0,4,15796,0.0,0.0,0.0,1.0,,2014-03-18 14:50:17,2014-03-18 14:55:52,failed,166,[21021523],95,21021523,java,broken,,java-ant,,0.0,,,,,,,,0.0,0
21021691,alecgorge/jsonapi,0.0,,,java,,master,1,74750f4b414d7b0dc57af33859d80fc729add5b4,build_found,3960d24a45b6fdafda0f86b01b086b554aed24d3,21021522,2014-03-18 14:52:49,2,74750f4b414d7b0dc57af33859d80fc729add5b4,1,74750f4b414d7b0dc57af33859d80fc729add5b4,,74750f4b414d7b0dc57af33859d80fc729add5b4,,0,,22,0,0,0,6,0,0,6,0,0,8,15796,0.0,0.0,0.0,1.0,,2014-03-18 14:52:59,2014-03-18 14:58:06,failed,142,[21021692],96,21021692,java,broken,,java-ant,,0.0,,,,,,,,0.0,0
26002589,alecgorge/jsonapi,0.0,,,java,,master,1,02d52a0f697be2221518900342bca81fddf8c5c7,build_found,22ea96ed6742d7fa90c03c27da5783a3d6c38f10,21791736,2014-05-25 18:10:56,3,02d52a0f697be2221518900342bca81fddf8c5c7,1,02d52a0f697be2221518900342bca81fddf8c5c7,,02d52a0f697be2221518900342bca81fddf8c5c7,,0,,0,0,2,0,4,0,0,0,0,6,81,15816,0.0,0.0,0.0,1.0,,2014-05-25 18:11:17,2014-05-25 18:11:47,failed,83,[26002590],99,26002590,java,broken,,java-ant,,0.0,,,,,,,,66.0,0
26002650,alecgorge/jsonapi,0.0,,,java,,master,1,ab587ea05ce21e3507829336727d1992fb0fed6c,build_found,02d52a0f697be2221518900342bca81fddf8c5c7,26002589,2014-05-25 18:12:51,3,ab587ea05ce21e3507829336727d1992fb0fed6c,1,ab587ea05ce21e3507829336727d1992fb0fed6c,,ab587ea05ce21e3507829336727d1992fb0fed6c,,0,,0,0,0,0,1,0,0,0,0,1,56,15816,0.0,0.0,0.0,1.0,,2014-05-25 18:12:57,2014-05-25 18:13:35,failed,77,[26002651],100,26002651,java,broken,,java-ant,,0.0,,,,,,,,59.44,0
26002699,alecgorge/jsonapi,0.0,,,java,,master,1,9da8129ded08eeb34e0ba0bbcb8215c12a61b2e0,build_found,ab587ea05ce21e3507829336727d1992fb0fed6c,26002650,2014-05-25 18:14:05,3,9da8129ded08eeb34e0ba0bbcb8215c12a61b2e0,1,9da8129ded08eeb34e0ba0bbcb8215c12a61b2e0,,9da8129ded08eeb34e0ba0bbcb8215c12a61b2e0,,0,,0,0,0,0,1,0,0,0,0,1,57,15816,0.0,0.0,0.0,1.0,,2014-05-25 18:14:13,2014-05-25 18:14:50,passed,241,[26002700],101,26002700,java,ok,,java-ant,,0.0,,,,,,,,20.95,0
26079773,alecgorge/jsonapi,0.0,,,java,,master,1,44c653a9e7aab4582314c58a58764c00115f6efc,build_found,9da8129ded08eeb34e0ba0bbcb8215c12a61b2e0,26003257,2014-05-26 21:09:48,3,44c653a9e7aab4582314c58a58764c00115f6efc,1,44c653a9e7aab4582314c58a58764c00115f6efc,,44c653a9e7aab4582314c58a58764c00115f6efc,,0,,46,0,0,0,7,0,0,2,0,5,101,15824,0.0,0.0,0.0,1.0,,2014-05-26 21:09:53,2014-05-26 21:12:36,passed,343,[26079774],103,26079774,java,ok,,java-ant,,0.0,,,,,,,,27.45,0
26080970,alecgorge/jsonapi,0.0,,,java,,master,1,e6b654202ec354982dae49427b077e7a0881e325,build_found,44c653a9e7aab4582314c58a58764c00115f6efc,26080631,2014-05-26 21:25:25,3,e6b654202ec354982dae49427b077e7a0881e325,1,e6b654202ec354982dae49427b077e7a0881e325,,e6b654202ec354982dae49427b077e7a0881e325,,0,,6,0,0,0,1,0,0,1,0,0,20,15824,0.0,0.0,0.0,1.0,,2014-05-26 21:25:30,2014-05-26 21:26:59,passed,284,[26080971],105,26080971,java,ok,,java-ant,,0.0,,,,,,,,22.81,0
27018451,alecgorge/jsonapi,0.0,,,java,,master,1,868172b97e5b0a6d6d5a5087debf3a56f9374cf0,build_found,e6b654202ec354982dae49427b077e7a0881e325,26080970,2014-06-07 14:54:57,3,868172b97e5b0a6d6d5a5087debf3a56f9374cf0,1,868172b97e5b0a6d6d5a5087debf3a56f9374cf0,,868172b97e5b0a6d6d5a5087debf3a56f9374cf0,,2,,10,0,0,0,3,0,0,2,0,1,54,15832,0.0,0.0,0.0,1.0,,2014-06-07 14:55:10,2014-06-07 14:55:53,passed,215,[27018452],106,27018452,java,ok,,java-ant,,0.0,,,,,,,,18.8,0
28395401,alecgorge/jsonapi,1.0,2014-06-25 08:32:28,374,java,commits_in_master,master,2,533b06ab14cecf65c9c5febd2dd9e0e90cb47de5#d69ab7ee7963b9b984d5fe6a8e44151aa5e50a83,build_found,868172b97e5b0a6d6d5a5087debf3a56f9374cf0,27018451,2014-06-25 10:29:20,3,533b06ab14cecf65c9c5febd2dd9e0e90cb47de5,1,533b06ab14cecf65c9c5febd2dd9e0e90cb47de5,868172b97e5b0a6d6d5a5087debf3a56f9374cf0,1b51a9cb121d829a2edbc77b2be19f11dc5e40e0,0,0,0,58,0,0,0,2,0,0,2,0,0,5,15839,0.0,0.0,0.0,1.0,44,2014-06-27 02:40:39,2014-06-25 10:33:35,passed,254,[28395402],107,28395402,java,ok,,java-ant,,0.0,,,,,,,,23.71,0
28500946,alecgorge/jsonapi,1.0,2014-06-26 11:42:10,375,java,commits_in_master,master,2,0b003b966cdfa06154dc820b1da9c4e57d2e042f#cbddd803542c08813397803f216b02de712febee,build_found,868172b97e5b0a6d6d5a5087debf3a56f9374cf0,27018451,2014-06-26 13:39:49,3,0b003b966cdfa06154dc820b1da9c4e57d2e042f,1,0b003b966cdfa06154dc820b1da9c4e57d2e042f,868172b97e5b0a6d6d5a5087debf3a56f9374cf0,3a3f52bf2f737ae70b9a8a6ab2d402b2270ddb23,0,0,0,4,0,0,0,1,0,0,1,0,0,14,15832,0.0,0.0,0.0,1.0,51,2014-06-27 02:40:30,2014-06-26 13:45:24,passed,300,[28500947],108,28500947,java,ok,,java-ant,,0.0,,,,,,,,23.97,0
28556591,alecgorge/jsonapi,0.0,,,java,,master,2,0b003b966cdfa06154dc820b1da9c4e57d2e042f#cbddd803542c08813397803f216b02de712febee,merge_found,,,2014-06-26 13:39:49,3,cbddd803542c08813397803f216b02de712febee,1,cbddd803542c08813397803f216b02de712febee,,cbddd803542c08813397803f216b02de712febee,,0,,4,0,0,0,1,0,0,1,0,0,15,15832,0.0,0.0,0.0,1.0,,2014-06-27 02:40:30,2014-06-27 02:41:37,passed,230,[28556592],109,28556592,java,ok,,java-ant,,0.0,,,,,,,,20.58,0
28556593,alecgorge/jsonapi,0.0,,,java,,master,2,533b06ab14cecf65c9c5febd2dd9e0e90cb47de5#d69ab7ee7963b9b984d5fe6a8e44151aa5e50a83,merge_found,,,2014-06-25 10:29:20,3,d69ab7ee7963b9b984d5fe6a8e44151aa5e50a83,1,d69ab7ee7963b9b984d5fe6a8e44151aa5e50a83,,d69ab7ee7963b9b984d5fe6a8e44151aa5e50a83,,0,,58,0,0,0,2,0,0,2,0,0,6,15839,0.0,0.0,0.0,1.0,,2014-06-27 02:40:39,2014-06-27 02:42:06,passed,236,[28556594],110,28556594,java,ok,,java-ant,,0.0,,,,,,,,28.26,0
29852626,alecgorge/jsonapi,0.0,,,java,,master,2,bb8cbcb0e1c4d6f2cc65409604ffb58d6051f946#6dddc34d2046deea258d6464d707cf8d13333496,build_found,d69ab7ee7963b9b984d5fe6a8e44151aa5e50a83,28556593,2014-07-14 01:09:17,3,6dddc34d2046deea258d6464d707cf8d13333496#bb8cbcb0e1c4d6f2cc65409604ffb58d6051f946,2,6dddc34d2046deea258d6464d707cf8d13333496,,6dddc34d2046deea258d6464d707cf8d13333496,,0,,558,0,5,1,16,0,0,11,3,7,154,16249,0.0,0.0,0.0,1.0,,2014-07-14 01:10:05,2014-07-14 01:10:38,passed,259,[29852627],111,29852627,java,ok,,java-ant,,0.0,,,,,,,,31.38,0
29852865,alecgorge/jsonapi,0.0,,,java,,master,1,31de1228fe5a008f251533a2e7340ce2063296a2,build_found,6dddc34d2046deea258d6464d707cf8d13333496,29852626,2014-07-14 01:17:44,3,31de1228fe5a008f251533a2e7340ce2063296a2,1,31de1228fe5a008f251533a2e7340ce2063296a2,,31de1228fe5a008f251533a2e7340ce2063296a2,,0,,14,0,0,0,3,0,0,1,0,2,41,16260,0.0,0.0,0.0,1.0,,2014-07-14 01:17:48,2014-07-14 01:18:45,passed,242,[29852866],112,29852866,java,ok,,java-ant,,0.0,,,,,,,,21.13,0
29901803,alecgorge/jsonapi,0.0,,,java,,master,1,3e81b688e97dccea76441dc60761542aff7a3008,build_found,31de1228fe5a008f251533a2e7340ce2063296a2,29852865,2014-07-14 16:14:55,3,3e81b688e97dccea76441dc60761542aff7a3008,1,3e81b688e97dccea76441dc60761542aff7a3008,,3e81b688e97dccea76441dc60761542aff7a3008,,0,,0,0,0,0,2,0,0,0,0,2,15,16260,0.0,0.0,0.0,1.0,,2014-07-14 16:15:01,2014-07-14 16:16:23,passed,420,[29901804],113,29901804,java,ok,,java-ant,,0.0,,,,,,,,30.86,0
29925940,alecgorge/jsonapi,0.0,,,java,,master,1,38d06369ed6b6cfe4b770500fa854c6cb491ee1c,build_found,3e81b688e97dccea76441dc60761542aff7a3008,29901803,2014-07-14 21:07:43,3,38d06369ed6b6cfe4b770500fa854c6cb491ee1c,1,38d06369ed6b6cfe4b770500fa854c6cb491ee1c,,38d06369ed6b6cfe4b770500fa854c6cb491ee1c,,0,,2,0,0,0,2,0,0,1,0,1,18,16262,0.0,0.0,0.0,1.0,,2014-07-14 21:07:49,2014-07-14 21:09:45,failed,129,[29925941],114,29925941,java,broken,,java-ant,,0.0,,,,,,,,104.0,0
29926053,alecgorge/jsonapi,0.0,,,java,,master,1,667c36bf47693e07c49ea4bff97089ac6f553232,build_found,38d06369ed6b6cfe4b770500fa854c6cb491ee1c,29925940,2014-07-14 21:08:52,3,667c36bf47693e07c49ea4bff97089ac6f553232,1,667c36bf47693e07c49ea4bff97089ac6f553232,,667c36bf47693e07c49ea4bff97089ac6f553232,,0,,31,0,2,0,0,0,0,1,0,1,0,16286,0.0,0.0,0.0,1.0,,2014-07-14 21:08:56,2014-07-14 21:09:56,passed,277,[29926054],115,29926054,java,ok,,java-ant,,0.0,,,,,,,,23.59,0
30086504,alecgorge/jsonapi,0.0,,,java,,master,1,7d9916f98646d860c0f3e1f7dd6b7e2283460b12,build_found,667c36bf47693e07c49ea4bff97089ac6f553232,29926053,2014-07-16 16:04:35,3,7d9916f98646d860c0f3e1f7dd6b7e2283460b12,1,7d9916f98646d860c0f3e1f7dd6b7e2283460b12,,7d9916f98646d860c0f3e1f7dd6b7e2283460b12,,0,,4,0,0,0,4,0,0,1,0,3,41,16286,0.0,0.0,0.0,1.0,,2014-07-16 16:04:40,2014-07-16 16:15:10,passed,298,[30086505],116,30086505,java,ok,,java-ant,,0.0,,,,,,,,27.93,0
30118918,alecgorge/jsonapi,0.0,,,java,,master,2,49be51a68e9df4ab4ca9e21d1c809bde936659f4#d58efe98b77110de955146bfa8ca7ca713d63e0c,merge_found,,,2014-07-16 22:08:38,3,d58efe98b77110de955146bfa8ca7ca713d63e0c,1,d58efe98b77110de955146bfa8ca7ca713d63e0c,,d58efe98b77110de955146bfa8ca7ca713d63e0c,,0,,62,0,0,0,1,0,0,1,0,0,2,16286,0.0,0.0,0.0,1.0,,2014-07-16 22:13:06,2014-07-16 22:22:55,passed,292,[30118919],118,30118919,java,ok,,java-ant,,0.0,,,,,,,,19.81,0
30119073,alecgorge/jsonapi,0.0,,,java,,master,1,2fe2200a2b63031ff01d0d06b8146718f7481044,build_found,d58efe98b77110de955146bfa8ca7ca713d63e0c,30118918,2014-07-16 22:14:13,3,2fe2200a2b63031ff01d0d06b8146718f7481044,1,2fe2200a2b63031ff01d0d06b8146718f7481044,,2fe2200a2b63031ff01d0d06b8146718f7481044,,0,,0,0,0,0,1,0,0,0,0,1,2,16286,0.0,0.0,0.0,1.0,,2014-07-16 22:14:20,2014-07-16 22:24:36,passed,289,[30119074],119,30119074,java,ok,,java-ant,,0.0,,,,,,,,19.65,0
31768473,alecgorge/jsonapi,0.0,,,java,,master,1,d47b3017bbcf08b11ac3d22c61fdb4b367aaf972,build_found,2fe2200a2b63031ff01d0d06b8146718f7481044,30119073,2014-08-06 01:30:10,3,d47b3017bbcf08b11ac3d22c61fdb4b367aaf972,1,d47b3017bbcf08b11ac3d22c61fdb4b367aaf972,,d47b3017bbcf08b11ac3d22c61fdb4b367aaf972,,0,,54,0,0,0,2,0,0,2,0,0,55,16322,0.0,0.0,0.0,1.0,,2014-08-06 01:30:14,2014-08-06 01:30:44,passed,211,[31768474],120,31768474,java,ok,,java-ant,,0.0,,,,,,,,19.24,0
35043020,alecgorge/jsonapi,0.0,,,java,,master,1,d154d321135e6265103387c51cdf53599786a230,build_found,d47b3017bbcf08b11ac3d22c61fdb4b367aaf972,31768473,2014-09-11 18:21:54,3,d154d321135e6265103387c51cdf53599786a230,1,d154d321135e6265103387c51cdf53599786a230,,d154d321135e6265103387c51cdf53599786a230,,0,,2,0,0,0,1,0,0,1,0,0,8,16322,0.0,0.0,0.0,1.0,,2014-09-11 18:21:54,2014-09-11 18:23:03,failed,60,[35043021],121,35043021,java,broken,,java-ant,,0.0,,,,,,,,55.73,0
35256860,alecgorge/jsonapi,1.0,2014-09-14 11:08:08,405,java,merge_button,master,2,675d53f19fed6d6928321fcc4382aee14bb4ef63#05c7972a73b2c9e71ecbc41b4bdf157e97ed60d0,build_found,d154d321135e6265103387c51cdf53599786a230,35043020,2014-09-14 13:07:23,3,675d53f19fed6d6928321fcc4382aee14bb4ef63,1,675d53f19fed6d6928321fcc4382aee14bb4ef63,d154d321135e6265103387c51cdf53599786a230,a98f6ca213420577a46b2e544cb3c1da17099837,0,0,0,2,0,0,0,1,0,0,1,0,0,9,16322,0.0,0.0,0.0,1.0,6,2014-09-14 14:12:16,2014-09-14 13:08:45,failed,55,[35256861],122,35256861,java,broken,,java-ant,,0.0,,,,,,,,50.08,0
35260276,alecgorge/jsonapi,0.0,,,java,,master,2,675d53f19fed6d6928321fcc4382aee14bb4ef63#05c7972a73b2c9e71ecbc41b4bdf157e97ed60d0,merge_found,,,2014-09-14 13:07:23,3,05c7972a73b2c9e71ecbc41b4bdf157e97ed60d0,1,05c7972a73b2c9e71ecbc41b4bdf157e97ed60d0,,05c7972a73b2c9e71ecbc41b4bdf157e97ed60d0,,0,,2,0,0,0,1,0,0,1,0,0,10,16322,0.0,0.0,0.0,1.0,,2014-09-14 14:12:16,2014-09-14 14:14:02,failed,61,[35260277],123,35260277,java,broken,,java-ant,,0.0,,,,,,,,51.09,0
49887859,alecgorge/jsonapi,0.0,,,java,,master,1,d7855c294ea749516608c3ddb82dd621d5f35f19,build_found,05c7972a73b2c9e71ecbc41b4bdf157e97ed60d0,35260276,2015-02-07 20:35:41,2,d7855c294ea749516608c3ddb82dd621d5f35f19,1,d7855c294ea749516608c3ddb82dd621d5f35f19,,d7855c294ea749516608c3ddb82dd621d5f35f19,,0,,719,0,2,8,30,0,0,26,0,14,168,16446,0.0,0.0,0.0,1.0,,2015-02-07 20:35:48,2015-02-07 20:36:29,failed,146,[49887860],126,49887860,java,broken,0,java-ant,,0.0,,,,,,,,140.0,0
49891753,alecgorge/jsonapi,0.0,,,java,,master,1,61a3ce5ed7e324e33e501cbfa666de9f7409162b,build_found,d7855c294ea749516608c3ddb82dd621d5f35f19,49887859,2015-02-07 21:28:02,2,61a3ce5ed7e324e33e501cbfa666de9f7409162b,1,61a3ce5ed7e324e33e501cbfa666de9f7409162b,,61a3ce5ed7e324e33e501cbfa666de9f7409162b,,0,,0,0,0,0,2,0,0,0,0,2,18,16446,0.0,0.0,0.0,1.0,,2015-02-07 21:28:06,2015-02-07 21:29:01,failed,139,[49891754],127,49891754,java,broken,0,java-ant,,0.0,,,,,,,,133.0,0
49891820,alecgorge/jsonapi,0.0,,,java,,master,1,78c8fe87014780f4fc55b676b4128aa89e74dad4,build_found,61a3ce5ed7e324e33e501cbfa666de9f7409162b,49891753,2015-02-07 21:29:13,2,78c8fe87014780f4fc55b676b4128aa89e74dad4,1,78c8fe87014780f4fc55b676b4128aa89e74dad4,,78c8fe87014780f4fc55b676b4128aa89e74dad4,,0,,0,0,0,0,1,0,0,0,0,1,35,16446,0.0,0.0,0.0,1.0,,2015-02-07 21:29:16,2015-02-07 21:29:54,failed,142,[49891821],128,49891821,java,broken,0,java-ant,,0.0,,,,,,,,136.0,0
