tr_build_id,gh_project_name,gh_is_pr,gh_pr_created_at,gh_pull_req_num,gh_lang,git_merged_with,git_branch,gh_num_commits_in_push,gh_commits_in_push,git_prev_commit_resolution_status,git_prev_built_commit,tr_prev_build,gh_first_commit_created_at,gh_team_size,git_all_built_commits,git_num_all_built_commits,git_trigger_commit,tr_virtual_merged_into,tr_original_commit,gh_num_issue_comments,gh_num_commit_comments,gh_num_pr_comments,git_diff_src_churn,git_diff_test_churn,gh_diff_files_added,gh_diff_files_deleted,gh_diff_files_modified,gh_diff_tests_added,gh_diff_tests_deleted,gh_diff_src_files,gh_diff_doc_files,gh_diff_other_files,gh_num_commits_on_files_touched,gh_sloc,gh_test_lines_per_kloc,gh_test_cases_per_kloc,gh_asserts_cases_per_kloc,gh_by_core_team_member,gh_description_complexity,gh_pushed_at,gh_build_started_at,tr_status,tr_duration,tr_jobs,tr_build_number,tr_job_id,tr_log_lan,tr_log_status,tr_log_setup_time,tr_log_analyzer,tr_log_frameworks,tr_log_bool_tests_ran,tr_log_bool_tests_failed,tr_log_num_tests_ok,tr_log_num_tests_failed,tr_log_num_tests_run,tr_log_num_tests_skipped,tr_log_tests_failed,tr_log_testduration,tr_log_buildduration,build_successful
30601279,anthonycr/Lightning-Browser,0.0,,,java,,master,14,b4032aeb6efa359572635d431a7ee6e0be95a9d3#a40a9e70ed0418d5ec1f72b96ff487a64f3fe2d2#b9086baf0b7bbd5691f96a4f27bf719091625997#335beb1a00fd03959d75bc1e3212547300d0421e#00e66547af7cc14b723f1b0c44298ee90eec1b38#a0b0deab906a8116de7d228e7d943f1156bcb92f#c9bc6e569984d24ed159bc455813b252e999f5e3#046f839ccf83adba909b55030a907d08529d4816#6f8c66cb9944b848576d501a24532eec595275f2#4e303ae4c25653da46966b2b89928ae711ab8252#371a8b0ef6ebd85e2460b15f030506ab7e76aa0f#c03acc0f44877488ac26d100aa7cd2a0c808d125#f8c1506a8a97599975910da36c49e36a5c002af1#2876fa960995872ff90629b58b49b32d2aadd0b5,merge_found,,,2014-07-19 19:54:48,6,2876fa960995872ff90629b58b49b32d2aadd0b5,1,2876fa960995872ff90629b58b49b32d2aadd0b5,,2876fa960995872ff90629b58b49b32d2aadd0b5,,0,,26,0,5,0,14,0,0,2,0,17,110,6291,0.0,0.0,0.0,1.0,,2014-07-22 22:20:21,2014-07-22 22:21:49,passed,139,[30601280],1,30601280,java,ok,,java-ant,,0.0,,,,,,,,23.0,0
30602792,anthonycr/Lightning-Browser,0.0,,,java,,master,1,ae40af0b9e9bddf34c8d0b074d400da993886b87,build_found,c939e7e22501799859a9c4af9a1d3aceff01386c,30602505,2014-07-22 22:40:51,6,ae40af0b9e9bddf34c8d0b074d400da993886b87,1,ae40af0b9e9bddf34c8d0b074d400da993886b87,,ae40af0b9e9bddf34c8d0b074d400da993886b87,,0,,1,0,0,0,1,0,0,1,0,0,8,6291,0.0,0.0,0.0,1.0,,2014-07-22 22:40:51,2014-07-22 22:42:53,passed,149,[30602793],3,30602793,java,ok,,java-ant,,0.0,,,,,,,,24.0,0
30603406,anthonycr/Lightning-Browser,0.0,,,java,,master,1,60574c0db94507542311b7fd6acda886068a2255,build_found,ae40af0b9e9bddf34c8d0b074d400da993886b87,30602792,2014-07-22 22:50:20,6,60574c0db94507542311b7fd6acda886068a2255,1,60574c0db94507542311b7fd6acda886068a2255,,60574c0db94507542311b7fd6acda886068a2255,,0,,46,0,0,0,1,0,0,1,0,0,12,6271,0.0,0.0,0.0,1.0,,2014-07-22 22:50:20,2014-07-22 22:51:46,passed,136,[30603407],4,30603407,java,ok,,java-ant,,0.0,,,,,,,,23.0,0
30604980,anthonycr/Lightning-Browser,0.0,,,java,,master,1,17789d848b515050898d3b72c8358c3cd2f64caf,build_found,60574c0db94507542311b7fd6acda886068a2255,30604322,2014-07-22 23:19:24,6,17789d848b515050898d3b72c8358c3cd2f64caf,1,17789d848b515050898d3b72c8358c3cd2f64caf,,17789d848b515050898d3b72c8358c3cd2f64caf,,0,,17,0,0,2,7,0,0,2,0,7,57,6274,0.0,0.0,0.0,1.0,,2014-07-22 23:19:12,2014-07-22 23:19:51,passed,109,[30604981],6,30604981,java,ok,,java-ant,,0.0,,,,,,,,8.0,0
30629335,anthonycr/Lightning-Browser,1.0,2014-07-23 06:25:52,113,java,commits_in_master,master,2,3c28cb7ef6dedf66501fab44d47bf117f04d7181#532d6adbea29002841b15e34c4d6e139b6c2bb08,build_found,17789d848b515050898d3b72c8358c3cd2f64caf,30604980,2014-07-23 08:23:53,6,3c28cb7ef6dedf66501fab44d47bf117f04d7181,1,3c28cb7ef6dedf66501fab44d47bf117f04d7181,17789d848b515050898d3b72c8358c3cd2f64caf,0a2c957324717bafca2c078bf1b38b2105c5615b,0,0,0,0,0,0,2,0,0,0,0,0,2,1,6274,0.0,0.0,0.0,0.0,3,2014-07-24 13:45:36,2014-07-23 08:26:50,passed,105,[30629336],7,30629336,java,ok,,java-ant,,0.0,,,,,,,,5.0,0
30639654,anthonycr/Lightning-Browser,1.0,2014-07-23 08:55:28,114,java,commits_in_master,master,2,1a2e84872a7c31cab8adf61399249776076c9399#9068c830f5cb13604c55d2f521302bb6678bec8b,build_found,17789d848b515050898d3b72c8358c3cd2f64caf,30604980,2014-07-23 10:54:23,6,1a2e84872a7c31cab8adf61399249776076c9399,1,1a2e84872a7c31cab8adf61399249776076c9399,17789d848b515050898d3b72c8358c3cd2f64caf,a579ad946ada4987f6fcf9bb833a973307656bd0,0,0,0,0,0,0,0,1,0,0,0,0,1,4,6274,0.0,0.0,0.0,0.0,3,2014-07-24 13:43:28,2014-07-23 10:56:51,passed,99,[30639655],8,30639655,java,ok,,java-ant,,0.0,,,,,,,,1.0,0
30751497,anthonycr/Lightning-Browser,0.0,,,java,,master,2,1a2e84872a7c31cab8adf61399249776076c9399#9068c830f5cb13604c55d2f521302bb6678bec8b,merge_found,,,2014-07-23 10:54:23,6,9068c830f5cb13604c55d2f521302bb6678bec8b,1,9068c830f5cb13604c55d2f521302bb6678bec8b,,9068c830f5cb13604c55d2f521302bb6678bec8b,,0,,0,0,0,0,1,0,0,0,0,1,5,6274,0.0,0.0,0.0,1.0,,2014-07-24 13:43:28,2014-07-24 13:47:50,passed,186,[30751498],9,30751498,java,ok,,java-ant,,0.0,,,,,,,,37.0,0
30751691,anthonycr/Lightning-Browser,0.0,,,java,,master,2,3c28cb7ef6dedf66501fab44d47bf117f04d7181#532d6adbea29002841b15e34c4d6e139b6c2bb08,merge_found,,,2014-07-23 08:23:53,6,532d6adbea29002841b15e34c4d6e139b6c2bb08,1,532d6adbea29002841b15e34c4d6e139b6c2bb08,,532d6adbea29002841b15e34c4d6e139b6c2bb08,,0,,0,0,0,2,0,0,0,0,0,2,2,6274,0.0,0.0,0.0,1.0,,2014-07-24 13:45:36,2014-07-24 13:46:21,passed,127,[30751692],10,30751692,java,ok,,java-ant,,0.0,,,,,,,,5.0,0
30867410,anthonycr/Lightning-Browser,1.0,2014-07-25 16:25:46,116,java,merge_button,master,15,c883c82d674b88ebffc72e9bb318b48f1da5ea69#3d14b3aa11fe44ef1b5d0560bf1141711b45ebda#f90f9fa877a08e2d52e8af4ff6396bc4f3a5403f#406af6e699af6d426b905312abb23c3c8dd15197#b9320522c7eaa28b3537d37d079e085d080439be#a33f3a340af59e6481b6c77b74b2b6a7554f1f86#82d8af3057986f220e39992122fc23d49d05ffa5#4c409c209f9dee47da927e84e2f777891a98f946#f36fd4bb8a462e9f9cbec8b706bcc5fd3b12a926#299c5ae6eb972d6c36285b2df5a9056689c8e2a6#e0ae78cfcd155ed58c2349f2e4e4cd4caa6585d6#d47d03b7aff90e18f5a08719cbb95f96690759c0#c7b97621c776141c3efc50ce38074e1827a36f10#3c8e46188ad5a7fe1ee7dab218ac630ec4764f9d#aacb904ac4aec5f7bd653e79e3e686af4a368d43,build_found,532d6adbea29002841b15e34c4d6e139b6c2bb08,30751691,2014-07-25 17:31:33,6,3c8e46188ad5a7fe1ee7dab218ac630ec4764f9d#c7b97621c776141c3efc50ce38074e1827a36f10#d47d03b7aff90e18f5a08719cbb95f96690759c0#e0ae78cfcd155ed58c2349f2e4e4cd4caa6585d6#299c5ae6eb972d6c36285b2df5a9056689c8e2a6#f36fd4bb8a462e9f9cbec8b706bcc5fd3b12a926#4c409c209f9dee47da927e84e2f777891a98f946#82d8af3057986f220e39992122fc23d49d05ffa5#a33f3a340af59e6481b6c77b74b2b6a7554f1f86#b9320522c7eaa28b3537d37d079e085d080439be#406af6e699af6d426b905312abb23c3c8dd15197#f90f9fa877a08e2d52e8af4ff6396bc4f3a5403f#3d14b3aa11fe44ef1b5d0560bf1141711b45ebda#c883c82d674b88ebffc72e9bb318b48f1da5ea69,14,3c8e46188ad5a7fe1ee7dab218ac630ec4764f9d,532d6adbea29002841b15e34c4d6e139b6c2bb08,107a599ebf683669d3a5856dfe5bff85522ec535,0,0,0,296,0,0,0,14,0,0,14,0,0,35,6293,0.0,0.0,0.0,1.0,4,2014-07-25 20:25:56,2014-07-25 18:27:52,passed,120,[30867411],11,30867411,java,ok,,java-ant,,0.0,,,,,,,,10.0,0
30877420,anthonycr/Lightning-Browser,0.0,,,java,,master,15,c883c82d674b88ebffc72e9bb318b48f1da5ea69#3d14b3aa11fe44ef1b5d0560bf1141711b45ebda#f90f9fa877a08e2d52e8af4ff6396bc4f3a5403f#406af6e699af6d426b905312abb23c3c8dd15197#b9320522c7eaa28b3537d37d079e085d080439be#a33f3a340af59e6481b6c77b74b2b6a7554f1f86#82d8af3057986f220e39992122fc23d49d05ffa5#4c409c209f9dee47da927e84e2f777891a98f946#f36fd4bb8a462e9f9cbec8b706bcc5fd3b12a926#299c5ae6eb972d6c36285b2df5a9056689c8e2a6#e0ae78cfcd155ed58c2349f2e4e4cd4caa6585d6#d47d03b7aff90e18f5a08719cbb95f96690759c0#c7b97621c776141c3efc50ce38074e1827a36f10#3c8e46188ad5a7fe1ee7dab218ac630ec4764f9d#aacb904ac4aec5f7bd653e79e3e686af4a368d43,merge_found,,,2014-07-25 17:31:33,6,aacb904ac4aec5f7bd653e79e3e686af4a368d43,1,aacb904ac4aec5f7bd653e79e3e686af4a368d43,,aacb904ac4aec5f7bd653e79e3e686af4a368d43,,0,,296,0,0,0,14,0,0,14,0,0,49,6293,0.0,0.0,0.0,1.0,,2014-07-25 20:25:56,2014-07-25 20:28:23,passed,178,[30877421],12,30877421,java,ok,,java-ant,,0.0,,,,,,,,50.0,0
30883648,anthonycr/Lightning-Browser,0.0,,,java,,master,1,ea078dddc514553cd148e972e88346e5526c186f,build_found,aacb904ac4aec5f7bd653e79e3e686af4a368d43,30877420,2014-07-25 21:48:42,6,ea078dddc514553cd148e972e88346e5526c186f,1,ea078dddc514553cd148e972e88346e5526c186f,,ea078dddc514553cd148e972e88346e5526c186f,,0,,0,0,0,0,1,0,0,1,0,0,26,6134,0.0,0.0,0.0,1.0,,2014-07-25 21:48:20,2014-07-25 21:50:05,passed,142,[30883649],13,30883649,java,ok,,java-ant,,0.0,,,,,,,,17.0,0
30893668,anthonycr/Lightning-Browser,0.0,,,java,,master,1,9bb947e24981ee20bc3431211fa9833d6da5344e,build_found,ea078dddc514553cd148e972e88346e5526c186f,30883648,2014-07-26 01:15:45,6,9bb947e24981ee20bc3431211fa9833d6da5344e,1,9bb947e24981ee20bc3431211fa9833d6da5344e,,9bb947e24981ee20bc3431211fa9833d6da5344e,,0,,1,0,0,0,1,0,0,1,0,0,27,6134,0.0,0.0,0.0,1.0,,2014-07-26 01:15:52,2014-07-26 01:16:26,passed,96,[30893669],14,30893669,java,ok,,java-ant,,0.0,,,,,,,,57.0,0
31004761,anthonycr/Lightning-Browser,0.0,,,java,,master,3,62430ce72e559585977d0da8c611b54acb9d20d0#25818dd8e92ccbdc4d5aa1e1d9780eb35a2aa9a1#1e2908ccd6e9a3d0becc4ed43f8ccf3bead59917,build_found,9bb947e24981ee20bc3431211fa9833d6da5344e,30893668,2014-07-28 01:33:42,6,1e2908ccd6e9a3d0becc4ed43f8ccf3bead59917#25818dd8e92ccbdc4d5aa1e1d9780eb35a2aa9a1#62430ce72e559585977d0da8c611b54acb9d20d0,3,1e2908ccd6e9a3d0becc4ed43f8ccf3bead59917,,1e2908ccd6e9a3d0becc4ed43f8ccf3bead59917,,0,,3558,0,0,0,4,0,0,4,0,0,34,6091,0.0,0.0,0.0,1.0,,2014-07-28 01:41:55,2014-07-28 01:42:53,passed,96,[31004762],15,31004762,java,ok,,java-ant,,0.0,,,,,,,,59.0,0
31083863,anthonycr/Lightning-Browser,0.0,,,java,,master,2,b94cdc40af383d47c4437fc206accea8f6ed1ec5#dd8893c952be31ac4711e3594e32fe8ab50fea34,build_found,1e2908ccd6e9a3d0becc4ed43f8ccf3bead59917,31004761,2014-07-28 21:09:03,6,dd8893c952be31ac4711e3594e32fe8ab50fea34#b94cdc40af383d47c4437fc206accea8f6ed1ec5,2,dd8893c952be31ac4711e3594e32fe8ab50fea34,,dd8893c952be31ac4711e3594e32fe8ab50fea34,,2,,212,0,0,0,9,0,0,9,0,0,46,6079,0.0,0.0,0.0,1.0,,2014-07-28 21:09:53,2014-07-28 21:14:27,passed,130,[31083864],16,31083864,java,ok,,java-ant,,0.0,,,,,,,,21.0,0
31184834,anthonycr/Lightning-Browser,0.0,,,java,,master,1,0b03e569fbbba29079a8f99d829a4490458bbbf7,build_found,dd8893c952be31ac4711e3594e32fe8ab50fea34,31083863,2014-07-29 21:43:34,6,0b03e569fbbba29079a8f99d829a4490458bbbf7,1,0b03e569fbbba29079a8f99d829a4490458bbbf7,,0b03e569fbbba29079a8f99d829a4490458bbbf7,,0,,19,0,0,0,2,0,0,2,0,0,35,6080,0.0,0.0,0.0,1.0,,2014-07-29 21:43:29,2014-07-31 14:48:16,failed,169,[31184835],17,31184835,java,broken,2,java-ant,,0.0,,,,,,,,40.0,0
31255303,anthonycr/Lightning-Browser,0.0,,,java,,master,1,0fa1be41c796518940cbbeace06d26264c9118e4,build_found,0b03e569fbbba29079a8f99d829a4490458bbbf7,31184834,2014-07-30 16:48:59,6,0fa1be41c796518940cbbeace06d26264c9118e4,1,0fa1be41c796518940cbbeace06d26264c9118e4,,0fa1be41c796518940cbbeace06d26264c9118e4,,0,,2,0,0,0,1,0,0,1,0,0,32,6080,0.0,0.0,0.0,1.0,,2014-07-30 16:49:00,2014-07-30 16:56:27,failed,120,[31255304],18,31255304,java,broken,2,java-ant,,0.0,,,,,,,,15.0,0
31263342,anthonycr/Lightning-Browser,0.0,,,java,,master,1,8da63fef448e5a22dbd1129010892d18d52cf80f,build_found,0fa1be41c796518940cbbeace06d26264c9118e4,31255303,2014-07-30 18:18:50,6,8da63fef448e5a22dbd1129010892d18d52cf80f,1,8da63fef448e5a22dbd1129010892d18d52cf80f,,8da63fef448e5a22dbd1129010892d18d52cf80f,,0,,3,0,0,0,1,0,0,1,0,0,33,6080,0.0,0.0,0.0,1.0,,2014-07-30 18:18:50,2014-07-30 18:24:42,failed,153,[31263343],19,31263343,java,broken,2,java-ant,,0.0,,,,,,,,25.0,0
31263358,anthonycr/Lightning-Browser,0.0,,,java,,master,1,484d1dbbaca39467674bf7a09ec2bca2cba41485,build_found,8da63fef448e5a22dbd1129010892d18d52cf80f,31263342,2014-07-30 18:19:05,6,484d1dbbaca39467674bf7a09ec2bca2cba41485,1,484d1dbbaca39467674bf7a09ec2bca2cba41485,,484d1dbbaca39467674bf7a09ec2bca2cba41485,,0,,2,0,0,0,1,0,0,1,0,0,34,6080,0.0,0.0,0.0,1.0,,2014-07-30 18:19:05,2014-07-30 18:24:39,failed,127,[31263360],20,31263360,java,broken,1,java-ant,,0.0,,,,,,,,21.0,0
31329265,anthonycr/Lightning-Browser,0.0,,,java,,master,1,c640d2a972d69fd8c73828f2bb34fddc1b7e282a,build_found,484d1dbbaca39467674bf7a09ec2bca2cba41485,31263358,2014-07-31 13:02:11,6,c640d2a972d69fd8c73828f2bb34fddc1b7e282a,1,c640d2a972d69fd8c73828f2bb34fddc1b7e282a,,c640d2a972d69fd8c73828f2bb34fddc1b7e282a,,0,,3,0,0,0,1,0,0,1,0,0,35,6080,0.0,0.0,0.0,1.0,,2014-07-31 13:02:11,2014-07-31 13:15:01,failed,143,[31329266],21,31329266,java,broken,2,java-ant,,0.0,,,,,,,,24.0,0
31330018,anthonycr/Lightning-Browser,0.0,,,java,,master,1,5027d7f2d44d42efc7d056ff2098f633ccc5e11a,build_found,c640d2a972d69fd8c73828f2bb34fddc1b7e282a,31329265,2014-07-31 13:11:57,6,5027d7f2d44d42efc7d056ff2098f633ccc5e11a,1,5027d7f2d44d42efc7d056ff2098f633ccc5e11a,,5027d7f2d44d42efc7d056ff2098f633ccc5e11a,,0,,3,0,0,0,1,0,0,1,0,0,36,6080,0.0,0.0,0.0,1.0,,2014-07-31 13:11:57,2014-07-31 13:13:36,failed,118,[31330019],22,31330019,java,broken,1,java-ant,,0.0,,,,,,,,13.0,0
31330432,anthonycr/Lightning-Browser,0.0,,,java,,master,1,f0724bfe749bda6eb41c1578e9f2322e2a2dffc7,build_found,5027d7f2d44d42efc7d056ff2098f633ccc5e11a,31330018,2014-07-31 13:17:23,6,f0724bfe749bda6eb41c1578e9f2322e2a2dffc7,1,f0724bfe749bda6eb41c1578e9f2322e2a2dffc7,,f0724bfe749bda6eb41c1578e9f2322e2a2dffc7,,0,,1,0,0,0,1,0,0,1,0,0,37,6080,0.0,0.0,0.0,1.0,,2014-07-31 13:17:24,2014-07-31 13:19:07,failed,122,[31330433],23,31330433,java,broken,1,java-ant,,0.0,,,,,,,,13.0,0
31333961,anthonycr/Lightning-Browser,0.0,,,java,,master,1,91ed304beeaa802ba8c758c331537f4be40348b6,build_found,f0724bfe749bda6eb41c1578e9f2322e2a2dffc7,31330432,2014-07-31 13:55:55,6,91ed304beeaa802ba8c758c331537f4be40348b6,1,91ed304beeaa802ba8c758c331537f4be40348b6,,91ed304beeaa802ba8c758c331537f4be40348b6,,0,,0,0,0,0,1,0,0,0,0,1,5,6080,0.0,0.0,0.0,1.0,,2014-07-31 13:55:56,2014-07-31 13:58:17,failed,137,[31333962],24,31333962,java,broken,2,java-ant,,0.0,,,,,,,,27.0,0
31337135,anthonycr/Lightning-Browser,0.0,,,java,,master,1,7087c1153fb3ca94f596bba82e018ffe22c231b3,build_found,91ed304beeaa802ba8c758c331537f4be40348b6,31333961,2014-07-31 14:28:39,6,7087c1153fb3ca94f596bba82e018ffe22c231b3,1,7087c1153fb3ca94f596bba82e018ffe22c231b3,,7087c1153fb3ca94f596bba82e018ffe22c231b3,,0,,0,0,0,0,1,0,0,0,0,1,6,6080,0.0,0.0,0.0,1.0,,2014-07-31 14:28:40,2014-07-31 14:32:27,failed,136,[31337136],25,31337136,java,broken,1,java-ant,,0.0,,,,,,,,27.0,0
31337751,anthonycr/Lightning-Browser,0.0,,,java,,master,1,64d5fe32cf28fb6a08d19ee1eed66f69160151ee,build_found,7087c1153fb3ca94f596bba82e018ffe22c231b3,31337135,2014-07-31 14:35:17,6,64d5fe32cf28fb6a08d19ee1eed66f69160151ee,1,64d5fe32cf28fb6a08d19ee1eed66f69160151ee,,64d5fe32cf28fb6a08d19ee1eed66f69160151ee,,0,,2,0,0,0,1,0,0,1,0,0,38,6080,0.0,0.0,0.0,1.0,,2014-07-31 14:35:18,2014-07-31 14:40:10,failed,157,[31337752],26,31337752,java,broken,1,java-ant,,0.0,,,,,,,,28.0,0
31341299,anthonycr/Lightning-Browser,0.0,,,java,,master,1,dee199707b1a6765dc5e653aaf7403dbaacc0916,build_found,64d5fe32cf28fb6a08d19ee1eed66f69160151ee,31337751,2014-07-31 15:13:06,6,dee199707b1a6765dc5e653aaf7403dbaacc0916,1,dee199707b1a6765dc5e653aaf7403dbaacc0916,,dee199707b1a6765dc5e653aaf7403dbaacc0916,,0,,0,0,0,0,1,0,0,0,0,1,7,6080,0.0,0.0,0.0,1.0,,2014-07-31 15:13:06,2014-07-31 15:18:00,failed,48,[31341300],27,31341300,java,broken,2,java-ant,,0.0,,,,,,,,2.0,0
31342300,anthonycr/Lightning-Browser,0.0,,,java,,master,1,fb9440bd7b590576f89c2992412ff76b8cd93b51,build_found,dee199707b1a6765dc5e653aaf7403dbaacc0916,31341299,2014-07-31 15:24:47,6,fb9440bd7b590576f89c2992412ff76b8cd93b51,1,fb9440bd7b590576f89c2992412ff76b8cd93b51,,fb9440bd7b590576f89c2992412ff76b8cd93b51,,0,,0,0,0,0,1,0,0,0,0,1,8,6080,0.0,0.0,0.0,1.0,,2014-07-31 15:24:47,2014-07-31 15:33:55,failed,45,[31342301],28,31342301,java,broken,1,java-ant,,0.0,,,,,,,,1.0,0
31343654,anthonycr/Lightning-Browser,0.0,,,java,,master,1,1386b57b2fbe94147a424f497aa2bc83fe48516c,build_found,fb9440bd7b590576f89c2992412ff76b8cd93b51,31342300,2014-07-31 15:34:53,6,1386b57b2fbe94147a424f497aa2bc83fe48516c,1,1386b57b2fbe94147a424f497aa2bc83fe48516c,,1386b57b2fbe94147a424f497aa2bc83fe48516c,,0,,0,0,0,0,1,0,0,0,0,1,9,6080,0.0,0.0,0.0,1.0,,2014-07-31 15:34:53,2014-07-31 15:41:32,failed,92,[31343655],29,31343655,java,broken,1,java-ant,,0.0,,,,,,,,0.0,0
31524247,anthonycr/Lightning-Browser,0.0,,,java,,master,1,b822573a2fdfacaa03d2e0b98070841f3e9a68c6,build_found,1386b57b2fbe94147a424f497aa2bc83fe48516c,31343654,2014-08-03 01:21:42,6,b822573a2fdfacaa03d2e0b98070841f3e9a68c6,1,b822573a2fdfacaa03d2e0b98070841f3e9a68c6,,b822573a2fdfacaa03d2e0b98070841f3e9a68c6,,1,,17,0,0,0,2,0,0,1,0,1,45,6088,0.0,0.0,0.0,1.0,,2014-08-03 01:21:29,2014-08-03 01:22:02,passed,92,[31524248],30,31524248,java,ok,1,java-ant,,0.0,,,,,,,,55.0,0
32056657,anthonycr/Lightning-Browser,0.0,,,java,,master,2,99d0f8e8c13fb66aceecd4b3df5aa105159a1bc5#d1ce3f286804f20c7706872d9dd175e8d1c0fd29,build_found,b822573a2fdfacaa03d2e0b98070841f3e9a68c6,31524247,2014-08-08 21:57:24,6,d1ce3f286804f20c7706872d9dd175e8d1c0fd29#99d0f8e8c13fb66aceecd4b3df5aa105159a1bc5,2,d1ce3f286804f20c7706872d9dd175e8d1c0fd29,,d1ce3f286804f20c7706872d9dd175e8d1c0fd29,,0,,82,0,0,0,4,0,0,1,0,3,46,6115,0.0,0.0,0.0,1.0,,2014-08-08 21:59:26,2014-08-08 22:01:04,passed,152,[32056658],31,32056658,java,ok,1,java-ant,,0.0,,,,,,,,32.0,0
32058183,anthonycr/Lightning-Browser,0.0,,,java,,master,2,e5fd9219651b064d6525d9fc48f20ead1a91a110#f5de4626efc3e0204fd21539c268d6c0f4ed276f,build_found,d1ce3f286804f20c7706872d9dd175e8d1c0fd29,32056657,2014-08-08 22:17:52,6,f5de4626efc3e0204fd21539c268d6c0f4ed276f#e5fd9219651b064d6525d9fc48f20ead1a91a110,2,f5de4626efc3e0204fd21539c268d6c0f4ed276f,,f5de4626efc3e0204fd21539c268d6c0f4ed276f,,0,,1607,0,0,0,13,0,0,13,0,0,54,5949,0.0,0.0,0.0,1.0,,2014-08-08 22:18:34,2014-08-08 22:19:59,passed,105,[32058184],32,32058184,java,ok,1,java-ant,,0.0,,,,,,,,3.0,0
32598975,anthonycr/Lightning-Browser,0.0,,,java,,master,4,e4cf9af26aabfa7d7733b5f2d374d514cba8931e#e46b396ae54d4a85d5c2afc9ec417b1f67ae389f#689a786f1157a1aed04100fe41a5fe6a5305ce43#ec6c1bcd2ae33e23c488bb72c69fbd3cc5055401,build_found,f5de4626efc3e0204fd21539c268d6c0f4ed276f,32058183,2014-08-15 01:10:26,6,ec6c1bcd2ae33e23c488bb72c69fbd3cc5055401#689a786f1157a1aed04100fe41a5fe6a5305ce43#e46b396ae54d4a85d5c2afc9ec417b1f67ae389f#e4cf9af26aabfa7d7733b5f2d374d514cba8931e,4,ec6c1bcd2ae33e23c488bb72c69fbd3cc5055401,,ec6c1bcd2ae33e23c488bb72c69fbd3cc5055401,,0,,107,0,0,0,5,0,0,5,0,0,43,5968,0.0,0.0,0.0,1.0,,2014-08-15 01:11:18,2014-08-15 01:12:39,passed,131,[32598976],33,32598976,java,ok,1,java-ant,,0.0,,,,,,,,16.0,0
32599237,anthonycr/Lightning-Browser,0.0,,,java,,master,1,9f3107c486da0f2c0c979e91064e0d9fb07aa4ea,build_found,ec6c1bcd2ae33e23c488bb72c69fbd3cc5055401,32598975,2014-08-15 01:17:45,6,9f3107c486da0f2c0c979e91064e0d9fb07aa4ea,1,9f3107c486da0f2c0c979e91064e0d9fb07aa4ea,,9f3107c486da0f2c0c979e91064e0d9fb07aa4ea,,0,,4,0,0,0,1,0,0,1,0,0,8,5972,0.0,0.0,0.0,1.0,,2014-08-15 01:17:53,2014-08-15 01:19:25,passed,121,[32599238],34,32599238,java,ok,1,java-ant,,0.0,,,,,,,,6.0,0
32736429,anthonycr/Lightning-Browser,0.0,,,java,,master,1,26c16530adc2ad57b7959b9a71f5e94aa70cbc25,build_found,9f3107c486da0f2c0c979e91064e0d9fb07aa4ea,32599237,2014-08-16 19:51:48,6,26c16530adc2ad57b7959b9a71f5e94aa70cbc25,1,26c16530adc2ad57b7959b9a71f5e94aa70cbc25,,26c16530adc2ad57b7959b9a71f5e94aa70cbc25,,0,,2,0,0,0,1,0,0,1,0,0,36,5972,0.0,0.0,0.0,1.0,,2014-08-16 19:51:59,2014-08-16 19:52:37,passed,100,[32736430],35,32736430,java,ok,1,java-ant,,0.0,,,,,,,,59.0,0
33338070,anthonycr/Lightning-Browser,0.0,,,java,,master,20,d191bf151ec1fff06056dc3827ebe832909e8cf6#52fcf8fdc0f2a0bd94ea79eb344ec3010b254502#ff56ca1d31d12ac635d4ab3d2360cda42dbed2d3#d589061c946909a90be9f6813f5c2b410b3a5944#c270d39639734ce9dca10d11c20e677ecf99b19f#448c168513c35f090a61c87a58d2d8acdfcd4aa8#3823e2366ab9def423fc407765f63b99ff2ff912#05ddc95c9ba4fe33aba8d3a33a326f0209443f53#4c75b9ffb5fc0faf8d0d092e0a26ce0dedbae8c8#2044d89c0551f4a5e611ee23798968cf7bc21eed#859f76756f42695c2dd15f784860fb8989fd3f97#a7a92865ed94db8aecf31fdae9ae8372ea993322#77b109c8322b62312e60c4f3a98cc7f10c54f677#aa49c7b84810a7a34a8f6305cd8b406119c4f91f#8dfe58b4522c1edc3ebfcc04d5223ed654285b05#09b3f40d1c599b86656b16596894407597f2b313#7a01732a1ea725cdeebd0742f6196f30e28e12f2#bdb3fe286d7c516ac1e043e5452aa01e31745938#d908513dbd819bf85d88df7a23675215d7d4d7b9#df51c67909c3b6979caccf3a93d3bde6928f7ebc,build_found,26c16530adc2ad57b7959b9a71f5e94aa70cbc25,32736429,2014-08-19 19:09:39,6,df51c67909c3b6979caccf3a93d3bde6928f7ebc#d908513dbd819bf85d88df7a23675215d7d4d7b9#bdb3fe286d7c516ac1e043e5452aa01e31745938#7a01732a1ea725cdeebd0742f6196f30e28e12f2#09b3f40d1c599b86656b16596894407597f2b313#8dfe58b4522c1edc3ebfcc04d5223ed654285b05#aa49c7b84810a7a34a8f6305cd8b406119c4f91f#77b109c8322b62312e60c4f3a98cc7f10c54f677#a7a92865ed94db8aecf31fdae9ae8372ea993322#859f76756f42695c2dd15f784860fb8989fd3f97#2044d89c0551f4a5e611ee23798968cf7bc21eed#4c75b9ffb5fc0faf8d0d092e0a26ce0dedbae8c8#05ddc95c9ba4fe33aba8d3a33a326f0209443f53#3823e2366ab9def423fc407765f63b99ff2ff912#448c168513c35f090a61c87a58d2d8acdfcd4aa8#c270d39639734ce9dca10d11c20e677ecf99b19f#d589061c946909a90be9f6813f5c2b410b3a5944#ff56ca1d31d12ac635d4ab3d2360cda42dbed2d3#52fcf8fdc0f2a0bd94ea79eb344ec3010b254502#d191bf151ec1fff06056dc3827ebe832909e8cf6,20,df51c67909c3b6979caccf3a93d3bde6928f7ebc,,df51c67909c3b6979caccf3a93d3bde6928f7ebc,,3,,1315,0,2,5,15,0,0,15,0,10,92,6236,0.0,0.0,0.0,1.0,,2014-08-23 01:23:05,2014-08-23 01:23:52,passed,111,[33338071],36,33338071,java,ok,1,java-ant,,0.0,,,,,,,,7.0,0
35109178,anthonycr/Lightning-Browser,1.0,2014-09-12 09:33:46,122,java,commits_in_master,master,2,2cdc83462f5fb1505eaac6901a6ce0cf2ca4cba5#65cea013c90ff4c5470b27258918aee1fcbf37c8,build_found,df51c67909c3b6979caccf3a93d3bde6928f7ebc,34598993,2014-09-12 11:32:56,6,2cdc83462f5fb1505eaac6901a6ce0cf2ca4cba5,1,2cdc83462f5fb1505eaac6901a6ce0cf2ca4cba5,df51c67909c3b6979caccf3a93d3bde6928f7ebc,2592b972a7cd05a8d885a84120fbe805977332e5,0,0,0,0,0,0,0,1,0,0,0,0,1,6,6236,0.0,0.0,0.0,0.0,3,2014-10-15 01:25:02,2014-09-12 11:34:36,passed,110,[35109179],38,35109179,java,ok,1,java-ant,,0.0,,,,,,,,7.0,0
35758822,anthonycr/Lightning-Browser,1.0,2014-09-19 16:29:43,126,java,commits_in_master,master,2,f9067a98210b9d7c594503a6b875e85335df9657#e115a4b089af19614717aab43fb84f548f11b3ef,build_found,df51c67909c3b6979caccf3a93d3bde6928f7ebc,34598993,2014-09-19 18:29:15,6,f9067a98210b9d7c594503a6b875e85335df9657,1,f9067a98210b9d7c594503a6b875e85335df9657,df51c67909c3b6979caccf3a93d3bde6928f7ebc,3fe19605481ce3971144ec0ea6480ea9009d57bd,0,0,0,0,0,0,0,1,0,0,0,0,1,37,6236,0.0,0.0,0.0,1.0,3,2014-12-29 21:48:25,2014-09-19 18:31:07,passed,98,[35758823],39,35758823,java,ok,1,java-ant,,0.0,,,,,,,,59.0,0
36883618,anthonycr/Lightning-Browser,1.0,2014-10-02 13:51:25,128,java,commits_in_master,master,2,660d4f0e0406acae08de50666f922e18df6223a5#187855bdaec0e89041e96e9b8079d2e0ef7f3115,build_found,df51c67909c3b6979caccf3a93d3bde6928f7ebc,34598993,2014-10-02 15:46:56,6,660d4f0e0406acae08de50666f922e18df6223a5,1,660d4f0e0406acae08de50666f922e18df6223a5,df51c67909c3b6979caccf3a93d3bde6928f7ebc,5b7853135dcb246a0bef20aa59d8ea09f1c56d5a,0,0,0,1,0,0,0,1,0,0,1,0,0,13,6237,0.0,0.0,0.0,0.0,58,2014-12-29 21:48:58,2014-10-02 15:55:33,passed,112,[36883620],40,36883620,java,ok,1,java-ant,,0.0,,,,,,,,8.0,0
38002030,anthonycr/Lightning-Browser,0.0,,,java,,master,14,83d2e53a2527835f91d14ef6541222d6f249fb18#a4d12ab2d3274e657a9ee375bce2e533a595aa45#e3944f798f39d9e8d7ba98ec3a68200112ce1946#cd0d9e2d948efade473fa443a6a4ae7e74a21b5a#d3da19a26117a32707b215adf918a2e979b15748#0e226a821ef956d11019161cd5a2037098b340ce#b9aed893efed3119799011c5c1b61f35cf541581#e92ad4303bcdcc9364496b0cbff0b7fd22e4eb41#25a1b863075dd005776d7c0dd4b7ee518ef1de2d#2f0dda06ee75f17d93f5ccc77a09fbe9436a07d0#f9054d156d4130b3eec4535949eba0ef4f375cea#4e9c91643a4d6eb0f1f9ed09e4538e323c74e2fe#cf053854c53aacb0ac89068d22f1afa1fb7cf485#179a4c2420db478a2a1aeb87a3657d9ff200ae96,build_found,df51c67909c3b6979caccf3a93d3bde6928f7ebc,34598993,2014-08-26 21:07:35,6,179a4c2420db478a2a1aeb87a3657d9ff200ae96#cf053854c53aacb0ac89068d22f1afa1fb7cf485#4e9c91643a4d6eb0f1f9ed09e4538e323c74e2fe#f9054d156d4130b3eec4535949eba0ef4f375cea#2f0dda06ee75f17d93f5ccc77a09fbe9436a07d0#25a1b863075dd005776d7c0dd4b7ee518ef1de2d#e92ad4303bcdcc9364496b0cbff0b7fd22e4eb41#b9aed893efed3119799011c5c1b61f35cf541581#0e226a821ef956d11019161cd5a2037098b340ce#d3da19a26117a32707b215adf918a2e979b15748#cd0d9e2d948efade473fa443a6a4ae7e74a21b5a#e3944f798f39d9e8d7ba98ec3a68200112ce1946#a4d12ab2d3274e657a9ee375bce2e533a595aa45#83d2e53a2527835f91d14ef6541222d6f249fb18,14,179a4c2420db478a2a1aeb87a3657d9ff200ae96,,179a4c2420db478a2a1aeb87a3657d9ff200ae96,,0,,385,0,2,20,18,0,0,11,0,29,129,6412,0.0,0.0,0.0,1.0,,2014-10-15 01:23:17,2014-10-15 01:24:23,passed,126,[38002031],43,38002031,java,ok,1,java-ant,,0.0,,,,,,,,10.0,0
38002092,anthonycr/Lightning-Browser,0.0,,,java,,master,2,2cdc83462f5fb1505eaac6901a6ce0cf2ca4cba5#65cea013c90ff4c5470b27258918aee1fcbf37c8,merge_found,,,2014-09-12 11:32:56,6,65cea013c90ff4c5470b27258918aee1fcbf37c8,1,65cea013c90ff4c5470b27258918aee1fcbf37c8,,65cea013c90ff4c5470b27258918aee1fcbf37c8,,0,,0,0,0,0,1,0,0,0,0,1,7,6412,0.0,0.0,0.0,1.0,,2014-10-15 01:25:02,2014-10-15 01:26:30,passed,100,[38002093],44,38002093,java,ok,1,java-ant,,0.0,,,,,,,,56.0,0
40201739,anthonycr/Lightning-Browser,1.0,2014-11-06 16:05:33,138,java,commits_in_master,master,2,0d2bbb60b410b44a103268c8d7ed87313e6cbc44#49c92662a336ed87380e76afff0f6b67f993f4bd,build_found,65cea013c90ff4c5470b27258918aee1fcbf37c8,38002092,2014-11-06 17:03:33,6,0d2bbb60b410b44a103268c8d7ed87313e6cbc44,1,0d2bbb60b410b44a103268c8d7ed87313e6cbc44,65cea013c90ff4c5470b27258918aee1fcbf37c8,4df7b4bc07fb076264252c632c19222cdab14a69,0,0,0,0,0,0,0,1,0,0,0,0,1,7,6412,0.0,0.0,0.0,1.0,9,2014-12-29 21:53:19,2014-11-06 17:11:45,passed,134,[40201740],56,40201740,java,ok,1,java-ant,,0.0,,,,,,,,18.0,0
40825035,anthonycr/Lightning-Browser,1.0,2014-11-12 20:49:06,141,java,commits_in_master,master,2,a97472d60a4c9b071b8f001c299d3dcd99f5eeec#c5b7926645dc153cc9ee900bf2d71e951b2958c8,build_found,65cea013c90ff4c5470b27258918aee1fcbf37c8,38002092,2014-11-12 21:46:29,6,a97472d60a4c9b071b8f001c299d3dcd99f5eeec,1,a97472d60a4c9b071b8f001c299d3dcd99f5eeec,65cea013c90ff4c5470b27258918aee1fcbf37c8,df21f6bdc917fd22c6387669352873a8ca260e6c,0,0,0,0,0,0,0,1,0,0,0,0,1,22,6412,0.0,0.0,0.0,1.0,3,2014-12-29 21:53:38,2014-11-12 21:57:44,passed,122,[40825036],57,40825036,android,ok,1,plain,,0.0,,,,,,,,,0
42237737,anthonycr/Lightning-Browser,1.0,2014-11-26 19:38:15,144,java,commits_in_master,master,2,22ca606dc0b27fbe8f76c5cc9a1cca8ccf401ae8#c850fd9313543656d837fe46613638640c8e57fe,build_found,65cea013c90ff4c5470b27258918aee1fcbf37c8,38002092,2014-11-26 20:38:01,6,22ca606dc0b27fbe8f76c5cc9a1cca8ccf401ae8,1,22ca606dc0b27fbe8f76c5cc9a1cca8ccf401ae8,65cea013c90ff4c5470b27258918aee1fcbf37c8,9c84a4df864eeaa8b7f7c2f43c85df56e97ef168,0,0,0,0,0,0,0,1,0,0,0,0,1,17,6412,0.0,0.0,0.0,0.0,5,2014-12-29 21:56:16,2014-11-26 20:40:26,failed,52,[42237738],59,42237738,android,broken,1,plain,,0.0,,,,,,,,,0
42801069,anthonycr/Lightning-Browser,1.0,2014-12-02 21:54:41,146,java,commits_in_master,master,2,723331fc7b57e176c24fd286195bd1dc2ca9bfcb#b19dcb1dc3f5aefe60232611eb44eac4ecffb398,build_found,65cea013c90ff4c5470b27258918aee1fcbf37c8,38002092,2014-12-02 22:32:16,6,723331fc7b57e176c24fd286195bd1dc2ca9bfcb,1,723331fc7b57e176c24fd286195bd1dc2ca9bfcb,65cea013c90ff4c5470b27258918aee1fcbf37c8,9a5179e1e27e1af4f36269ac24919decf811872b,0,0,0,31,0,0,0,1,0,0,1,0,0,26,6423,0.0,0.0,0.0,1.0,48,2014-12-31 17:06:50,2014-12-02 23:00:18,passed,169,[42801070],60,42801070,android,ok,2,plain,,0.0,,,,,,,,,0
45395246,anthonycr/Lightning-Browser,0.0,,,java,,master,2,f9067a98210b9d7c594503a6b875e85335df9657#e115a4b089af19614717aab43fb84f548f11b3ef,merge_found,,,2014-09-19 18:29:15,6,e115a4b089af19614717aab43fb84f548f11b3ef,1,e115a4b089af19614717aab43fb84f548f11b3ef,,e115a4b089af19614717aab43fb84f548f11b3ef,,0,,0,0,0,0,1,0,0,0,0,1,38,6412,0.0,0.0,0.0,1.0,,2014-12-29 21:48:25,2014-12-29 21:49:11,passed,114,[45395247],64,45395247,android,ok,1,plain,,0.0,,,,,,,,,0
45395291,anthonycr/Lightning-Browser,0.0,,,java,,master,2,660d4f0e0406acae08de50666f922e18df6223a5#187855bdaec0e89041e96e9b8079d2e0ef7f3115,merge_found,,,2014-10-02 15:46:56,6,187855bdaec0e89041e96e9b8079d2e0ef7f3115,1,187855bdaec0e89041e96e9b8079d2e0ef7f3115,,187855bdaec0e89041e96e9b8079d2e0ef7f3115,,0,,1,0,0,0,1,0,0,1,0,0,15,6413,0.0,0.0,0.0,1.0,,2014-12-29 21:48:58,2014-12-29 21:49:33,passed,113,[45395292],65,45395292,android,ok,1,plain,,0.0,,,,,,,,,0
45395720,anthonycr/Lightning-Browser,0.0,,,java,,master,2,0d2bbb60b410b44a103268c8d7ed87313e6cbc44#49c92662a336ed87380e76afff0f6b67f993f4bd,merge_found,,,2014-11-06 17:03:33,6,49c92662a336ed87380e76afff0f6b67f993f4bd,1,49c92662a336ed87380e76afff0f6b67f993f4bd,,49c92662a336ed87380e76afff0f6b67f993f4bd,,0,,0,0,0,0,1,0,0,0,0,1,8,6413,0.0,0.0,0.0,1.0,,2014-12-29 21:53:19,2014-12-29 21:54:47,passed,127,[45395721],66,45395721,android,ok,2,plain,,0.0,,,,,,,,,0
45395741,anthonycr/Lightning-Browser,0.0,,,java,,master,2,a97472d60a4c9b071b8f001c299d3dcd99f5eeec#c5b7926645dc153cc9ee900bf2d71e951b2958c8,merge_found,,,2014-11-12 21:46:29,6,c5b7926645dc153cc9ee900bf2d71e951b2958c8,1,c5b7926645dc153cc9ee900bf2d71e951b2958c8,,c5b7926645dc153cc9ee900bf2d71e951b2958c8,,0,,0,0,0,0,1,0,0,0,0,1,23,6413,0.0,0.0,0.0,1.0,,2014-12-29 21:53:38,2014-12-29 21:58:22,passed,160,[45395742],67,45395742,android,ok,3,plain,,0.0,,,,,,,,,0
45396032,anthonycr/Lightning-Browser,0.0,,,java,,master,2,22ca606dc0b27fbe8f76c5cc9a1cca8ccf401ae8#c850fd9313543656d837fe46613638640c8e57fe,merge_found,,,2014-11-26 20:38:01,6,c850fd9313543656d837fe46613638640c8e57fe,1,c850fd9313543656d837fe46613638640c8e57fe,,c850fd9313543656d837fe46613638640c8e57fe,,0,,0,0,0,0,1,0,0,0,0,1,18,6413,0.0,0.0,0.0,1.0,,2014-12-29 21:56:16,2014-12-29 21:56:51,failed,40,[45396033],68,45396033,android,broken,1,plain,,0.0,,,,,,,,,0
45396153,anthonycr/Lightning-Browser,0.0,,,java,,master,1,55a044ab3d3a141f0dfc8bec7d4a0eb7d2cce975,build_found,c850fd9313543656d837fe46613638640c8e57fe,45396032,2014-12-29 21:58:09,6,55a044ab3d3a141f0dfc8bec7d4a0eb7d2cce975,1,55a044ab3d3a141f0dfc8bec7d4a0eb7d2cce975,,55a044ab3d3a141f0dfc8bec7d4a0eb7d2cce975,,0,,0,0,0,0,1,0,0,0,0,1,19,6413,0.0,0.0,0.0,1.0,,2014-12-29 21:58:10,2014-12-29 21:58:51,failed,50,[45396154],69,45396154,android,broken,1,plain,,0.0,,,,,,,,,0
45398802,anthonycr/Lightning-Browser,0.0,,,java,,master,1,250fdc01e4f00be6dc436afc18991eb4bfe58618,build_found,55a044ab3d3a141f0dfc8bec7d4a0eb7d2cce975,45396153,2014-12-29 22:28:20,6,250fdc01e4f00be6dc436afc18991eb4bfe58618,1,250fdc01e4f00be6dc436afc18991eb4bfe58618,,250fdc01e4f00be6dc436afc18991eb4bfe58618,,0,,0,0,0,0,1,0,0,0,0,1,20,6413,0.0,0.0,0.0,1.0,,2014-12-29 22:28:21,2014-12-29 22:29:03,failed,44,[45398803],70,45398803,android,broken,1,plain,,0.0,,,,,,,,,0
45409675,anthonycr/Lightning-Browser,0.0,,,java,,master,1,b61b895b495201cda46e29115739855af84f7c00,build_found,250fdc01e4f00be6dc436afc18991eb4bfe58618,45398802,2014-12-30 00:54:41,6,b61b895b495201cda46e29115739855af84f7c00,1,b61b895b495201cda46e29115739855af84f7c00,,b61b895b495201cda46e29115739855af84f7c00,,0,,0,0,0,0,1,0,0,0,0,1,21,6413,0.0,0.0,0.0,1.0,,2014-12-30 00:54:42,2014-12-30 00:56:14,passed,115,[45409676],71,45409676,android,ok,1,plain,,0.0,,,,,,,,,0
45558413,anthonycr/Lightning-Browser,0.0,,,java,,master,1,436c2130d231e6e03670a8a1585bd9ccda17e9a8,build_found,b61b895b495201cda46e29115739855af84f7c00,45409675,2014-12-31 16:57:45,6,436c2130d231e6e03670a8a1585bd9ccda17e9a8,1,436c2130d231e6e03670a8a1585bd9ccda17e9a8,,436c2130d231e6e03670a8a1585bd9ccda17e9a8,,0,,0,0,0,0,2,0,0,0,0,2,34,6413,0.0,0.0,0.0,1.0,,2014-12-31 16:57:50,2014-12-31 16:59:34,failed,117,[45558414],73,45558414,android,broken,1,plain,,0.0,,,,,,,,,0
45559021,anthonycr/Lightning-Browser,0.0,,,java,,master,2,723331fc7b57e176c24fd286195bd1dc2ca9bfcb#b19dcb1dc3f5aefe60232611eb44eac4ecffb398,merge_found,,,2014-12-02 22:32:16,6,b19dcb1dc3f5aefe60232611eb44eac4ecffb398,1,b19dcb1dc3f5aefe60232611eb44eac4ecffb398,,b19dcb1dc3f5aefe60232611eb44eac4ecffb398,,0,,31,0,0,0,1,0,0,1,0,0,27,6424,0.0,0.0,0.0,1.0,,2014-12-31 17:06:50,2014-12-31 17:07:35,failed,101,[45559022],74,45559022,android,broken,1,plain,,0.0,,,,,,,,,0
45563096,anthonycr/Lightning-Browser,0.0,,,java,,master,1,6a7b4bfe68449a338ae0b3e2617fdd7b29432a39,build_found,b19dcb1dc3f5aefe60232611eb44eac4ecffb398,45559021,2014-12-31 17:56:33,6,6a7b4bfe68449a338ae0b3e2617fdd7b29432a39,1,6a7b4bfe68449a338ae0b3e2617fdd7b29432a39,,6a7b4bfe68449a338ae0b3e2617fdd7b29432a39,,0,,2737,0,8,0,15,0,0,6,0,17,157,6681,0.0,0.0,0.0,1.0,,2014-12-31 17:57:29,2014-12-31 18:01:38,failed,72,[45563097],75,45563097,android,broken,2,plain,,0.0,,,,,,,,,0
45564398,anthonycr/Lightning-Browser,0.0,,,java,,master,1,f06170ebfde12da0ee10b98b700240489c0f7a3c,build_found,6a7b4bfe68449a338ae0b3e2617fdd7b29432a39,45563096,2014-12-31 18:12:37,6,f06170ebfde12da0ee10b98b700240489c0f7a3c,1,f06170ebfde12da0ee10b98b700240489c0f7a3c,,f06170ebfde12da0ee10b98b700240489c0f7a3c,,0,,132,0,7,5,5,0,0,3,0,14,96,6680,0.0,0.0,0.0,1.0,,2014-12-31 18:12:37,2014-12-31 18:13:17,failed,42,[45564399],76,45564399,android,broken,1,plain,,0.0,,,,,,,,,0
45570090,anthonycr/Lightning-Browser,0.0,,,java,,master,1,1e8e78e6d70823fdc01a7dbd38f63bc717ac7599,build_found,f06170ebfde12da0ee10b98b700240489c0f7a3c,45564398,2014-12-31 19:43:17,6,1e8e78e6d70823fdc01a7dbd38f63bc717ac7599,1,1e8e78e6d70823fdc01a7dbd38f63bc717ac7599,,1e8e78e6d70823fdc01a7dbd38f63bc717ac7599,,0,,77,0,0,0,3,0,0,3,0,0,57,6681,0.0,0.0,0.0,1.0,,2014-12-31 19:43:18,2014-12-31 19:44:24,failed,94,[45570091],77,45570091,android,broken,1,plain,,0.0,,,,,,,,,0
45638770,anthonycr/Lightning-Browser,0.0,,,java,,master,1,bbd21d8351fbabe0eb5745626f7d3e5dcbf63de6,build_found,1e8e78e6d70823fdc01a7dbd38f63bc717ac7599,45570090,2015-01-01 22:59:47,6,bbd21d8351fbabe0eb5745626f7d3e5dcbf63de6,1,bbd21d8351fbabe0eb5745626f7d3e5dcbf63de6,,bbd21d8351fbabe0eb5745626f7d3e5dcbf63de6,,0,,0,0,0,0,1,0,0,0,0,1,4,6681,0.0,0.0,0.0,1.0,,2015-01-01 23:00:17,2015-01-01 23:00:58,failed,104,[45638772],78,45638772,android,broken,1,plain,,0.0,,,,,,,,,0
45638947,anthonycr/Lightning-Browser,0.0,,,java,,master,1,bab385e394d15789816d8a7bd39fcb3e43a0cea2,build_found,bbd21d8351fbabe0eb5745626f7d3e5dcbf63de6,45638770,2015-01-01 23:02:43,6,bab385e394d15789816d8a7bd39fcb3e43a0cea2,1,bab385e394d15789816d8a7bd39fcb3e43a0cea2,,bab385e394d15789816d8a7bd39fcb3e43a0cea2,,0,,2,0,0,0,1,0,0,1,0,0,39,6681,0.0,0.0,0.0,1.0,,2015-01-01 23:02:43,2015-01-01 23:04:51,failed,110,[45638948],79,45638948,android,broken,1,plain,,0.0,,,,,,,,,0
45639615,anthonycr/Lightning-Browser,0.0,,,java,,master,1,a1fcf332ac2ff3be84cc8aaca5f04efd370d3027,build_found,bab385e394d15789816d8a7bd39fcb3e43a0cea2,45638947,2015-01-01 23:13:33,6,a1fcf332ac2ff3be84cc8aaca5f04efd370d3027,1,a1fcf332ac2ff3be84cc8aaca5f04efd370d3027,,a1fcf332ac2ff3be84cc8aaca5f04efd370d3027,,0,,0,0,0,0,3,0,0,0,0,3,40,6681,0.0,0.0,0.0,1.0,,2015-01-01 23:13:46,2015-01-01 23:14:32,passed,116,[45639616],80,45639616,android,ok,1,plain,,0.0,,,,,,,,,0
45715693,anthonycr/Lightning-Browser,1.0,2015-01-02 19:14:10,159,java,commits_in_master,master,4,ef78e13c93b385b9625347a04f5037ce1a8384c6#8b10d373486bf77d45e8a088ab26b66d1051357c#3510691439aa17e8bed9924d2e794e7e158865cb#4c76f945f66a08e2ef1a1a53c2d8798e2a595993,build_found,a1fcf332ac2ff3be84cc8aaca5f04efd370d3027,45639615,2015-01-02 20:03:15,6,ef78e13c93b385b9625347a04f5037ce1a8384c6,1,ef78e13c93b385b9625347a04f5037ce1a8384c6,a1fcf332ac2ff3be84cc8aaca5f04efd370d3027,3dbd56e2635a49d24c333f866ec9d36de55c2f7c,1,0,0,0,0,0,0,1,0,0,0,0,0,4,6681,0.0,0.0,0.0,1.0,34,2015-01-06 01:16:31,2015-01-02 20:16:57,passed,147,[45715694],82,45715694,android,ok,2,plain,,0.0,,,,,,,,,0
45719138,anthonycr/Lightning-Browser,1.0,2015-01-02 19:14:10,159,java,commits_in_master,master,4,ef78e13c93b385b9625347a04f5037ce1a8384c6#8b10d373486bf77d45e8a088ab26b66d1051357c#3510691439aa17e8bed9924d2e794e7e158865cb#4c76f945f66a08e2ef1a1a53c2d8798e2a595993,build_found,ef78e13c93b385b9625347a04f5037ce1a8384c6,45715693,2015-01-02 20:03:15,6,8b10d373486bf77d45e8a088ab26b66d1051357c,1,8b10d373486bf77d45e8a088ab26b66d1051357c,a1fcf332ac2ff3be84cc8aaca5f04efd370d3027,64d211cf4affe58ef7d2db5c4d1b3722b97a9782,0,0,0,0,0,0,0,1,0,0,0,0,0,5,6681,0.0,0.0,0.0,1.0,34,2015-01-06 01:16:31,2015-01-02 20:48:47,passed,117,[45719139],83,45719139,android,ok,2,plain,,0.0,,,,,,,,,0
45734464,anthonycr/Lightning-Browser,1.0,2015-01-02 22:50:31,160,java,commits_in_master,master,3,b8a592a5931a762e00b0a53ac5ed2a387e3d6a19#eacce41e962dab4f926a4f42dd84e03fe3146a1a#06902d98d84a0178304bab3f6705973a8fdf8bf0,build_found,a1fcf332ac2ff3be84cc8aaca5f04efd370d3027,45639615,2015-01-02 23:40:32,6,b8a592a5931a762e00b0a53ac5ed2a387e3d6a19,1,b8a592a5931a762e00b0a53ac5ed2a387e3d6a19,a1fcf332ac2ff3be84cc8aaca5f04efd370d3027,3783d82f873fa22e8651c4e67168d3e6b5ee641f,0,0,0,0,0,0,0,1,0,0,0,0,1,5,6681,0.0,0.0,0.0,1.0,12,2015-01-06 01:14:25,2015-01-02 23:52:22,passed,132,[45734465],84,45734465,android,ok,1,plain,,0.0,,,,,,,,,0
45738961,anthonycr/Lightning-Browser,1.0,2015-01-02 23:58:47,161,java,commits_in_master,master,2,172ee068ac5fde11ec46bfec438800463f366dbd#e8897d43bffda69507c5ffd4cf41605c812642fa,build_found,a1fcf332ac2ff3be84cc8aaca5f04efd370d3027,45639615,2015-01-03 00:25:03,6,172ee068ac5fde11ec46bfec438800463f366dbd,1,172ee068ac5fde11ec46bfec438800463f366dbd,a1fcf332ac2ff3be84cc8aaca5f04efd370d3027,1467b9669528884608f31fbae789f738ed3d4d94,0,0,0,6,0,0,0,3,0,0,3,0,0,9,6681,0.0,0.0,0.0,1.0,91,2015-01-06 01:18:32,2015-01-03 00:59:34,passed,105,[45738962],85,45738962,android,ok,2,plain,,0.0,,,,,,,,,0
45746228,anthonycr/Lightning-Browser,1.0,2015-01-02 19:14:10,159,java,commits_in_master,master,4,ef78e13c93b385b9625347a04f5037ce1a8384c6#8b10d373486bf77d45e8a088ab26b66d1051357c#3510691439aa17e8bed9924d2e794e7e158865cb#4c76f945f66a08e2ef1a1a53c2d8798e2a595993,build_found,8b10d373486bf77d45e8a088ab26b66d1051357c,45719138,2015-01-02 20:03:15,6,3510691439aa17e8bed9924d2e794e7e158865cb,1,3510691439aa17e8bed9924d2e794e7e158865cb,a1fcf332ac2ff3be84cc8aaca5f04efd370d3027,e14badb348f726ab53230b51b6619b7b9b58cb3d,1,0,0,2,0,0,0,1,0,0,1,0,0,50,6681,0.0,0.0,0.0,1.0,34,2015-01-06 01:16:31,2015-01-03 03:23:09,passed,98,[45746229],86,45746229,android,ok,1,plain,,0.0,,,,,,,,,0
45785864,anthonycr/Lightning-Browser,1.0,2015-01-02 22:50:31,160,java,commits_in_master,master,3,b8a592a5931a762e00b0a53ac5ed2a387e3d6a19#eacce41e962dab4f926a4f42dd84e03fe3146a1a#06902d98d84a0178304bab3f6705973a8fdf8bf0,build_found,b8a592a5931a762e00b0a53ac5ed2a387e3d6a19,45734464,2015-01-02 23:40:32,6,eacce41e962dab4f926a4f42dd84e03fe3146a1a,1,eacce41e962dab4f926a4f42dd84e03fe3146a1a,a1fcf332ac2ff3be84cc8aaca5f04efd370d3027,2b893d510aeb0bf7ac2809bdc2f3c0995b79d4e7,0,0,1,0,0,0,0,1,0,0,0,0,1,6,6681,0.0,0.0,0.0,1.0,12,2015-01-06 01:14:25,2015-01-03 17:34:04,passed,126,[45785865],87,45785865,android,ok,2,plain,,0.0,,,,,,,,,0
46018307,anthonycr/Lightning-Browser,0.0,,,java,,master,2,2e32454bb2707a023e958a6a86ed708f84e3c73c#1eb7156dd32e02a53b1e0da2b0c6ea6600a871f3,merge_found,,,2015-01-04 22:29:21,6,1eb7156dd32e02a53b1e0da2b0c6ea6600a871f3,1,1eb7156dd32e02a53b1e0da2b0c6ea6600a871f3,,1eb7156dd32e02a53b1e0da2b0c6ea6600a871f3,,0,,0,0,1,0,0,0,0,0,0,1,1,6681,0.0,0.0,0.0,1.0,,2015-01-06 00:41:14,2015-01-06 00:42:44,passed,119,[46018308],90,46018308,android,ok,2,plain,,0.0,,,,,,,,,0
46020518,anthonycr/Lightning-Browser,0.0,,,java,,master,3,b8a592a5931a762e00b0a53ac5ed2a387e3d6a19#eacce41e962dab4f926a4f42dd84e03fe3146a1a#06902d98d84a0178304bab3f6705973a8fdf8bf0,merge_found,,,2015-01-02 23:40:32,6,06902d98d84a0178304bab3f6705973a8fdf8bf0,1,06902d98d84a0178304bab3f6705973a8fdf8bf0,,06902d98d84a0178304bab3f6705973a8fdf8bf0,,0,,0,0,0,0,1,0,0,0,0,1,7,6681,0.0,0.0,0.0,1.0,,2015-01-06 01:14:25,2015-01-06 01:15:13,passed,112,[46020519],91,46020519,android,ok,1,plain,,0.0,,,,,,,,,0
46020692,anthonycr/Lightning-Browser,0.0,,,java,,master,4,ef78e13c93b385b9625347a04f5037ce1a8384c6#8b10d373486bf77d45e8a088ab26b66d1051357c#3510691439aa17e8bed9924d2e794e7e158865cb#4c76f945f66a08e2ef1a1a53c2d8798e2a595993,merge_found,,,2015-01-02 20:03:15,6,4c76f945f66a08e2ef1a1a53c2d8798e2a595993,1,4c76f945f66a08e2ef1a1a53c2d8798e2a595993,,4c76f945f66a08e2ef1a1a53c2d8798e2a595993,,0,,2,0,0,0,2,0,0,1,0,0,55,6681,0.0,0.0,0.0,1.0,,2015-01-06 01:16:31,2015-01-06 01:17:15,passed,111,[46020693],92,46020693,android,ok,1,plain,,0.0,,,,,,,,,0
46020802,anthonycr/Lightning-Browser,0.0,,,java,,master,2,172ee068ac5fde11ec46bfec438800463f366dbd#e8897d43bffda69507c5ffd4cf41605c812642fa,merge_found,,,2015-01-03 00:25:03,6,e8897d43bffda69507c5ffd4cf41605c812642fa,1,e8897d43bffda69507c5ffd4cf41605c812642fa,,e8897d43bffda69507c5ffd4cf41605c812642fa,,0,,6,0,0,0,3,0,0,3,0,0,10,6681,0.0,0.0,0.0,1.0,,2015-01-06 01:18:32,2015-01-06 01:19:14,passed,128,[46020803],93,46020803,android,ok,1,plain,,0.0,,,,,,,,,0
46024995,anthonycr/Lightning-Browser,0.0,,,java,,master,2,73b367053c880850142c3d0d872e8ed1104f7886#388e614dd73d0883117959c721447b6f4d221906,build_found,e8897d43bffda69507c5ffd4cf41605c812642fa,46020802,2015-01-06 02:20:25,6,388e614dd73d0883117959c721447b6f4d221906#73b367053c880850142c3d0d872e8ed1104f7886,2,388e614dd73d0883117959c721447b6f4d221906,,388e614dd73d0883117959c721447b6f4d221906,,0,,74,0,0,0,2,0,0,2,0,0,15,6691,0.0,0.0,0.0,1.0,,2015-01-06 02:22:02,2015-01-06 02:23:51,passed,133,[46024996],94,46024996,android,ok,1,plain,,0.0,,,,,,,,,0
47141482,anthonycr/Lightning-Browser,1.0,2015-01-15 16:07:50,166,java,merge_button,master,2,109a6487664f63b4a1dde96451887c7231e439ef#f6b2f2fe3d1c4593db1579b3c98f85d1380fd9ec,build_found,388e614dd73d0883117959c721447b6f4d221906,46024995,2015-01-15 17:07:44,6,109a6487664f63b4a1dde96451887c7231e439ef,1,109a6487664f63b4a1dde96451887c7231e439ef,388e614dd73d0883117959c721447b6f4d221906,dd5b84867508ddd844e192be29412b67c7a8efe1,0,0,0,0,0,0,0,1,0,0,0,0,1,25,6691,0.0,0.0,0.0,1.0,5,2015-01-15 18:55:30,2015-01-15 17:10:01,passed,138,[47141483],96,47141483,android,ok,1,plain,,0.0,,,,,,,,,0
47153624,anthonycr/Lightning-Browser,0.0,,,java,,master,2,109a6487664f63b4a1dde96451887c7231e439ef#f6b2f2fe3d1c4593db1579b3c98f85d1380fd9ec,merge_found,,,2015-01-15 17:07:44,6,f6b2f2fe3d1c4593db1579b3c98f85d1380fd9ec,1,f6b2f2fe3d1c4593db1579b3c98f85d1380fd9ec,,f6b2f2fe3d1c4593db1579b3c98f85d1380fd9ec,,0,,0,0,0,0,1,0,0,0,0,1,26,6691,0.0,0.0,0.0,1.0,,2015-01-15 18:55:30,2015-01-15 18:58:18,passed,137,[47153625],97,47153625,android,ok,3,plain,,0.0,,,,,,,,,0
48000388,anthonycr/Lightning-Browser,0.0,,,java,,master,1,748c70b280785eccd6cef16f6290a7fa4a91521f,build_found,f6b2f2fe3d1c4593db1579b3c98f85d1380fd9ec,47153624,2015-01-23 01:57:45,6,748c70b280785eccd6cef16f6290a7fa4a91521f,1,748c70b280785eccd6cef16f6290a7fa4a91521f,,748c70b280785eccd6cef16f6290a7fa4a91521f,,0,,3,0,0,0,1,0,0,1,0,0,14,6690,0.0,0.0,0.0,1.0,,2015-01-23 01:58:15,2015-01-23 02:01:12,passed,124,[48000389],98,48000389,android,ok,1,plain,,0.0,,,,,,,,,0
48377497,anthonycr/Lightning-Browser,0.0,,,java,,master,1,66d7b191ad009bc4c470d4a1110e649771c4024d,build_found,748c70b280785eccd6cef16f6290a7fa4a91521f,48000388,2015-01-26 18:27:20,6,66d7b191ad009bc4c470d4a1110e649771c4024d,1,66d7b191ad009bc4c470d4a1110e649771c4024d,,66d7b191ad009bc4c470d4a1110e649771c4024d,,0,,2,0,0,0,1,0,0,1,0,0,40,6690,0.0,0.0,0.0,1.0,,2015-01-26 18:27:21,2015-01-26 18:28:22,passed,115,[48377498],100,48377498,android,ok,1,plain,,0.0,,,,,,,,,0
48998405,anthonycr/Lightning-Browser,1.0,2015-01-31 11:55:11,174,java,commits_in_master,master,2,76178eddc64ab61b0178fb63de5a6a5e3e918371#ac48ddfbce1af3acdfc2cfe86a778a279dd7f5fd,build_found,66d7b191ad009bc4c470d4a1110e649771c4024d,48977402,2015-01-31 12:47:19,6,76178eddc64ab61b0178fb63de5a6a5e3e918371,1,76178eddc64ab61b0178fb63de5a6a5e3e918371,66d7b191ad009bc4c470d4a1110e649771c4024d,c3898eb01893a1b9b306c5f93d52da87268a4889,0,0,0,5,0,0,0,2,0,0,1,0,1,18,6690,0.0,0.0,0.0,1.0,15,2015-02-01 04:05:11,2015-01-31 12:56:27,passed,123,[48998406],123,48998406,android,ok,1,plain,,0.0,,,,,,,,,0
49055366,anthonycr/Lightning-Browser,0.0,,,java,,master,2,76178eddc64ab61b0178fb63de5a6a5e3e918371#ac48ddfbce1af3acdfc2cfe86a778a279dd7f5fd,merge_found,,,2015-01-31 12:47:19,6,ac48ddfbce1af3acdfc2cfe86a778a279dd7f5fd,1,ac48ddfbce1af3acdfc2cfe86a778a279dd7f5fd,,ac48ddfbce1af3acdfc2cfe86a778a279dd7f5fd,,0,,5,0,0,0,2,0,0,1,0,1,19,6690,0.0,0.0,0.0,1.0,,2015-02-01 04:05:11,2015-02-01 04:06:19,passed,115,[49055367],126,49055367,android,ok,1,plain,,0.0,,,,,,,,,0
51704621,anthonycr/Lightning-Browser,1.0,2015-02-22 09:00:25,195,java,commits_in_master,master,2,698693586cc452f4381d97125eaec15e7a077726#88e5a0eabb400862a59694e04c4365e5cdf98c16,build_found,ac48ddfbce1af3acdfc2cfe86a778a279dd7f5fd,49055969,2015-02-22 10:00:09,8,698693586cc452f4381d97125eaec15e7a077726,1,698693586cc452f4381d97125eaec15e7a077726,ac48ddfbce1af3acdfc2cfe86a778a279dd7f5fd,f174343df265513e2219033342725aef31e4920f,0,0,0,0,0,0,0,1,0,0,0,0,1,22,6690,0.0,0.0,0.0,1.0,2,2015-02-23 17:58:09,2015-02-22 10:01:32,passed,109,[51704622],147,51704622,android,ok,1,plain,,0.0,,,,,,,,,0
51863291,anthonycr/Lightning-Browser,0.0,,,java,,master,2,698693586cc452f4381d97125eaec15e7a077726#88e5a0eabb400862a59694e04c4365e5cdf98c16,merge_found,,,2015-02-22 10:00:09,8,88e5a0eabb400862a59694e04c4365e5cdf98c16,1,88e5a0eabb400862a59694e04c4365e5cdf98c16,,88e5a0eabb400862a59694e04c4365e5cdf98c16,,0,,0,0,0,0,1,0,0,0,0,1,23,6690,0.0,0.0,0.0,1.0,,2015-02-23 17:58:09,2015-02-23 18:02:59,passed,138,[51863292],148,51863292,android,ok,3,plain,,0.0,,,,,,,,,0
52360242,anthonycr/Lightning-Browser,1.0,2015-02-26 23:34:27,196,java,commits_in_master,master,3,095810671dbcf7c278323da93d9f1acc43a9324e#4cc65d0d77fb05bdc96e118b5f9e875b6f45073d#666294834acad9e4fb1ce908cebdc092b9011cbd,build_found,88e5a0eabb400862a59694e04c4365e5cdf98c16,51863291,2015-02-27 00:15:46,9,4cc65d0d77fb05bdc96e118b5f9e875b6f45073d#095810671dbcf7c278323da93d9f1acc43a9324e,2,4cc65d0d77fb05bdc96e118b5f9e875b6f45073d,88e5a0eabb400862a59694e04c4365e5cdf98c16,9a84ee594858a932f790547ac3311ca457678f18,0,0,0,0,0,0,0,1,0,0,0,0,1,27,6690,0.0,0.0,0.0,1.0,4,2015-03-23 22:07:57,2015-02-27 00:52:31,passed,130,[52360243],150,52360243,android,ok,1,plain,,0.0,,,,,,,,,0
53421360,anthonycr/Lightning-Browser,1.0,2015-03-07 00:27:00,197,java,commits_in_master,master,3,11d94564dee01b4eb880cff203ecd8144a1f2ef3#86d83b887acf3db7d358df651e570c8b09a93815#dfb0febbe7806296f1a2667924c388d58cf73edb,build_found,ac48ddfbce1af3acdfc2cfe86a778a279dd7f5fd,49055969,2015-02-14 13:47:57,9,86d83b887acf3db7d358df651e570c8b09a93815#11d94564dee01b4eb880cff203ecd8144a1f2ef3,2,86d83b887acf3db7d358df651e570c8b09a93815,88e5a0eabb400862a59694e04c4365e5cdf98c16,a7e4698d147ddd32f99d3b7ed61a6e99a08bb8bc,0,0,0,0,0,1,0,1,0,0,0,0,1,0,6690,0.0,0.0,0.0,1.0,23,2015-03-23 22:08:16,2015-03-07 01:28:50,passed,118,[53421361],151,53421361,android,ok,1,plain,,0.0,,,,,,,,,0
55560088,anthonycr/Lightning-Browser,0.0,,,java,,master,3,11d94564dee01b4eb880cff203ecd8144a1f2ef3#86d83b887acf3db7d358df651e570c8b09a93815#dfb0febbe7806296f1a2667924c388d58cf73edb,merge_found,,,2015-02-14 13:47:57,9,dfb0febbe7806296f1a2667924c388d58cf73edb,1,dfb0febbe7806296f1a2667924c388d58cf73edb,,dfb0febbe7806296f1a2667924c388d58cf73edb,,0,,0,0,1,0,0,0,0,0,0,1,2,6690,0.0,0.0,0.0,1.0,,2015-03-23 22:08:16,2015-03-23 22:17:51,passed,142,[55560089],155,55560089,android,ok,1,plain,,0.0,,,,,,,,,0
57253655,anthonycr/Lightning-Browser,1.0,2015-04-04 18:26:40,203,java,commits_in_master,master,9,7ab948ce3f1d84a6b25f572fbfd3692055d38f67#1727d0739e899361cb3c93a7d112646899896838#80d019798d9d3cc67660fabaf18688dc24bb6c5d#38f3a9c9dfc9a7e5f3842efadce28ba9596a51af#b135e27fd9c472e1bc4f968b220ab29028aa2c1d#93f8b971e7d25b9f9f0032d4dd8a3b3735d24e5d#344b6626190f5ca5e4eaf7c0bbf1342a5f4a4012#546dbe4f8cf97836096fdaa7767c3365680b6a98#17a63733fe1de21a336bad1c9001683c0e218733,build_found,ac48ddfbce1af3acdfc2cfe86a778a279dd7f5fd,49055969,2015-04-04 17:18:00,9,344b6626190f5ca5e4eaf7c0bbf1342a5f4a4012#93f8b971e7d25b9f9f0032d4dd8a3b3735d24e5d#b135e27fd9c472e1bc4f968b220ab29028aa2c1d#38f3a9c9dfc9a7e5f3842efadce28ba9596a51af#80d019798d9d3cc67660fabaf18688dc24bb6c5d#1727d0739e899361cb3c93a7d112646899896838#7ab948ce3f1d84a6b25f572fbfd3692055d38f67,7,344b6626190f5ca5e4eaf7c0bbf1342a5f4a4012,dfb0febbe7806296f1a2667924c388d58cf73edb,76549a19296da0ce025e541654be2345557faa65,0,2,0,0,0,2,1,1,0,0,0,0,2,5,6690,0.0,0.0,0.0,1.0,3,2015-04-18 17:27:09,2015-04-05 16:17:14,failed,45,[57253656],178,57253656,android,broken,1,plain,,0.0,,,,,,,,,0
57464617,anthonycr/Lightning-Browser,1.0,2015-04-06 09:20:56,204,java,commits_in_master,master,3,af4fa8ed2a6d46db0c89793f98ca57d3bc634f4c#013011ef09524641437cc9465b0c83a88839ef38#3f5c08bb5a7c5750dd43f93226ac38a928c32f2a,build_found,dfb0febbe7806296f1a2667924c388d58cf73edb,55560088,2015-04-04 09:36:15,9,013011ef09524641437cc9465b0c83a88839ef38#af4fa8ed2a6d46db0c89793f98ca57d3bc634f4c,2,013011ef09524641437cc9465b0c83a88839ef38,dfb0febbe7806296f1a2667924c388d58cf73edb,71be51f8e68230af28b08d1c1a490a71a231fc71,5,1,3,0,0,0,0,1,0,0,0,0,1,24,6690,0.0,0.0,0.0,0.0,39,2015-04-18 17:26:53,2015-04-07 10:52:43,passed,114,[57464618],180,57464618,android,ok,1,plain,,0.0,,,,,,,,,0
57976511,anthonycr/Lightning-Browser,1.0,2015-04-04 18:26:40,203,java,commits_in_master,master,9,7ab948ce3f1d84a6b25f572fbfd3692055d38f67#1727d0739e899361cb3c93a7d112646899896838#80d019798d9d3cc67660fabaf18688dc24bb6c5d#38f3a9c9dfc9a7e5f3842efadce28ba9596a51af#b135e27fd9c472e1bc4f968b220ab29028aa2c1d#93f8b971e7d25b9f9f0032d4dd8a3b3735d24e5d#344b6626190f5ca5e4eaf7c0bbf1342a5f4a4012#546dbe4f8cf97836096fdaa7767c3365680b6a98#17a63733fe1de21a336bad1c9001683c0e218733,build_found,344b6626190f5ca5e4eaf7c0bbf1342a5f4a4012,57253655,2015-04-04 17:18:00,9,546dbe4f8cf97836096fdaa7767c3365680b6a98,1,546dbe4f8cf97836096fdaa7767c3365680b6a98,dfb0febbe7806296f1a2667924c388d58cf73edb,c995d6c3992083d3026287a68a9d5b5564dbb0a3,1,0,0,0,0,0,0,1,0,0,0,0,1,5,6690,0.0,0.0,0.0,1.0,3,2015-04-18 17:27:09,2015-04-10 16:45:25,passed,120,[57976512],181,57976512,android,ok,1,plain,,0.0,,,,,,,,,0
59047413,anthonycr/Lightning-Browser,0.0,,,java,,master,9,7ab948ce3f1d84a6b25f572fbfd3692055d38f67#1727d0739e899361cb3c93a7d112646899896838#80d019798d9d3cc67660fabaf18688dc24bb6c5d#38f3a9c9dfc9a7e5f3842efadce28ba9596a51af#b135e27fd9c472e1bc4f968b220ab29028aa2c1d#93f8b971e7d25b9f9f0032d4dd8a3b3735d24e5d#344b6626190f5ca5e4eaf7c0bbf1342a5f4a4012#546dbe4f8cf97836096fdaa7767c3365680b6a98#17a63733fe1de21a336bad1c9001683c0e218733,merge_found,,,2015-04-04 17:18:00,9,17a63733fe1de21a336bad1c9001683c0e218733,1,17a63733fe1de21a336bad1c9001683c0e218733,,17a63733fe1de21a336bad1c9001683c0e218733,,0,,0,0,1,0,0,0,0,0,0,1,6,6690,0.0,0.0,0.0,1.0,,2015-04-18 17:27:09,2015-04-18 17:30:03,passed,165,[59047414],186,59047414,android,ok,1,plain,,0.0,,,,,,,,,0
59924916,anthonycr/Lightning-Browser,1.0,2015-04-24 17:00:01,207,java,commits_in_master,master,2,6125e385dfabe5fab4209b0e12247f1c3a19f33d#9d92a97fe205f9fc2670875e0dd9ec622e2a4799,build_found,013011ef09524641437cc9465b0c83a88839ef38,57464617,2015-04-24 18:56:27,9,6125e385dfabe5fab4209b0e12247f1c3a19f33d,1,6125e385dfabe5fab4209b0e12247f1c3a19f33d,17a63733fe1de21a336bad1c9001683c0e218733,e8fc9b294389ee1888c71396428ebfd27a8929f0,0,0,0,0,0,0,0,1,0,0,0,0,1,26,6690,0.0,0.0,0.0,0.0,9,2015-04-26 01:56:26,2015-04-24 19:05:27,passed,163,[59924917],191,59924917,android,ok,1,plain,,0.0,,,,,,,,,0
59998164,anthonycr/Lightning-Browser,1.0,2015-04-25 09:09:59,208,java,commits_in_master,master,2,56bd6e07fce662e64221fa7932f34e9616d67a8f#c4c50467dda7c5e31b263379a7308d00aaced799,build_found,17a63733fe1de21a336bad1c9001683c0e218733,59047413,2015-04-25 11:07:38,9,56bd6e07fce662e64221fa7932f34e9616d67a8f,1,56bd6e07fce662e64221fa7932f34e9616d67a8f,17a63733fe1de21a336bad1c9001683c0e218733,6dc502c3ecd8fc14701e5daae67da493f5697c51,0,0,0,0,0,0,0,1,0,0,0,0,1,3,6690,0.0,0.0,0.0,1.0,2,2015-04-26 01:56:12,2015-04-25 11:11:44,passed,135,[59998165],192,59998165,android,ok,1,plain,,0.0,,,,,,,,,0
60062653,anthonycr/Lightning-Browser,0.0,,,java,,master,2,56bd6e07fce662e64221fa7932f34e9616d67a8f#c4c50467dda7c5e31b263379a7308d00aaced799,merge_found,,,2015-04-25 11:07:38,9,c4c50467dda7c5e31b263379a7308d00aaced799,1,c4c50467dda7c5e31b263379a7308d00aaced799,,c4c50467dda7c5e31b263379a7308d00aaced799,,0,,0,0,0,0,1,0,0,0,0,1,4,6690,0.0,0.0,0.0,1.0,,2015-04-26 01:56:12,2015-04-26 01:57:25,passed,103,[60062654],199,60062654,android,ok,1,plain,,0.0,,,,,,,,,0
60062657,anthonycr/Lightning-Browser,0.0,,,java,,master,2,6125e385dfabe5fab4209b0e12247f1c3a19f33d#9d92a97fe205f9fc2670875e0dd9ec622e2a4799,merge_found,,,2015-04-24 18:56:27,9,9d92a97fe205f9fc2670875e0dd9ec622e2a4799,1,9d92a97fe205f9fc2670875e0dd9ec622e2a4799,,9d92a97fe205f9fc2670875e0dd9ec622e2a4799,,0,,0,0,0,0,1,0,0,0,0,1,28,6690,0.0,0.0,0.0,1.0,,2015-04-26 01:56:26,2015-04-26 01:57:32,passed,121,[60062658],200,60062658,android,ok,1,plain,,0.0,,,,,,,,,0
60063484,anthonycr/Lightning-Browser,0.0,,,java,,master,,,merge_found,,,,9,f4078cce336b89e2225a09e00bc2bfb656cb7d50,1,f4078cce336b89e2225a09e00bc2bfb656cb7d50,,f4078cce336b89e2225a09e00bc2bfb656cb7d50,,0,,0,0,0,0,3,0,0,0,0,3,47,9283,0.0,0.0,0.0,1.0,,,2015-04-26 02:12:36,failed,130,[60063485],201,60063485,android,broken,1,plain,,0.0,,,,,,,,,0
60063908,anthonycr/Lightning-Browser,0.0,,,java,,master,1,4711fa696ab8ef311fcd21c6cec816158fa9c799,build_found,f4078cce336b89e2225a09e00bc2bfb656cb7d50,60063484,2015-04-26 02:22:24,9,4711fa696ab8ef311fcd21c6cec816158fa9c799,1,4711fa696ab8ef311fcd21c6cec816158fa9c799,,4711fa696ab8ef311fcd21c6cec816158fa9c799,,0,,15,0,0,0,1,0,0,1,0,0,94,9295,0.0,0.0,0.0,1.0,,2015-04-26 02:21:42,2015-04-26 02:23:31,failed,145,[60063909],202,60063909,android,broken,2,plain,,0.0,,,,,,,,,0
60370613,anthonycr/Lightning-Browser,0.0,,,java,,master,1,e042830e176f571c1a54e97136f81d43481d7f69,build_found,4711fa696ab8ef311fcd21c6cec816158fa9c799,60063908,2015-04-28 01:01:37,9,e042830e176f571c1a54e97136f81d43481d7f69,1,e042830e176f571c1a54e97136f81d43481d7f69,,e042830e176f571c1a54e97136f81d43481d7f69,,0,,3,0,0,0,1,0,0,1,0,0,95,9296,0.0,0.0,0.0,1.0,,2015-04-28 12:44:42,2015-04-28 12:47:51,failed,168,[60370614],203,60370614,android,broken,2,plain,,0.0,,,,,,,,,0
60400117,anthonycr/Lightning-Browser,1.0,2015-04-28 13:20:43,215,java,commits_in_master,master,7,03fe3cdee560a828b9ee3b60e5578ba9a00a2d9a#128ebfab14c057e69fa0393b7dabfd44f2356d54#37afaf7035bae53f95018c6f0440ad472a39191b#419e36ffd1317516b445990157c4b0725999cff8#0d12624cbb829a3b520ebd89404441057c449b66#7789fc74802e12c11e70858da7b958d6b841a5f5#79d32127f439aedd98fd34dd762fdb3b5a1a8ad3,build_found,e042830e176f571c1a54e97136f81d43481d7f69,60370613,2015-04-28 15:14:19,9,419e36ffd1317516b445990157c4b0725999cff8#37afaf7035bae53f95018c6f0440ad472a39191b#128ebfab14c057e69fa0393b7dabfd44f2356d54#03fe3cdee560a828b9ee3b60e5578ba9a00a2d9a,4,419e36ffd1317516b445990157c4b0725999cff8,e042830e176f571c1a54e97136f81d43481d7f69,743f261c8c31df42fbf547a4d95070eb92c19a91,0,0,0,0,0,0,0,1,0,0,0,0,1,11,9296,0.0,0.0,0.0,1.0,2,2015-05-01 12:54:58,2015-04-28 16:17:35,failed,172,[60400118],209,60400118,android,broken,1,plain,,0.0,,,,,,,,,0
60458132,anthonycr/Lightning-Browser,0.0,,,java,,master,,,build_found,e042830e176f571c1a54e97136f81d43481d7f69,60370613,,9,2b59ea1906b6ade8f9cddcb4d99fedceaf7ad110,1,2b59ea1906b6ade8f9cddcb4d99fedceaf7ad110,,2b59ea1906b6ade8f9cddcb4d99fedceaf7ad110,,0,,16,0,0,0,2,0,0,2,0,0,24,9296,0.0,0.0,0.0,1.0,,,2015-04-28 23:06:07,failed,151,[60458133],210,60458133,android,broken,1,plain,,0.0,,,,,,,,,0
60460016,anthonycr/Lightning-Browser,0.0,,,java,,master,1,4fb1a50f0318c349008f704ff7341ce41914dce7,build_found,2b59ea1906b6ade8f9cddcb4d99fedceaf7ad110,60458132,2015-04-28 23:17:48,9,4fb1a50f0318c349008f704ff7341ce41914dce7,1,4fb1a50f0318c349008f704ff7341ce41914dce7,,4fb1a50f0318c349008f704ff7341ce41914dce7,,0,,11,0,0,0,5,0,0,4,0,1,161,9303,0.0,0.0,0.0,1.0,,2015-04-28 23:17:53,2015-04-28 23:25:02,failed,140,[60460017],211,60460017,android,broken,1,plain,,0.0,,,,,,,,,0
60574930,anthonycr/Lightning-Browser,1.0,2015-04-28 13:20:43,215,java,commits_in_master,master,7,03fe3cdee560a828b9ee3b60e5578ba9a00a2d9a#128ebfab14c057e69fa0393b7dabfd44f2356d54#37afaf7035bae53f95018c6f0440ad472a39191b#419e36ffd1317516b445990157c4b0725999cff8#0d12624cbb829a3b520ebd89404441057c449b66#7789fc74802e12c11e70858da7b958d6b841a5f5#79d32127f439aedd98fd34dd762fdb3b5a1a8ad3,build_found,419e36ffd1317516b445990157c4b0725999cff8,60400117,2015-04-28 15:14:19,9,7789fc74802e12c11e70858da7b958d6b841a5f5#0d12624cbb829a3b520ebd89404441057c449b66,2,7789fc74802e12c11e70858da7b958d6b841a5f5,4fb1a50f0318c349008f704ff7341ce41914dce7,44a536b419536638b4cdb88a7fe51ca0c0259601,0,0,0,0,0,0,0,1,0,0,0,0,1,15,9296,0.0,0.0,0.0,1.0,2,2015-05-01 12:54:58,2015-04-29 18:03:28,failed,150,[60574931],215,60574931,android,broken,1,plain,,0.0,,,,,,,,,0
60829341,anthonycr/Lightning-Browser,0.0,,,java,,master,2,d3ab62dce687c91141ae7509ab07988b5c19e24b#89515e44209908c0eb7fa82f50ed06165c363ae8,merge_found,,,2015-04-29 11:35:45,9,89515e44209908c0eb7fa82f50ed06165c363ae8,1,89515e44209908c0eb7fa82f50ed06165c363ae8,,89515e44209908c0eb7fa82f50ed06165c363ae8,,0,,0,0,1,0,0,0,0,0,0,1,1,9303,0.0,0.0,0.0,1.0,,2015-05-01 12:52:59,2015-05-01 12:55:00,failed,167,[60829342],217,60829342,android,broken,1,plain,,0.0,,,,,,,,,0
60829487,anthonycr/Lightning-Browser,0.0,,,java,,master,7,03fe3cdee560a828b9ee3b60e5578ba9a00a2d9a#128ebfab14c057e69fa0393b7dabfd44f2356d54#37afaf7035bae53f95018c6f0440ad472a39191b#419e36ffd1317516b445990157c4b0725999cff8#0d12624cbb829a3b520ebd89404441057c449b66#7789fc74802e12c11e70858da7b958d6b841a5f5#79d32127f439aedd98fd34dd762fdb3b5a1a8ad3,merge_found,,,2015-04-28 15:14:19,9,79d32127f439aedd98fd34dd762fdb3b5a1a8ad3,1,79d32127f439aedd98fd34dd762fdb3b5a1a8ad3,,79d32127f439aedd98fd34dd762fdb3b5a1a8ad3,,0,,0,0,0,0,1,0,0,0,0,1,17,9303,0.0,0.0,0.0,1.0,,2015-05-01 12:54:58,2015-05-01 12:58:25,failed,165,[60829488],219,60829488,android,broken,1,plain,,0.0,,,,,,,,,0
60829754,anthonycr/Lightning-Browser,0.0,,,java,,master,1,5c1b76561689ca9cc6d6df66dd86306a249b5bba,build_found,79d32127f439aedd98fd34dd762fdb3b5a1a8ad3,60829487,2015-05-01 12:58:11,9,5c1b76561689ca9cc6d6df66dd86306a249b5bba,1,5c1b76561689ca9cc6d6df66dd86306a249b5bba,,5c1b76561689ca9cc6d6df66dd86306a249b5bba,,0,,10,0,0,0,3,0,0,2,0,1,104,9307,0.0,0.0,0.0,1.0,,2015-05-01 12:58:09,2015-05-01 12:59:15,failed,145,[60829755],220,60829755,android,broken,1,plain,,0.0,,,,,,,,,0
60834085,anthonycr/Lightning-Browser,0.0,,,java,,master,7,9ebd876f271f76fb47f3f49aa3314dfdcf63b418#b552dc116f6c26b8ff69d3daf695e90ceb50353b#837dd64c2cb44c109232972d8988d6a4bd779c2b#35e57fa1a69fa54fd0c59e20c101f09364b6b87e#e31f533bbb2a67b5717927175687736826a41d03#0c88fbaec83a514b9cae0913bec0b760f9e7c8a2#38bce6a9a0b546054b8015b2d1f2a1f3e5b624dc,merge_found,,,2015-04-28 15:19:15,9,38bce6a9a0b546054b8015b2d1f2a1f3e5b624dc,1,38bce6a9a0b546054b8015b2d1f2a1f3e5b624dc,,38bce6a9a0b546054b8015b2d1f2a1f3e5b624dc,,0,,0,0,0,0,1,0,0,0,0,1,24,9307,0.0,0.0,0.0,1.0,,2015-05-01 13:39:32,2015-05-01 13:41:05,failed,149,[60834086],223,60834086,android,broken,1,plain,,0.0,,,,,,,,,0
61003820,anthonycr/Lightning-Browser,0.0,,,java,,master,2,e6174e82d2bb6d018c309ea9e3839fe7c31d5b22#15fcb2ed626c82698350bbdbb8fe45ce45f36f4e,merge_found,,,2015-05-02 23:16:09,9,15fcb2ed626c82698350bbdbb8fe45ce45f36f4e,1,15fcb2ed626c82698350bbdbb8fe45ce45f36f4e,,15fcb2ed626c82698350bbdbb8fe45ce45f36f4e,,0,,0,0,0,0,1,0,0,0,0,1,10,9307,0.0,0.0,0.0,1.0,,2015-05-03 03:09:54,2015-05-03 03:10:58,failed,128,[61003821],239,61003821,android,broken,1,plain,,0.0,,,,,,,,,0
62005397,anthonycr/Lightning-Browser,0.0,,,java,,master,,,merge_found,,,,9,28498d7d925a970d9705b9e6ed81ac45e16256af,1,28498d7d925a970d9705b9e6ed81ac45e16256af,,28498d7d925a970d9705b9e6ed81ac45e16256af,,0,,1222,0,20,16,3,0,0,51,0,201,79,9275,0.0,0.0,0.0,1.0,,,2015-05-10 21:07:37,passed,383,[62005398],252,62005398,android,ok,1,plain,,0.0,,,,,,,,,0
62095911,anthonycr/Lightning-Browser,0.0,,,java,,master,,,merge_found,,,,9,9677135c2859851bf86417e3e878cdce9d1174ee,1,9677135c2859851bf86417e3e878cdce9d1174ee,,9677135c2859851bf86417e3e878cdce9d1174ee,,0,,0,0,0,1,1,0,0,0,0,2,8,9275,0.0,0.0,0.0,1.0,,,2015-05-11 16:06:33,passed,371,[62095912],255,62095912,android,ok,1,plain,,0.0,,,,,,,,,0
62394523,anthonycr/Lightning-Browser,0.0,,,java,,master,2,5e131a0a6ca9f899607d9b28f14863c03ac88571#b400ef0647995668ad0ec0c4bfc8a042eb5b0e14,merge_found,,,2015-05-12 15:34:22,9,b400ef0647995668ad0ec0c4bfc8a042eb5b0e14,1,b400ef0647995668ad0ec0c4bfc8a042eb5b0e14,,b400ef0647995668ad0ec0c4bfc8a042eb5b0e14,,0,,0,0,0,0,1,0,0,0,0,1,3,9275,0.0,0.0,0.0,1.0,,2015-05-13 13:09:56,2015-05-13 13:15:01,passed,439,[62394524],260,62394524,android,ok,2,plain,,0.0,,,,,,,,,0
63806534,anthonycr/Lightning-Browser,1.0,2015-05-23 13:54:50,247,java,commits_in_master,master,4,eacadcebba88b889a49025b0dd72c4904531e616#1de67105d9bf0dc8068b73858c23403ccd971a4b#0beec60b7f822e7f2c57953cf60290657000c2f8#351743595669e22930aa40d191c9657ae0889aff,build_found,b400ef0647995668ad0ec0c4bfc8a042eb5b0e14,62398353,2015-05-22 16:09:49,8,0beec60b7f822e7f2c57953cf60290657000c2f8#1de67105d9bf0dc8068b73858c23403ccd971a4b#eacadcebba88b889a49025b0dd72c4904531e616,3,0beec60b7f822e7f2c57953cf60290657000c2f8,b400ef0647995668ad0ec0c4bfc8a042eb5b0e14,ddb2ee34fd9221e65f0c04949d3664aa241a53a5,2,0,0,0,0,0,0,1,0,0,0,0,1,2,9275,0.0,0.0,0.0,0.0,30,2015-05-25 15:51:08,2015-05-23 22:27:00,passed,340,[63806535],269,63806535,android,ok,1,plain,,0.0,,,,,,,,,0
63972929,anthonycr/Lightning-Browser,0.0,,,java,,master,2,025714bd97cbbac981655fb105e4f140edbeefed#8bb38d1a9038b493e7898fc02388874a359dd1d6,merge_found,,,2015-05-13 07:26:03,8,8bb38d1a9038b493e7898fc02388874a359dd1d6,1,8bb38d1a9038b493e7898fc02388874a359dd1d6,,8bb38d1a9038b493e7898fc02388874a359dd1d6,,0,,0,0,0,0,1,0,0,0,0,1,3,9275,0.0,0.0,0.0,1.0,,2015-05-25 15:45:19,2015-05-25 15:50:12,passed,406,[63972930],270,63972930,android,ok,1,plain,,0.0,,,,,,,,,0
63973524,anthonycr/Lightning-Browser,0.0,,,java,,master,4,eacadcebba88b889a49025b0dd72c4904531e616#1de67105d9bf0dc8068b73858c23403ccd971a4b#0beec60b7f822e7f2c57953cf60290657000c2f8#351743595669e22930aa40d191c9657ae0889aff,merge_found,,,2015-05-22 16:09:49,8,351743595669e22930aa40d191c9657ae0889aff,1,351743595669e22930aa40d191c9657ae0889aff,,351743595669e22930aa40d191c9657ae0889aff,,0,,0,0,0,0,1,0,0,0,0,1,5,9275,0.0,0.0,0.0,1.0,,2015-05-25 15:51:08,2015-05-25 15:52:55,passed,330,[63973527],271,63973527,android,ok,1,plain,,0.0,,,,,,,,,0
64237259,anthonycr/Lightning-Browser,0.0,,,java,,master,2,c74b84d0709c1c0dfa1eccdffc1020e05dead69a#1e0770057e5cc1e741fb09f2e409ca7be998dee6,merge_found,,,2015-05-25 20:43:24,7,1e0770057e5cc1e741fb09f2e409ca7be998dee6,1,1e0770057e5cc1e741fb09f2e409ca7be998dee6,,1e0770057e5cc1e741fb09f2e409ca7be998dee6,,0,,0,0,0,10,1,0,0,0,0,11,17,9275,0.0,0.0,0.0,1.0,,2015-05-27 11:21:15,2015-05-27 11:26:02,passed,395,[64237261],278,64237261,android,ok,3,plain,,0.0,,,,,,,,,0
64685277,anthonycr/Lightning-Browser,1.0,2015-05-29 14:34:29,251,java,commits_in_master,master,4,e7029a7b64256230f925fb0a3056bc068f51ece0#2cbe2e80e796087b5f78a07f7fbdd541c8ff2be7#0c10efec00b5589294c0ff54715cee3aa5f22015#7e5dbbc8112ca2f3ed1ebd66def5f6bfa58c1840,build_found,1e0770057e5cc1e741fb09f2e409ca7be998dee6,64237259,2015-05-29 13:34:19,7,0c10efec00b5589294c0ff54715cee3aa5f22015#2cbe2e80e796087b5f78a07f7fbdd541c8ff2be7#e7029a7b64256230f925fb0a3056bc068f51ece0,3,0c10efec00b5589294c0ff54715cee3aa5f22015,1e0770057e5cc1e741fb09f2e409ca7be998dee6,aa03dac363602c3e8ba763b7100a29bde3067144,0,0,0,0,0,0,0,1,0,0,0,0,1,2,9275,0.0,0.0,0.0,0.0,2,2015-06-03 14:49:02,2015-05-30 09:40:43,failed,99,[64685278],280,64685278,android,broken,1,plain,,0.0,,,,,,,,,0
65199675,anthonycr/Lightning-Browser,1.0,2015-05-26 08:47:16,249,java,commits_in_master,master,9,46fbc5660416451a572cb27ac106f00abed20de6#6c2a55713524dcdf2dea0ec7a531e2cdab34656e#111d594c6bd89cccddf4f02ef0edd1df04f31da5#6e8da9f6d30fa9dd316466716eb2ed5db3d5cc87#a5a20eebbda0bcbd7dcaf5553a189123365d4fc8#a0b2197d8fc5507bc6e17f623b42e71f00feaaef#810483ec74181a1fee3f7dfe04048905a29eb969#2eec8be4ce9944aafd88730d47d00287e0bcddd3#a2f2fbc82babab3be220f5d3ec18a2b74b61bd23,build_found,b400ef0647995668ad0ec0c4bfc8a042eb5b0e14,62398353,2015-05-24 13:19:02,7,2eec8be4ce9944aafd88730d47d00287e0bcddd3#810483ec74181a1fee3f7dfe04048905a29eb969#a0b2197d8fc5507bc6e17f623b42e71f00feaaef#a5a20eebbda0bcbd7dcaf5553a189123365d4fc8#6e8da9f6d30fa9dd316466716eb2ed5db3d5cc87#111d594c6bd89cccddf4f02ef0edd1df04f31da5#6c2a55713524dcdf2dea0ec7a531e2cdab34656e#46fbc5660416451a572cb27ac106f00abed20de6,8,2eec8be4ce9944aafd88730d47d00287e0bcddd3,1e0770057e5cc1e741fb09f2e409ca7be998dee6,e89a9740af0674c8e90bc8d643ac9c4361114f93,0,0,2,487,0,1,0,10,0,0,6,0,4,13,9486,0.0,0.0,0.0,1.0,109,2015-06-03 14:54:12,2015-06-03 06:54:32,passed,444,[65199676],281,65199676,android,ok,1,plain,,0.0,,,,,,,,,0
65257004,anthonycr/Lightning-Browser,0.0,,,java,,master,4,e7029a7b64256230f925fb0a3056bc068f51ece0#2cbe2e80e796087b5f78a07f7fbdd541c8ff2be7#0c10efec00b5589294c0ff54715cee3aa5f22015#7e5dbbc8112ca2f3ed1ebd66def5f6bfa58c1840,merge_found,,,2015-05-29 13:34:19,7,7e5dbbc8112ca2f3ed1ebd66def5f6bfa58c1840,1,7e5dbbc8112ca2f3ed1ebd66def5f6bfa58c1840,,7e5dbbc8112ca2f3ed1ebd66def5f6bfa58c1840,,0,,0,0,0,0,1,0,0,0,0,1,5,9275,0.0,0.0,0.0,1.0,,2015-06-03 14:49:02,2015-06-03 15:45:56,failed,159,[65257006],282,65257006,android,broken,2,plain,,0.0,,,,,,,,,0
65257804,anthonycr/Lightning-Browser,0.0,,,java,,master,9,46fbc5660416451a572cb27ac106f00abed20de6#6c2a55713524dcdf2dea0ec7a531e2cdab34656e#111d594c6bd89cccddf4f02ef0edd1df04f31da5#6e8da9f6d30fa9dd316466716eb2ed5db3d5cc87#a5a20eebbda0bcbd7dcaf5553a189123365d4fc8#a0b2197d8fc5507bc6e17f623b42e71f00feaaef#810483ec74181a1fee3f7dfe04048905a29eb969#2eec8be4ce9944aafd88730d47d00287e0bcddd3#a2f2fbc82babab3be220f5d3ec18a2b74b61bd23,merge_found,,,2015-05-24 13:19:02,7,a2f2fbc82babab3be220f5d3ec18a2b74b61bd23,1,a2f2fbc82babab3be220f5d3ec18a2b74b61bd23,,a2f2fbc82babab3be220f5d3ec18a2b74b61bd23,,0,,447,0,1,0,10,0,0,6,0,4,21,9486,0.0,0.0,0.0,1.0,,2015-06-03 14:54:12,2015-06-03 16:52:51,failed,207,[65257805],285,65257805,android,broken,2,plain,,0.0,,,,,,,,,0
66018861,anthonycr/Lightning-Browser,1.0,2015-06-09 07:23:01,254,java,commits_in_master,master,2,86b8eaee128710d66d9481684d88be63a40da280#67b506c5f88c6383e9211d6f250bd0d3e83585ff,build_found,a2f2fbc82babab3be220f5d3ec18a2b74b61bd23,65257804,2015-06-09 09:21:35,6,86b8eaee128710d66d9481684d88be63a40da280,1,86b8eaee128710d66d9481684d88be63a40da280,a2f2fbc82babab3be220f5d3ec18a2b74b61bd23,3d85451c3f05f94dada2e685e016d54282450538,0,0,0,0,0,0,0,1,0,0,0,0,1,4,9486,0.0,0.0,0.0,0.0,2,2015-07-18 02:18:09,2015-06-09 09:24:14,failed,109,[66018862],290,66018862,android,broken,1,plain,,0.0,,,,,,,,,0
66878973,anthonycr/Lightning-Browser,1.0,2015-06-15 12:48:22,256,java,commits_in_master,master,1,d8b8d2c047914d73eca611971c75c9c96d3511fe,build_found,9dc9634299aa11a5093b3b878a73984ff19fcdbc,65259081,2015-06-05 04:03:02,6,d8b8d2c047914d73eca611971c75c9c96d3511fe,1,d8b8d2c047914d73eca611971c75c9c96d3511fe,a2f2fbc82babab3be220f5d3ec18a2b74b61bd23,44367840fc55f77e980bac592bfadd6db2864fd0,0,1,0,1271,0,2,0,18,0,0,4,0,16,45,9610,0.0,0.0,0.0,1.0,1,2015-06-05 04:03:22,2015-06-15 14:59:01,failed,225,[66878976],294,66878976,android,broken,1,plain,,0.0,,,,,,,,,0
69676043,anthonycr/Lightning-Browser,1.0,2015-07-06 01:26:21,260,java,merge_button,master,2,5950c665676c6830b058fe4da6fc59a46119bc59#e9af39a20b68c71dfc0b2ed599503a387c0d21c8,build_found,a2f2fbc82babab3be220f5d3ec18a2b74b61bd23,65257804,2015-07-06 03:06:39,6,5950c665676c6830b058fe4da6fc59a46119bc59,1,5950c665676c6830b058fe4da6fc59a46119bc59,a2f2fbc82babab3be220f5d3ec18a2b74b61bd23,09ff6381f07b8891a6cc493fdbc4a3413e9d6899,0,0,0,0,0,0,0,1,0,0,0,0,1,6,9486,0.0,0.0,0.0,0.0,33,2015-07-18 02:16:05,2015-07-06 03:28:40,passed,428,[69676044],297,69676044,android,ok,1,plain,,0.0,,,,,,,,,0
71512076,anthonycr/Lightning-Browser,0.0,,,java,,master,2,5950c665676c6830b058fe4da6fc59a46119bc59#e9af39a20b68c71dfc0b2ed599503a387c0d21c8,merge_found,,,2015-07-06 03:06:39,6,e9af39a20b68c71dfc0b2ed599503a387c0d21c8,1,e9af39a20b68c71dfc0b2ed599503a387c0d21c8,,e9af39a20b68c71dfc0b2ed599503a387c0d21c8,,0,,0,0,0,0,1,0,0,0,0,1,7,9486,0.0,0.0,0.0,1.0,,2015-07-18 02:16:05,2015-07-18 02:17:40,passed,307,[71512077],298,71512077,android,ok,1,plain,,0.0,,,,,,,,,0
71512210,anthonycr/Lightning-Browser,0.0,,,java,,master,2,86b8eaee128710d66d9481684d88be63a40da280#67b506c5f88c6383e9211d6f250bd0d3e83585ff,merge_found,,,2015-06-09 09:21:35,6,67b506c5f88c6383e9211d6f250bd0d3e83585ff,1,67b506c5f88c6383e9211d6f250bd0d3e83585ff,,67b506c5f88c6383e9211d6f250bd0d3e83585ff,,0,,0,0,0,0,1,0,0,0,0,1,5,9486,0.0,0.0,0.0,1.0,,2015-07-18 02:18:09,2015-07-18 02:19:14,passed,342,[71512211],299,71512211,android,ok,1,plain,,0.0,,,,,,,,,0
72681449,anthonycr/Lightning-Browser,1.0,2015-07-26 09:11:53,268,java,merge_button,master,4,a708050c5b17de40dcca5bbd68106017af6849c4#fa7b04adee4115a3b6af8950ba6ecadec8a0fbd0#3a76439a659e83d5abb6d8e064585d2bf3845aae#4a3362e8f1e5be22b1d312b031ccb6e6fdeca85d,build_found,67b506c5f88c6383e9211d6f250bd0d3e83585ff,71512210,2015-07-26 11:11:40,6,3a76439a659e83d5abb6d8e064585d2bf3845aae#fa7b04adee4115a3b6af8950ba6ecadec8a0fbd0#a708050c5b17de40dcca5bbd68106017af6849c4,3,3a76439a659e83d5abb6d8e064585d2bf3845aae,67b506c5f88c6383e9211d6f250bd0d3e83585ff,79954d5925e187d70f601d518b9d1b5abc5c5003,0,0,1,0,0,0,0,1,0,0,0,0,1,2,9486,0.0,0.0,0.0,1.0,4,2015-07-30 01:38:39,2015-07-26 12:42:45,passed,312,[72681451],314,72681451,android,ok,1,plain,,0.0,,,,,,,,,0
73302687,anthonycr/Lightning-Browser,0.0,,,java,,master,4,a708050c5b17de40dcca5bbd68106017af6849c4#fa7b04adee4115a3b6af8950ba6ecadec8a0fbd0#3a76439a659e83d5abb6d8e064585d2bf3845aae#4a3362e8f1e5be22b1d312b031ccb6e6fdeca85d,merge_found,,,2015-07-26 11:11:40,6,4a3362e8f1e5be22b1d312b031ccb6e6fdeca85d,1,4a3362e8f1e5be22b1d312b031ccb6e6fdeca85d,,4a3362e8f1e5be22b1d312b031ccb6e6fdeca85d,,0,,0,0,0,0,1,0,0,0,0,1,5,9486,0.0,0.0,0.0,1.0,,2015-07-30 01:38:39,2015-07-30 01:40:09,passed,384,[73302688],319,73302688,android,ok,2,plain,,0.0,,,,,,,,,0
74074528,anthonycr/Lightning-Browser,1.0,2015-08-04 12:36:51,271,java,merge_button,master,5,cc78b4196f5996afedaf88b4eebb6f23f8712c63#86834fca60e0be45fbe221d508fa6a6967217cf6#9f036410d2da92d460ac647bd4fea45aba2990fa#f101ea34ce8112003be1c688be14ee8dfc4e665b#4a32f0dfbac46efead857066c5d6cb484dd3ee13,build_found,4a3362e8f1e5be22b1d312b031ccb6e6fdeca85d,73302687,2015-08-03 17:23:17,6,f101ea34ce8112003be1c688be14ee8dfc4e665b#9f036410d2da92d460ac647bd4fea45aba2990fa#86834fca60e0be45fbe221d508fa6a6967217cf6#cc78b4196f5996afedaf88b4eebb6f23f8712c63,4,f101ea34ce8112003be1c688be14ee8dfc4e665b,4a3362e8f1e5be22b1d312b031ccb6e6fdeca85d,7a968795b911fb3cd5c836745306c7ad329cea0a,0,0,0,0,0,0,0,1,0,0,0,0,1,8,9486,0.0,0.0,0.0,0.0,3,2015-08-05 00:08:46,2015-08-04 14:37:58,passed,322,[74074529],327,74074529,android,ok,1,plain,,0.0,,,,,,,,,0
74157185,anthonycr/Lightning-Browser,0.0,,,java,,master,5,cc78b4196f5996afedaf88b4eebb6f23f8712c63#86834fca60e0be45fbe221d508fa6a6967217cf6#9f036410d2da92d460ac647bd4fea45aba2990fa#f101ea34ce8112003be1c688be14ee8dfc4e665b#4a32f0dfbac46efead857066c5d6cb484dd3ee13,merge_found,,,2015-08-03 17:23:17,6,4a32f0dfbac46efead857066c5d6cb484dd3ee13,1,4a32f0dfbac46efead857066c5d6cb484dd3ee13,,4a32f0dfbac46efead857066c5d6cb484dd3ee13,,0,,0,0,0,0,1,0,0,0,0,1,12,9486,0.0,0.0,0.0,1.0,,2015-08-05 00:08:46,2015-08-05 00:10:18,passed,284,[74157187],329,74157187,android,ok,1,plain,,0.0,,,,,,,,,0
76699237,anthonycr/Lightning-Browser,0.0,,,java,,master,1,2aa03a87a64231a3e56bb71a3202a4514505393b,build_found,4a32f0dfbac46efead857066c5d6cb484dd3ee13,74157185,2015-08-21 20:47:08,6,2aa03a87a64231a3e56bb71a3202a4514505393b,1,2aa03a87a64231a3e56bb71a3202a4514505393b,,2aa03a87a64231a3e56bb71a3202a4514505393b,,0,,5,0,0,0,1,0,0,1,0,0,44,9486,0.0,0.0,0.0,1.0,,2015-08-21 20:47:08,2015-08-21 20:48:32,passed,474,[76699238],353,76699238,android,ok,2,plain,,0.0,,,,,,,,,0
83046222,anthonycr/Lightning-Browser,0.0,,,java,,master,2,5fa6b529ca7c4bb393f784a6c22bcf36d965293f#c04cff510be73796109ca04a74d4bfb5fb9ec878,merge_found,,,2015-10-01 02:43:21,6,5fa6b529ca7c4bb393f784a6c22bcf36d965293f,1,5fa6b529ca7c4bb393f784a6c22bcf36d965293f,,5fa6b529ca7c4bb393f784a6c22bcf36d965293f,,0,,8608,0,68,69,28,0,0,71,0,186,258,11243,0.0,0.0,0.0,1.0,,2015-10-08 02:07:02,2015-10-01 02:43:39,passed,439,[83046223],416,83046223,android,ok,2,plain,,0.0,,,,,,,,,0
93959492,anthonycr/Lightning-Browser,1.0,2015-11-30 15:23:35,349,java,commits_in_master,master,3,39683c704e530ad1e20f75e84dde00ba2de0eb33#f48b71b390b26cfa14b269648ee3f061493b380e#f56631708e36711cf57392dcff0da16826851d8e,build_found,5fa6b529ca7c4bb393f784a6c22bcf36d965293f,83046331,2015-11-30 15:15:35,5,f48b71b390b26cfa14b269648ee3f061493b380e#39683c704e530ad1e20f75e84dde00ba2de0eb33,2,f48b71b390b26cfa14b269648ee3f061493b380e,5fa6b529ca7c4bb393f784a6c22bcf36d965293f,e8c69691ed92ec675cc9166a870f7b6cafcecf19,0,0,0,0,0,0,0,1,0,0,0,0,1,7,11243,0.0,0.0,0.0,1.0,12,2015-12-13 17:14:31,2015-11-30 15:31:42,passed,448,[93959493],495,93959493,android,ok,1,plain,,0.0,,,,,,,,,0
125224017,anthonycr/Lightning-Browser,1.0,2016-04-22 16:20:48,411,java,commits_in_master,master,,,build_found,69dba8d5f111c0dabae7395990441ddca40f301d,125062159,,6,aca3b6c08aa8e5f9b0bd89c0b9b90f2f96db35b4,1,aca3b6c08aa8e5f9b0bd89c0b9b90f2f96db35b4,5fa6b529ca7c4bb393f784a6c22bcf36d965293f,bde13a1805239e35cf83dcc85c690346ae77d583,0,0,0,0,0,0,0,1,0,0,0,0,1,35,14543,0.0,0.0,0.0,1.0,,,2016-04-23 13:54:29,passed,349,[125224018],647,125224018,android,ok,2,plain,,0.0,,,,,,,,,0
125225576,anthonycr/Lightning-Browser,0.0,,,java,,master,,,merge_found,,,,6,e41978918e67646e7903fe3d83363c4c99dd0876,1,e41978918e67646e7903fe3d83363c4c99dd0876,,e41978918e67646e7903fe3d83363c4c99dd0876,,0,,9666,0,31,5,89,0,0,83,0,44,487,14543,0.0,0.0,0.0,1.0,,,2016-04-23 14:06:41,passed,323,[125225577],649,125225577,android,ok,2,plain,,0.0,,,,,,,,,0
