tr_build_id,gh_project_name,gh_is_pr,gh_pr_created_at,gh_pull_req_num,gh_lang,git_merged_with,git_branch,gh_num_commits_in_push,gh_commits_in_push,git_prev_commit_resolution_status,git_prev_built_commit,tr_prev_build,gh_first_commit_created_at,gh_team_size,git_all_built_commits,git_num_all_built_commits,git_trigger_commit,tr_virtual_merged_into,tr_original_commit,gh_num_issue_comments,gh_num_commit_comments,gh_num_pr_comments,git_diff_src_churn,git_diff_test_churn,gh_diff_files_added,gh_diff_files_deleted,gh_diff_files_modified,gh_diff_tests_added,gh_diff_tests_deleted,gh_diff_src_files,gh_diff_doc_files,gh_diff_other_files,gh_num_commits_on_files_touched,gh_sloc,gh_test_lines_per_kloc,gh_test_cases_per_kloc,gh_asserts_cases_per_kloc,gh_by_core_team_member,gh_description_complexity,gh_pushed_at,gh_build_started_at,tr_status,tr_duration,tr_jobs,tr_build_number,tr_job_id,tr_log_lan,tr_log_status,tr_log_setup_time,tr_log_analyzer,tr_log_frameworks,tr_log_bool_tests_ran,tr_log_bool_tests_failed,tr_log_num_tests_ok,tr_log_num_tests_failed,tr_log_num_tests_run,tr_log_num_tests_skipped,tr_log_tests_failed,tr_log_testduration,tr_log_buildduration,build_successful
64193699,caelum/mamute,0.0,,,java,,master,2,cca77ee3a1e611bf067c63c5d61d203ffabb76f7#fc7dcc0953f0da7e8d71481a88416be9f929ae63,merge_found,,,2015-05-27 02:57:12,5,fc7dcc0953f0da7e8d71481a88416be9f929ae63,1,fc7dcc0953f0da7e8d71481a88416be9f929ae63,,fc7dcc0953f0da7e8d71481a88416be9f929ae63,,0,,63,0,0,0,6,0,0,4,0,2,326,14900,369.93288590604,21.2080536912752,43.489932885906,1.0,,2015-05-27 02:59:45,2015-05-27 03:00:54,passed,206,[64193700],375,64193700,java,ok,5,java-maven,junit,1.0,,268,0,268,0,,33.66,,0
64194019,caelum/mamute,1.0,2015-05-27 01:04:52,178,java,commits_in_master,master,2,1cd8e031fc326999bdf2b38e0686b69522dbc8d2#317df3d5c4617e12546788d35b28cc133c05ffb2,build_found,fc7dcc0953f0da7e8d71481a88416be9f929ae63,64193699,2015-05-26 02:17:18,5,1cd8e031fc326999bdf2b38e0686b69522dbc8d2,1,1cd8e031fc326999bdf2b38e0686b69522dbc8d2,fc7dcc0953f0da7e8d71481a88416be9f929ae63,a3f703192c963de4cbf9ff06b4f1291a83908b38,0,0,0,78,0,0,0,17,0,0,11,0,6,271,14949,368.720315740183,21.1385376948291,43.3473810957255,1.0,14,2015-05-27 03:19:56,2015-05-27 03:06:03,passed,166,[64194020],376,64194020,java,ok,4,java-maven,junit,1.0,,268,0,268,0,,31.53,,0
64195005,caelum/mamute,1.0,2015-05-27 01:19:27,179,java,commits_in_master,master,2,c22dfd6f9e94699f6333548f835caceff9c344a7#6536df9d7265814ea97b2e2c53a2b08b27570dc9,build_found,fc7dcc0953f0da7e8d71481a88416be9f929ae63,64193699,2015-05-27 03:18:48,5,c22dfd6f9e94699f6333548f835caceff9c344a7,1,c22dfd6f9e94699f6333548f835caceff9c344a7,fc7dcc0953f0da7e8d71481a88416be9f929ae63,6b9b74bbe77d46f91fc6a271ec604c7a11d1ce5f,0,0,0,102,0,1,0,1,0,0,2,0,0,33,14920,369.436997319035,21.1796246648794,43.4316353887399,1.0,6,2015-05-27 03:25:12,2015-05-27 03:22:57,passed,183,[64195006],378,64195006,java,ok,4,java-maven,junit,1.0,,268,0,268,0,,33.95,,0
64195051,caelum/mamute,0.0,,,java,,master,2,1cd8e031fc326999bdf2b38e0686b69522dbc8d2#317df3d5c4617e12546788d35b28cc133c05ffb2,merge_found,,,2015-05-26 02:17:18,5,317df3d5c4617e12546788d35b28cc133c05ffb2,1,317df3d5c4617e12546788d35b28cc133c05ffb2,,317df3d5c4617e12546788d35b28cc133c05ffb2,,0,,78,0,0,0,17,0,0,11,0,6,272,14949,368.720315740183,21.1385376948291,43.3473810957255,1.0,,2015-05-27 03:19:56,2015-05-27 03:21:24,passed,179,[64195052],379,64195052,java,ok,5,java-maven,junit,1.0,,268,0,268,0,,33.76,,0
64195310,caelum/mamute,0.0,,,java,,master,2,c22dfd6f9e94699f6333548f835caceff9c344a7#6536df9d7265814ea97b2e2c53a2b08b27570dc9,merge_found,,,2015-05-27 03:18:48,5,6536df9d7265814ea97b2e2c53a2b08b27570dc9,1,6536df9d7265814ea97b2e2c53a2b08b27570dc9,,6536df9d7265814ea97b2e2c53a2b08b27570dc9,,0,,102,0,1,0,1,0,0,2,0,0,34,14969,368.227670519073,21.1102946088583,43.2894648941145,1.0,,2015-05-27 03:25:12,2015-05-27 03:32:01,passed,160,[64195311],380,64195311,java,ok,4,java-maven,junit,1.0,,268,0,268,0,,32.69,,0
64352292,caelum/mamute,0.0,,,java,,master,2,1a26a97bc1ca942558cff96818c96a7b1f003bd2#c91ad030b120d8619468d9b7508a0a1e3e251056,merge_found,,,2015-05-28 02:06:49,5,c91ad030b120d8619468d9b7508a0a1e3e251056,1,c91ad030b120d8619468d9b7508a0a1e3e251056,,c91ad030b120d8619468d9b7508a0a1e3e251056,,0,,21,0,0,0,4,0,0,4,0,0,53,14986,367.809955958895,21.0863472574403,43.240357667156,1.0,,2015-05-28 02:14:52,2015-05-28 02:17:47,passed,180,[64352293],383,64352293,java,ok,5,java-maven,junit,1.0,,268,0,268,0,,37.49,,0
64352958,caelum/mamute,0.0,,,java,,master,2,35d9e3728d008389cdbb184e8f30949150bb1ec1#f685da3dfb1a62e2426019ae49607cc58de511e7,merge_found,,,2015-05-28 02:15:49,5,f685da3dfb1a62e2426019ae49607cc58de511e7,1,f685da3dfb1a62e2426019ae49607cc58de511e7,,f685da3dfb1a62e2426019ae49607cc58de511e7,,0,,13,0,0,0,1,0,0,1,0,0,3,14994,367.613712151527,21.0750967053488,43.2172869147659,1.0,,2015-05-28 02:25:43,2015-05-28 02:27:42,passed,253,[64352959],386,64352959,java,ok,7,java-maven,junit,1.0,,268,0,268,0,,47.65,,0
64516028,caelum/mamute,0.0,,,java,,master,1,f40e10ff5204ceb4b2de6e8f56987e25b57c66be,build_found,f685da3dfb1a62e2426019ae49607cc58de511e7,64352958,2015-05-29 03:12:48,5,f40e10ff5204ceb4b2de6e8f56987e25b57c66be,1,f40e10ff5204ceb4b2de6e8f56987e25b57c66be,,f40e10ff5204ceb4b2de6e8f56987e25b57c66be,,0,,0,0,0,0,2,0,0,0,0,2,81,14994,367.613712151527,21.0750967053488,43.2172869147659,1.0,,2015-05-29 03:12:54,2015-05-29 03:19:02,passed,199,[64516029],387,64516029,java,ok,5,java-maven,junit,1.0,,268,0,268,0,,35.55,,0
64903603,caelum/mamute,0.0,,,java,,master,2,c104527946c9d9c70140bc994d212e0b046f611d#0e434fc90023e635fa06b6f218681d439d22bdfd,merge_found,,,2015-05-30 13:00:46,5,0e434fc90023e635fa06b6f218681d439d22bdfd,1,0e434fc90023e635fa06b6f218681d439d22bdfd,,0e434fc90023e635fa06b6f218681d439d22bdfd,,0,,14,0,0,0,3,0,0,3,0,0,20,15004,367.368701679552,21.0610503865636,43.188483071181,1.0,,2015-06-01 12:09:31,2015-06-01 12:11:26,failed,198,[64903604],389,64903604,java,broken,5,java-maven,junit,1.0,,267,1,268,0,should_group_reputation_karma_reward_by_date#,44.55,,0
67297054,caelum/mamute,0.0,,,java,,master,2,a61b9c7c3c0d372bf50b7d20dd1cf3d4381ac333#3200ccd38c25534bedc9869bd4c7b25d905a2ab8,build_found,0e434fc90023e635fa06b6f218681d439d22bdfd,64903603,2015-06-17 23:50:27,5,3200ccd38c25534bedc9869bd4c7b25d905a2ab8#a61b9c7c3c0d372bf50b7d20dd1cf3d4381ac333,2,3200ccd38c25534bedc9869bd4c7b25d905a2ab8,,3200ccd38c25534bedc9869bd4c7b25d905a2ab8,,0,,23,0,0,0,4,0,0,1,0,3,61,15016,367.075119872136,21.0442194992009,43.1539690996271,1.0,,2015-06-18 00:47:29,2015-06-18 00:49:05,passed,131,[67297055],392,67297055,java,ok,5,java-maven,junit,1.0,,268,0,268,0,,34.36,,0
67830447,caelum/mamute,1.0,2015-06-10 01:36:15,183,java,commits_in_master,master,10,a61b9c7c3c0d372bf50b7d20dd1cf3d4381ac333#3200ccd38c25534bedc9869bd4c7b25d905a2ab8#b05170c1b7e3e1231b926e19b86e7cbcc7434f81#bbf193a6c30e68ded247dabf2a6ffe6fd3401aa0#c40e206c782ee74a05d9fd021f109ef609e89a6b#2ec17523a29eea8add132b9a74a6d4ed3dcfe5be#66aa882c6389c437d1d52ccdf1e5e7e0f1bcfe6f#a222bc95053838be094ac0f2e3891896b35f83ba#d7e144df1cd7254a1795acf02c44f72ada9a782e#2e7e2c30a660612947a401fa9afdf5047177ad83,build_found,3200ccd38c25534bedc9869bd4c7b25d905a2ab8,67297054,2015-06-04 23:12:19,5,2e7e2c30a660612947a401fa9afdf5047177ad83#d7e144df1cd7254a1795acf02c44f72ada9a782e#a222bc95053838be094ac0f2e3891896b35f83ba#66aa882c6389c437d1d52ccdf1e5e7e0f1bcfe6f#2ec17523a29eea8add132b9a74a6d4ed3dcfe5be#c40e206c782ee74a05d9fd021f109ef609e89a6b#bbf193a6c30e68ded247dabf2a6ffe6fd3401aa0#b05170c1b7e3e1231b926e19b86e7cbcc7434f81,8,2e7e2c30a660612947a401fa9afdf5047177ad83,3200ccd38c25534bedc9869bd4c7b25d905a2ab8,46b07775d1e7b7fb17bde2cbe898573f8ac702f0,1,0,0,145,0,1,0,21,0,0,16,0,6,240,15109,364.815672777815,20.9146866106294,42.8883446952148,1.0,4,2015-06-22 12:24:54,2015-06-22 12:26:47,passed,158,[67830448],395,67830448,java,ok,5,java-maven,junit,1.0,,268,0,268,0,,40.29,,0
67831681,caelum/mamute,0.0,,,java,,master,9,b05170c1b7e3e1231b926e19b86e7cbcc7434f81#bbf193a6c30e68ded247dabf2a6ffe6fd3401aa0#c40e206c782ee74a05d9fd021f109ef609e89a6b#2ec17523a29eea8add132b9a74a6d4ed3dcfe5be#66aa882c6389c437d1d52ccdf1e5e7e0f1bcfe6f#a222bc95053838be094ac0f2e3891896b35f83ba#d7e144df1cd7254a1795acf02c44f72ada9a782e#2e7e2c30a660612947a401fa9afdf5047177ad83#2444fafdc0685d591cb7dfec862baa2b10f8210d,merge_found,,,2015-06-04 23:12:19,5,2444fafdc0685d591cb7dfec862baa2b10f8210d,1,2444fafdc0685d591cb7dfec862baa2b10f8210d,,2444fafdc0685d591cb7dfec862baa2b10f8210d,,0,,137,0,1,0,21,0,0,16,0,6,248,15109,364.815672777815,20.9146866106294,42.8883446952148,1.0,,2015-06-22 12:34:57,2015-06-22 12:36:03,passed,128,[67831682],396,67831682,java,ok,5,java-maven,junit,1.0,,268,0,268,0,,36.55,,0
68629424,caelum/mamute,1.0,2014-11-20 03:22:04,124,java,commits_in_master,master,4,8d963bc52025bdf863bd0bea8a14813e9763bad6#e8fe2d12ad0fdba5594c98c6d5925ed2cec7325b#9a83ffba9927e2eac58989ca8915de9b04fcd299#8464e69c02b0951bfc2954b90895853eae591365,merge_found,,,2014-11-20 04:19:06,5,9a83ffba9927e2eac58989ca8915de9b04fcd299#e8fe2d12ad0fdba5594c98c6d5925ed2cec7325b#8d963bc52025bdf863bd0bea8a14813e9763bad6#1d62cafe0037dfa9174845346e47b0d286f173e9,4,9a83ffba9927e2eac58989ca8915de9b04fcd299,2444fafdc0685d591cb7dfec862baa2b10f8210d,35ca06fbeef51558f1a62ff2d06fb2d5d72c9c2c,9,0,4,8,0,6,45,3,0,0,1,10,43,95,13936,387.844431687715,22.5315729047072,46.7135476463835,0.0,49,2015-07-30 01:24:54,2015-06-27 19:35:31,passed,172,[68629425],397,68629425,java,ok,4,java-maven,junit,1.0,,268,0,268,0,,34.93,,0
68911990,caelum/mamute,0.0,,,java,,master,1,0eb9a381c8ec1de94f72fee71852814ea6db73cc,build_found,2444fafdc0685d591cb7dfec862baa2b10f8210d,67831681,2015-06-30 02:58:56,5,0eb9a381c8ec1de94f72fee71852814ea6db73cc,1,0eb9a381c8ec1de94f72fee71852814ea6db73cc,,0eb9a381c8ec1de94f72fee71852814ea6db73cc,,0,,0,0,0,0,1,0,0,0,0,1,10,15109,364.815672777815,20.9146866106294,42.8883446952148,1.0,,2015-06-30 02:59:05,2015-06-30 03:00:34,passed,151,[68911991],398,68911991,java,ok,5,java-maven,junit,1.0,,268,0,268,0,,36.77,,0
69993711,caelum/mamute,0.0,,,java,,master,1,f5f8b05ddf2666c5958f24a173f99978f067d29d,build_found,0eb9a381c8ec1de94f72fee71852814ea6db73cc,68911990,2015-07-08 01:07:31,5,f5f8b05ddf2666c5958f24a173f99978f067d29d,1,f5f8b05ddf2666c5958f24a173f99978f067d29d,,f5f8b05ddf2666c5958f24a173f99978f067d29d,,0,,0,0,1,0,1,0,0,0,0,2,27,15109,364.815672777815,20.9146866106294,42.8883446952148,1.0,,2015-07-08 01:12:52,2015-07-08 01:13:43,passed,137,[69993712],399,69993712,java,ok,5,java-maven,junit,1.0,,268,0,268,0,,35.09,,0
71011880,caelum/mamute,0.0,,,java,,master,1,b0c51627af9ffd8bcfe470a74b84ff83bdf1a61e,build_found,f5f8b05ddf2666c5958f24a173f99978f067d29d,69993711,2015-07-15 02:00:56,5,b0c51627af9ffd8bcfe470a74b84ff83bdf1a61e,1,b0c51627af9ffd8bcfe470a74b84ff83bdf1a61e,,b0c51627af9ffd8bcfe470a74b84ff83bdf1a61e,,0,,0,0,0,0,4,0,0,0,0,4,111,15109,364.815672777815,20.9146866106294,42.8883446952148,1.0,,2015-07-15 02:00:59,2015-07-15 02:03:09,passed,138,[71011881],400,71011881,java,ok,5,java-maven,junit,1.0,,268,0,268,0,,36.06,,0
71504086,caelum/mamute,0.0,,,java,,master,1,e1ea2c1867cb5115ba545c3c58426dd6acd7c9ab,build_found,b0c51627af9ffd8bcfe470a74b84ff83bdf1a61e,71011880,2015-07-18 00:09:10,5,e1ea2c1867cb5115ba545c3c58426dd6acd7c9ab,1,e1ea2c1867cb5115ba545c3c58426dd6acd7c9ab,,e1ea2c1867cb5115ba545c3c58426dd6acd7c9ab,,0,,14,0,0,0,1,0,0,1,0,0,19,15109,364.815672777815,20.9146866106294,42.8883446952148,1.0,,2015-07-18 00:09:10,2015-07-18 00:10:04,passed,153,[71504088],403,71504088,java,ok,4,java-maven,junit,1.0,,268,0,268,0,,28.07,,0
72930620,caelum/mamute,0.0,,,java,,master,4,38d92b24bdd30d6e57441866bff9cbbded888a88#356c60b7eedcb90b8faa24dfcd267a0475b9a14e#424cce63ea5beac65b8fc6ea7714b1d296a36c34#1904f99386b1c88be30ed235742cabc4e957dcf8,merge_found,,,2015-07-25 02:35:22,5,1904f99386b1c88be30ed235742cabc4e957dcf8,1,1904f99386b1c88be30ed235742cabc4e957dcf8,,1904f99386b1c88be30ed235742cabc4e957dcf8,,0,,318,28,9,0,8,0,0,12,0,5,290,15321,361.203576790027,20.7558253377717,42.817048495529,1.0,,2015-07-28 00:14:53,2015-07-28 00:15:47,passed,141,[72930621],406,72930621,java,ok,3,java-maven,junit,1.0,,270,0,270,0,,32.65,,0
72930686,caelum/mamute,0.0,,,java,,master,1,6a2591f6337eeff0f1339b62ae6a2b0fb6b0d05b,build_found,1904f99386b1c88be30ed235742cabc4e957dcf8,72930620,2015-07-28 00:15:50,5,6a2591f6337eeff0f1339b62ae6a2b0fb6b0d05b,1,6a2591f6337eeff0f1339b62ae6a2b0fb6b0d05b,,6a2591f6337eeff0f1339b62ae6a2b0fb6b0d05b,,0,,0,0,0,0,1,0,0,0,0,1,202,15321,361.203576790027,20.7558253377717,42.817048495529,1.0,,2015-07-28 00:15:59,2015-07-28 00:17:00,passed,123,[72930688],407,72930688,java,ok,4,java-maven,junit,1.0,,270,0,270,0,,32.82,,0
73301469,caelum/mamute,0.0,,,java,,master,4,8d963bc52025bdf863bd0bea8a14813e9763bad6#e8fe2d12ad0fdba5594c98c6d5925ed2cec7325b#9a83ffba9927e2eac58989ca8915de9b04fcd299#8464e69c02b0951bfc2954b90895853eae591365,merge_found,,,2014-11-20 04:19:06,5,8464e69c02b0951bfc2954b90895853eae591365,1,8464e69c02b0951bfc2954b90895853eae591365,,8464e69c02b0951bfc2954b90895853eae591365,,0,,4,0,6,0,3,0,0,1,0,8,83,15323,361.15643150819,20.7531162305032,42.811459896887,1.0,,2015-07-30 01:24:54,2015-07-30 01:25:55,passed,143,[73301470],409,73301470,java,ok,4,java-maven,junit,1.0,,270,0,270,0,,30.56,,0
73854231,caelum/mamute,1.0,2015-07-29 13:01:41,186,java,commits_in_master,master,2,b4254036c6ef61ff482e53751ed0b94fc3fee72b#4454302fffad2373194d7e424a944bb3ed20b517,build_found,8464e69c02b0951bfc2954b90895853eae591365,73301469,2015-07-29 13:01:22,5,b4254036c6ef61ff482e53751ed0b94fc3fee72b,1,b4254036c6ef61ff482e53751ed0b94fc3fee72b,8464e69c02b0951bfc2954b90895853eae591365,bb46b7d83d17afdbf5c4454fcfcde02a7c85491c,0,0,0,51,0,0,0,1,0,0,1,0,0,29,15369,360.075476608758,20.6910013663869,42.683323573427,0.0,74,2015-08-13 15:28:18,2015-08-03 08:36:42,passed,138,[73854232],410,73854232,java,ok,3,java-maven,junit,1.0,,270,0,270,0,,33.52,,0
74037092,caelum/mamute,1.0,2015-08-04 05:28:48,187,java,commits_in_master,master,3,dfb9143436efbe775c22c2651e3182ca8e6e2878#9211b081dd66bd33b0b8ca16d58cb3d2b588e2de#2c656fba0ff5e23faa9a235940df7a96d35b3a88,build_found,8464e69c02b0951bfc2954b90895853eae591365,73301469,2015-08-03 15:49:34,5,9211b081dd66bd33b0b8ca16d58cb3d2b588e2de#dfb9143436efbe775c22c2651e3182ca8e6e2878,2,9211b081dd66bd33b0b8ca16d58cb3d2b588e2de,8464e69c02b0951bfc2954b90895853eae591365,0b8f4f059a48d2cb2bc041b00b0e9ba80aefdc21,0,0,0,0,0,0,0,5,0,0,0,0,5,167,15323,361.15643150819,20.7531162305032,42.811459896887,0.0,22,2016-01-17 23:43:24,2015-08-04 10:28:17,failed,1396,[74037093],412,74037093,java,broken,4,java-maven,,0.0,,,,,,,0.0,,0
74148632,caelum/mamute,0.0,,,java,,master,2,069c5384c20891f200be8c5a9551b4eae283531d#e95eb053bbdb31e9a2b96fa19baf79cf03185604,merge_found,,,2015-08-03 15:50:07,5,e95eb053bbdb31e9a2b96fa19baf79cf03185604,1,e95eb053bbdb31e9a2b96fa19baf79cf03185604,,e95eb053bbdb31e9a2b96fa19baf79cf03185604,,0,,0,0,1,0,0,0,0,0,0,1,1,15323,361.15643150819,20.7531162305032,42.811459896887,1.0,,2015-08-04 22:44:51,2015-08-04 22:45:50,failed,1374,[74148633],414,74148633,java,broken,5,java-maven,,0.0,,,,,,,0.0,,0
74388588,caelum/mamute,0.0,,,java,,master,3,fb5c793d6b62caaa91f5843641d20fea944ba9aa#01e8c041cda1be9d867df152150229d04144dbbd#84db250526eb6c14e5265076acb35e23f1f11cea,merge_found,,,2015-08-06 07:21:40,5,84db250526eb6c14e5265076acb35e23f1f11cea,1,84db250526eb6c14e5265076acb35e23f1f11cea,,84db250526eb6c14e5265076acb35e23f1f11cea,,0,,0,0,0,0,1,0,0,0,0,1,4,15323,361.15643150819,20.7531162305032,42.811459896887,1.0,,2015-08-06 11:08:57,2015-08-06 11:09:52,failed,48,[74388589],417,74388589,java,broken,4,java-maven,,0.0,,,,,,,0.0,,0
75458319,caelum/mamute,0.0,,,java,,master,2,b4254036c6ef61ff482e53751ed0b94fc3fee72b#4454302fffad2373194d7e424a944bb3ed20b517,merge_found,,,2015-07-29 13:01:22,5,4454302fffad2373194d7e424a944bb3ed20b517,1,4454302fffad2373194d7e424a944bb3ed20b517,,4454302fffad2373194d7e424a944bb3ed20b517,,0,,51,0,0,0,1,0,0,1,0,0,30,15369,360.075476608758,20.6910013663869,42.683323573427,1.0,,2015-08-13 15:28:18,2015-08-13 15:29:46,failed,67,[75458322],418,75458322,java,broken,7,java-maven,,0.0,,,,,,,0.0,,0
79017018,caelum/mamute,0.0,,,java,,master,1,922de59569ba1d4f8f0d85ace6991f1fa29df678,build_found,4454302fffad2373194d7e424a944bb3ed20b517,75458319,2015-09-06 17:14:58,5,922de59569ba1d4f8f0d85ace6991f1fa29df678,1,922de59569ba1d4f8f0d85ace6991f1fa29df678,,922de59569ba1d4f8f0d85ace6991f1fa29df678,,0,,0,0,0,0,1,0,0,0,0,1,265,15369,360.075476608758,20.6910013663869,42.683323573427,1.0,,2015-09-06 17:15:43,2015-09-06 17:16:32,failed,45,[79017020],420,79017020,java,broken,4,java-maven,,0.0,,,,,,,0.0,,0
87242653,caelum/mamute,1.0,2015-10-24 19:15:01,195,java,commits_in_master,master,2,f6e6157871bbfb03a8be1c3ad1e86b93f2d1de66#5d58381eb9d4560e2b9e65fbb7722725447f66f1,build_found,922de59569ba1d4f8f0d85ace6991f1fa29df678,79025183,2015-10-24 21:11:31,5,f6e6157871bbfb03a8be1c3ad1e86b93f2d1de66,1,f6e6157871bbfb03a8be1c3ad1e86b93f2d1de66,922de59569ba1d4f8f0d85ace6991f1fa29df678,e7396d900204d62ed2012f1374682ffb779c6141,1,0,0,0,0,0,0,1,0,0,0,1,0,2,15369,360.075476608758,20.6910013663869,42.683323573427,0.0,84,2015-10-24 22:36:48,2015-10-24 21:16:06,failed,63,[87242654],423,87242654,java,broken,4,java-maven,,0.0,,,,,,,0.0,,0
87250847,caelum/mamute,0.0,,,java,,master,2,f6e6157871bbfb03a8be1c3ad1e86b93f2d1de66#5d58381eb9d4560e2b9e65fbb7722725447f66f1,merge_found,,,2015-10-24 21:11:31,5,5d58381eb9d4560e2b9e65fbb7722725447f66f1,1,5d58381eb9d4560e2b9e65fbb7722725447f66f1,,5d58381eb9d4560e2b9e65fbb7722725447f66f1,,0,,0,0,0,0,1,0,0,0,1,0,3,15369,360.075476608758,20.6910013663869,42.683323573427,1.0,,2015-10-24 22:36:48,2015-10-24 22:37:46,failed,62,[87250848],426,87250848,java,broken,5,java-maven,,0.0,,,,,,,0.0,,0
88635873,caelum/mamute,1.0,2015-11-01 12:47:59,199,java,commits_in_master,master,2,cb6600106eb563a820c456cc8c10cee864706294#ff2d28a92b28e5884e0e2d85ad9f99d31fa205f7,build_found,5d58381eb9d4560e2b9e65fbb7722725447f66f1,87250847,2015-11-01 13:46:38,5,cb6600106eb563a820c456cc8c10cee864706294,1,cb6600106eb563a820c456cc8c10cee864706294,5d58381eb9d4560e2b9e65fbb7722725447f66f1,ad90c75f987a9374b284a97257fc7e327169c633,0,0,0,0,0,0,0,4,0,0,0,0,4,54,15369,360.075476608758,20.6910013663869,42.683323573427,0.0,21,2016-01-22 11:15:43,2015-11-01 13:48:58,failed,48,[88635874],428,88635874,java,broken,3,java-maven,,0.0,,,,,,,0.0,,0
89803191,caelum/mamute,1.0,2015-11-07 10:42:47,200,java,commits_in_master,master,3,ab3a7686c382a27ff257e400f0292a09fc910035#934d648236bc2a5986f98847beb0c489d7691f5f#47970bff861450c2c42570b1bcfad064dc117431,build_found,5d58381eb9d4560e2b9e65fbb7722725447f66f1,87250847,2015-11-06 22:51:48,4,ab3a7686c382a27ff257e400f0292a09fc910035,1,ab3a7686c382a27ff257e400f0292a09fc910035,5d58381eb9d4560e2b9e65fbb7722725447f66f1,14a8fb8749957c458cc525a3a4175e8906d2f91f,0,0,0,47,0,1,0,7,0,0,7,0,1,104,15400,359.350649350649,20.6493506493507,42.5974025974026,0.0,38,2016-02-03 01:31:57,2015-11-07 11:43:41,failed,99,[89803192],429,89803192,java,broken,3,java-maven,,0.0,,,,,,,0.0,,0
89807542,caelum/mamute,1.0,2015-11-07 11:34:47,201,java,commits_in_master,master,3,d907e773756b472e71fca2ca0255ba0886016e75#ccd75ef31d9a6b4926750cb7c92e1f9488177f82#f3a265701b60377b87e54010a801ed63b976c8b7,build_found,5d58381eb9d4560e2b9e65fbb7722725447f66f1,87250847,2015-11-07 12:21:01,4,ccd75ef31d9a6b4926750cb7c92e1f9488177f82#d907e773756b472e71fca2ca0255ba0886016e75,2,ccd75ef31d9a6b4926750cb7c92e1f9488177f82,5d58381eb9d4560e2b9e65fbb7722725447f66f1,825e3fcb9d27a68b19969c591168c167de494243,0,0,0,70,0,4,1,6,0,0,6,0,5,337,15369,360.075476608758,20.6910013663869,42.683323573427,0.0,33,2016-01-22 11:28:59,2015-11-07 12:35:40,failed,75,[89807543],430,89807543,java,broken,3,java-maven,,0.0,,,,,,,0.0,,0
90425023,caelum/mamute,1.0,2015-11-10 22:30:07,202,java,commits_in_master,master,2,7d671da44f2c78d8da872fcb1a711dbf6782b27c#89404aab9b7d7fc6f35f8ef6bcd46db5cbd58cd7,build_found,5d58381eb9d4560e2b9e65fbb7722725447f66f1,87250847,2015-11-10 23:28:26,4,7d671da44f2c78d8da872fcb1a711dbf6782b27c,1,7d671da44f2c78d8da872fcb1a711dbf6782b27c,5d58381eb9d4560e2b9e65fbb7722725447f66f1,5ea36eea31a78e00f81ad32ee70e1ecc0c70a247,0,0,0,0,0,0,0,1,0,0,0,0,1,12,15369,360.075476608758,20.6910013663869,42.683323573427,0.0,9,2016-01-22 11:25:28,2015-11-10 23:31:08,failed,65,[90425024],431,90425024,java,broken,3,java-maven,,0.0,,,,,,,0.0,,0
91274613,caelum/mamute,1.0,2015-11-15 20:21:07,203,java,commits_in_master,master,2,c69026979259fc637a6db49030679ed07de0705e#08b57fef38eb422620b6efc4e58b3e557300f5c0,build_found,5d58381eb9d4560e2b9e65fbb7722725447f66f1,87250847,2015-11-15 21:19:28,4,c69026979259fc637a6db49030679ed07de0705e,1,c69026979259fc637a6db49030679ed07de0705e,5d58381eb9d4560e2b9e65fbb7722725447f66f1,cd1ef3305448a83264edd2d633549077e2901498,0,0,0,0,0,0,0,1,0,0,0,0,1,5,15369,360.075476608758,20.6910013663869,42.683323573427,0.0,31,2016-01-22 11:26:59,2015-11-15 21:21:56,failed,72,[91274615],432,91274615,java,broken,4,java-maven,,0.0,,,,,,,0.0,,0
93821080,caelum/mamute,1.0,2015-11-07 10:42:47,200,java,commits_in_master,master,3,ab3a7686c382a27ff257e400f0292a09fc910035#934d648236bc2a5986f98847beb0c489d7691f5f#47970bff861450c2c42570b1bcfad064dc117431,build_found,ab3a7686c382a27ff257e400f0292a09fc910035,89803191,2015-11-06 22:51:48,4,934d648236bc2a5986f98847beb0c489d7691f5f,1,934d648236bc2a5986f98847beb0c489d7691f5f,5d58381eb9d4560e2b9e65fbb7722725447f66f1,1add8adb4f31acdd552a99b4d5e8116f1b2675d6,0,0,0,18,0,0,0,1,0,0,1,0,0,18,15406,359.210697130988,20.6413085810723,42.5808126703882,0.0,38,2016-02-03 01:31:57,2015-11-29 20:40:37,failed,67,[93821083],434,93821083,java,broken,7,java-maven,,0.0,,,,,,,0.0,,0
94608311,caelum/mamute,1.0,2015-12-03 10:43:44,205,java,commits_in_master,master,2,8c4f7b15fc07d61cc439d44d37b4e62fdcb2e95b#640eae13728fd3f67176a1e447a39a150ec75dcc,build_found,5d58381eb9d4560e2b9e65fbb7722725447f66f1,87250847,2015-12-03 10:37:08,4,8c4f7b15fc07d61cc439d44d37b4e62fdcb2e95b,1,8c4f7b15fc07d61cc439d44d37b4e62fdcb2e95b,5d58381eb9d4560e2b9e65fbb7722725447f66f1,178e4a8604cf937ad8d11a57bc2807bec887a158,0,0,0,22,0,6,0,0,0,0,1,1,4,0,15369,360.075476608758,20.6910013663869,42.683323573427,0.0,55,2016-01-18 00:28:09,2015-12-03 10:44:50,failed,73,[94608312],435,94608312,java,broken,4,java-maven,,0.0,,,,,,,0.0,,0
96586902,caelum/mamute,1.0,2015-12-13 15:50:08,207,java,commits_in_master,master,2,c3d58c63416235759ac345e0fb066da5d0417c4b#9e27a069db344d985718c71af4c074f08a18520a,build_found,5d58381eb9d4560e2b9e65fbb7722725447f66f1,87250847,2015-12-13 15:48:11,4,c3d58c63416235759ac345e0fb066da5d0417c4b,1,c3d58c63416235759ac345e0fb066da5d0417c4b,5d58381eb9d4560e2b9e65fbb7722725447f66f1,64c3c94219d01d3411982c5696bfe1bf449a9752,0,0,0,6,13,0,0,2,0,0,2,0,0,11,15372,360.590684361176,20.752016653656,42.8701535258912,0.0,16,2016-01-22 11:30:15,2015-12-13 15:51:21,failed,137,[96586903],436,96586903,java,broken,3,java-maven,,0.0,,,,,,,0.0,,0
97835357,caelum/mamute,1.0,2015-12-19 13:06:23,208,java,commits_in_master,master,2,ce37517286b169364115708361fddd1c4468838a#79f3c801fcb26ab880e3a6920c125e373d768aa8,build_found,5d58381eb9d4560e2b9e65fbb7722725447f66f1,87250847,2015-12-19 13:04:07,4,ce37517286b169364115708361fddd1c4468838a,1,ce37517286b169364115708361fddd1c4468838a,5d58381eb9d4560e2b9e65fbb7722725447f66f1,6b78c3ed1b5564faf5561288ac162aae5e606fab,0,0,0,51,132,1,0,3,0,0,4,0,0,17,15378,366.23748211731,21.0040317336455,43.2435947457407,0.0,5,2016-01-22 11:38:53,2015-12-19 13:08:02,failed,76,[97835358],437,97835358,java,broken,4,java-maven,,0.0,,,,,,,0.0,,0
102966314,caelum/mamute,0.0,,,java,,master,2,06ae1bac3c55a2b5267a2133ebcf371bfaf09652#2aa7e55ad93a2a33215c25d299b257be531d56a3,merge_found,,,2015-01-12 20:19:49,4,2aa7e55ad93a2a33215c25d299b257be531d56a3,1,2aa7e55ad93a2a33215c25d299b257be531d56a3,,2aa7e55ad93a2a33215c25d299b257be531d56a3,,0,,0,0,0,0,1,0,0,0,0,1,267,15369,360.075476608758,20.6910013663869,42.683323573427,1.0,,2016-01-17 18:40:30,2016-01-17 18:41:30,failed,74,[102966315],448,102966315,java,broken,8,java-maven,,0.0,,,,,,,0.0,,0
102999780,caelum/mamute,1.0,2016-01-17 19:15:31,220,java,commits_in_master,master,1,2dddd8efec702ca36c950211287cb144a7038c43,build_found,9a5da3259234090f57d63916586c7832c13aa5a0,102970799,2016-01-17 22:30:18,4,2dddd8efec702ca36c950211287cb144a7038c43,1,2dddd8efec702ca36c950211287cb144a7038c43,2aa7e55ad93a2a33215c25d299b257be531d56a3,2f85b3b3ad6b2e7b4b17ef388a09cbddd19b42be,0,0,0,0,0,0,0,1,0,0,0,0,1,269,15369,361.311731407378,20.6910013663869,42.683323573427,1.0,32,2016-01-17 22:31:35,2016-01-17 22:33:18,failed,113,[102999781],454,102999781,java,broken,4,java-maven,junit,1.0,,191,18,209,0,should_filter_comments_if_user_is_not_moderator_nor_author#should_filter_if_user_is_null#should_not_filter_if_user_is_author#should_not_filter_if_user_is_moderator#initializationError#initializationError#initializationError#initializationError#initializationError#initializationError#initializationError#initializationError#initializationError#initializationError#initializationError#initializationError#initializationError#initializationError#,3.86,,0
103006199,caelum/mamute,1.0,2016-01-17 19:15:31,220,java,commits_in_master,master,1,1f61cfccb65a80e6ca42035c134706a1b4936c65,build_found,2dddd8efec702ca36c950211287cb144a7038c43,102999780,2016-01-17 23:18:42,4,1f61cfccb65a80e6ca42035c134706a1b4936c65,1,1f61cfccb65a80e6ca42035c134706a1b4936c65,2aa7e55ad93a2a33215c25d299b257be531d56a3,afec85c26900c1e9e7b60f6edcaa82c260fbe67f,0,0,0,0,0,0,0,1,0,0,0,0,1,270,15369,361.311731407378,20.6910013663869,42.683323573427,1.0,32,2016-01-17 23:18:53,2016-01-17 23:19:55,passed,116,[103006200],456,103006200,java,ok,4,java-maven,junit,1.0,,270,0,270,0,,17.28,,0
103006637,caelum/mamute,0.0,,,java,,master,4,9a5da3259234090f57d63916586c7832c13aa5a0#2dddd8efec702ca36c950211287cb144a7038c43#1f61cfccb65a80e6ca42035c134706a1b4936c65#16a18e050744ddd7a7cf66bb9bb044b72ae86b86,merge_found,,,2016-01-17 19:14:03,4,16a18e050744ddd7a7cf66bb9bb044b72ae86b86,1,16a18e050744ddd7a7cf66bb9bb044b72ae86b86,,16a18e050744ddd7a7cf66bb9bb044b72ae86b86,,0,,0,25,0,0,5,0,0,4,0,1,279,15369,361.311731407378,20.6910013663869,42.683323573427,1.0,,2016-01-17 23:22:11,2016-01-17 23:23:41,passed,104,[103006639],457,103006639,java,ok,4,java-maven,junit,1.0,,270,0,270,0,,18.98,,0
103008130,caelum/mamute,0.0,,,java,,master,2,f2fff5815b66aa71b1f9f525dbcf8edf2c5cbe4b#6e3c1e824956b333b7cae8b37e566ae4db9552c2,merge_found,,,2015-03-17 14:19:00,4,6e3c1e824956b333b7cae8b37e566ae4db9552c2,1,6e3c1e824956b333b7cae8b37e566ae4db9552c2,,6e3c1e824956b333b7cae8b37e566ae4db9552c2,,0,,71,0,1,0,1,0,0,2,0,0,32,15414,360.256909303231,20.6305955624757,42.5587128584404,1.0,,2016-01-17 23:36:06,2016-01-17 23:37:35,passed,109,[103008132],458,103008132,java,ok,4,java-maven,junit,1.0,,270,0,270,0,,18.5,,0
103009058,caelum/mamute,0.0,,,java,,master,3,dfb9143436efbe775c22c2651e3182ca8e6e2878#9211b081dd66bd33b0b8ca16d58cb3d2b588e2de#2c656fba0ff5e23faa9a235940df7a96d35b3a88,merge_found,,,2015-08-03 15:49:34,4,2c656fba0ff5e23faa9a235940df7a96d35b3a88,1,2c656fba0ff5e23faa9a235940df7a96d35b3a88,,2c656fba0ff5e23faa9a235940df7a96d35b3a88,,0,,0,0,0,0,5,0,0,0,0,5,169,15414,360.256909303231,20.6305955624757,42.5587128584404,1.0,,2016-01-17 23:43:24,2016-01-17 23:44:25,passed,109,[103009062],459,103009062,java,ok,4,java-maven,junit,1.0,,270,0,270,0,,19.78,,0
103014073,caelum/mamute,0.0,,,java,,master,2,8c4f7b15fc07d61cc439d44d37b4e62fdcb2e95b#640eae13728fd3f67176a1e447a39a150ec75dcc,merge_found,,,2015-12-03 10:37:08,4,640eae13728fd3f67176a1e447a39a150ec75dcc,1,640eae13728fd3f67176a1e447a39a150ec75dcc,,640eae13728fd3f67176a1e447a39a150ec75dcc,,0,,22,0,6,0,0,0,0,1,1,4,1,15414,360.256909303231,20.6305955624757,42.5587128584404,1.0,,2016-01-18 00:28:09,2016-01-18 00:29:08,passed,125,[103014074],460,103014074,java,ok,4,java-maven,junit,1.0,,270,0,270,0,,18.82,,0
103570634,caelum/mamute,1.0,2016-01-20 10:23:02,221,java,commits_in_master,master,2,e05667854a465aacf386c847012f8988c5f3b8e5#2ace4144e1e22fe664a7964fa5f252c4cebf49a0,build_found,640eae13728fd3f67176a1e447a39a150ec75dcc,103014073,2016-01-20 10:19:14,4,e05667854a465aacf386c847012f8988c5f3b8e5,1,e05667854a465aacf386c847012f8988c5f3b8e5,640eae13728fd3f67176a1e447a39a150ec75dcc,2712a77c253d00f647b23b45f295a21a0e277f5e,0,0,0,4,94,1,0,1,0,0,2,0,0,5,15418,364.963030224413,21.2089765209495,43.1314048514723,0.0,74,2016-02-03 01:48:27,2016-01-20 10:24:09,passed,140,[103570635],461,103570635,java,ok,6,java-maven,junit,1.0,,279,0,279,0,,19.81,,0
103680728,caelum/mamute,1.0,2016-01-20 11:40:08,222,java,commits_in_master,master,5,6fbfe5d89f8a8b5e424d57459c597ba3806552d7#996ebbb09675bd6ecacb37852bc307407a13877b#0a34d99e80133a6779053c6de107abfc5e95b65e#71f14756c8576172c48123d6017dbfc67ee24799#95a1b7491479dd3dbb9d7a78b24cd2e561fdc88e,build_found,640eae13728fd3f67176a1e447a39a150ec75dcc,103014073,2016-01-20 11:19:51,4,71f14756c8576172c48123d6017dbfc67ee24799#0a34d99e80133a6779053c6de107abfc5e95b65e#996ebbb09675bd6ecacb37852bc307407a13877b#6fbfe5d89f8a8b5e424d57459c597ba3806552d7,4,71f14756c8576172c48123d6017dbfc67ee24799,640eae13728fd3f67176a1e447a39a150ec75dcc,7c227449287c829f6a903e913b3a1b2113c7d7e2,0,0,0,0,0,0,0,4,0,0,0,0,4,83,15414,360.256909303231,20.6305955624757,42.5587128584404,0.0,25,2016-02-03 01:51:14,2016-01-20 19:39:06,passed,131,[103680741],463,103680741,java,ok,4,java-maven,junit,1.0,,270,0,270,0,,18.41,,0
103774031,caelum/mamute,1.0,2016-01-13 09:58:37,218,java,commits_in_master,master,2,e0d074391cbf38d2b8da27d8da7ed4e41af0759c#773e8b07ec64e5b78069f2b8002b3e2b8b7cdc4e,build_found,640eae13728fd3f67176a1e447a39a150ec75dcc,103014073,2016-01-21 05:36:50,4,e0d074391cbf38d2b8da27d8da7ed4e41af0759c,1,e0d074391cbf38d2b8da27d8da7ed4e41af0759c,640eae13728fd3f67176a1e447a39a150ec75dcc,c1690627924fca20e450cb705e76e63caca72c84,1,0,0,0,0,0,0,1,0,0,0,0,1,272,15414,360.256909303231,20.6305955624757,42.5587128584404,0.0,66,2016-01-22 11:11:14,2016-01-21 05:39:27,passed,119,[103774032],465,103774032,java,ok,4,java-maven,junit,1.0,,270,0,270,0,,20.67,,0
104068808,caelum/mamute,0.0,,,java,,master,2,e0d074391cbf38d2b8da27d8da7ed4e41af0759c#773e8b07ec64e5b78069f2b8002b3e2b8b7cdc4e,merge_found,,,2016-01-21 05:36:50,4,773e8b07ec64e5b78069f2b8002b3e2b8b7cdc4e,1,773e8b07ec64e5b78069f2b8002b3e2b8b7cdc4e,,773e8b07ec64e5b78069f2b8002b3e2b8b7cdc4e,,0,,0,0,0,0,1,0,0,0,0,1,273,15414,360.256909303231,20.6305955624757,42.5587128584404,1.0,,2016-01-22 11:11:14,2016-01-22 11:12:16,passed,149,[104068809],466,104068809,java,ok,5,java-maven,junit,1.0,,270,0,270,0,,18.62,,0
104069460,caelum/mamute,0.0,,,java,,master,2,cb6600106eb563a820c456cc8c10cee864706294#ff2d28a92b28e5884e0e2d85ad9f99d31fa205f7,merge_found,,,2015-11-01 13:46:38,4,ff2d28a92b28e5884e0e2d85ad9f99d31fa205f7,1,ff2d28a92b28e5884e0e2d85ad9f99d31fa205f7,,ff2d28a92b28e5884e0e2d85ad9f99d31fa205f7,,0,,0,0,0,0,4,0,0,0,0,4,58,15414,360.256909303231,20.6305955624757,42.5587128584404,1.0,,2016-01-22 11:15:43,2016-01-22 11:17:01,passed,119,[104069461],467,104069461,java,ok,6,java-maven,junit,1.0,,270,0,270,0,,15.95,,0
104071019,caelum/mamute,0.0,,,java,,master,2,7d671da44f2c78d8da872fcb1a711dbf6782b27c#89404aab9b7d7fc6f35f8ef6bcd46db5cbd58cd7,merge_found,,,2015-11-10 23:28:26,4,89404aab9b7d7fc6f35f8ef6bcd46db5cbd58cd7,1,89404aab9b7d7fc6f35f8ef6bcd46db5cbd58cd7,,89404aab9b7d7fc6f35f8ef6bcd46db5cbd58cd7,,0,,0,0,0,0,1,0,0,0,0,1,13,15414,360.256909303231,20.6305955624757,42.5587128584404,1.0,,2016-01-22 11:25:28,2016-01-22 11:27:08,passed,133,[104071020],468,104071020,java,ok,4,java-maven,junit,1.0,,270,0,270,0,,19.32,,0
104071305,caelum/mamute,0.0,,,java,,master,2,c69026979259fc637a6db49030679ed07de0705e#08b57fef38eb422620b6efc4e58b3e557300f5c0,merge_found,,,2015-11-15 21:19:28,4,08b57fef38eb422620b6efc4e58b3e557300f5c0,1,08b57fef38eb422620b6efc4e58b3e557300f5c0,,08b57fef38eb422620b6efc4e58b3e557300f5c0,,0,,0,0,0,0,1,0,0,0,0,1,8,15414,360.256909303231,20.6305955624757,42.5587128584404,1.0,,2016-01-22 11:26:59,2016-01-22 11:28:35,passed,107,[104071306],469,104071306,java,ok,4,java-maven,junit,1.0,,270,0,270,0,,16.1,,0
104071502,caelum/mamute,0.0,,,java,,master,3,d907e773756b472e71fca2ca0255ba0886016e75#ccd75ef31d9a6b4926750cb7c92e1f9488177f82#f3a265701b60377b87e54010a801ed63b976c8b7,merge_found,,,2015-11-07 12:21:01,4,f3a265701b60377b87e54010a801ed63b976c8b7,1,f3a265701b60377b87e54010a801ed63b976c8b7,,f3a265701b60377b87e54010a801ed63b976c8b7,,0,,70,0,4,1,6,0,0,6,0,5,346,15414,360.256909303231,20.6305955624757,42.5587128584404,1.0,,2016-01-22 11:28:59,2016-01-22 11:30:01,passed,113,[104071505],470,104071505,java,ok,7,java-maven,junit,1.0,,270,0,270,0,,18.75,,0
104071650,caelum/mamute,0.0,,,java,,master,2,c3d58c63416235759ac345e0fb066da5d0417c4b#9e27a069db344d985718c71af4c074f08a18520a,merge_found,,,2015-12-13 15:48:11,4,9e27a069db344d985718c71af4c074f08a18520a,1,9e27a069db344d985718c71af4c074f08a18520a,,9e27a069db344d985718c71af4c074f08a18520a,,0,,6,13,0,0,2,0,0,2,0,0,12,15417,360.77057793345,20.6914445093079,42.7450217292599,1.0,,2016-01-22 11:30:15,2016-01-22 11:31:56,passed,130,[104071652],471,104071652,java,ok,4,java-maven,junit,1.0,,271,0,271,0,,19.57,,0
104072756,caelum/mamute,0.0,,,java,,master,2,ce37517286b169364115708361fddd1c4468838a#79f3c801fcb26ab880e3a6920c125e373d768aa8,merge_found,,,2015-12-19 13:04:07,4,79f3c801fcb26ab880e3a6920c125e373d768aa8,1,79f3c801fcb26ab880e3a6920c125e373d768aa8,,79f3c801fcb26ab880e3a6920c125e373d768aa8,,0,,51,132,1,0,3,0,0,4,0,0,18,15426,366.913004019188,21.0035005834306,43.3035135485544,1.0,,2016-01-22 11:38:53,2016-01-22 11:40:26,passed,104,[104072757],472,104072757,java,ok,4,java-maven,junit,1.0,,276,0,276,0,,20.32,,0
104087358,caelum/mamute,1.0,2015-12-19 13:39:23,209,java,commits_in_master,master,7,a6add9dadecdd4c599cf73bff6a589dcbf58a6fb#7a34427d888a7008a6a0e74ebb7e7800247382f8#e475537cb01af14eb9a5cddc788f7ded97c01238#ed443b1ed91412f2974faee12fcdb19420159704#199800406c2943c3314ced80186f2807de8f744d#c9351279f0d6773e375fc91062b1ad2c595084eb#1afcf71ac2a2049ca9da3aad60081f0dcddf360f,build_found,79f3c801fcb26ab880e3a6920c125e373d768aa8,104072756,2015-12-19 13:30:15,4,c9351279f0d6773e375fc91062b1ad2c595084eb#199800406c2943c3314ced80186f2807de8f744d#ed443b1ed91412f2974faee12fcdb19420159704#e475537cb01af14eb9a5cddc788f7ded97c01238#7a34427d888a7008a6a0e74ebb7e7800247382f8#a6add9dadecdd4c599cf73bff6a589dcbf58a6fb,6,c9351279f0d6773e375fc91062b1ad2c595084eb,79f3c801fcb26ab880e3a6920c125e373d768aa8,396247c41a26c08cb74bafda5cbb2dbe5cd09a51,2,0,0,114,98,2,0,7,0,0,6,0,3,287,15440,371.373056994819,21.4378238341969,43.9766839378238,0.0,20,2016-01-30 10:44:24,2016-01-22 13:10:27,passed,123,[104087359],473,104087359,java,ok,4,java-maven,junit,1.0,,283,0,283,0,,20.86,,0
105604850,caelum/mamute,1.0,2016-01-29 05:28:37,224,java,commits_in_master,master,2,e298437868973174ac4412ce0283ca1863d4854b#adaf4dba41f45cf66917b289fa75bdd75709f127,build_found,79f3c801fcb26ab880e3a6920c125e373d768aa8,104072756,2016-01-28 01:20:00,4,e298437868973174ac4412ce0283ca1863d4854b,1,e298437868973174ac4412ce0283ca1863d4854b,79f3c801fcb26ab880e3a6920c125e373d768aa8,94944ffb7f55581de49d9c3b579ef8d92f96a968,0,0,0,11,0,0,0,1,0,0,1,0,0,11,15436,366.675304483027,20.9898937548588,43.2754599637212,0.0,30,2016-02-03 01:50:00,2016-01-29 05:30:15,passed,169,[105604851],474,105604851,java,ok,4,java-maven,junit,1.0,,276,0,276,0,,18.81,,0
105858953,caelum/mamute,0.0,,,java,,master,7,a6add9dadecdd4c599cf73bff6a589dcbf58a6fb#7a34427d888a7008a6a0e74ebb7e7800247382f8#e475537cb01af14eb9a5cddc788f7ded97c01238#ed443b1ed91412f2974faee12fcdb19420159704#199800406c2943c3314ced80186f2807de8f744d#c9351279f0d6773e375fc91062b1ad2c595084eb#1afcf71ac2a2049ca9da3aad60081f0dcddf360f,merge_found,,,2015-12-19 13:30:15,4,1afcf71ac2a2049ca9da3aad60081f0dcddf360f,1,1afcf71ac2a2049ca9da3aad60081f0dcddf360f,,1afcf71ac2a2049ca9da3aad60081f0dcddf360f,,0,,106,98,2,0,7,0,0,6,0,3,293,15440,371.373056994819,21.4378238341969,43.9766839378238,1.0,,2016-01-30 10:44:24,2016-01-30 10:45:53,passed,160,[105858954],475,105858954,java,ok,4,java-maven,junit,1.0,,283,0,283,0,,16.56,,0
106628242,caelum/mamute,0.0,,,java,,master,3,ab3a7686c382a27ff257e400f0292a09fc910035#934d648236bc2a5986f98847beb0c489d7691f5f#47970bff861450c2c42570b1bcfad064dc117431,merge_found,,,2015-11-06 22:51:48,4,47970bff861450c2c42570b1bcfad064dc117431,1,47970bff861450c2c42570b1bcfad064dc117431,,47970bff861450c2c42570b1bcfad064dc117431,,0,,65,0,1,0,7,0,0,7,0,1,106,15477,370.485236156878,21.3865736253796,43.8715513342379,1.0,,2016-02-03 01:31:57,2016-02-03 01:33:34,passed,130,[106628243],476,106628243,java,ok,4,java-maven,junit,1.0,,283,0,283,0,,16.7,,0
106628614,caelum/mamute,0.0,,,java,,master,3,370575536b2580e18fc3e71c7220ce00faf5096b#7db4e7c587291a1439245b612f0675a3ddee03a1#13e97216974655e37406419d3091bd7e53012f10,merge_found,,,2015-12-19 21:48:32,4,13e97216974655e37406419d3091bd7e53012f10,1,13e97216974655e37406419d3091bd7e53012f10,,13e97216974655e37406419d3091bd7e53012f10,,0,,22,0,0,1,4,0,0,2,0,3,77,15477,370.485236156878,21.3865736253796,43.8715513342379,1.0,,2016-02-03 01:34:36,2016-02-03 01:36:12,passed,119,[106628615],477,106628615,java,ok,4,java-maven,junit,1.0,,283,0,283,0,,16.15,,0
106630533,caelum/mamute,0.0,,,java,,master,2,e05667854a465aacf386c847012f8988c5f3b8e5#2ace4144e1e22fe664a7964fa5f252c4cebf49a0,merge_found,,,2016-01-20 10:19:14,4,2ace4144e1e22fe664a7964fa5f252c4cebf49a0,1,2ace4144e1e22fe664a7964fa5f252c4cebf49a0,,2ace4144e1e22fe664a7964fa5f252c4cebf49a0,,0,,4,94,1,0,1,0,0,2,0,0,6,15481,375.169562689749,21.9624055293586,44.4415735417609,1.0,,2016-02-03 01:48:27,2016-02-03 01:49:32,passed,115,[106630534],478,106630534,java,ok,4,java-maven,junit,1.0,,292,0,292,0,,16.86,,0
106630707,caelum/mamute,0.0,,,java,,master,2,e298437868973174ac4412ce0283ca1863d4854b#adaf4dba41f45cf66917b289fa75bdd75709f127,merge_found,,,2016-01-28 01:20:00,4,adaf4dba41f45cf66917b289fa75bdd75709f127,1,adaf4dba41f45cf66917b289fa75bdd75709f127,,adaf4dba41f45cf66917b289fa75bdd75709f127,,0,,11,0,0,0,1,0,0,1,0,0,12,15491,374.927377186754,21.9482280033568,44.4128849009102,1.0,,2016-02-03 01:50:00,2016-02-03 01:51:02,passed,127,[106630708],479,106630708,java,ok,4,java-maven,junit,1.0,,292,0,292,0,,16.57,,0
106630818,caelum/mamute,0.0,,,java,,master,5,6fbfe5d89f8a8b5e424d57459c597ba3806552d7#996ebbb09675bd6ecacb37852bc307407a13877b#0a34d99e80133a6779053c6de107abfc5e95b65e#71f14756c8576172c48123d6017dbfc67ee24799#95a1b7491479dd3dbb9d7a78b24cd2e561fdc88e,merge_found,,,2016-01-20 11:19:51,4,95a1b7491479dd3dbb9d7a78b24cd2e561fdc88e,1,95a1b7491479dd3dbb9d7a78b24cd2e561fdc88e,,95a1b7491479dd3dbb9d7a78b24cd2e561fdc88e,,0,,0,0,0,0,4,0,0,0,0,4,87,15491,374.927377186754,21.9482280033568,44.4128849009102,1.0,,2016-02-03 01:51:14,2016-02-03 01:52:18,passed,114,[106630819],480,106630819,java,ok,4,java-maven,junit,1.0,,292,0,292,0,,17.53,,0
107425033,caelum/mamute,1.0,2016-02-06 11:17:09,228,java,commits_in_master,master,2,d78587299a35ccb34d66c054af376254d86045fb#a68b372b6abd72aa9bd5bb17dd4116dbe015cd9d,build_found,95a1b7491479dd3dbb9d7a78b24cd2e561fdc88e,106630818,2016-02-06 11:12:02,4,d78587299a35ccb34d66c054af376254d86045fb,1,d78587299a35ccb34d66c054af376254d86045fb,95a1b7491479dd3dbb9d7a78b24cd2e561fdc88e,84cda876fa5cf14b44f05933b2d5d009e9944249,0,0,0,5,0,0,0,2,0,0,1,0,1,215,15491,374.927377186754,21.9482280033568,44.4128849009102,0.0,56,2016-02-13 14:59:52,2016-02-06 11:18:40,passed,155,[107425034],482,107425034,java,ok,4,java-maven,junit,1.0,,292,0,292,0,,17.02,,0
107426547,caelum/mamute,1.0,2016-02-06 11:35:01,229,java,commits_in_master,master,2,0bd69c97e064144c9689c062cd5b61f86d0d12ff#e1a40631548d26a043e3552d4089a8fec596aa01,build_found,95a1b7491479dd3dbb9d7a78b24cd2e561fdc88e,106630818,2016-02-06 11:27:00,4,0bd69c97e064144c9689c062cd5b61f86d0d12ff,1,0bd69c97e064144c9689c062cd5b61f86d0d12ff,95a1b7491479dd3dbb9d7a78b24cd2e561fdc88e,08ff4fbde26d7878f1c409d3133f83a23e35144e,0,0,0,0,0,0,0,1,0,0,0,0,1,209,15491,374.927377186754,21.9482280033568,44.4128849009102,0.0,34,2016-02-13 14:55:32,2016-02-06 11:36:02,passed,127,[107426548],483,107426548,java,ok,4,java-maven,junit,1.0,,292,0,292,0,,16.69,,0
107436741,caelum/mamute,1.0,2016-02-06 13:20:27,230,java,commits_in_master,master,3,1f1f8696697c390a97c0554e1cf5ec0deea5a49e#ed7d872eac23b04a583bff8b25fc6bb38809b7ea#69568c237ff20b144874776cf60aaee8ca6f9298,build_found,95a1b7491479dd3dbb9d7a78b24cd2e561fdc88e,106630818,2016-02-06 13:06:18,4,ed7d872eac23b04a583bff8b25fc6bb38809b7ea#1f1f8696697c390a97c0554e1cf5ec0deea5a49e,2,ed7d872eac23b04a583bff8b25fc6bb38809b7ea,95a1b7491479dd3dbb9d7a78b24cd2e561fdc88e,6ee35734db8be143ba663aba5df10a9b64991783,0,0,0,6,0,0,0,4,0,0,1,0,3,64,15489,374.975789269804,21.9510620440312,44.4186196655691,0.0,76,2016-02-13 14:49:37,2016-02-06 13:22:00,passed,141,[107436742],484,107436742,java,ok,4,java-maven,junit,1.0,,292,0,292,0,,17.77,,0
107462514,caelum/mamute,1.0,2016-02-06 16:40:41,231,java,commits_in_master,master,2,18a7049567bd93b60b15d1b5c2f923bb90e8fdc4#2fbbf25aaba7d633dd5b7f6b1955a0ebdc87fa9f,build_found,95a1b7491479dd3dbb9d7a78b24cd2e561fdc88e,106630818,2016-02-06 16:34:52,4,18a7049567bd93b60b15d1b5c2f923bb90e8fdc4,1,18a7049567bd93b60b15d1b5c2f923bb90e8fdc4,95a1b7491479dd3dbb9d7a78b24cd2e561fdc88e,7c52b4094b8a33fcc1c40b4476d781ec1510bdf8,0,0,0,2,0,0,0,4,0,0,1,0,3,72,15491,374.927377186754,21.9482280033568,44.4128849009102,0.0,12,2016-02-13 14:47:53,2016-02-06 16:42:19,passed,183,[107462515],485,107462515,java,ok,4,java-maven,junit,1.0,,292,0,292,0,,17.2,,0
107462824,caelum/mamute,1.0,2016-02-06 16:42:50,232,java,commits_in_master,master,2,67d4ed09159cb316fb956ab991fd38fc95a0f9c8#68f57afbbd4a6c7d424b3b0674ce4419774f3330,build_found,95a1b7491479dd3dbb9d7a78b24cd2e561fdc88e,106630818,2016-02-06 16:31:44,4,67d4ed09159cb316fb956ab991fd38fc95a0f9c8,1,67d4ed09159cb316fb956ab991fd38fc95a0f9c8,95a1b7491479dd3dbb9d7a78b24cd2e561fdc88e,7c2e28fcdb17eb5b471139a4075eff5153c391c5,0,0,0,4,0,0,0,1,0,0,1,0,0,3,15494,374.85478249645,21.9439783141861,44.4042855298825,0.0,9,2016-02-13 14:45:04,2016-02-06 16:44:24,passed,181,[107462825],486,107462825,java,ok,4,java-maven,junit,1.0,,292,0,292,0,,17.36,,0
108658940,caelum/mamute,0.0,,,java,,master,2,c20a8d48914d6d664f73420d2e6f1a1af79afff0#c8bd435d24d77dab2805599859ec3e629bcfe0ad,merge_found,,,2016-02-06 10:46:41,4,c8bd435d24d77dab2805599859ec3e629bcfe0ad,1,c8bd435d24d77dab2805599859ec3e629bcfe0ad,,c8bd435d24d77dab2805599859ec3e629bcfe0ad,,0,,0,0,0,0,1,0,0,0,0,1,49,15491,374.927377186754,21.9482280033568,44.4128849009102,1.0,,2016-02-11 22:31:23,2016-02-11 22:34:12,passed,130,[108658941],488,108658941,java,ok,4,java-maven,junit,1.0,,292,0,292,0,,17.47,,0
108910756,caelum/mamute,1.0,2016-02-12 22:41:15,234,java,commits_in_master,master,2,7cd9a43dc0800c5ef71a207fe6f32d8896dccb3b#f5ea437d3fb5b1893d01eadddbbaa1a88ddcb7c6,build_found,c8bd435d24d77dab2805599859ec3e629bcfe0ad,108658940,2016-02-12 22:31:23,4,7cd9a43dc0800c5ef71a207fe6f32d8896dccb3b,1,7cd9a43dc0800c5ef71a207fe6f32d8896dccb3b,c8bd435d24d77dab2805599859ec3e629bcfe0ad,10f380d8d62c44476fabe7fe3a6da5bf20cfceb5,0,0,0,50,0,1,0,0,0,0,1,0,0,0,15518,374.275035442712,21.9100399536023,44.335610259054,1.0,7,2016-02-13 14:32:16,2016-02-12 23:14:32,passed,138,[108910757],489,108910757,java,ok,4,java-maven,junit,1.0,,292,0,292,0,,17.47,,0
109007251,caelum/mamute,0.0,,,java,,master,2,70b73508602d922ac620b1917233528c4ea89c8d#dfb1427bbe6a2eaf66a0fcf163bd08cea4d1d8cc,merge_found,,,2016-02-13 04:12:09,5,dfb1427bbe6a2eaf66a0fcf163bd08cea4d1d8cc,1,dfb1427bbe6a2eaf66a0fcf163bd08cea4d1d8cc,,dfb1427bbe6a2eaf66a0fcf163bd08cea4d1d8cc,,0,,0,0,0,0,1,0,0,0,0,1,52,15491,374.927377186754,21.9482280033568,44.4128849009102,1.0,,2016-02-13 14:24:53,2016-02-13 14:25:55,passed,190,[109007253],491,109007253,java,ok,6,java-maven,junit,1.0,,292,0,292,0,,16.68,,0
109008153,caelum/mamute,0.0,,,java,,master,2,7cd9a43dc0800c5ef71a207fe6f32d8896dccb3b#f5ea437d3fb5b1893d01eadddbbaa1a88ddcb7c6,merge_found,,,2016-02-12 22:31:23,5,f5ea437d3fb5b1893d01eadddbbaa1a88ddcb7c6,1,f5ea437d3fb5b1893d01eadddbbaa1a88ddcb7c6,,f5ea437d3fb5b1893d01eadddbbaa1a88ddcb7c6,,0,,50,0,1,0,0,0,0,1,0,0,1,15518,374.275035442712,21.9100399536023,44.335610259054,1.0,,2016-02-13 14:32:16,2016-02-13 14:33:43,passed,135,[109008154],492,109008154,java,ok,4,java-maven,junit,1.0,,292,0,292,0,,17.79,,0
109009646,caelum/mamute,0.0,,,java,,master,2,67d4ed09159cb316fb956ab991fd38fc95a0f9c8#68f57afbbd4a6c7d424b3b0674ce4419774f3330,merge_found,,,2016-02-06 16:31:44,5,68f57afbbd4a6c7d424b3b0674ce4419774f3330,1,68f57afbbd4a6c7d424b3b0674ce4419774f3330,,68f57afbbd4a6c7d424b3b0674ce4419774f3330,,0,,4,0,0,0,1,0,0,1,0,0,4,15521,374.202693125443,21.9058050383352,44.3270407834547,1.0,,2016-02-13 14:45:04,2016-02-13 14:46:33,passed,144,[109009647],493,109009647,java,ok,4,java-maven,junit,1.0,,292,0,292,0,,16.4,,0
109009971,caelum/mamute,0.0,,,java,,master,2,18a7049567bd93b60b15d1b5c2f923bb90e8fdc4#2fbbf25aaba7d633dd5b7f6b1955a0ebdc87fa9f,merge_found,,,2016-02-06 16:34:52,5,2fbbf25aaba7d633dd5b7f6b1955a0ebdc87fa9f,1,2fbbf25aaba7d633dd5b7f6b1955a0ebdc87fa9f,,2fbbf25aaba7d633dd5b7f6b1955a0ebdc87fa9f,,0,,2,0,0,0,4,0,0,1,0,3,75,15521,374.202693125443,21.9058050383352,44.3270407834547,1.0,,2016-02-13 14:47:53,2016-02-13 14:48:52,passed,112,[109009972],494,109009972,java,ok,4,java-maven,junit,1.0,,292,0,292,0,,17.62,,0
109010215,caelum/mamute,0.0,,,java,,master,3,1f1f8696697c390a97c0554e1cf5ec0deea5a49e#ed7d872eac23b04a583bff8b25fc6bb38809b7ea#69568c237ff20b144874776cf60aaee8ca6f9298,merge_found,,,2016-02-06 13:06:18,5,69568c237ff20b144874776cf60aaee8ca6f9298,1,69568c237ff20b144874776cf60aaee8ca6f9298,,69568c237ff20b144874776cf60aaee8ca6f9298,,0,,6,0,0,0,4,0,0,1,0,3,70,15519,374.250918229267,21.908628133256,44.3327533990592,1.0,,2016-02-13 14:49:37,2016-02-13 14:51:07,passed,115,[109010217],495,109010217,java,ok,4,java-maven,junit,1.0,,292,0,292,0,,17.48,,0
109011211,caelum/mamute,0.0,,,java,,master,2,0bd69c97e064144c9689c062cd5b61f86d0d12ff#e1a40631548d26a043e3552d4089a8fec596aa01,merge_found,,,2016-02-06 11:27:00,5,e1a40631548d26a043e3552d4089a8fec596aa01,1,e1a40631548d26a043e3552d4089a8fec596aa01,,e1a40631548d26a043e3552d4089a8fec596aa01,,0,,0,0,0,0,1,0,0,0,0,1,210,15519,374.250918229267,21.908628133256,44.3327533990592,1.0,,2016-02-13 14:55:32,2016-02-13 14:58:12,passed,124,[109011212],496,109011212,java,ok,4,java-maven,junit,1.0,,292,0,292,0,,17.44,,0
109011829,caelum/mamute,0.0,,,java,,master,2,d78587299a35ccb34d66c054af376254d86045fb#a68b372b6abd72aa9bd5bb17dd4116dbe015cd9d,merge_found,,,2016-02-06 11:12:02,5,a68b372b6abd72aa9bd5bb17dd4116dbe015cd9d,1,a68b372b6abd72aa9bd5bb17dd4116dbe015cd9d,,a68b372b6abd72aa9bd5bb17dd4116dbe015cd9d,,0,,5,0,0,0,2,0,0,1,0,1,218,15519,374.250918229267,21.908628133256,44.3327533990592,1.0,,2016-02-13 14:59:52,2016-02-13 15:01:24,passed,109,[109011830],497,109011830,java,ok,6,java-maven,junit,1.0,,292,0,292,0,,17.21,,0
109019734,caelum/mamute,0.0,,,java,,master,1,7d55442aaa612b6eeff588a626c638c11123f0eb,build_found,a68b372b6abd72aa9bd5bb17dd4116dbe015cd9d,109011829,2016-02-13 15:51:29,5,7d55442aaa612b6eeff588a626c638c11123f0eb,1,7d55442aaa612b6eeff588a626c638c11123f0eb,,7d55442aaa612b6eeff588a626c638c11123f0eb,,0,,4,0,0,0,1,0,0,1,0,0,2,15517,374.299155764645,21.9114519559193,44.338467487272,1.0,,2016-02-13 15:54:33,2016-02-13 15:56:05,passed,147,[109019737],499,109019737,java,ok,4,java-maven,junit,1.0,,292,0,292,0,,16.84,,0
109238466,caelum/mamute,0.0,,,java,,master,1,028885ebc76c72f0808bd276090d7c0fd7ce0d79,build_found,7d55442aaa612b6eeff588a626c638c11123f0eb,109019734,2016-02-14 22:52:06,5,028885ebc76c72f0808bd276090d7c0fd7ce0d79,1,028885ebc76c72f0808bd276090d7c0fd7ce0d79,,028885ebc76c72f0808bd276090d7c0fd7ce0d79,,0,,8,0,0,0,1,0,0,1,0,0,4,15513,374.395668149294,21.9171017855992,44.3499000838007,1.0,,2016-02-14 22:52:23,2016-02-14 22:53:21,passed,130,[109238467],500,109238467,java,ok,4,java-maven,junit,1.0,,292,0,292,0,,16.57,,0
112816329,caelum/mamute,0.0,,,java,,master,1,7dc8d9085fb99fd19e4895085731ed63faa0fbef,build_found,028885ebc76c72f0808bd276090d7c0fd7ce0d79,109238466,2016-03-01 10:10:04,5,7dc8d9085fb99fd19e4895085731ed63faa0fbef,1,7dc8d9085fb99fd19e4895085731ed63faa0fbef,,7dc8d9085fb99fd19e4895085731ed63faa0fbef,,0,,0,0,0,0,1,0,0,0,0,1,274,15513,374.395668149294,21.9171017855992,44.3499000838007,1.0,,2016-03-01 10:11:08,2016-03-01 10:13:15,failed,151,[112816330],501,112816330,java,broken,4,java-maven,junit,1.0,,291,1,292,0,should_group_reputation_karma_reward_by_date#,17.47,,0
113699288,caelum/mamute,0.0,,,java,,master,1,dba8cb29e865b30f7c9cca7c990229c8e4f45e5d,build_found,7dc8d9085fb99fd19e4895085731ed63faa0fbef,112816329,2016-03-04 16:17:30,5,dba8cb29e865b30f7c9cca7c990229c8e4f45e5d,1,dba8cb29e865b30f7c9cca7c990229c8e4f45e5d,,dba8cb29e865b30f7c9cca7c990229c8e4f45e5d,,0,,0,0,0,0,1,0,0,0,0,1,275,15513,374.395668149294,21.9171017855992,44.3499000838007,1.0,,2016-03-04 16:19:21,2016-03-04 16:36:57,passed,139,[113699290],502,113699290,java,ok,4,java-maven,junit,1.0,,292,0,292,0,,17.51,,0
114068180,caelum/mamute,0.0,,,java,,master,2,584a66a9d7f622e230a9e89342052007dce16781#c234e2791ab1add1d79d4921c90f6450087c9657,merge_found,,,2016-03-05 10:18:24,5,c234e2791ab1add1d79d4921c90f6450087c9657,1,c234e2791ab1add1d79d4921c90f6450087c9657,,c234e2791ab1add1d79d4921c90f6450087c9657,,0,,65,26,1,0,4,0,0,5,0,0,11,15547,374.606033318325,21.9978130829099,44.381552711134,1.0,,2016-03-06 16:41:57,2016-03-06 16:42:55,passed,153,[114068181],505,114068181,java,ok,4,java-maven,junit,1.0,,294,0,294,0,,18.43,,0
114558844,caelum/mamute,0.0,,,java,,master,2,8d38ef2e70481217cd59cdb44fcc53b85d87d724#e13276b9c197c3a4738a1334c3ce7d5e33d1c070,merge_found,,,2016-03-08 16:03:55,5,e13276b9c197c3a4738a1334c3ce7d5e33d1c070,1,e13276b9c197c3a4738a1334c3ce7d5e33d1c070,,e13276b9c197c3a4738a1334c3ce7d5e33d1c070,,0,,0,0,0,0,1,0,0,0,0,1,277,15547,374.606033318325,21.9978130829099,44.381552711134,1.0,,2016-03-08 16:29:50,2016-03-08 16:53:29,passed,673,[114558848],507,114558848,java,ok,4,java-maven,junit,1.0,,294,0,294,0,,19.18,,0
117704561,caelum/mamute,1.0,2016-03-22 13:18:21,242,java,commits_in_master,master,,,build_found,e13276b9c197c3a4738a1334c3ce7d5e33d1c070,114558844,,5,7f6ac54d15314965ba6cc63a32dd509ee55ba867,1,7f6ac54d15314965ba6cc63a32dd509ee55ba867,e13276b9c197c3a4738a1334c3ce7d5e33d1c070,cc5f56901d56e9726ec71beb1505bde13cabbfe7,0,0,0,0,0,0,0,1,0,0,0,0,1,278,15547,374.606033318325,21.9978130829099,44.381552711134,0.0,,,2016-03-22 13:19:28,passed,147,[117704562],508,117704562,java,ok,4,java-maven,junit,1.0,,294,0,294,0,,18.26,,0
117715352,caelum/mamute,0.0,,,java,,master,,,merge_found,,,,5,bdd212c766d924400aa3fda88ffa25386b0c88f0,1,bdd212c766d924400aa3fda88ffa25386b0c88f0,,bdd212c766d924400aa3fda88ffa25386b0c88f0,,0,,0,0,0,0,1,0,0,0,0,1,279,15547,374.606033318325,21.9978130829099,44.381552711134,1.0,,,2016-03-22 14:09:31,passed,121,[117715353],510,117715353,java,ok,6,java-maven,junit,1.0,,294,0,294,0,,19.47,,0
117715946,caelum/mamute,0.0,,,java,,master,,,merge_found,,,,5,5395418d13c0db3d5dbd06b33179577455d8175f,1,5395418d13c0db3d5dbd06b33179577455d8175f,,5395418d13c0db3d5dbd06b33179577455d8175f,,0,,0,0,0,0,1,0,0,0,0,1,281,15547,374.606033318325,21.9978130829099,44.381552711134,1.0,,,2016-03-22 14:12:09,passed,117,[117715947],511,117715947,java,ok,4,java-maven,junit,1.0,,294,0,294,0,,18.29,,0
117990163,caelum/mamute,0.0,,,java,,master,,,merge_found,,,,5,3e7c18d9cdf2d9f010f32539a913d2666e54addc,1,3e7c18d9cdf2d9f010f32539a913d2666e54addc,,3e7c18d9cdf2d9f010f32539a913d2666e54addc,,0,,11,30,0,0,5,0,0,4,0,1,99,15551,374.895505112211,21.9921548453476,44.3058324223523,1.0,,,2016-03-23 14:54:50,passed,179,[117990164],514,117990164,java,ok,4,java-maven,junit,1.0,,294,0,294,0,,18.84,,0
121153368,caelum/mamute,0.0,,,java,,master,,,merge_found,,,,5,ffe125e1efef0f8b9da931a84a86c46c6bdd9e71,1,ffe125e1efef0f8b9da931a84a86c46c6bdd9e71,,ffe125e1efef0f8b9da931a84a86c46c6bdd9e71,,0,,4,0,0,0,1,0,0,1,0,0,12,15551,374.895505112211,21.9921548453476,44.3058324223523,1.0,,,2016-04-06 13:42:08,passed,158,[121153369],516,121153369,java,ok,4,java-maven,junit,1.0,,294,0,294,0,,18.67,,0
123998646,caelum/mamute,0.0,,,java,,master,,,merge_found,,,,5,3b80bb9104d31882a9e3b2bb25d3981a31e55a82,1,3b80bb9104d31882a9e3b2bb25d3981a31e55a82,,3b80bb9104d31882a9e3b2bb25d3981a31e55a82,,0,,7,0,0,0,3,0,0,2,0,1,132,15551,374.895505112211,21.9921548453476,44.3058324223523,1.0,,,2016-04-18 19:27:39,passed,150,[123998647],519,123998647,java,ok,6,java-maven,junit,1.0,,294,0,294,0,,18.56,,0
135900683,caelum/mamute,0.0,,,java,,master,,,merge_found,,,,4,a05597be8a579ee3c9eaa19f28d0f59816f2e843,1,a05597be8a579ee3c9eaa19f28d0f59816f2e843,,a05597be8a579ee3c9eaa19f28d0f59816f2e843,,0,,7,0,0,0,1,0,0,1,0,0,34,15556,374.775006428388,21.985086140396,44.2915916688095,1.0,,,2016-06-07 15:22:29,passed,152,[135900686],529,135900686,java,ok,4,java-maven,junit,1.0,,294,0,294,0,,21.56,,0
136939673,caelum/mamute,0.0,,,java,,master,,,merge_found,,,,4,1a174d51687401ac175801c8abe53a0bd099a11a,1,1a174d51687401ac175801c8abe53a0bd099a11a,,1a174d51687401ac175801c8abe53a0bd099a11a,,0,,17,0,0,0,2,0,0,1,0,1,106,15564,374.582369570804,21.9737856592136,44.2688254947314,1.0,,,2016-06-11 16:25:37,passed,193,[136939674],531,136939674,java,ok,4,java-maven,junit,1.0,,294,0,294,0,,22.61,,0
144475034,caelum/mamute,0.0,,,java,,master,,,merge_found,,,,5,9b22c3343733db2afe0914453c24db0fcaad221f,1,9b22c3343733db2afe0914453c24db0fcaad221f,,9b22c3343733db2afe0914453c24db0fcaad221f,,0,,4,2,0,0,5,0,0,3,0,2,149,15564,374.582369570804,21.9737856592136,44.2688254947314,1.0,,,2016-07-13 14:42:46,passed,186,[144475044],535,144475044,java,ok,6,java-maven,junit,1.0,,294,0,294,0,,22.21,,0
148921758,caelum/mamute,0.0,,,java,,master,,,merge_found,,,,5,cba855e8ad1eff8966ee6239a283f85374c0a968,1,cba855e8ad1eff8966ee6239a283f85374c0a968,,cba855e8ad1eff8966ee6239a283f85374c0a968,,0,,8,0,0,0,1,0,0,1,0,0,11,15564,374.582369570804,21.9737856592136,44.2688254947314,1.0,,,2016-08-01 16:06:33,passed,144,[148921759],537,148921759,java,ok,4,java-maven,junit,1.0,,294,0,294,0,,21.37,,0
151221606,caelum/mamute,0.0,,,java,,master,,,build_found,cba855e8ad1eff8966ee6239a283f85374c0a968,148921758,,5,e2ea0de4fa67d2b7558354b51338e8ab93b4d0dd,1,e2ea0de4fa67d2b7558354b51338e8ab93b4d0dd,,e2ea0de4fa67d2b7558354b51338e8ab93b4d0dd,,0,,0,0,0,0,1,0,0,0,0,1,282,15564,374.582369570804,21.9737856592136,44.2688254947314,1.0,,,2016-08-10 13:55:18,passed,140,[151221608],538,151221608,java,ok,4,java-maven,junit,1.0,,294,0,294,0,,21.62,,0
151843518,caelum/mamute,0.0,,,java,,master,,,merge_found,,,,5,affbe0fe3599d9bab59d60ea3592e06099477596,1,affbe0fe3599d9bab59d60ea3592e06099477596,,affbe0fe3599d9bab59d60ea3592e06099477596,,0,,0,0,0,0,1,0,0,0,0,1,31,15564,374.582369570804,21.9737856592136,44.2688254947314,1.0,,,2016-08-12 15:53:21,passed,136,[151843519],540,151843519,java,ok,5,java-maven,junit,1.0,,294,0,294,0,,23.63,,0
152057617,caelum/mamute,0.0,,,java,,master,,,merge_found,,,,5,a274791501b923e2bf617440ffb1d6ff702dfd37,1,a274791501b923e2bf617440ffb1d6ff702dfd37,,a274791501b923e2bf617440ffb1d6ff702dfd37,,0,,23,0,0,0,3,0,0,2,0,1,114,15573,374.365889680858,21.9610864958582,44.2432415077377,1.0,,,2016-08-13 15:05:21,passed,121,[152057618],544,152057618,java,ok,4,java-maven,junit,1.0,,294,0,294,0,,19.73,,0
152135379,caelum/mamute,0.0,,,java,,master,,,build_found,a274791501b923e2bf617440ffb1d6ff702dfd37,152057617,,5,985a090d5a06d7031735219051565dc789f5ce4b,1,985a090d5a06d7031735219051565dc789f5ce4b,,985a090d5a06d7031735219051565dc789f5ce4b,,0,,0,0,0,0,1,0,0,0,0,1,16,15573,374.365889680858,21.9610864958582,44.2432415077377,1.0,,,2016-08-14 01:53:48,passed,135,[152135380],545,152135380,java,ok,5,java-maven,junit,1.0,,294,0,294,0,,20.74,,0
152951160,caelum/mamute,0.0,,,java,,master,,,merge_found,,,,5,83ae54f91748f297036dfe48a587884fdfde69e1,1,83ae54f91748f297036dfe48a587884fdfde69e1,,83ae54f91748f297036dfe48a587884fdfde69e1,,0,,0,0,0,0,1,0,0,0,0,1,50,15573,374.365889680858,21.9610864958582,44.2432415077377,1.0,,,2016-08-17 12:09:49,passed,174,[152951161],547,152951161,java,ok,8,java-maven,junit,1.0,,294,0,294,0,,20.95,,0
154482947,caelum/mamute,0.0,,,java,,master,,,build_found,83ae54f91748f297036dfe48a587884fdfde69e1,152951160,,5,6dea8ab4d1e602aca877015ed41d5bd742acab0b,1,6dea8ab4d1e602aca877015ed41d5bd742acab0b,,6dea8ab4d1e602aca877015ed41d5bd742acab0b,,0,,0,0,0,0,1,0,0,0,0,1,283,15573,374.365889680858,21.9610864958582,44.2432415077377,1.0,,,2016-08-23 15:12:04,passed,132,[154482950],548,154482950,java,ok,7,java-maven,junit,1.0,,294,0,294,0,,21.79,,0
154490362,caelum/mamute,0.0,,,java,,master,,,build_found,6dea8ab4d1e602aca877015ed41d5bd742acab0b,154483817,,5,98a13112b49ca412288003a42dc9f2cc8809c06d,1,98a13112b49ca412288003a42dc9f2cc8809c06d,,98a13112b49ca412288003a42dc9f2cc8809c06d,,0,,4,0,0,0,2,0,0,2,0,0,5,15573,374.365889680858,21.9610864958582,44.2432415077377,1.0,,,2016-08-23 15:37:52,passed,137,[154490363],550,154490363,java,ok,8,java-maven,junit,1.0,,294,0,294,0,,20.96,,0
