tr_build_id,gh_project_name,gh_is_pr,gh_pr_created_at,gh_pull_req_num,gh_lang,git_merged_with,git_branch,gh_num_commits_in_push,gh_commits_in_push,git_prev_commit_resolution_status,git_prev_built_commit,tr_prev_build,gh_first_commit_created_at,gh_team_size,git_all_built_commits,git_num_all_built_commits,git_trigger_commit,tr_virtual_merged_into,tr_original_commit,gh_num_issue_comments,gh_num_commit_comments,gh_num_pr_comments,git_diff_src_churn,git_diff_test_churn,gh_diff_files_added,gh_diff_files_deleted,gh_diff_files_modified,gh_diff_tests_added,gh_diff_tests_deleted,gh_diff_src_files,gh_diff_doc_files,gh_diff_other_files,gh_num_commits_on_files_touched,gh_sloc,gh_test_lines_per_kloc,gh_test_cases_per_kloc,gh_asserts_cases_per_kloc,gh_by_core_team_member,gh_description_complexity,gh_pushed_at,gh_build_started_at,tr_status,tr_duration,tr_jobs,tr_build_number,tr_job_id,tr_log_lan,tr_log_status,tr_log_setup_time,tr_log_analyzer,tr_log_frameworks,tr_log_bool_tests_ran,tr_log_bool_tests_failed,tr_log_num_tests_ok,tr_log_num_tests_failed,tr_log_num_tests_run,tr_log_num_tests_skipped,tr_log_tests_failed,tr_log_testduration,tr_log_buildduration,build_successful
12174804,dkubb/memoizable,0.0,,,ruby,,master,2,857f4d3f21705fb53362e4284d37d389b5362768#72c8b979312c98699ca478bac8690b7ff4edcd21,no_previous_build,e48f626d06d08414399d38045597e331d7a3e447,,2013-09-28 04:59:00,3,72c8b979312c98699ca478bac8690b7ff4edcd21#857f4d3f21705fb53362e4284d37d389b5362768#e48f626d06d08414399d38045597e331d7a3e447,3,72c8b979312c98699ca478bac8690b7ff4edcd21,,72c8b979312c98699ca478bac8690b7ff4edcd21,,0,,159,32,25,1,5,0,0,12,0,14,1,5,4400.0,0.0,400.0,1.0,,2013-10-05 18:24:23,2013-10-05 18:25:01,passed,580,"[12174805, 12174806, 12174807, 12174808, 12174809, 12174810]",7,12174808,ruby,ok,,ruby,rspec,1.0,,0,0,,0,,0.0,,0
14130988,dkubb/memoizable,0.0,,,ruby,,master,,,merge_found,,,,4,34cb380bf1f1a348a0fea45d148c5b85d110a3b5,1,34cb380bf1f1a348a0fea45d148c5b85d110a3b5,,34cb380bf1f1a348a0fea45d148c5b85d110a3b5,,0,,481,222,7,10,9,0,0,16,0,11,40,145,1165.51724137931,103.448275862069,124.137931034483,1.0,,,2013-11-18 09:36:15,passed,824,"[14130989, 14130990, 14130991, 14130992, 14130993, 14130994, 14130995, 14130996, 14130997, 14130998, 14130999, 14131000]",45,14130989,ruby,ok,,ruby,rspec,1.0,,31,0,31,0,,0.05,,0
14131262,dkubb/memoizable,0.0,,,ruby,,master,1,f3a8a3469e698085e458fec525e676593c24ed9f,build_found,34cb380bf1f1a348a0fea45d148c5b85d110a3b5,14130988,2013-11-18 09:42:36,4,f3a8a3469e698085e458fec525e676593c24ed9f,1,f3a8a3469e698085e458fec525e676593c24ed9f,,f3a8a3469e698085e458fec525e676593c24ed9f,,4,,0,0,0,0,1,0,0,0,0,1,12,145,1165.51724137931,103.448275862069,124.137931034483,1.0,,2013-11-18 09:42:40,2013-11-18 10:07:43,passed,738,"[14131263, 14131264, 14131265, 14131266, 14131267, 14131268, 14131269, 14131270, 14131271, 14131272, 14131273]",46,14131272,java,ok,,java-ant,,0.0,,,,,,,,,0
14145380,dkubb/memoizable,0.0,,,ruby,,master,1,8c03b303f8e071ca8eaeb5c1d6164c1848af6215,build_found,f3a8a3469e698085e458fec525e676593c24ed9f,14131262,2013-11-18 15:47:33,4,8c03b303f8e071ca8eaeb5c1d6164c1848af6215,1,8c03b303f8e071ca8eaeb5c1d6164c1848af6215,,8c03b303f8e071ca8eaeb5c1d6164c1848af6215,,0,,2,0,0,0,1,0,0,1,0,0,4,145,1165.51724137931,103.448275862069,124.137931034483,1.0,,2013-11-18 15:47:43,2013-11-18 15:48:22,passed,980,"[14145381, 14145382, 14145383, 14145384, 14145385, 14145386, 14145387, 14145388, 14145389, 14145390, 14145391]",47,14145389,java,ok,,java-ant,,0.0,,,,,,,,,0
14150038,dkubb/memoizable,0.0,,,ruby,,master,1,960af8e5d8f2d4a7471bd5726744c82db4434bcb,build_found,8c03b303f8e071ca8eaeb5c1d6164c1848af6215,14145394,2013-11-18 17:10:45,4,960af8e5d8f2d4a7471bd5726744c82db4434bcb,1,960af8e5d8f2d4a7471bd5726744c82db4434bcb,,960af8e5d8f2d4a7471bd5726744c82db4434bcb,,0,,0,0,0,0,1,0,0,0,0,1,13,145,1165.51724137931,103.448275862069,124.137931034483,1.0,,2013-11-18 17:12:02,2013-11-18 17:18:46,passed,923,"[14150039, 14150040, 14150041, 14150042, 14150043, 14150044, 14150045, 14150046, 14150047, 14150048, 14150049]",49,14150047,java,ok,,java-ant,,0.0,,,,,,,,,0
14186699,dkubb/memoizable,0.0,,,ruby,,master,1,24670ea6fc6cf56d7808313318a1bce9bde4345f,build_found,960af8e5d8f2d4a7471bd5726744c82db4434bcb,14150038,2013-11-19 08:54:01,4,24670ea6fc6cf56d7808313318a1bce9bde4345f,1,24670ea6fc6cf56d7808313318a1bce9bde4345f,,24670ea6fc6cf56d7808313318a1bce9bde4345f,,0,,0,0,0,0,1,0,0,0,0,1,14,145,1165.51724137931,103.448275862069,124.137931034483,1.0,,2013-11-19 08:54:17,2013-11-19 08:54:55,failed,910,"[14186700, 14186701, 14186702, 14186703, 14186704, 14186705, 14186706, 14186707, 14186708, 14186709, 14186710, 14186711]",50,14186700,ruby,ok,,ruby,rspec,1.0,,31,0,31,0,,0.09,,0
14187176,dkubb/memoizable,0.0,,,ruby,,master,1,dc432ff73a844b7587de260c2cc4cd4bbc393a55,build_found,4ba847728fea6ace9087a5c6572e39867339c9eb,14187116,2013-11-19 09:10:29,4,dc432ff73a844b7587de260c2cc4cd4bbc393a55,1,dc432ff73a844b7587de260c2cc4cd4bbc393a55,,dc432ff73a844b7587de260c2cc4cd4bbc393a55,,0,,2,0,0,0,1,0,0,1,0,0,9,145,1165.51724137931,103.448275862069,124.137931034483,1.0,,2013-11-19 09:10:47,2013-11-19 09:13:11,passed,907,"[14187177, 14187178, 14187179, 14187180, 14187181, 14187182, 14187183, 14187184, 14187185, 14187186, 14187187, 14187188]",52,14187186,java,ok,,java-ant,,0.0,,,,,,,,,0
14187683,dkubb/memoizable,0.0,,,ruby,,master,3,f3a151c6f4ce477fe481ecea3b22aaa17b50de11#70d99a786ef52c09dc06e95988bd8ae054c6ea61#bae49c1319ff1c7cd86085cd036db35b3fd58002,build_found,dc432ff73a844b7587de260c2cc4cd4bbc393a55,14187176,2013-11-19 09:26:29,4,bae49c1319ff1c7cd86085cd036db35b3fd58002#70d99a786ef52c09dc06e95988bd8ae054c6ea61#f3a151c6f4ce477fe481ecea3b22aaa17b50de11,3,bae49c1319ff1c7cd86085cd036db35b3fd58002,,bae49c1319ff1c7cd86085cd036db35b3fd58002,,0,,6,0,0,0,2,0,0,2,0,0,10,145,1165.51724137931,103.448275862069,124.137931034483,1.0,,2013-11-19 09:30:17,2013-11-19 09:30:44,passed,941,"[14187684, 14187685, 14187686, 14187687, 14187688, 14187689, 14187690, 14187691, 14187692, 14187693, 14187694, 14187695]",53,14187687,ruby,ok,,ruby,rspec,1.0,,31,0,31,0,,0.03,,0
14392452,dkubb/memoizable,0.0,,,ruby,,master,1,c84afe105eb58f7a5ce7d9d8c49b66b13395a13f,build_found,5afc097c7270c346c4c8bcda11e59681fddd7b6a,14298205,2013-11-22 21:54:02,4,c84afe105eb58f7a5ce7d9d8c49b66b13395a13f,1,c84afe105eb58f7a5ce7d9d8c49b66b13395a13f,,c84afe105eb58f7a5ce7d9d8c49b66b13395a13f,,0,,0,0,0,0,1,0,0,0,0,1,15,146,1123.28767123288,95.8904109589041,116.438356164384,1.0,,2013-11-22 21:54:47,2013-11-22 21:55:45,failed,781,"[14392453, 14392455, 14392456, 14392457, 14392459, 14392460, 14392461, 14392462, 14392463, 14392464]",55,14392455,ruby,ok,,ruby,rspec,1.0,,27,0,27,0,,0.03,,0
14406343,dkubb/memoizable,0.0,,,ruby,,master,1,9689c70e9244f43ca0a86dc4b20c1c7707fa0336,build_found,c84afe105eb58f7a5ce7d9d8c49b66b13395a13f,14392452,2013-11-23 06:48:34,4,9689c70e9244f43ca0a86dc4b20c1c7707fa0336,1,9689c70e9244f43ca0a86dc4b20c1c7707fa0336,,9689c70e9244f43ca0a86dc4b20c1c7707fa0336,,0,,5,0,0,0,1,0,0,1,0,0,10,146,1123.28767123288,95.8904109589041,116.438356164384,1.0,,2013-11-23 06:48:53,2013-11-23 06:49:33,passed,691,"[14406344, 14406345, 14406346, 14406347, 14406348, 14406349, 14406350, 14406351, 14406352, 14406353]",56,14406348,ruby,ok,,ruby,rspec,1.0,,27,0,27,0,,0.03,,0
14757384,dkubb/memoizable,0.0,,,ruby,,master,2,4f5d7a59b4e8a118cc08b8278a88c562c261cc30#dcca137628faa6ee25518070f45bbb8c7fa6c67d,build_found,9689c70e9244f43ca0a86dc4b20c1c7707fa0336,14406343,2013-12-01 06:59:14,4,dcca137628faa6ee25518070f45bbb8c7fa6c67d#4f5d7a59b4e8a118cc08b8278a88c562c261cc30#8069421812510e2e7c657468a15dfb1a2f7c1250,3,dcca137628faa6ee25518070f45bbb8c7fa6c67d,,dcca137628faa6ee25518070f45bbb8c7fa6c67d,,0,,71,42,1,0,4,0,0,8,0,0,19,151,1264.90066225166,99.3377483443709,125.827814569536,1.0,,2013-12-01 07:05:45,2013-12-01 07:06:20,passed,685,"[14757385, 14757386, 14757387, 14757388, 14757389, 14757390, 14757392, 14757394, 14757395, 14757396]",57,14757392,ruby,ok,,ruby,rspec,1.0,,29,0,29,0,,0.75,,0
14758623,dkubb/memoizable,0.0,,,ruby,,master,1,c77b8ab0a5f7433584f046e7a74881b3a8acdd7c,build_found,dcca137628faa6ee25518070f45bbb8c7fa6c67d,14757384,2013-12-01 08:36:11,4,c77b8ab0a5f7433584f046e7a74881b3a8acdd7c,1,c77b8ab0a5f7433584f046e7a74881b3a8acdd7c,,c77b8ab0a5f7433584f046e7a74881b3a8acdd7c,,0,,37,2,0,0,5,0,0,5,0,0,25,150,1273.33333333333,100.0,126.666666666667,1.0,,2013-12-01 08:38:10,2013-12-01 08:38:40,failed,668,"[14758624, 14758625, 14758626, 14758627, 14758628, 14758629, 14758630, 14758631, 14758632, 14758633]",58,14758631,ruby,ok,,ruby,rspec,1.0,,29,0,29,0,,0.16,,0
14758684,dkubb/memoizable,0.0,,,ruby,,master,1,6c8ba5091d138a3c4b778f9ca2662b475dcc6e93,build_found,c77b8ab0a5f7433584f046e7a74881b3a8acdd7c,14758623,2013-12-01 08:43:21,4,6c8ba5091d138a3c4b778f9ca2662b475dcc6e93,1,6c8ba5091d138a3c4b778f9ca2662b475dcc6e93,,6c8ba5091d138a3c4b778f9ca2662b475dcc6e93,,0,,7,0,0,0,1,0,0,1,0,0,10,153,1248.3660130719,98.0392156862745,124.183006535948,1.0,,2013-12-01 08:43:45,2013-12-01 08:44:10,passed,696,"[14758685, 14758686, 14758687, 14758688, 14758689, 14758690, 14758691, 14758692, 14758693, 14758694]",59,14758693,ruby,ok,,ruby,rspec,1.0,,29,0,29,0,,0.17,,0
14758870,dkubb/memoizable,0.0,,,ruby,,master,1,d39d681467eafb8330297463744e334df3697955,build_found,6c8ba5091d138a3c4b778f9ca2662b475dcc6e93,14758684,2013-12-01 08:47:24,4,d39d681467eafb8330297463744e334df3697955,1,d39d681467eafb8330297463744e334df3697955,,d39d681467eafb8330297463744e334df3697955,,0,,4,2,0,0,2,0,0,2,0,0,13,151,1264.90066225166,99.3377483443709,125.827814569536,1.0,,2013-12-01 08:58:33,2013-12-01 08:59:07,passed,717,"[14758871, 14758872, 14758873, 14758874, 14758875, 14758876, 14758877, 14758878, 14758879, 14758880]",60,14758875,ruby,ok,,ruby,rspec,1.0,,29,0,29,0,,0.04,,0
14786296,dkubb/memoizable,0.0,,,ruby,,master,1,07af9566e23ec5e717fbfb2ecd11a3e62aa4c151,build_found,d39d681467eafb8330297463744e334df3697955,14758870,2013-12-02 01:52:04,4,07af9566e23ec5e717fbfb2ecd11a3e62aa4c151,1,07af9566e23ec5e717fbfb2ecd11a3e62aa4c151,,07af9566e23ec5e717fbfb2ecd11a3e62aa4c151,,0,,6,0,0,0,2,0,0,2,0,0,14,151,1264.90066225166,99.3377483443709,125.827814569536,1.0,,2013-12-02 01:54:10,2013-12-02 01:54:36,passed,653,"[14786297, 14786298, 14786299, 14786300, 14786301, 14786302, 14786303, 14786304, 14786305, 14786306]",63,14786304,ruby,ok,,ruby,rspec,1.0,,29,0,29,0,,0.16,,0
14786749,dkubb/memoizable,0.0,,,ruby,,master,1,cbcc1f811597c1c36882f1c429a5b41659d4bb39,build_found,07af9566e23ec5e717fbfb2ecd11a3e62aa4c151,14786296,2013-12-02 02:05:58,4,cbcc1f811597c1c36882f1c429a5b41659d4bb39,1,cbcc1f811597c1c36882f1c429a5b41659d4bb39,,cbcc1f811597c1c36882f1c429a5b41659d4bb39,,0,,18,8,0,0,13,0,0,13,0,0,46,151,1264.90066225166,99.3377483443709,125.827814569536,1.0,,2013-12-02 02:18:01,2013-12-02 02:18:36,passed,736,"[14786750, 14786751, 14786752, 14786753, 14786754, 14786755, 14786756, 14786757, 14786758, 14786759]",64,14786755,ruby,ok,,ruby,rspec,1.0,,29,0,29,0,,0.03,,0
14789282,dkubb/memoizable,0.0,,,ruby,,master,1,d4523e494b6a365ce697795ad7563b4c39f547d3,build_found,cbcc1f811597c1c36882f1c429a5b41659d4bb39,14786749,2013-12-02 04:00:53,4,d4523e494b6a365ce697795ad7563b4c39f547d3,1,d4523e494b6a365ce697795ad7563b4c39f547d3,,d4523e494b6a365ce697795ad7563b4c39f547d3,,0,,7,0,0,0,1,0,0,1,0,0,11,151,1264.90066225166,99.3377483443709,125.827814569536,1.0,,2013-12-02 04:02:09,2013-12-02 04:02:49,passed,683,"[14789283, 14789284, 14789285, 14789286, 14789287, 14789288, 14789289, 14789290, 14789291, 14789292]",67,14789283,ruby,ok,,ruby,rspec,1.0,,29,0,29,0,,0.08,,0
14789907,dkubb/memoizable,0.0,,,ruby,,master,1,fd7b796535f39ee8c5e610266d6aea2addcf9de3,build_found,d4523e494b6a365ce697795ad7563b4c39f547d3,14789282,2013-12-02 04:28:13,4,fd7b796535f39ee8c5e610266d6aea2addcf9de3,1,fd7b796535f39ee8c5e610266d6aea2addcf9de3,,fd7b796535f39ee8c5e610266d6aea2addcf9de3,,0,,0,40,1,0,1,0,0,2,0,0,15,151,1443.70860927152,119.205298013245,145.695364238411,1.0,,2013-12-02 04:30:10,2013-12-02 04:30:55,failed,772,"[14789908, 14789909, 14789910, 14789911, 14789912, 14789913, 14789914, 14789915, 14789916, 14789917]",72,14789916,ruby,ok,,ruby,rspec,1.0,,32,0,32,0,,0.15,,0
14792718,dkubb/memoizable,0.0,,,ruby,,master,1,919292e9b9ae03a1099da01ffe52894bfaedc6fc,build_found,fd7b796535f39ee8c5e610266d6aea2addcf9de3,14789907,2013-12-02 06:37:40,4,919292e9b9ae03a1099da01ffe52894bfaedc6fc,1,919292e9b9ae03a1099da01ffe52894bfaedc6fc,,919292e9b9ae03a1099da01ffe52894bfaedc6fc,,0,,0,17,0,0,1,0,0,1,0,0,1,151,1456.95364238411,112.582781456954,139.072847682119,1.0,,2013-12-02 06:38:19,2013-12-02 06:38:58,passed,872,"[14792719, 14792720, 14792721, 14792722, 14792723, 14792724, 14792725, 14792726, 14792727, 14792728]",73,14792726,ruby,ok,,ruby,rspec,1.0,,31,0,31,0,,0.15,,0
14793163,dkubb/memoizable,0.0,,,ruby,,master,4,d7c296689142c28100e8b6a34731508083c1c9eb#f3e3c712cb1f6523078d1aa2a49fea7cc689a396#0cc86e9bd6cd1e8dfa3ba7865953fc7eef813143#e0b06ce13d471312d6ed1419d3fd7560b1500acb,build_found,919292e9b9ae03a1099da01ffe52894bfaedc6fc,14792718,2013-12-02 06:49:47,4,e0b06ce13d471312d6ed1419d3fd7560b1500acb#0cc86e9bd6cd1e8dfa3ba7865953fc7eef813143#f3e3c712cb1f6523078d1aa2a49fea7cc689a396#d7c296689142c28100e8b6a34731508083c1c9eb,4,e0b06ce13d471312d6ed1419d3fd7560b1500acb,,e0b06ce13d471312d6ed1419d3fd7560b1500acb,,0,,0,91,3,0,2,0,0,6,0,0,17,151,1788.07947019868,139.072847682119,165.562913907285,1.0,,2013-12-02 06:58:54,2013-12-02 06:59:26,passed,741,"[14793164, 14793165, 14793166, 14793167, 14793168, 14793169, 14793170, 14793171, 14793172, 14793173]",74,14793173,ruby,ok,,ruby,rspec,1.0,,37,0,37,0,,0.2,,0
14844414,dkubb/memoizable,0.0,,,ruby,,master,1,2b21a30f8c50ace2f345d1e38e8f6e3feaf8ac90,build_found,e0b06ce13d471312d6ed1419d3fd7560b1500acb,14793163,2013-12-02 07:25:59,4,2b21a30f8c50ace2f345d1e38e8f6e3feaf8ac90,1,2b21a30f8c50ace2f345d1e38e8f6e3feaf8ac90,,2b21a30f8c50ace2f345d1e38e8f6e3feaf8ac90,,0,,0,14,0,0,4,0,0,4,0,0,6,151,1788.07947019868,139.072847682119,165.562913907285,1.0,,2013-12-03 03:46:01,2013-12-03 03:46:37,passed,737,"[14844415, 14844416, 14844417, 14844418, 14844419, 14844420, 14844421, 14844422, 14844423, 14844424]",79,14844422,ruby,ok,,ruby,rspec,1.0,,37,0,37,0,,0.16,,0
14962517,dkubb/memoizable,0.0,,,ruby,,master,6,742acf57d6a9002d81dbbcd119962a7dd3c0d430#75ec8f35a921f4a08250e49c10d6cbd992d93e97#882fa5e3170d5669260995f447523cad2b385897#a0fdf7d28b27ed66bf6f450c20541359d173179a#d7695db8e2b4b9bef6a5914002cacccd602a3d71#a06fa4f29195f9a588c829e963b532f49b046722,build_found,2b21a30f8c50ace2f345d1e38e8f6e3feaf8ac90,14844414,2013-12-03 05:34:07,4,a06fa4f29195f9a588c829e963b532f49b046722#d7695db8e2b4b9bef6a5914002cacccd602a3d71#a0fdf7d28b27ed66bf6f450c20541359d173179a#882fa5e3170d5669260995f447523cad2b385897#75ec8f35a921f4a08250e49c10d6cbd992d93e97#742acf57d6a9002d81dbbcd119962a7dd3c0d430,6,a06fa4f29195f9a588c829e963b532f49b046722,,a06fa4f29195f9a588c829e963b532f49b046722,,0,,7,164,4,0,3,0,0,7,0,0,11,150,2420.0,186.666666666667,226.666666666667,1.0,,2013-12-05 03:49:17,2013-12-05 03:49:55,passed,785,"[14962518, 14962519, 14962520, 14962521, 14962522, 14962523, 14962524, 14962525, 14962526, 14962527]",81,14962518,ruby,ok,,ruby,rspec,1.0,,54,0,54,0,,0.07,,0
14962965,dkubb/memoizable,0.0,,,ruby,,master,1,4c46240e83b1d9c72a66d172b40bb5fb0af43b8a,build_found,a06fa4f29195f9a588c829e963b532f49b046722,14962517,2013-12-05 03:52:42,4,4c46240e83b1d9c72a66d172b40bb5fb0af43b8a,1,4c46240e83b1d9c72a66d172b40bb5fb0af43b8a,,4c46240e83b1d9c72a66d172b40bb5fb0af43b8a,,0,,0,2,0,0,1,0,0,1,0,0,1,150,2420.0,186.666666666667,226.666666666667,1.0,,2013-12-05 04:06:56,2013-12-05 04:07:29,passed,738,"[14962966, 14962967, 14962968, 14962969, 14962970, 14962971, 14962972, 14962973, 14962974, 14962975]",82,14962966,ruby,ok,,ruby,rspec,1.0,,54,0,54,0,,0.08,,0
14968827,dkubb/memoizable,0.0,,,ruby,,master,2,b4196c5149687a1644acc455574394aa445891af#2f5d7573a61ce9bd6150ad7fb5996c775e181e96,build_found,4c46240e83b1d9c72a66d172b40bb5fb0af43b8a,14962965,2013-12-05 07:14:46,4,2f5d7573a61ce9bd6150ad7fb5996c775e181e96#b4196c5149687a1644acc455574394aa445891af,2,2f5d7573a61ce9bd6150ad7fb5996c775e181e96,,2f5d7573a61ce9bd6150ad7fb5996c775e181e96,,0,,0,81,1,0,2,0,0,3,0,0,3,150,2673.33333333333,206.666666666667,260.0,1.0,,2013-12-05 07:27:57,2013-12-05 07:28:38,passed,687,"[14968828, 14968829, 14968830, 14968831, 14968832, 14968833, 14968834, 14968835, 14968836, 14968837]",85,14968831,ruby,ok,,ruby,rspec,1.0,,60,0,60,0,,0.06,,0
15041646,dkubb/memoizable,0.0,,,ruby,,master,2,029b216ca59bf3a0b9a8248eb8a10752738ab905#1a093080f5e3e2e7e7f1b615ed4d732e0baad001,merge_found,,,2013-12-06 14:16:11,4,1a093080f5e3e2e7e7f1b615ed4d732e0baad001,1,1a093080f5e3e2e7e7f1b615ed4d732e0baad001,,1a093080f5e3e2e7e7f1b615ed4d732e0baad001,,0,,2,6,0,0,3,0,0,3,0,0,13,150,2673.33333333333,206.666666666667,260.0,1.0,,2013-12-06 14:41:16,2013-12-06 15:03:36,passed,824,"[15041647, 15041648, 15041649, 15041650, 15041651, 15041652, 15041653, 15041654, 15041655, 15041656]",89,15041648,ruby,ok,,ruby,rspec,1.0,,60,0,60,0,,0.27,,0
15383392,dkubb/memoizable,0.0,,,ruby,,master,1,09d0f834f1d1dc2ca6ac90b884f87a8c312dd90b,build_found,1a093080f5e3e2e7e7f1b615ed4d732e0baad001,15041646,2013-12-13 05:45:45,4,09d0f834f1d1dc2ca6ac90b884f87a8c312dd90b,1,09d0f834f1d1dc2ca6ac90b884f87a8c312dd90b,,09d0f834f1d1dc2ca6ac90b884f87a8c312dd90b,,0,,7,0,0,0,1,0,0,1,0,0,9,149,2691.27516778523,208.053691275168,261.744966442953,1.0,,2013-12-13 05:47:10,2013-12-13 05:47:43,passed,735,"[15383393, 15383394, 15383395, 15383396, 15383397, 15383398, 15383399, 15383400, 15383401, 15383402]",90,15383402,ruby,ok,,ruby,rspec,1.0,,60,0,60,0,,0.22,,0
15385385,dkubb/memoizable,1.0,2013-12-13 06:14:17,8,ruby,merge_button,master,2,c54f29ddeebbc31eb65fd04463074fa9a6025487#a79e3ed1563f256fd8b5e4743f02fe4c1d77b828,build_found,09d0f834f1d1dc2ca6ac90b884f87a8c312dd90b,15383392,2013-12-13 06:23:32,4,c54f29ddeebbc31eb65fd04463074fa9a6025487,1,c54f29ddeebbc31eb65fd04463074fa9a6025487,09d0f834f1d1dc2ca6ac90b884f87a8c312dd90b,de7561c655546eea2e89d11dac7592b1681ca38d,0,0,0,18,10,0,0,3,0,0,3,0,0,16,155,2632.25806451613,206.451612903226,258.064516129032,1.0,117,2013-12-14 08:24:54,2013-12-13 07:18:15,passed,668,"[15385386, 15385387, 15385388, 15385389, 15385390, 15385391, 15385392, 15385393, 15385394, 15385395]",93,15385388,ruby,ok,,ruby,rspec,1.0,,63,0,63,0,,0.06,,0
15438685,dkubb/memoizable,0.0,,,ruby,,master,2,c54f29ddeebbc31eb65fd04463074fa9a6025487#a79e3ed1563f256fd8b5e4743f02fe4c1d77b828,merge_found,,,2013-12-13 06:23:32,4,a79e3ed1563f256fd8b5e4743f02fe4c1d77b828,1,a79e3ed1563f256fd8b5e4743f02fe4c1d77b828,,a79e3ed1563f256fd8b5e4743f02fe4c1d77b828,,0,,18,10,0,0,3,0,0,3,0,0,17,155,2632.25806451613,206.451612903226,258.064516129032,1.0,,2013-12-14 08:24:54,2013-12-14 08:25:41,passed,690,"[15438688, 15438691, 15438692, 15438693, 15438694, 15438695, 15438696, 15438697, 15438698, 15438699]",94,15438688,ruby,ok,,ruby,rspec,1.0,,59,0,59,0,,0.08,,0
15438874,dkubb/memoizable,0.0,,,ruby,,master,1,75a2a6d7cba1687db48f05ce57aa49077f34c56b,build_found,a79e3ed1563f256fd8b5e4743f02fe4c1d77b828,15438685,2013-12-14 08:30:41,4,75a2a6d7cba1687db48f05ce57aa49077f34c56b,1,75a2a6d7cba1687db48f05ce57aa49077f34c56b,,75a2a6d7cba1687db48f05ce57aa49077f34c56b,,0,,0,6,0,0,2,0,0,2,0,0,10,155,2632.25806451613,206.451612903226,258.064516129032,1.0,,2013-12-14 08:32:08,2013-12-14 08:32:51,passed,716,"[15438875, 15438876, 15438877, 15438878, 15438879, 15438880, 15438881, 15438882, 15438883, 15438884]",95,15438882,ruby,ok,,ruby,rspec,1.0,,59,0,59,0,,0.67,,0
15457119,dkubb/memoizable,0.0,,,ruby,,master,3,8baa7671a3fdcb26f25660fa9fbb5457f566a5ee#8355589dc77062f5d634dbf9fd4cbce70e2c8fe1#1a24f7554d9ead6b757ec4969aa828ee9b4f28ec,build_found,75a2a6d7cba1687db48f05ce57aa49077f34c56b,15438874,2013-12-14 18:53:01,4,1a24f7554d9ead6b757ec4969aa828ee9b4f28ec#8355589dc77062f5d634dbf9fd4cbce70e2c8fe1#8baa7671a3fdcb26f25660fa9fbb5457f566a5ee,3,1a24f7554d9ead6b757ec4969aa828ee9b4f28ec,,1a24f7554d9ead6b757ec4969aa828ee9b4f28ec,,0,,17,0,0,0,1,0,0,1,0,0,13,157,2598.72611464968,203.821656050955,254.777070063694,1.0,,2013-12-14 19:53:48,2013-12-14 19:54:23,passed,677,"[15457120, 15457121, 15457122, 15457123, 15457124, 15457125, 15457126, 15457127, 15457128, 15457129]",97,15457120,ruby,ok,,ruby,rspec,1.0,,59,0,59,0,,0.08,,0
15461734,dkubb/memoizable,0.0,,,ruby,,master,1,6ace275dc7f3d4a215b4ee4bfed4e5307773d8fa,build_found,1a24f7554d9ead6b757ec4969aa828ee9b4f28ec,15457119,2013-12-14 22:30:03,4,6ace275dc7f3d4a215b4ee4bfed4e5307773d8fa,1,6ace275dc7f3d4a215b4ee4bfed4e5307773d8fa,,6ace275dc7f3d4a215b4ee4bfed4e5307773d8fa,,0,,2,0,0,0,1,0,0,1,0,0,6,157,2598.72611464968,203.821656050955,254.777070063694,1.0,,2013-12-14 22:30:13,2013-12-14 22:30:46,passed,686,"[15461735, 15461736, 15461737, 15461738, 15461739, 15461740, 15461741, 15461742, 15461743, 15461744]",98,15461737,ruby,ok,,ruby,rspec,1.0,,63,0,63,0,,0.07,,0
15474624,dkubb/memoizable,1.0,2013-12-15 08:55:27,9,ruby,merge_button,master,1,2cd167d686e4d4760aaf3281401ceb333affbbdf,build_found,6ace275dc7f3d4a215b4ee4bfed4e5307773d8fa,15461749,2013-12-15 09:48:40,4,2cd167d686e4d4760aaf3281401ceb333affbbdf,1,2cd167d686e4d4760aaf3281401ceb333affbbdf,6ace275dc7f3d4a215b4ee4bfed4e5307773d8fa,f7eac9cb956c030e287f033679b8ccfb32311b0f,0,0,0,14,0,0,0,2,0,0,2,0,0,22,165,2472.72727272727,193.939393939394,242.424242424242,1.0,23,2013-12-15 09:57:39,2013-12-15 10:05:02,passed,692,"[15474625, 15474626, 15474627, 15474628, 15474629, 15474630, 15474631, 15474632, 15474633, 15474634]",103,15474630,ruby,ok,,ruby,rspec,1.0,,63,0,63,0,,0.03,,0
15478635,dkubb/memoizable,0.0,,,ruby,,master,2,2cd167d686e4d4760aaf3281401ceb333affbbdf#b989d072d58ebde5c3059671e6d01872c28095e0,merge_found,,,2013-12-15 09:48:40,4,b989d072d58ebde5c3059671e6d01872c28095e0,1,b989d072d58ebde5c3059671e6d01872c28095e0,,b989d072d58ebde5c3059671e6d01872c28095e0,,0,,14,0,0,0,2,0,0,2,0,0,23,165,2472.72727272727,193.939393939394,242.424242424242,1.0,,2013-12-15 13:07:53,2013-12-15 13:08:34,passed,709,"[15478636, 15478637, 15478638, 15478639, 15478640, 15478641, 15478642, 15478643, 15478644, 15478645]",104,15478639,ruby,ok,,ruby,rspec,1.0,,63,0,63,0,,0.05,,0
15489574,dkubb/memoizable,0.0,,,ruby,,master,2,27ec4c9d76c633602057b26d2936e05405793441#93920a8ac623b432d76a1a72c790ee7e0fbf1f61,build_found,b989d072d58ebde5c3059671e6d01872c28095e0,15478635,2013-12-15 19:24:48,4,93920a8ac623b432d76a1a72c790ee7e0fbf1f61#27ec4c9d76c633602057b26d2936e05405793441,2,93920a8ac623b432d76a1a72c790ee7e0fbf1f61,,93920a8ac623b432d76a1a72c790ee7e0fbf1f61,,0,,0,0,0,0,1,0,0,0,0,1,16,165,2472.72727272727,193.939393939394,242.424242424242,1.0,,2013-12-15 19:26:14,2013-12-15 19:27:00,passed,728,"[15489575, 15489576, 15489577, 15489578, 15489579, 15489580, 15489581, 15489582, 15489583, 15489584]",105,15489575,ruby,ok,,ruby,rspec,1.0,,59,0,59,0,,0.11,,0
15510255,dkubb/memoizable,0.0,,,ruby,,master,1,2924a9ea8afa378b63134b7d83ccc3f29691c909,build_found,93920a8ac623b432d76a1a72c790ee7e0fbf1f61,15489574,2013-12-16 06:52:35,4,2924a9ea8afa378b63134b7d83ccc3f29691c909,1,2924a9ea8afa378b63134b7d83ccc3f29691c909,,2924a9ea8afa378b63134b7d83ccc3f29691c909,,0,,14,0,0,0,2,0,0,2,0,0,20,161,2534.16149068323,198.757763975155,248.447204968944,1.0,,2013-12-16 06:53:49,2013-12-16 06:54:16,passed,662,"[15510256, 15510257, 15510258, 15510259, 15510260, 15510261, 15510262, 15510263, 15510264, 15510265]",106,15510259,ruby,ok,,ruby,rspec,1.0,,63,0,63,0,,0.05,,0
15618182,dkubb/memoizable,0.0,,,ruby,,master,1,670b88303afa314627930145f288c50ee413cca9,build_found,2924a9ea8afa378b63134b7d83ccc3f29691c909,15510255,2013-12-18 00:17:28,4,670b88303afa314627930145f288c50ee413cca9,1,670b88303afa314627930145f288c50ee413cca9,,670b88303afa314627930145f288c50ee413cca9,,0,,2,0,0,0,1,0,0,1,0,0,7,161,2534.16149068323,198.757763975155,248.447204968944,1.0,,2013-12-18 00:17:40,2013-12-18 00:18:45,passed,814,"[15618183, 15618184, 15618185, 15618186, 15618187, 15618188, 15618189, 15618190, 15618191, 15618192]",107,15618183,ruby,ok,,ruby,rspec,1.0,,59,0,59,0,,0.07,,0
15807756,dkubb/memoizable,0.0,,,ruby,,master,1,01c7378edc83800f0cd7c63a3ed3eaeffd0aac2c,build_found,670b88303afa314627930145f288c50ee413cca9,15618205,2013-12-21 07:27:41,4,01c7378edc83800f0cd7c63a3ed3eaeffd0aac2c,1,01c7378edc83800f0cd7c63a3ed3eaeffd0aac2c,,01c7378edc83800f0cd7c63a3ed3eaeffd0aac2c,,0,,0,0,0,0,1,0,0,0,0,1,18,161,2534.16149068323,198.757763975155,248.447204968944,1.0,,2013-12-21 07:28:57,2013-12-21 07:48:35,passed,1222,"[15807758, 15807759, 15807760, 15807761, 15807762, 15807763, 15807764, 15807765, 15807766, 15807767, 15807768, 15807769]",112,15807759,ruby,ok,,ruby,rspec,1.0,,59,0,59,0,,0.09,,0
15858752,dkubb/memoizable,1.0,2013-12-22 18:41:30,12,ruby,merge_button,master,6,0cdfc8ad7a8841a19e39cbf881afbbc7c6cbd123#6d0792198ae7fb54ed7daf19616278e20040c5f9#3527326c0082580a0f2ecebfdd9f2f423803a131#30eabc8efedf681ce45ccc3e37b90ca2c4c499a0#be5db41f5fbf610588026b230878dc7b1a13d541#3e01dbbe9005e6c5be3bd8e64dbde069ecde711e,build_found,670b88303afa314627930145f288c50ee413cca9,15618205,2013-12-19 14:03:47,4,30eabc8efedf681ce45ccc3e37b90ca2c4c499a0#3527326c0082580a0f2ecebfdd9f2f423803a131#6d0792198ae7fb54ed7daf19616278e20040c5f9#0cdfc8ad7a8841a19e39cbf881afbbc7c6cbd123,4,30eabc8efedf681ce45ccc3e37b90ca2c4c499a0,01c7378edc83800f0cd7c63a3ed3eaeffd0aac2c,a3a298628d12b43f84db1016c8c493fa95ac9188,2,2,0,26,62,2,0,2,0,0,3,0,0,19,168,2684.52380952381,220.238095238095,273.809523809524,0.0,22,2013-12-22 22:24:07,2013-12-22 19:42:01,passed,1285,"[15858753, 15858754, 15858755, 15858756, 15858757, 15858758, 15858759, 15858760, 15858761, 15858762, 15858763, 15858764]",113,15858759,ruby,ok,,ruby,rspec,1.0,,68,0,68,0,,0.04,,0
15863756,dkubb/memoizable,0.0,,,ruby,,master,6,0cdfc8ad7a8841a19e39cbf881afbbc7c6cbd123#6d0792198ae7fb54ed7daf19616278e20040c5f9#3527326c0082580a0f2ecebfdd9f2f423803a131#30eabc8efedf681ce45ccc3e37b90ca2c4c499a0#be5db41f5fbf610588026b230878dc7b1a13d541#3e01dbbe9005e6c5be3bd8e64dbde069ecde711e,merge_found,,,2013-12-19 14:03:47,4,3e01dbbe9005e6c5be3bd8e64dbde069ecde711e,1,3e01dbbe9005e6c5be3bd8e64dbde069ecde711e,,3e01dbbe9005e6c5be3bd8e64dbde069ecde711e,,0,,26,58,2,0,1,0,0,3,0,0,24,168,2684.52380952381,220.238095238095,273.809523809524,1.0,,2013-12-22 22:24:07,2013-12-22 22:24:46,failed,681,"[15863757, 15863758, 15863759, 15863760, 15863761, 15863762, 15863763, 15863764, 15863765, 15863766, 15863767, 15863769]",115,15863769,ruby,ok,,ruby,rspec,1.0,,68,0,68,0,,0.21,,0
15876382,dkubb/memoizable,0.0,,,ruby,,master,5,1f4a430b1692bdb80618b692ab12d31aa6ef7d2b#088d10ea339b4aa6ead85dd468be60e483422e4e#0718589c83207c5c34655e6818378281c9ac348e#f6361806e8184c6a5dd6f1b9b0d193218d79bfb5#b0eb31d9cc4354b4b60c02d2a9dee8a1562b21b3,build_found,3e01dbbe9005e6c5be3bd8e64dbde069ecde711e,15863756,2013-12-23 07:57:06,4,b0eb31d9cc4354b4b60c02d2a9dee8a1562b21b3#f6361806e8184c6a5dd6f1b9b0d193218d79bfb5#0718589c83207c5c34655e6818378281c9ac348e#088d10ea339b4aa6ead85dd468be60e483422e4e#1f4a430b1692bdb80618b692ab12d31aa6ef7d2b,5,b0eb31d9cc4354b4b60c02d2a9dee8a1562b21b3,,b0eb31d9cc4354b4b60c02d2a9dee8a1562b21b3,,0,,38,0,0,0,2,0,0,2,0,0,29,167,2700.59880239521,221.556886227545,275.449101796407,1.0,,2013-12-23 08:14:49,2013-12-23 08:15:26,passed,1206,"[15876383, 15876384, 15876385, 15876386, 15876387, 15876388, 15876389, 15876390, 15876391, 15876394, 15876395, 15876396]",116,15876384,ruby,ok,,ruby,rspec,1.0,,64,0,64,0,,0.11,,0
15888007,dkubb/memoizable,0.0,,,ruby,,master,1,23c049be70e6fb1a0225af4a2c29e5105ed2b06a,build_found,b0eb31d9cc4354b4b60c02d2a9dee8a1562b21b3,15876382,2013-12-23 14:43:57,4,23c049be70e6fb1a0225af4a2c29e5105ed2b06a,1,23c049be70e6fb1a0225af4a2c29e5105ed2b06a,,23c049be70e6fb1a0225af4a2c29e5105ed2b06a,,0,,0,0,0,0,1,0,0,0,0,1,19,167,2700.59880239521,221.556886227545,275.449101796407,1.0,,2013-12-23 14:43:59,2013-12-23 14:44:38,passed,1255,"[15888008, 15888009, 15888010, 15888011, 15888012, 15888013, 15888014, 15888015, 15888016, 15888017, 15888018, 15888019]",119,15888011,ruby,ok,,ruby,rspec,1.0,,68,0,68,0,,0.06,,0
15894688,dkubb/memoizable,0.0,,,ruby,,master,1,ae7558535380e5b21030c16b2cbe85ecfbe3766a,build_found,23c049be70e6fb1a0225af4a2c29e5105ed2b06a,15888007,2013-12-05 04:06:22,4,ae7558535380e5b21030c16b2cbe85ecfbe3766a,1,ae7558535380e5b21030c16b2cbe85ecfbe3766a,,ae7558535380e5b21030c16b2cbe85ecfbe3766a,,0,,0,0,0,0,1,0,0,0,0,1,3,167,2700.59880239521,221.556886227545,275.449101796407,1.0,,2013-12-23 17:25:28,2013-12-23 17:36:09,passed,1347,"[15894689, 15894690, 15894691, 15894692, 15894693, 15894694, 15894695, 15894696, 15894697, 15894698, 15894699, 15894700]",120,15894691,ruby,ok,,ruby,rspec,1.0,,68,0,68,0,,0.06,,0
15913194,dkubb/memoizable,0.0,,,ruby,,master,1,b9ac62418ee6f00ffb920809b7a7448056000c47,build_found,ae7558535380e5b21030c16b2cbe85ecfbe3766a,15894688,2013-12-24 01:14:22,4,b9ac62418ee6f00ffb920809b7a7448056000c47,1,b9ac62418ee6f00ffb920809b7a7448056000c47,,b9ac62418ee6f00ffb920809b7a7448056000c47,,0,,32,0,0,0,1,0,0,1,0,0,6,167,2700.59880239521,221.556886227545,275.449101796407,1.0,,2013-12-24 01:14:36,2013-12-24 01:15:13,passed,1249,"[15913195, 15913196, 15913197, 15913198, 15913199, 15913200, 15913201, 15913202, 15913203, 15913204, 15913205, 15913206]",123,15913197,ruby,ok,,ruby,rspec,1.0,,68,0,68,0,,0.06,,0
15913765,dkubb/memoizable,0.0,,,ruby,,master,1,65839c5634f7cf20a20dbe7c5366998a7c536d60,build_found,b9ac62418ee6f00ffb920809b7a7448056000c47,15913194,2013-12-24 01:32:19,4,65839c5634f7cf20a20dbe7c5366998a7c536d60,1,65839c5634f7cf20a20dbe7c5366998a7c536d60,,65839c5634f7cf20a20dbe7c5366998a7c536d60,,0,,6,0,0,0,2,0,0,2,0,0,15,167,2700.59880239521,221.556886227545,275.449101796407,1.0,,2013-12-24 01:32:28,2013-12-24 01:33:02,passed,1173,"[15913766, 15913767, 15913768, 15913769, 15913770, 15913771, 15913772, 15913773, 15913774, 15913775, 15913776, 15913777]",126,15913772,ruby,ok,,ruby,rspec,1.0,,68,0,68,0,,0.04,,0
15967508,dkubb/memoizable,0.0,,,ruby,,master,1,b83b2db0a798e9ba29d830bdf6aeaf6e4cae74d9,build_found,65839c5634f7cf20a20dbe7c5366998a7c536d60,15913801,2013-12-25 20:09:37,4,b83b2db0a798e9ba29d830bdf6aeaf6e4cae74d9,1,b83b2db0a798e9ba29d830bdf6aeaf6e4cae74d9,,b83b2db0a798e9ba29d830bdf6aeaf6e4cae74d9,,0,,1,0,0,0,2,0,0,1,0,1,25,167,2700.59880239521,221.556886227545,275.449101796407,1.0,,2013-12-25 20:09:40,2013-12-25 20:13:31,passed,1552,"[15967509, 15967510, 15967511, 15967512, 15967513, 15967514, 15967515, 15967516, 15967517, 15967518, 15967519, 15967520, 15967521]",128,15967516,ruby,ok,,ruby,rspec,1.0,,68,0,68,0,,0.62,,0
16193059,dkubb/memoizable,0.0,,,ruby,,master,1,510edc90020548cff3acba53ab29e01f70ad52ac,build_found,55e2a9c6c1019df6fc81103185475a2b80212ad7,16192360,2013-12-31 16:35:31,4,510edc90020548cff3acba53ab29e01f70ad52ac,1,510edc90020548cff3acba53ab29e01f70ad52ac,,510edc90020548cff3acba53ab29e01f70ad52ac,,0,,0,0,0,0,1,0,0,0,0,1,22,167,2700.59880239521,221.556886227545,275.449101796407,1.0,,2013-12-31 16:37:07,2013-12-31 16:56:59,passed,953,"[16193060, 16193061, 16193062, 16193063, 16193064, 16193065, 16193066, 16193067, 16193068, 16193069, 16193070]",134,16193066,ruby,ok,,ruby,rspec,1.0,,68,0,68,0,,0.03,,0
16193106,dkubb/memoizable,1.0,2013-12-02 00:21:29,4,ruby,unknown,master,11,659a6c686ce75aa07c392368239401d2f3cd1ab2#0d62eaf7a31cc164ec35c2d3be4629319d477a31#5bead39d18961b92099bdff99e0dfdca836d0237#60d953e195bddc7f119e2e73129bef9898670073#95213961a48a6457164259f13c2fcfa748231f0c#b1f3c1b206b19def8854681026422a621a3e0870#f8e8215533e7d095b85c11eeec3e2c0375880052#d4698b33d4144cb156408a79e111d2d3ad76aacf#fd1b51de910cf5fe6ac8f5b884af3d0fffd782d8#866ff47c0c975ac3401479cc1cf13324cbdd1f99#0723487151f12730b04ee4d11a2446a30b32961d,build_found,510edc90020548cff3acba53ab29e01f70ad52ac,16193059,2013-12-05 04:06:22,4,0723487151f12730b04ee4d11a2446a30b32961d#866ff47c0c975ac3401479cc1cf13324cbdd1f99#fd1b51de910cf5fe6ac8f5b884af3d0fffd782d8#d4698b33d4144cb156408a79e111d2d3ad76aacf#f8e8215533e7d095b85c11eeec3e2c0375880052#b1f3c1b206b19def8854681026422a621a3e0870#95213961a48a6457164259f13c2fcfa748231f0c#60d953e195bddc7f119e2e73129bef9898670073#5bead39d18961b92099bdff99e0dfdca836d0237#0d62eaf7a31cc164ec35c2d3be4629319d477a31#659a6c686ce75aa07c392368239401d2f3cd1ab2,11,0723487151f12730b04ee4d11a2446a30b32961d,510edc90020548cff3acba53ab29e01f70ad52ac,23e160f8f5725c9b47ac7b3cc31cd3304a2ba633,0,0,0,68,60,10,1,18,0,0,14,0,10,78,167,2664.67065868263,215.568862275449,269.461077844311,1.0,75,2013-12-31 16:37:49,2013-12-31 17:21:52,passed,944,"[16193107, 16193108, 16193109, 16193110, 16193111, 16193112, 16193113]",136,16193111,ruby,ok,,ruby,rspec,1.0,,66,0,66,0,,0.37,,0
18722859,dkubb/memoizable,0.0,,,ruby,,master,1,03e921512f01614ff4958aeeeff5b9ff711a4f1f,build_found,510edc90020548cff3acba53ab29e01f70ad52ac,16193059,2014-02-12 11:43:02,4,03e921512f01614ff4958aeeeff5b9ff711a4f1f,1,03e921512f01614ff4958aeeeff5b9ff711a4f1f,,03e921512f01614ff4958aeeeff5b9ff711a4f1f,,0,,7,0,0,0,2,0,0,1,0,1,31,167,2700.59880239521,221.556886227545,275.449101796407,1.0,,2014-02-12 11:43:19,2014-02-12 11:45:20,passed,961,"[18722860, 18722861, 18722862, 18722863, 18722864, 18722865, 18722866, 18722867, 18722868, 18722869, 18722870]",137,18722870,ruby,ok,,ruby,rspec,1.0,,68,0,68,0,,0.2,,0
20063052,dkubb/memoizable,1.0,2014-03-04 14:52:38,14,ruby,commits_in_master,master,2,faf2c2e3c3aab2f2ec9d9128911f11117c08332d#8595213e0c711f94a1ba437942f3c1e63ec951ae,build_found,03e921512f01614ff4958aeeeff5b9ff711a4f1f,18722859,2014-03-04 15:49:40,4,faf2c2e3c3aab2f2ec9d9128911f11117c08332d#d5f8a5fcf3bfa47e2cef8c8619780de5970ca848,2,faf2c2e3c3aab2f2ec9d9128911f11117c08332d,d5f8a5fcf3bfa47e2cef8c8619780de5970ca848,b236636c13c5832d2ccb0db1371699180d136387,0,0,0,16,0,0,0,2,0,0,2,0,0,17,167,2700.59880239521,221.556886227545,275.449101796407,0.0,29,2014-03-04 17:18:19,2014-03-04 15:53:17,passed,1230,"[20063053, 20063054, 20063055, 20063056, 20063057, 20063058, 20063059, 20063060, 20063061, 20063062, 20063063]",138,20063062,ruby,ok,,ruby,rspec,1.0,,68,0,68,0,,0.98,,0
20070061,dkubb/memoizable,0.0,,,ruby,,master,2,faf2c2e3c3aab2f2ec9d9128911f11117c08332d#8595213e0c711f94a1ba437942f3c1e63ec951ae,merge_found,,,2014-03-04 15:49:40,4,8595213e0c711f94a1ba437942f3c1e63ec951ae,1,8595213e0c711f94a1ba437942f3c1e63ec951ae,,8595213e0c711f94a1ba437942f3c1e63ec951ae,,0,,2,0,0,0,1,0,0,1,0,0,14,167,2700.59880239521,221.556886227545,275.449101796407,1.0,,2014-03-04 17:18:19,2014-03-04 17:33:31,passed,1448,"[20070062, 20070063, 20070064, 20070065, 20070066, 20070067, 20070068, 20070069, 20070070, 20070071, 20070072]",139,20070063,ruby,ok,,ruby,rspec,1.0,,64,0,64,0,,0.11,,0
20075366,dkubb/memoizable,0.0,,,ruby,,master,1,c17f136dbece2fc7b6083a9b6c1138e356d1d9c1,build_found,8595213e0c711f94a1ba437942f3c1e63ec951ae,20070061,2014-03-04 18:32:07,4,c17f136dbece2fc7b6083a9b6c1138e356d1d9c1,1,c17f136dbece2fc7b6083a9b6c1138e356d1d9c1,,c17f136dbece2fc7b6083a9b6c1138e356d1d9c1,,0,,2,0,0,0,1,0,0,1,0,0,9,167,2700.59880239521,221.556886227545,275.449101796407,1.0,,2014-03-04 18:32:12,2014-03-04 18:34:11,passed,1195,"[20075367, 20075368, 20075369, 20075370, 20075371, 20075372, 20075373, 20075375, 20075377, 20075378, 20075379]",140,20075371,ruby,ok,,ruby,rspec,1.0,,68,0,68,0,,0.07,,0
29486420,dkubb/memoizable,0.0,,,ruby,,master,1,49a9dff101636edc6344945fa4efb2518211459d,build_found,ee2b8986626e04feb837891fe6b5d9f531d733f3,21647141,2014-07-09 08:40:33,4,49a9dff101636edc6344945fa4efb2518211459d,1,49a9dff101636edc6344945fa4efb2518211459d,,49a9dff101636edc6344945fa4efb2518211459d,,0,,3,0,0,0,1,0,0,1,0,0,17,167,2700.59880239521,221.556886227545,275.449101796407,1.0,,2014-07-09 08:52:13,2014-07-09 08:53:08,failed,41,"[29486421, 29486422, 29486423, 29486424, 29486425, 29486426, 29486427, 29486428, 29486429, 29486430, 29486431, 29486432, 29486433, 29486434]",150,29486427,ruby,ok,,ruby,rspec,1.0,,68,0,68,0,,0.05,,0
30521477,dkubb/memoizable,0.0,,,ruby,,master,,,build_found,49a9dff101636edc6344945fa4efb2518211459d,29486420,,4,475c1190f845f27723e591dcd69b8ba0e9b2ac36#376df083a214198d0f6804b4480466b778e4d4f2,2,475c1190f845f27723e591dcd69b8ba0e9b2ac36,,475c1190f845f27723e591dcd69b8ba0e9b2ac36,,0,,4,29,0,0,3,0,0,2,0,1,55,167,2694.61077844311,221.556886227545,275.449101796407,1.0,,,2014-07-22 04:56:53,failed,92,"[30521478, 30521479, 30521480, 30521481, 30521482, 30521483, 30521484, 30521485, 30521486, 30521487, 30521488]",152,30521484,java,broken,,java-ant,,0.0,,,,,,,,,0
33214754,dkubb/memoizable,0.0,,,ruby,,master,1,a2bced4c026e33b77bdfb9a7aff253bc534865c0,build_found,475c1190f845f27723e591dcd69b8ba0e9b2ac36,30521477,2014-08-21 20:24:13,4,a2bced4c026e33b77bdfb9a7aff253bc534865c0,1,a2bced4c026e33b77bdfb9a7aff253bc534865c0,,a2bced4c026e33b77bdfb9a7aff253bc534865c0,,5,,0,0,0,0,1,0,0,0,0,1,28,167,2694.61077844311,221.556886227545,275.449101796407,1.0,,2014-08-21 20:24:23,2014-08-21 20:26:46,failed,74,"[33214756, 33214757, 33214758, 33214760, 33214761, 33214762, 33214764, 33214765, 33214766, 33214767, 33214768]",153,33214758,ruby,ok,,ruby,rspec,1.0,,68,0,68,0,,0.06,,0
44120195,dkubb/memoizable,0.0,,,ruby,,master,1,fd3a0812bee27b64ecbc80d525e1edc838bd1529,build_found,cf17395efceee7b8d50eeb8fb13c69e22b3ac877,44118830,2014-12-15 18:54:22,4,fd3a0812bee27b64ecbc80d525e1edc838bd1529,1,fd3a0812bee27b64ecbc80d525e1edc838bd1529,,fd3a0812bee27b64ecbc80d525e1edc838bd1529,,0,,2,0,0,0,1,0,0,1,0,0,20,167,2700.59880239521,221.556886227545,275.449101796407,1.0,,2014-12-15 19:01:39,2014-12-15 19:02:32,passed,348,"[44120196, 44120197, 44120198, 44120199, 44120200, 44120201, 44120202, 44120203, 44120204, 44120205, 44120206]",158,44120206,ruby,ok,0,ruby,rspec,1.0,,68,0,68,0,,0.03,,0
