tr_build_id,gh_project_name,gh_is_pr,gh_pr_created_at,gh_pull_req_num,gh_lang,git_merged_with,git_branch,gh_num_commits_in_push,gh_commits_in_push,git_prev_commit_resolution_status,git_prev_built_commit,tr_prev_build,gh_first_commit_created_at,gh_team_size,git_all_built_commits,git_num_all_built_commits,git_trigger_commit,tr_virtual_merged_into,tr_original_commit,gh_num_issue_comments,gh_num_commit_comments,gh_num_pr_comments,git_diff_src_churn,git_diff_test_churn,gh_diff_files_added,gh_diff_files_deleted,gh_diff_files_modified,gh_diff_tests_added,gh_diff_tests_deleted,gh_diff_src_files,gh_diff_doc_files,gh_diff_other_files,gh_num_commits_on_files_touched,gh_sloc,gh_test_lines_per_kloc,gh_test_cases_per_kloc,gh_asserts_cases_per_kloc,gh_by_core_team_member,gh_description_complexity,gh_pushed_at,gh_build_started_at,tr_status,tr_duration,tr_jobs,tr_build_number,tr_job_id,tr_log_lan,tr_log_status,tr_log_setup_time,tr_log_analyzer,tr_log_frameworks,tr_log_bool_tests_ran,tr_log_bool_tests_failed,tr_log_num_tests_ok,tr_log_num_tests_failed,tr_log_num_tests_run,tr_log_num_tests_skipped,tr_log_tests_failed,tr_log_testduration,tr_log_buildduration,build_successful
596672,ejholmes/metaforce,0.0,,,ruby,,master,,,merge_found,,,,2,0627776ee9690ccc7db2223cb6c4881422558fef,1,0627776ee9690ccc7db2223cb6c4881422558fef,,0627776ee9690ccc7db2223cb6c4881422558fef,,0,,480,0,5,1,9,0,0,11,0,4,114,1010,8.91089108910891,0.0,0.0,1.0,,,2012-01-30 02:27:24,passed,146,"[596674, 596673]",27,596674,ruby,unknown,,ruby,rspec,1.0,,42,0,42,0,,14.77,,0
619246,ejholmes/metaforce,0.0,,,ruby,,master,17,cc79fcc11bf1675f3ede5ad3727cef450ff46666#1c1fdca3cce25b36b7535dbc02420ec9e12a3df2#f4ee0f4981c1323235387c0ba08bd76196918987#ea27a45942a894c96bce3303f5161dd5d9d384aa#985d599ee424c61a38ca76aacbbd8a72d8c2ca2d#8529a20e0b86498ed247a1abe6142c0eeeda1990#6d724c1ae684cbe7ef4fea26e18e28adadee136e#bae150a3c9a070a109ee772e45c2ed6685812da2#9f3f39bf26c705b3948cd0ecff90ae9997160bae#ae437aadd9fee0e3b97eef0149e0c295703df3f3#cb5b615d7b7fdd714fb69dc988093a2757f0ef84#4b297634bd94d8591ca69578b1bf9250af8b06fb#60fd71b6e952aa8a22d3ad8f0dbe2862f3eeccfd#b6f54b2b3904ba78f7b8a08e513092bc0ef9b4c2#082e8604e7e0ecc120e0fb64e8614a2f1dca91a0#397b7f18fd82207e4b50f5c8f17d5e4356d6711c#fc7cee62b3ca88498a602c118abab593e558a4ef,merge_found,,,2012-01-30 02:27:02,2,4b297634bd94d8591ca69578b1bf9250af8b06fb,1,4b297634bd94d8591ca69578b1bf9250af8b06fb,,4b297634bd94d8591ca69578b1bf9250af8b06fb,,0,,471,0,1,0,5,0,0,6,0,0,98,1082,8.31792975970425,0.0,0.0,1.0,,2012-02-07 04:37:34,2012-02-03 08:32:38,passed,156,"[619248, 619247]",40,619248,ruby,unknown,,ruby,rspec,1.0,,46,0,46,0,,18.01,,0
622315,ejholmes/metaforce,0.0,,,ruby,,master,17,cc79fcc11bf1675f3ede5ad3727cef450ff46666#1c1fdca3cce25b36b7535dbc02420ec9e12a3df2#f4ee0f4981c1323235387c0ba08bd76196918987#ea27a45942a894c96bce3303f5161dd5d9d384aa#985d599ee424c61a38ca76aacbbd8a72d8c2ca2d#8529a20e0b86498ed247a1abe6142c0eeeda1990#6d724c1ae684cbe7ef4fea26e18e28adadee136e#bae150a3c9a070a109ee772e45c2ed6685812da2#9f3f39bf26c705b3948cd0ecff90ae9997160bae#ae437aadd9fee0e3b97eef0149e0c295703df3f3#cb5b615d7b7fdd714fb69dc988093a2757f0ef84#4b297634bd94d8591ca69578b1bf9250af8b06fb#60fd71b6e952aa8a22d3ad8f0dbe2862f3eeccfd#b6f54b2b3904ba78f7b8a08e513092bc0ef9b4c2#082e8604e7e0ecc120e0fb64e8614a2f1dca91a0#397b7f18fd82207e4b50f5c8f17d5e4356d6711c#fc7cee62b3ca88498a602c118abab593e558a4ef,merge_found,,,2012-01-30 02:27:02,2,fc7cee62b3ca88498a602c118abab593e558a4ef,1,fc7cee62b3ca88498a602c118abab593e558a4ef,,fc7cee62b3ca88498a602c118abab593e558a4ef,,0,,127,0,0,0,6,0,0,6,0,0,102,1093,8.23421774931381,0.0,0.0,1.0,,2012-02-07 04:37:34,2012-02-03 18:59:13,passed,250,"[622317, 622316]",44,622317,ruby,unknown,,ruby,rspec,1.0,,47,0,47,0,,28.79,,0
637216,ejholmes/metaforce,0.0,,,ruby,,master,17,cc79fcc11bf1675f3ede5ad3727cef450ff46666#1c1fdca3cce25b36b7535dbc02420ec9e12a3df2#f4ee0f4981c1323235387c0ba08bd76196918987#ea27a45942a894c96bce3303f5161dd5d9d384aa#985d599ee424c61a38ca76aacbbd8a72d8c2ca2d#8529a20e0b86498ed247a1abe6142c0eeeda1990#6d724c1ae684cbe7ef4fea26e18e28adadee136e#bae150a3c9a070a109ee772e45c2ed6685812da2#9f3f39bf26c705b3948cd0ecff90ae9997160bae#ae437aadd9fee0e3b97eef0149e0c295703df3f3#cb5b615d7b7fdd714fb69dc988093a2757f0ef84#4b297634bd94d8591ca69578b1bf9250af8b06fb#60fd71b6e952aa8a22d3ad8f0dbe2862f3eeccfd#b6f54b2b3904ba78f7b8a08e513092bc0ef9b4c2#082e8604e7e0ecc120e0fb64e8614a2f1dca91a0#397b7f18fd82207e4b50f5c8f17d5e4356d6711c#fc7cee62b3ca88498a602c118abab593e558a4ef,merge_found,,,2012-01-30 02:27:02,2,fc7cee62b3ca88498a602c118abab593e558a4ef,1,fc7cee62b3ca88498a602c118abab593e558a4ef,,fc7cee62b3ca88498a602c118abab593e558a4ef,,0,,127,0,0,0,6,0,0,6,0,0,102,1093,8.23421774931381,0.0,0.0,1.0,,2012-02-07 04:37:34,2012-02-07 04:37:44,passed,220,"[637217, 637218]",52,637217,ruby,unknown,,ruby,rspec,1.0,,47,0,47,0,,29.24,,0
654825,ejholmes/metaforce,0.0,,,ruby,,master,9,5ecd28156ddda53662143e305f43b679f7a4c389#5dba5cc760bcf15174b942076989c5bc88629188#5bd4281a068919fad00a836eb1dca804048a907d#8936d3581fb6d9f2ba3112d40f2767d3c31be705#bf9c8ccda90802afead9d29ff66acb91ed357888#c4555ff6c1b9c062f0a438ae49796317350aeb7d#046a3447d50e5a6bc0c4a37729de531657070c2d#fc7db1c1e662bf32a6491f9bc6065ff74d1f0400#276f98f8ea7dd176597e6f79c99cad9cf3424f19,merge_found,,,2012-02-03 18:58:57,2,276f98f8ea7dd176597e6f79c99cad9cf3424f19,1,276f98f8ea7dd176597e6f79c99cad9cf3424f19,,276f98f8ea7dd176597e6f79c99cad9cf3424f19,,0,,58,0,6,1,4,0,0,13,0,0,80,1111,8.1008100810081,0.0,0.0,1.0,,2012-02-10 05:37:36,2012-02-10 05:37:41,passed,182,"[654826, 654827]",58,654827,ruby,unknown,,ruby,rspec,1.0,,47,0,47,0,,15.63,,0
655066,ejholmes/metaforce,0.0,,,ruby,,master,7,bad3acfe4a493269d145ea2497bf64ce14876a18#2035a9f401b1045a5d82de0baff819a642d59775#3b4ec67d37449f4d54f8424bbd8e408a58626747#12c7bbd0fa00e2ca6cacfb42299c6c71191169f4#10442cafae78b7a20f092b2529ab3df7946517ef#ab9c1f67944fc40e5bf96fe54ce2006a294e2407#a24808573344530c2d10d40e4e40989684c7432b,merge_found,,,2012-02-10 05:37:27,2,a24808573344530c2d10d40e4e40989684c7432b,1,a24808573344530c2d10d40e4e40989684c7432b,,a24808573344530c2d10d40e4e40989684c7432b,,0,,52,0,2,0,3,0,0,5,0,0,77,1111,8.1008100810081,0.0,0.0,1.0,,2012-02-10 06:44:28,2012-02-10 06:44:33,passed,184,"[655067, 655068]",62,655068,ruby,unknown,,ruby,rspec,1.0,,47,0,47,0,,18.72,,0
665327,ejholmes/metaforce,0.0,,,ruby,,master,11,981a47ef257d78139ac00b19333aa2c27fca7b10#691c7478a309f7dfd8419bab2bcad914dc3600cd#5e8dc2369dd9c5be749f1a986d33b3a2b4144275#770fd81fd3e71a30178b273901c1a95ae508d435#e101824f53e70b1222828768d2cfb8a2df2dbab1#b516e93cfc1bfc01e18fb3d7ae2d22b230aa879c#3de3e88354d62b365fd4b496a77ef6960d6f15f7#0c9d859a0316650a56c5caa978265e61fcebdba6#f4f89ce2e4b81a54d855c5b0fe41ae4ea6342a9c#8a5045bd825cdece2f3ec805c0a8ee3466deb531#e5b01f678fec3c592b898e565ad4ca7ba3769231,merge_found,,,2012-02-10 06:44:23,2,e5b01f678fec3c592b898e565ad4ca7ba3769231,1,e5b01f678fec3c592b898e565ad4ca7ba3769231,,e5b01f678fec3c592b898e565ad4ca7ba3769231,,0,,123,0,2,0,7,0,0,8,0,1,94,1122,8.02139037433155,0.0,0.0,1.0,,2012-02-12 08:08:16,2012-02-12 08:08:31,passed,178,"[665328, 665329]",72,665328,ruby,unknown,,ruby,rspec,1.0,,48,0,48,0,,21.56,,0
783945,ejholmes/metaforce,0.0,,,ruby,,master,,,merge_found,,,,2,a41b7f25f564fb70fc2e3cd8fcf6ee8dc0249831,1,a41b7f25f564fb70fc2e3cd8fcf6ee8dc0249831,,a41b7f25f564fb70fc2e3cd8fcf6ee8dc0249831,,0,,552,0,5,2,13,0,0,20,0,0,141,1163,7.73860705073087,0.0,0.0,1.0,,,2012-03-02 23:53:30,passed,167,"[783947, 783946]",95,783946,ruby,unknown,,ruby,rspec,1.0,,43,0,43,0,,15.94,,0
823172,ejholmes/metaforce,0.0,,,ruby,,master,8,7426659df319684f0f0233bcb34ac72881c04d3a#c740a6e01649dec83b74a3de4d5f6a0b71ebcff5#ee419cb4ed1a0618da91e1f5f8bac5f7fb1586eb#42b666a5a91493df4773b18c56444a9f84a642e7#4e62a98a09a52bf012632964d3980762b2c6d2ee#7386c6d125fbb8439863b9d34b7359ca57eb1105#97afb9881b9871f4fbe45ed6670806b702807ed0#05b795f39d1e062768763740956e147ac06d4994,merge_found,,,2012-03-02 23:52:29,2,05b795f39d1e062768763740956e147ac06d4994,1,05b795f39d1e062768763740956e147ac06d4994,,05b795f39d1e062768763740956e147ac06d4994,,0,,499,0,1,0,7,0,0,7,0,1,113,1179,7.63358778625954,0.0,0.0,1.0,,2012-03-08 20:00:45,2012-03-08 20:00:50,passed,180,"[823174, 823173]",101,823174,ruby,unknown,,ruby,rspec,1.0,,44,0,44,0,,17.33,,0
928553,ejholmes/metaforce,0.0,,,ruby,,master,,,merge_found,,,,2,35dec320a70008e4e95fe01569a97b9286a996bc,1,35dec320a70008e4e95fe01569a97b9286a996bc,,35dec320a70008e4e95fe01569a97b9286a996bc,,0,,420,0,11,0,7,0,0,16,0,3,154,1456,6.18131868131868,0.0,0.0,1.0,,,2012-03-23 08:35:34,passed,155,"[928554, 928555]",123,928555,ruby,unknown,,ruby,rspec,1.0,,59,0,59,0,,21.74,,0
1504884,ejholmes/metaforce,0.0,,,ruby,,master,14,1d08ddc7a93065ba152e68d3a94b2204a92e2299#d06d6902eac646322c036168bc0d073c071e5367#e4c1fc32540eed04735b9ff281cdcbdb61a13992#082701831fd19d8c11839d20f0aedd2f00fdc8d2#f040a4e4e57ff95cacb2fa0b765600b8e7314064#05b76bcb427acc334aba6d6a73186a12da69e014#1ced6005df33e72630a2d9d1a90ad39c7776e2df#97879483bfa64e95982b5310078f7e2af9bec33e#b0c9ebd02562d5187c3987450cddff5eb05e23fa#61dd1e79868a22513345233aa0464408d345a889#48149e5ead94631a1405b3b7ad4a7fa8bb0d5cf1#5497f61f2a431cc699630757bd1e2d123e42b42a#781784bc044f78c3c08ea65bbe2745615efe6b97#898a3a89245e5d0b478e3d9f8af25d67e291876f,merge_found,,,2012-03-23 08:35:03,2,898a3a89245e5d0b478e3d9f8af25d67e291876f,1,898a3a89245e5d0b478e3d9f8af25d67e291876f,,898a3a89245e5d0b478e3d9f8af25d67e291876f,,0,,270,0,4,0,11,0,0,14,0,1,161,1641,5.48446069469835,0.0,0.0,1.0,,2012-06-02 02:43:44,2012-06-02 02:43:45,passed,89,"[1504885, 1504886]",134,1504886,ruby,unknown,,ruby,rspec,1.0,,59,0,59,0,,3.99,,0
1571510,ejholmes/metaforce,0.0,,,ruby,,master,4,3e1a1fe95c154e704f16f6fae84fc8ad15ef186a#0534a75bdc647bb33909b1e8fadf1e3153e8903b#7bdc9eb21ead00af8cfeda83ab67e8b635c003dd#3404bbb4c16cc1e43b57241b93dcec7e58baf6ed,merge_found,,,2012-06-02 02:43:37,2,3404bbb4c16cc1e43b57241b93dcec7e58baf6ed,1,3404bbb4c16cc1e43b57241b93dcec7e58baf6ed,,3404bbb4c16cc1e43b57241b93dcec7e58baf6ed,,0,,70,4,2,0,6,0,0,6,0,2,133,1662,6.61853188929001,0.0,0.0,1.0,,2012-06-08 21:13:45,2012-06-08 21:13:46,passed,106,"[1571512, 1571511]",137,1571511,ruby,unknown,,ruby,rspec,1.0,,60,0,60,0,,6.61,,0
1572015,ejholmes/metaforce,0.0,,,ruby,,master,4,b5d47e0875c46c7778e262eadd5de66a6e29e560#0f9e9b10a2a9ca161f0781966cd3abeab5830ffa#20c08d21d8b49f3e0982bc77ff735e8011e3cb7c#7e6f73331d428a826468486137e91467f33d77b5,merge_found,,,2012-06-08 21:13:37,2,7e6f73331d428a826468486137e91467f33d77b5,1,7e6f73331d428a826468486137e91467f33d77b5,,7e6f73331d428a826468486137e91467f33d77b5,,0,,15,0,0,0,3,0,0,3,0,0,123,1666,6.60264105642257,0.0,0.0,1.0,,2012-06-08 22:15:27,2012-06-08 22:15:29,passed,115,"[1572017, 1572016]",139,1572016,ruby,unknown,,ruby,rspec,1.0,,60,0,60,0,,8.18,,0
3771487,ejholmes/metaforce,0.0,,,ruby,,master,,,merge_found,,,,2,ae4cb271b6c137c553baff4e4a578286c0d14d0b,1,ae4cb271b6c137c553baff4e4a578286c0d14d0b,,ae4cb271b6c137c553baff4e4a578286c0d14d0b,,0,,3580,65,23,30,17,0,0,57,0,13,335,953,60.8604407135362,2.09863588667366,5.24658971668415,1.0,,,2012-12-21 08:06:31,passed,127,"[3771488, 3771489]",242,3771489,ruby,unknown,,ruby,rspec,1.0,,60,0,60,0,,3.59,,0
3771642,ejholmes/metaforce,0.0,,,ruby,,master,1,eb237863bf9e12a149ffe90623414ae8aa670281,build_found,ae4cb271b6c137c553baff4e4a578286c0d14d0b,3771487,2012-12-21 08:23:48,2,eb237863bf9e12a149ffe90623414ae8aa670281,1,eb237863bf9e12a149ffe90623414ae8aa670281,,eb237863bf9e12a149ffe90623414ae8aa670281,,0,,47,0,0,0,2,0,0,2,0,0,21,959,60.4796663190824,2.08550573514077,5.21376433785193,1.0,,2012-12-21 08:23:57,2012-12-21 08:24:01,passed,82,"[3771644, 3771643]",243,3771643,ruby,unknown,,ruby,rspec,1.0,,60,0,60,0,,2.52,,0
3771723,ejholmes/metaforce,0.0,,,ruby,,master,1,ed033eb512e26d59cf338dc6205e48291f6cc898,build_found,eb237863bf9e12a149ffe90623414ae8aa670281,3771642,2012-12-21 08:27:58,2,ed033eb512e26d59cf338dc6205e48291f6cc898,1,ed033eb512e26d59cf338dc6205e48291f6cc898,,ed033eb512e26d59cf338dc6205e48291f6cc898,,0,,8,0,0,0,2,0,0,2,0,0,23,959,60.4796663190824,2.08550573514077,5.21376433785193,1.0,,2012-12-21 08:29:19,2012-12-21 08:29:24,passed,77,"[3771724, 3771725]",245,3771724,ruby,unknown,,ruby,rspec,1.0,,60,0,60,0,,2.68,,0
3771763,ejholmes/metaforce,0.0,,,ruby,,master,1,aaf371c67c804cce4c3cd6fb807234569adbd6a6,build_found,ed033eb512e26d59cf338dc6205e48291f6cc898,3771723,2012-12-21 08:34:17,2,aaf371c67c804cce4c3cd6fb807234569adbd6a6,1,aaf371c67c804cce4c3cd6fb807234569adbd6a6,,aaf371c67c804cce4c3cd6fb807234569adbd6a6,,0,,6,0,0,0,2,0,0,2,0,0,23,961,60.3537981269511,2.08116545265349,5.20291363163371,1.0,,2012-12-21 08:34:24,2012-12-21 08:34:28,passed,77,"[3771764, 3771765]",246,3771764,ruby,unknown,,ruby,rspec,1.0,,60,0,60,0,,3.29,,0
3778016,ejholmes/metaforce,0.0,,,ruby,,master,1,f7c2f20bf6a1d6e916a2ac6c9d0744a2133623b3,build_found,aaf371c67c804cce4c3cd6fb807234569adbd6a6,3771763,2012-12-21 16:46:45,2,f7c2f20bf6a1d6e916a2ac6c9d0744a2133623b3,1,f7c2f20bf6a1d6e916a2ac6c9d0744a2133623b3,,f7c2f20bf6a1d6e916a2ac6c9d0744a2133623b3,,0,,2,0,0,0,1,0,0,1,0,0,8,961,60.3537981269511,2.08116545265349,5.20291363163371,1.0,,2012-12-21 16:46:52,2012-12-21 16:48:17,passed,96,"[3778018, 3778017]",247,3778018,ruby,unknown,,ruby,rspec,1.0,,60,0,60,0,,2.93,,0
3778134,ejholmes/metaforce,0.0,,,ruby,,master,1,ddb64ebe0ed7c94a254cda2a58d1f04fc13048c0,build_found,f7c2f20bf6a1d6e916a2ac6c9d0744a2133623b3,3778016,2012-12-21 16:54:07,2,ddb64ebe0ed7c94a254cda2a58d1f04fc13048c0,1,ddb64ebe0ed7c94a254cda2a58d1f04fc13048c0,,ddb64ebe0ed7c94a254cda2a58d1f04fc13048c0,,0,,37,0,0,0,2,0,0,2,0,0,23,962,60.2910602910603,2.07900207900208,5.1975051975052,1.0,,2012-12-21 16:54:16,2012-12-21 16:56:35,passed,107,"[3778136, 3778135]",248,3778136,ruby,unknown,,ruby,rspec,1.0,,60,0,60,0,,2.83,,0
3778267,ejholmes/metaforce,0.0,,,ruby,,master,1,2d20831bb9a2c08fe9b5f9ccfa8ddb020033684c,build_found,ddb64ebe0ed7c94a254cda2a58d1f04fc13048c0,3778134,2012-12-21 17:05:24,2,2d20831bb9a2c08fe9b5f9ccfa8ddb020033684c,1,2d20831bb9a2c08fe9b5f9ccfa8ddb020033684c,,2d20831bb9a2c08fe9b5f9ccfa8ddb020033684c,,0,,25,0,0,0,3,0,0,3,0,0,31,977,59.3654042988741,2.04708290685773,5.11770726714432,1.0,,2012-12-21 17:05:32,2012-12-21 17:05:47,passed,97,"[3778268, 3778269]",249,3778269,ruby,unknown,,ruby,rspec,1.0,,62,0,62,0,,3.07,,0
3778430,ejholmes/metaforce,0.0,,,ruby,,master,1,57f532cf6984a22ff9d72eb19dfc3cb05d5ea335,build_found,2d20831bb9a2c08fe9b5f9ccfa8ddb020033684c,3778267,2012-12-21 17:14:14,2,57f532cf6984a22ff9d72eb19dfc3cb05d5ea335,1,57f532cf6984a22ff9d72eb19dfc3cb05d5ea335,,57f532cf6984a22ff9d72eb19dfc3cb05d5ea335,,0,,20,0,0,0,1,0,0,1,0,0,4,977,59.3654042988741,2.04708290685773,5.11770726714432,1.0,,2012-12-21 17:14:25,2012-12-21 17:15:17,passed,97,"[3778432, 3778431]",250,3778431,ruby,unknown,,ruby,rspec,1.0,,62,0,62,0,,3.91,,0
3778882,ejholmes/metaforce,0.0,,,ruby,,master,1,415c3cf640a401ae4db6a6fdfc70c5b890327abc,build_found,57f532cf6984a22ff9d72eb19dfc3cb05d5ea335,3778430,2012-12-21 17:44:50,2,415c3cf640a401ae4db6a6fdfc70c5b890327abc,1,415c3cf640a401ae4db6a6fdfc70c5b890327abc,,415c3cf640a401ae4db6a6fdfc70c5b890327abc,,0,,13,5,0,0,2,0,0,2,0,0,36,984,61.9918699186992,2.03252032520325,5.08130081300813,1.0,,2012-12-21 17:45:01,2012-12-21 17:45:04,passed,122,"[3778884, 3778883]",251,3778883,ruby,unknown,,ruby,rspec,1.0,,62,0,62,0,,5.54,,0
3780182,ejholmes/metaforce,0.0,,,ruby,,master,1,f731c7e20c981ca0702d96f5e7739c5d701fe5c6,build_found,415c3cf640a401ae4db6a6fdfc70c5b890327abc,3778882,2012-12-21 19:18:27,2,f731c7e20c981ca0702d96f5e7739c5d701fe5c6,1,f731c7e20c981ca0702d96f5e7739c5d701fe5c6,,f731c7e20c981ca0702d96f5e7739c5d701fe5c6,,0,,2,0,0,0,1,0,0,1,0,0,18,984,61.9918699186992,2.03252032520325,5.08130081300813,1.0,,2012-12-21 19:18:48,2012-12-21 19:19:41,passed,96,"[3780184, 3780183]",256,3780183,ruby,unknown,,ruby,rspec,1.0,,62,0,62,0,,4.48,,0
3783740,ejholmes/metaforce,0.0,,,ruby,,master,1,568ce87dfd8a6d1c3905feb84d38b6ed67e9bf64,build_found,f731c7e20c981ca0702d96f5e7739c5d701fe5c6,3780182,2012-12-22 00:34:22,2,568ce87dfd8a6d1c3905feb84d38b6ed67e9bf64,1,568ce87dfd8a6d1c3905feb84d38b6ed67e9bf64,,568ce87dfd8a6d1c3905feb84d38b6ed67e9bf64,,0,,2,0,0,0,1,0,0,1,0,0,14,984,61.9918699186992,2.03252032520325,5.08130081300813,1.0,,2012-12-22 00:36:15,2012-12-22 00:36:17,passed,86,"[3783741, 3783742]",272,3783742,ruby,unknown,,ruby,rspec,1.0,,62,0,62,0,,2.8,,0
3785686,ejholmes/metaforce,1.0,2012-12-21 17:25:14,27,ruby,merge_button,master,1,172447f0fa357d63175afef8dbd5e48538bf23c1,build_found,568ce87dfd8a6d1c3905feb84d38b6ed67e9bf64,3783740,2012-12-21 17:38:45,2,172447f0fa357d63175afef8dbd5e48538bf23c1,1,172447f0fa357d63175afef8dbd5e48538bf23c1,568ce87dfd8a6d1c3905feb84d38b6ed67e9bf64,0ba3c096ec7acc2d3ba6d966dfafd77aa1f8d420,0,0,0,484,0,11,0,4,0,0,12,0,3,159,1349,45.2186805040771,1.48257968865827,3.70644922164566,1.0,111,2012-12-22 06:42:59,2012-12-22 06:43:06,passed,90,"[3785687, 3785688]",294,3785688,ruby,unknown,,ruby,rspec,1.0,,77,0,77,0,,2.52,,0
3785692,ejholmes/metaforce,0.0,,,ruby,,master,2,172447f0fa357d63175afef8dbd5e48538bf23c1#eb67def29126fbcf706754f1d6e23874d7722e29,merge_found,,,2012-12-21 17:38:45,2,eb67def29126fbcf706754f1d6e23874d7722e29,1,eb67def29126fbcf706754f1d6e23874d7722e29,,eb67def29126fbcf706754f1d6e23874d7722e29,,0,,484,0,11,0,4,0,0,12,0,3,160,1349,45.2186805040771,1.48257968865827,3.70644922164566,1.0,,2012-12-22 06:44:36,2012-12-22 06:44:37,passed,85,"[3785694, 3785693]",295,3785694,ruby,unknown,,ruby,rspec,1.0,,77,0,77,0,,2.77,,0
3790105,ejholmes/metaforce,0.0,,,ruby,,master,1,b27967bc7507a0ece2a0ae4d9fa1b7549e126fa1,build_found,eb67def29126fbcf706754f1d6e23874d7722e29,3785692,2012-12-22 18:09:39,2,b27967bc7507a0ece2a0ae4d9fa1b7549e126fa1,1,b27967bc7507a0ece2a0ae4d9fa1b7549e126fa1,,b27967bc7507a0ece2a0ae4d9fa1b7549e126fa1,,0,,10,0,0,0,1,0,0,1,0,0,2,1351,45.1517394522576,1.48038490007402,3.70096225018505,1.0,,2012-12-22 18:09:47,2012-12-22 18:09:49,failed,87,"[3790107, 3790106]",296,3790107,ruby,unknown,,ruby,rspec,1.0,,75,2,77,0,,2.78,,0
3790153,ejholmes/metaforce,0.0,,,ruby,,master,1,2af9f6b729f5bb09d439f9e87bb5c8835c7c08e5,build_found,b27967bc7507a0ece2a0ae4d9fa1b7549e126fa1,3790105,2012-12-22 18:13:48,2,2af9f6b729f5bb09d439f9e87bb5c8835c7c08e5,1,2af9f6b729f5bb09d439f9e87bb5c8835c7c08e5,,2af9f6b729f5bb09d439f9e87bb5c8835c7c08e5,,0,,13,0,0,0,2,0,0,2,0,0,137,1355,45.0184501845018,1.4760147601476,3.690036900369,1.0,,2012-12-22 18:13:58,2012-12-22 18:14:01,failed,101,"[3790154, 3790155]",297,3790154,ruby,unknown,,ruby,rspec,1.0,,75,2,77,0,,4.05,,0
3790360,ejholmes/metaforce,0.0,,,ruby,,master,1,ad23c1a672d271fe59813c797a7d8129d8d97d4d,build_found,2af9f6b729f5bb09d439f9e87bb5c8835c7c08e5,3790153,2012-12-22 18:38:05,2,ad23c1a672d271fe59813c797a7d8129d8d97d4d,1,ad23c1a672d271fe59813c797a7d8129d8d97d4d,,ad23c1a672d271fe59813c797a7d8129d8d97d4d,,0,,84,0,0,0,6,0,0,6,0,0,4,1407,43.3546552949538,1.42146410803127,3.55366027007818,1.0,,2012-12-22 18:38:12,2012-12-22 18:38:16,passed,108,"[3790361, 3790362]",298,3790362,ruby,unknown,,ruby,rspec,1.0,,83,0,83,0,,2.78,,0
3790892,ejholmes/metaforce,0.0,,,ruby,,master,1,2d110275a43242ef06be39680bb0851c3b5e5de6,build_found,ad23c1a672d271fe59813c797a7d8129d8d97d4d,3790360,2012-12-22 19:24:04,2,2d110275a43242ef06be39680bb0851c3b5e5de6,1,2d110275a43242ef06be39680bb0851c3b5e5de6,,2d110275a43242ef06be39680bb0851c3b5e5de6,,0,,9,0,0,0,1,0,0,1,0,0,5,1414,43.1400282885431,1.41442715700141,3.53606789250354,1.0,,2012-12-22 19:24:11,2012-12-22 19:25:29,passed,104,"[3790894, 3790893]",299,3790893,ruby,unknown,,ruby,rspec,1.0,,83,0,83,0,,5.04,,0
3790909,ejholmes/metaforce,0.0,,,ruby,,master,1,8192bb45979d4aac0ddc9a7e6af0f7d89a9c3d3d,build_found,2d110275a43242ef06be39680bb0851c3b5e5de6,3790892,2012-12-22 19:25:25,2,8192bb45979d4aac0ddc9a7e6af0f7d89a9c3d3d,1,8192bb45979d4aac0ddc9a7e6af0f7d89a9c3d3d,,8192bb45979d4aac0ddc9a7e6af0f7d89a9c3d3d,,0,,2,0,0,0,1,0,0,1,0,0,137,1414,43.1400282885431,1.41442715700141,3.53606789250354,1.0,,2012-12-22 19:25:32,2012-12-22 19:26:38,passed,108,"[3790911, 3790910]",300,3790910,ruby,unknown,,ruby,rspec,1.0,,83,0,83,0,,4.33,,0
3790945,ejholmes/metaforce,1.0,2012-12-22 18:29:04,31,ruby,unknown,master,,,build_found,8192bb45979d4aac0ddc9a7e6af0f7d89a9c3d3d,3790909,,2,711ec205893007b692b603bc8fd5555df2c44aae,1,711ec205893007b692b603bc8fd5555df2c44aae,8192bb45979d4aac0ddc9a7e6af0f7d89a9c3d3d,d953582fc36daf5367aeba492c537559b8bceaa8,0,0,0,69,0,1,0,3,0,0,4,0,0,27,1446,42.1853388658368,1.38312586445367,3.45781466113416,1.0,5,,2012-12-22 19:29:10,passed,104,"[3790947, 3790946]",302,3790946,ruby,unknown,,ruby,rspec,1.0,,83,0,83,0,,3.11,,0
3797570,ejholmes/metaforce,0.0,,,ruby,,master,1,ec850439fe33ba7bbc5b5ad727de4f18c231481a,build_found,8192bb45979d4aac0ddc9a7e6af0f7d89a9c3d3d,3790909,2012-12-23 17:19:04,2,ec850439fe33ba7bbc5b5ad727de4f18c231481a,1,ec850439fe33ba7bbc5b5ad727de4f18c231481a,,ec850439fe33ba7bbc5b5ad727de4f18c231481a,,0,,14,0,0,0,3,0,0,3,0,0,12,1406,43.3854907539118,1.42247510668563,3.55618776671408,1.0,,2012-12-23 17:19:10,2012-12-23 17:19:15,passed,83,"[3797571, 3797572]",303,3797572,ruby,unknown,,ruby,rspec,1.0,,83,0,83,0,,2.66,,0
3799666,ejholmes/metaforce,0.0,,,ruby,,master,1,52adb675ccc7faf9147c3bd6b4a52e17ea132a9b,build_found,ec850439fe33ba7bbc5b5ad727de4f18c231481a,3797570,2012-12-23 20:32:25,2,52adb675ccc7faf9147c3bd6b4a52e17ea132a9b,1,52adb675ccc7faf9147c3bd6b4a52e17ea132a9b,,52adb675ccc7faf9147c3bd6b4a52e17ea132a9b,,0,,2,0,0,0,1,0,0,1,0,0,49,1406,43.3854907539118,1.42247510668563,3.55618776671408,1.0,,2012-12-23 20:32:40,2012-12-23 20:32:45,passed,84,"[3799668, 3799667]",304,3799667,ruby,unknown,,ruby,rspec,1.0,,83,0,83,0,,3.01,,0
3799771,ejholmes/metaforce,0.0,,,ruby,,master,1,afb2ae027fa7103b3afb160a025a5267eaf49e4d,build_found,52adb675ccc7faf9147c3bd6b4a52e17ea132a9b,3799666,2012-12-23 20:43:01,2,afb2ae027fa7103b3afb160a025a5267eaf49e4d,1,afb2ae027fa7103b3afb160a025a5267eaf49e4d,,afb2ae027fa7103b3afb160a025a5267eaf49e4d,,0,,4,0,0,0,1,0,0,1,0,0,138,1406,43.3854907539118,1.42247510668563,3.55618776671408,1.0,,2012-12-23 20:43:10,2012-12-23 20:43:12,passed,84,"[3799773, 3799772]",305,3799773,ruby,unknown,,ruby,rspec,1.0,,83,0,83,0,,1.95,,0
3799774,ejholmes/metaforce,0.0,,,ruby,,master,1,8a120f25b4e82bcd8269d72d2d1809739dc6c0b6,build_found,afb2ae027fa7103b3afb160a025a5267eaf49e4d,3799771,2012-12-23 20:44:06,2,8a120f25b4e82bcd8269d72d2d1809739dc6c0b6,1,8a120f25b4e82bcd8269d72d2d1809739dc6c0b6,,8a120f25b4e82bcd8269d72d2d1809739dc6c0b6,,0,,2,0,0,0,1,0,0,1,0,0,139,1406,43.3854907539118,1.42247510668563,3.55618776671408,1.0,,2012-12-23 20:44:13,2012-12-23 20:44:20,passed,87,"[3799775, 3799776]",306,3799776,ruby,unknown,,ruby,rspec,1.0,,83,0,83,0,,2.52,,0
3802469,ejholmes/metaforce,0.0,,,ruby,,master,1,40752485c4e7a7fad07473e7c32292f87d5d68dd,build_found,8a120f25b4e82bcd8269d72d2d1809739dc6c0b6,3799774,2012-12-24 02:18:24,2,40752485c4e7a7fad07473e7c32292f87d5d68dd,1,40752485c4e7a7fad07473e7c32292f87d5d68dd,,40752485c4e7a7fad07473e7c32292f87d5d68dd,,0,,2,0,0,0,1,0,0,1,0,0,6,1406,43.3854907539118,1.42247510668563,3.55618776671408,1.0,,2012-12-24 02:18:31,2012-12-24 02:18:34,passed,89,"[3802470, 3802471]",307,3802471,ruby,unknown,,ruby,rspec,1.0,,83,0,83,0,,2.32,,0
3802476,ejholmes/metaforce,0.0,,,ruby,,master,1,7ff6fe588aacf6a9e14883961ee9533928419b2f,build_found,40752485c4e7a7fad07473e7c32292f87d5d68dd,3802469,2012-12-24 02:18:45,2,7ff6fe588aacf6a9e14883961ee9533928419b2f,1,7ff6fe588aacf6a9e14883961ee9533928419b2f,,7ff6fe588aacf6a9e14883961ee9533928419b2f,,0,,2,0,0,0,1,0,0,1,0,0,50,1406,43.3854907539118,1.42247510668563,3.55618776671408,1.0,,2012-12-24 02:18:56,2012-12-24 02:18:59,passed,96,"[3802478, 3802477]",308,3802478,ruby,unknown,,ruby,rspec,1.0,,83,0,83,0,,3.29,,0
3802498,ejholmes/metaforce,0.0,,,ruby,,master,2,b6f0554ef3d25d0ff77e8fe604d35af0de5dac39#4490a344254cd763e839184ba9900415be354eb0,build_found,7ff6fe588aacf6a9e14883961ee9533928419b2f,3802476,2012-12-24 02:21:12,2,4490a344254cd763e839184ba9900415be354eb0#b6f0554ef3d25d0ff77e8fe604d35af0de5dac39,2,4490a344254cd763e839184ba9900415be354eb0,,4490a344254cd763e839184ba9900415be354eb0,,0,,14,0,0,0,1,0,0,1,0,0,7,1409,43.2931156848829,1.4194464158978,3.5486160397445,1.0,,2012-12-24 02:26:57,2012-12-24 02:26:58,passed,81,"[3802499, 3802500]",309,3802500,ruby,unknown,,ruby,rspec,1.0,,83,0,83,0,,2.16,,0
3802501,ejholmes/metaforce,0.0,,,ruby,,master,1,f1fc2c1e44340e1bb776d4d10d7f2f9be0adbad3,build_found,4490a344254cd763e839184ba9900415be354eb0,3802498,2012-12-24 02:28:06,2,f1fc2c1e44340e1bb776d4d10d7f2f9be0adbad3,1,f1fc2c1e44340e1bb776d4d10d7f2f9be0adbad3,,f1fc2c1e44340e1bb776d4d10d7f2f9be0adbad3,,0,,2,0,0,0,1,0,0,1,0,0,51,1409,43.2931156848829,1.4194464158978,3.5486160397445,1.0,,2012-12-24 02:28:13,2012-12-24 02:28:18,passed,82,"[3802502, 3802503]",310,3802502,ruby,unknown,,ruby,rspec,1.0,,83,0,83,0,,3.36,,0
3894916,ejholmes/metaforce,0.0,,,ruby,,master,1,e3bceafafdca2b0f997b5c45b3b26486d215a3de,build_found,f1fc2c1e44340e1bb776d4d10d7f2f9be0adbad3,3802501,2012-12-31 15:51:52,2,e3bceafafdca2b0f997b5c45b3b26486d215a3de,1,e3bceafafdca2b0f997b5c45b3b26486d215a3de,,e3bceafafdca2b0f997b5c45b3b26486d215a3de,,0,,48,0,0,0,3,0,0,3,0,0,171,1431,42.6275331935709,1.39762403913347,3.49406009783368,1.0,,2012-12-31 15:52:19,2012-12-31 15:52:24,passed,139,"[3894918, 3894917]",311,3894918,ruby,unknown,,ruby,rspec,1.0,,84,0,84,0,,2.29,,0
3894923,ejholmes/metaforce,0.0,,,ruby,,master,1,196eecae8cfabf0410105f1f067dfa663d03bbca,build_found,e3bceafafdca2b0f997b5c45b3b26486d215a3de,3894916,2012-12-31 15:52:34,2,196eecae8cfabf0410105f1f067dfa663d03bbca,1,196eecae8cfabf0410105f1f067dfa663d03bbca,,196eecae8cfabf0410105f1f067dfa663d03bbca,,0,,2,0,0,0,1,0,0,1,0,0,52,1431,42.6275331935709,1.39762403913347,3.49406009783368,1.0,,2012-12-31 15:52:53,2012-12-31 15:52:57,passed,81,"[3894925, 3894924]",312,3894925,ruby,unknown,,ruby,rspec,1.0,,84,0,84,0,,2.01,,0
3895090,ejholmes/metaforce,0.0,,,ruby,,master,2,8ecc85171e10c1c8a2e6b434e7da8949825af24f#37ff4add9c441a5f86835991b66af96d3177a657,build_found,196eecae8cfabf0410105f1f067dfa663d03bbca,3894923,2012-12-31 16:07:24,2,37ff4add9c441a5f86835991b66af96d3177a657#8ecc85171e10c1c8a2e6b434e7da8949825af24f,2,37ff4add9c441a5f86835991b66af96d3177a657,,37ff4add9c441a5f86835991b66af96d3177a657,,0,,4,0,0,0,2,0,0,2,0,0,66,1431,42.6275331935709,1.39762403913347,3.49406009783368,1.0,,2012-12-31 16:07:57,2012-12-31 16:08:00,passed,91,"[3895091, 3895092]",313,3895092,ruby,unknown,,ruby,rspec,1.0,,84,0,84,0,,2.24,,0
3966907,ejholmes/metaforce,0.0,,,ruby,,master,,,build_found,37ff4add9c441a5f86835991b66af96d3177a657,3895090,,2,55f24a20125fe08aaf211138648daf224b38d3c8,1,55f24a20125fe08aaf211138648daf224b38d3c8,,55f24a20125fe08aaf211138648daf224b38d3c8,,0,,18,0,0,0,1,0,0,1,0,0,25,1426,42.7769985974755,1.40252454417952,3.50631136044881,1.0,,,2013-01-05 09:27:16,passed,86,"[3966908, 3966909]",314,3966909,ruby,unknown,,ruby,rspec,1.0,,84,0,84,0,,2.27,,0
3967216,ejholmes/metaforce,0.0,,,ruby,,master,,,build_found,6377cdedc1a59cdc0cdcc18fda47ce239937ccec,3967119,,2,546d34e9ba133d3580d2f889aaa031ab6b5ace76,1,546d34e9ba133d3580d2f889aaa031ab6b5ace76,,546d34e9ba133d3580d2f889aaa031ab6b5ace76,,0,,1,0,0,0,1,0,0,1,0,0,38,1435,42.5087108013937,1.39372822299652,3.48432055749129,1.0,,,2013-01-05 09:54:39,passed,87,"[3967218, 3967217]",318,3967217,ruby,unknown,,ruby,rspec,1.0,,84,0,84,0,,0.0,,0
3967231,ejholmes/metaforce,0.0,,,ruby,,master,,,build_found,546d34e9ba133d3580d2f889aaa031ab6b5ace76,3967216,,2,7dabdb8069b44abfb4d955a11d1d1150a723ce6d,1,7dabdb8069b44abfb4d955a11d1d1150a723ce6d,,7dabdb8069b44abfb4d955a11d1d1150a723ce6d,,0,,2,0,0,0,1,0,0,1,0,0,54,1435,42.5087108013937,1.39372822299652,3.48432055749129,1.0,,,2013-01-05 09:55:38,passed,103,"[3967232, 3967233]",319,3967232,ruby,unknown,,ruby,rspec,1.0,,84,0,84,0,,3.95,,0
3981513,ejholmes/metaforce,0.0,,,ruby,,master,,,build_found,7dabdb8069b44abfb4d955a11d1d1150a723ce6d,3967231,,2,e9a9e6e78176c484a924381e86716362b6af780f,1,e9a9e6e78176c484a924381e86716362b6af780f,,e9a9e6e78176c484a924381e86716362b6af780f,,0,,14,0,0,0,1,0,0,1,0,0,141,1435,42.5087108013937,1.39372822299652,3.48432055749129,1.0,,,2013-01-06 06:07:48,passed,86,"[3981515, 3981514]",320,3981515,ruby,unknown,,ruby,rspec,1.0,,84,0,84,0,,2.38,,0
4527143,ejholmes/metaforce,0.0,,,ruby,,master,1,ff14804bfe63103bb5020b869f1fd0ab8582b0a9,build_found,e9a9e6e78176c484a924381e86716362b6af780f,3981513,2013-02-01 22:59:57,2,ff14804bfe63103bb5020b869f1fd0ab8582b0a9,1,ff14804bfe63103bb5020b869f1fd0ab8582b0a9,,ff14804bfe63103bb5020b869f1fd0ab8582b0a9,,0,,17,0,0,0,4,0,0,4,0,0,75,1448,42.1270718232044,1.38121546961326,3.45303867403315,1.0,,2013-02-01 23:00:07,2013-02-01 23:05:41,passed,71,"[4527144, 4527145]",322,4527145,ruby,unknown,,ruby,rspec,1.0,,85,0,85,0,,1.69,,0
4587439,ejholmes/metaforce,1.0,2013-02-05 05:43:02,41,ruby,merge_button,master,2,db6036aadb1537f841ddc01477b5b0099e84dada#b544f6bd6032f97f215d4d1e63e5e3f3c7925ed6,build_found,ff14804bfe63103bb5020b869f1fd0ab8582b0a9,4527143,2013-02-05 06:37:27,2,db6036aadb1537f841ddc01477b5b0099e84dada,1,db6036aadb1537f841ddc01477b5b0099e84dada,ff14804bfe63103bb5020b869f1fd0ab8582b0a9,97dc6d252371c9d40ef27d8f9d67b4fd13ada059,0,0,0,1,0,0,0,1,0,0,1,0,0,15,1449,42.0979986197378,1.38026224982747,3.45065562456867,1.0,16,2013-02-06 06:24:47,2013-02-05 06:48:46,passed,80,"[4587441, 4587440]",323,4587440,ruby,unknown,,ruby,rspec,1.0,,85,0,85,0,,3.08,,0
4610484,ejholmes/metaforce,0.0,,,ruby,,master,2,db6036aadb1537f841ddc01477b5b0099e84dada#b544f6bd6032f97f215d4d1e63e5e3f3c7925ed6,merge_found,,,2013-02-05 06:37:27,2,b544f6bd6032f97f215d4d1e63e5e3f3c7925ed6,1,b544f6bd6032f97f215d4d1e63e5e3f3c7925ed6,,b544f6bd6032f97f215d4d1e63e5e3f3c7925ed6,,0,,1,0,0,0,1,0,0,1,0,0,16,1449,42.0979986197378,1.38026224982747,3.45065562456867,1.0,,2013-02-06 06:24:47,2013-02-06 06:35:56,passed,84,"[4610486, 4610485]",324,4610486,ruby,unknown,,ruby,rspec,1.0,,85,0,85,0,,1.85,,0
4610707,ejholmes/metaforce,0.0,,,ruby,,master,1,3e88e9188c535d2fe9805da56177dd45a873ce53,build_found,b544f6bd6032f97f215d4d1e63e5e3f3c7925ed6,4610484,2013-02-06 06:40:48,2,3e88e9188c535d2fe9805da56177dd45a873ce53,1,3e88e9188c535d2fe9805da56177dd45a873ce53,,3e88e9188c535d2fe9805da56177dd45a873ce53,,0,,27,0,0,0,1,0,0,1,0,0,17,1456,41.8956043956044,1.37362637362637,3.43406593406593,1.0,,2013-02-06 06:40:54,2013-02-06 06:46:35,passed,77,"[4610708, 4610709]",325,4610708,ruby,unknown,,ruby,rspec,1.0,,85,0,85,0,,1.79,,0
4610730,ejholmes/metaforce,0.0,,,ruby,,master,1,564074d4d7a10b316df01036224b18a077d2d9ea,build_found,3e88e9188c535d2fe9805da56177dd45a873ce53,4610707,2013-02-06 06:42:30,2,564074d4d7a10b316df01036224b18a077d2d9ea,1,564074d4d7a10b316df01036224b18a077d2d9ea,,564074d4d7a10b316df01036224b18a077d2d9ea,,0,,2,0,0,0,1,0,0,1,0,0,55,1456,41.8956043956044,1.37362637362637,3.43406593406593,1.0,,2013-02-06 06:42:37,2013-02-06 06:42:52,passed,90,"[4610731, 4610732]",326,4610732,ruby,unknown,,ruby,rspec,1.0,,85,0,85,0,,2.82,,0
4819159,ejholmes/metaforce,0.0,,,ruby,,master,1,6a9db97e882f2ad1098f984da083f92e80c1bb32,build_found,564074d4d7a10b316df01036224b18a077d2d9ea,4610730,2013-02-15 16:10:47,2,6a9db97e882f2ad1098f984da083f92e80c1bb32,1,6a9db97e882f2ad1098f984da083f92e80c1bb32,,6a9db97e882f2ad1098f984da083f92e80c1bb32,,0,,2,0,0,0,1,0,0,1,0,0,142,1456,41.8956043956044,1.37362637362637,3.43406593406593,1.0,,2013-02-15 16:10:53,2013-02-15 16:47:04,passed,78,"[4819161, 4819160]",327,4819160,ruby,unknown,,ruby,rspec,1.0,,85,0,85,0,,1.86,,0
5084049,ejholmes/metaforce,0.0,,,ruby,,master,1,1be20dce05cde98923c246676ef65eaf727d2eb6,build_found,6a9db97e882f2ad1098f984da083f92e80c1bb32,4819159,2013-02-26 21:25:10,2,1be20dce05cde98923c246676ef65eaf727d2eb6,1,1be20dce05cde98923c246676ef65eaf727d2eb6,,1be20dce05cde98923c246676ef65eaf727d2eb6,,0,,6,0,0,0,1,0,0,1,0,0,3,1456,41.8956043956044,1.37362637362637,3.43406593406593,1.0,,2013-02-26 21:25:18,2013-02-26 21:25:50,passed,126,"[5084051, 5084055]",328,5084055,ruby,ok,,ruby,rspec,1.0,,85,0,85,0,,4.1,,0
5084282,ejholmes/metaforce,0.0,,,ruby,,master,1,006cf872a4f22978ef682d11ad98241cc8bd4c7a,build_found,1be20dce05cde98923c246676ef65eaf727d2eb6,5084049,2013-02-26 21:33:09,2,006cf872a4f22978ef682d11ad98241cc8bd4c7a,1,006cf872a4f22978ef682d11ad98241cc8bd4c7a,,006cf872a4f22978ef682d11ad98241cc8bd4c7a,,0,,16,0,0,0,1,0,0,1,0,0,4,1463,41.6951469583049,1.36705399863295,3.41763499658237,1.0,,2013-02-26 21:33:17,2013-02-26 21:33:45,passed,91,"[5084283, 5084284]",329,5084283,ruby,ok,,ruby,rspec,1.0,,85,0,85,0,,2.19,,0
6130265,ejholmes/metaforce,0.0,,,ruby,,master,1,0d98b23e240d6ae8b1641587bb35d3eb815cd03e,build_found,006cf872a4f22978ef682d11ad98241cc8bd4c7a,5084282,2013-04-07 16:55:25,2,0d98b23e240d6ae8b1641587bb35d3eb815cd03e,1,0d98b23e240d6ae8b1641587bb35d3eb815cd03e,,0d98b23e240d6ae8b1641587bb35d3eb815cd03e,,0,,6,3,0,0,3,0,0,3,0,0,37,1465,42.320819112628,1.36518771331058,4.09556313993174,1.0,,2013-04-07 16:59:31,2013-04-07 17:00:01,passed,81,"[6130266, 6130267]",330,6130267,ruby,ok,,ruby,rspec,1.0,,85,0,85,0,,2.51,,0
6130384,ejholmes/metaforce,0.0,,,ruby,,master,1,37a2c27114232ab00096456101160228d5802066,build_found,0d98b23e240d6ae8b1641587bb35d3eb815cd03e,6130265,2013-04-07 17:00:43,2,37a2c27114232ab00096456101160228d5802066,1,37a2c27114232ab00096456101160228d5802066,,37a2c27114232ab00096456101160228d5802066,,0,,2,0,0,0,1,0,0,1,0,0,56,1465,42.320819112628,1.36518771331058,4.09556313993174,1.0,,2013-04-07 17:00:55,2013-04-07 17:17:59,passed,83,"[6130386, 6130385]",331,6130386,ruby,ok,,ruby,rspec,1.0,,85,0,85,0,,3.1,,0
6130744,ejholmes/metaforce,0.0,,,ruby,,master,1,2e9d4415414bc25882b45233a92708177b3171ff,build_found,37a2c27114232ab00096456101160228d5802066,6130384,2013-04-07 17:18:06,2,2e9d4415414bc25882b45233a92708177b3171ff,1,2e9d4415414bc25882b45233a92708177b3171ff,,2e9d4415414bc25882b45233a92708177b3171ff,,0,,2,0,0,0,1,0,0,1,0,0,143,1465,42.320819112628,1.36518771331058,4.09556313993174,1.0,,2013-04-07 17:18:12,2013-04-07 17:18:52,passed,84,"[6130745, 6130746]",332,6130746,ruby,ok,,ruby,rspec,1.0,,85,0,85,0,,2.55,,0
