tr_build_id,gh_project_name,gh_is_pr,gh_pr_created_at,gh_pull_req_num,gh_lang,git_merged_with,git_branch,gh_num_commits_in_push,gh_commits_in_push,git_prev_commit_resolution_status,git_prev_built_commit,tr_prev_build,gh_first_commit_created_at,gh_team_size,git_all_built_commits,git_num_all_built_commits,git_trigger_commit,tr_virtual_merged_into,tr_original_commit,gh_num_issue_comments,gh_num_commit_comments,gh_num_pr_comments,git_diff_src_churn,git_diff_test_churn,gh_diff_files_added,gh_diff_files_deleted,gh_diff_files_modified,gh_diff_tests_added,gh_diff_tests_deleted,gh_diff_src_files,gh_diff_doc_files,gh_diff_other_files,gh_num_commits_on_files_touched,gh_sloc,gh_test_lines_per_kloc,gh_test_cases_per_kloc,gh_asserts_cases_per_kloc,gh_by_core_team_member,gh_description_complexity,gh_pushed_at,gh_build_started_at,tr_status,tr_duration,tr_jobs,tr_build_number,tr_job_id,tr_log_lan,tr_log_status,tr_log_setup_time,tr_log_analyzer,tr_log_frameworks,tr_log_bool_tests_ran,tr_log_bool_tests_failed,tr_log_num_tests_ok,tr_log_num_tests_failed,tr_log_num_tests_run,tr_log_num_tests_skipped,tr_log_tests_failed,tr_log_testduration,tr_log_buildduration,build_successful
1106338,mongomapper/mongomapper,0.0,,,ruby,,master,,,merge_found,,,,8,096d351dc7eca340eb91212823464a52a48abf0b#76d6bd696d3eaf9ae2ed8f94cca77f19b145fc87,2,096d351dc7eca340eb91212823464a52a48abf0b,,096d351dc7eca340eb91212823464a52a48abf0b,,0,,4,0,0,0,2,0,0,2,0,0,79,3418,3077.82328847279,374.780573434757,1056.17320070216,0.0,,,2012-04-16 20:37:11,failed,178,[1106339],2,1106339,ruby,unknown,,ruby,,0.0,,,,,,,,,0
1146207,mongomapper/mongomapper,0.0,,,ruby,,master,,,merge_found,,,,9,6863c0e7f7090a9e15e74752d422cafd77f77f7b#f1e55dc9c8e9eb1c786d232e2a02e4e25d850966#4822f8620b656c0d461615a4ae543367169927f6,3,6863c0e7f7090a9e15e74752d422cafd77f77f7b,,6863c0e7f7090a9e15e74752d422cafd77f77f7b,,0,,3,21,1,0,3,0,0,3,0,0,60,3485,3101.2912482066,378.19225251076,1059.39741750359,1.0,,,2012-04-22 03:12:45,passed,354,"[1146209, 1146211, 1146208, 1146210]",3,1146209,ruby,unknown,,ruby,,0.0,,,,,,,,,0
1146232,mongomapper/mongomapper,0.0,,,ruby,,master,,,build_found,6863c0e7f7090a9e15e74752d422cafd77f77f7b,1146207,,9,0f0062f3bff9663351bc7a18fe495eb7c48e03fb,1,0f0062f3bff9663351bc7a18fe495eb7c48e03fb,,0f0062f3bff9663351bc7a18fe495eb7c48e03fb,,0,,1,0,0,0,1,0,0,1,0,0,30,3485,3101.2912482066,378.19225251076,1059.39741750359,1.0,,,2012-04-22 03:19:56,passed,341,"[1146236, 1146234, 1146235, 1146233]",4,1146234,ruby,unknown,,ruby,,0.0,,,,,,,,,0
1184325,mongomapper/mongomapper,0.0,,,ruby,,master,,,build_found,0f0062f3bff9663351bc7a18fe495eb7c48e03fb,1146232,,9,b965105ea203368234636df21c64f05358a467fb#2f746fb82e0c3cbf9d800984f8de38d1d98a6962,2,b965105ea203368234636df21c64f05358a467fb,,b965105ea203368234636df21c64f05358a467fb,,0,,36,0,0,1,4,0,0,5,0,0,122,3462,3121.89485846332,380.704794916233,1066.43558636626,0.0,,,2012-04-26 20:24:26,passed,331,"[1184327, 1184326, 1184328, 1184329]",5,1184328,ruby,unknown,,ruby,,0.0,,,,,,,,,0
1406940,mongomapper/mongomapper,0.0,,,ruby,,master,,,build_found,b965105ea203368234636df21c64f05358a467fb,1184325,,8,e582032136d44e803eac7a8a27858a430c250724,1,e582032136d44e803eac7a8a27858a430c250724,,e582032136d44e803eac7a8a27858a430c250724,,0,,14,54,0,0,2,0,0,2,0,0,35,3464,3133.37182448037,382.217090069284,1070.43879907621,0.0,,,2012-05-23 02:02:47,passed,353,"[1406943, 1406944, 1406942, 1406941]",6,1406944,ruby,unknown,,ruby,,0.0,,,,,,,,,0
1410850,mongomapper/mongomapper,0.0,,,ruby,,master,,,merge_found,,,,8,28d005e7fdfd189cd7510e30d43f43731b3348c1,1,28d005e7fdfd189cd7510e30d43f43731b3348c1,,28d005e7fdfd189cd7510e30d43f43731b3348c1,,0,,1,4,0,0,2,0,0,2,0,0,38,3465,3133.04473304473,382.106782106782,1070.70707070707,0.0,,,2012-05-23 13:23:48,passed,378,"[1410853, 1410852, 1410854, 1410851]",7,1410853,ruby,unknown,,ruby,,0.0,,,,,,,,,0
1501829,mongomapper/mongomapper,0.0,,,ruby,,master,,,build_found,28d005e7fdfd189cd7510e30d43f43731b3348c1,1410850,,8,4d35c6704a9b6b259a85b339f9ecaf9ca6966602,1,4d35c6704a9b6b259a85b339f9ecaf9ca6966602,,4d35c6704a9b6b259a85b339f9ecaf9ca6966602,,0,,20,0,0,0,1,0,0,1,0,0,12,3477,3122.23180903077,380.788035662928,1067.01179177452,0.0,,,2012-06-01 18:53:26,passed,354,"[1501833, 1501830, 1501832, 1501831]",8,1501832,ruby,unknown,,ruby,,0.0,,,,,,,,,0
1817620,mongomapper/mongomapper,0.0,,,ruby,,master,,,build_found,4d35c6704a9b6b259a85b339f9ecaf9ca6966602,1501829,,7,ee1c4b2c7771d7415e068cb103afe4ebfdb3647a#bbfb86a147f65b9bb383c1e6224b5699b364542f#c6394c8dd8b018a60511a5f867af5e38d6ee646a#327355243d736c8e9af689e552a9bf59ffd8748c,4,ee1c4b2c7771d7415e068cb103afe4ebfdb3647a,,ee1c4b2c7771d7415e068cb103afe4ebfdb3647a,,0,,22,1,6,1,4,0,0,3,0,8,156,3477,3121.94420477423,380.788035662928,1067.01179177452,1.0,,,2012-07-09 15:37:22,failed,1221,"[1817629, 1817632, 1817623, 1817626, 1817628, 1817625, 1817622, 1817621, 1817630, 1817624, 1817631, 1817627]",9,1817623,ruby,unknown,,ruby,,0.0,,,,,,,,,0
1921531,mongomapper/mongomapper,0.0,,,ruby,,master,,,build_found,ee1c4b2c7771d7415e068cb103afe4ebfdb3647a,1817620,,6,16eaf2d80277415465f57468f69102b634f5371d#ca118bebe4d9d1455e4f5b67dfebc570794c06ea,2,16eaf2d80277415465f57468f69102b634f5371d,,16eaf2d80277415465f57468f69102b634f5371d,,0,,2,5,0,0,2,0,0,2,0,0,33,3477,3122.80701754386,380.788035662928,1067.01179177452,1.0,,,2012-07-21 15:18:59,failed,1026,"[1921543, 1921538, 1921532, 1921534, 1921535, 1921537, 1921541, 1921540, 1921539, 1921533, 1921542, 1921536]",11,1921541,ruby,unknown,,ruby,,0.0,,,,,,,,,0
1921550,mongomapper/mongomapper,0.0,,,ruby,,master,,,build_found,16eaf2d80277415465f57468f69102b634f5371d,1921531,,6,142aa684b3a4593556bdd59721014949afdacff7,1,142aa684b3a4593556bdd59721014949afdacff7,,142aa684b3a4593556bdd59721014949afdacff7,,0,,4,0,0,0,1,0,0,1,0,0,26,3477,3122.80701754386,380.788035662928,1067.01179177452,1.0,,,2012-07-21 15:20:54,failed,1016,"[1921559, 1921557, 1921562, 1921560, 1921556, 1921554, 1921553, 1921551, 1921555, 1921561, 1921558, 1921552]",12,1921561,ruby,unknown,,ruby,,0.0,,,,,,,,,0
1921639,mongomapper/mongomapper,0.0,,,ruby,,master,,,build_found,142aa684b3a4593556bdd59721014949afdacff7,1921550,,6,89a9da0cbca9923c0faa9b694eda2de68b5a8fed,1,89a9da0cbca9923c0faa9b694eda2de68b5a8fed,,89a9da0cbca9923c0faa9b694eda2de68b5a8fed,,0,,2,0,0,0,1,0,0,1,0,0,73,3477,3122.80701754386,380.788035662928,1067.01179177452,1.0,,,2012-07-21 15:36:57,failed,1034,"[1921651, 1921643, 1921640, 1921648, 1921646, 1921642, 1921645, 1921649, 1921647, 1921641, 1921644, 1921650]",13,1921640,ruby,unknown,,ruby,,0.0,,,,,,,,,0
1970052,mongomapper/mongomapper,0.0,,,ruby,,master,,,build_found,89a9da0cbca9923c0faa9b694eda2de68b5a8fed,1921639,,5,505caec7430612fafdc44748d18d7ae770d7cbbc,1,505caec7430612fafdc44748d18d7ae770d7cbbc,,505caec7430612fafdc44748d18d7ae770d7cbbc,,0,,6,16,0,0,2,0,0,2,0,0,31,3481,3122.66590060328,380.637747773628,1066.93478885378,0.0,,,2012-07-27 15:05:35,failed,1221,"[1970056, 1970061, 1970055, 1970058, 1970059, 1970064, 1970062, 1970053, 1970057, 1970060, 1970063, 1970054]",14,1970053,ruby,unknown,,ruby,,0.0,,,,,,,,,0
2304306,mongomapper/mongomapper,0.0,,,ruby,,master,,,merge_found,,,,4,9cd9d3fc0e0fa1cf2a577354557a08b4bcbdfc8a,1,9cd9d3fc0e0fa1cf2a577354557a08b4bcbdfc8a,,9cd9d3fc0e0fa1cf2a577354557a08b4bcbdfc8a,,0,,201,450,0,1,10,0,0,11,0,0,241,3499,3098.88539582738,378.108030865962,1061.16033152329,1.0,,,2012-09-02 00:15:30,passed,1157,"[2304318, 2304317, 2304316, 2304313, 2304309, 2304307, 2304308, 2304314, 2304315, 2304310, 2304312, 2304311]",17,2304310,ruby,unknown,,ruby,,0.0,,,,,,,,,0
2304325,mongomapper/mongomapper,0.0,,,ruby,,master,,,build_found,9cd9d3fc0e0fa1cf2a577354557a08b4bcbdfc8a,2304306,,4,2fed18db997c59eab6e71f125450aeb56bfffdef,1,2fed18db997c59eab6e71f125450aeb56bfffdef,,2fed18db997c59eab6e71f125450aeb56bfffdef,,0,,0,0,0,0,1,0,0,0,0,1,2,3499,3098.88539582738,378.108030865962,1061.16033152329,1.0,,,2012-09-02 00:58:12,failed,751,"[2304328, 2304333, 2304329, 2304334, 2304330, 2304332, 2304327, 2304326, 2304331]",18,2304329,ruby,unknown,,ruby,,0.0,,,,,,,,,0
2368526,mongomapper/mongomapper,1.0,2012-09-07 11:23:29,447,ruby,merge_button,master,,,build_found,2fed18db997c59eab6e71f125450aeb56bfffdef,2304325,,4,1bead1a3846cf22bd59fb0daae41b1c9cc34bccb,1,1bead1a3846cf22bd59fb0daae41b1c9cc34bccb,2fed18db997c59eab6e71f125450aeb56bfffdef,089a0a3ca2589c9d9db0bd55026e9ceddd1a8100,0,0,0,8,7,0,0,2,0,0,2,0,0,62,3506,3094.40958357102,377.638334284084,1059.89731888192,0.0,56,,2012-09-07 13:23:33,passed,839,"[2368534, 2368533, 2368535, 2368528, 2368527, 2368529, 2368530, 2368531, 2368532]",19,2368527,ruby,unknown,,ruby,,0.0,,,,,,,,,0
2369415,mongomapper/mongomapper,0.0,,,ruby,,master,,,merge_found,,,,4,37231503ddc1d98fe36e4eb50486ee7fb46e2ee4,1,37231503ddc1d98fe36e4eb50486ee7fb46e2ee4,,37231503ddc1d98fe36e4eb50486ee7fb46e2ee4,,0,,8,7,0,0,2,0,0,2,0,0,63,3506,3094.40958357102,377.638334284084,1059.89731888192,0.0,,,2012-09-07 14:41:36,passed,976,"[2369422, 2369419, 2369424, 2369418, 2369421, 2369423, 2369417, 2369416, 2369420]",20,2369424,ruby,unknown,,ruby,,0.0,,,,,,,,,0
2422175,mongomapper/mongomapper,0.0,,,ruby,,master,,,build_found,37231503ddc1d98fe36e4eb50486ee7fb46e2ee4,2369415,,4,8cf29ce310eafaa6652bec671dc1139b58f4a269,1,8cf29ce310eafaa6652bec671dc1139b58f4a269,,8cf29ce310eafaa6652bec671dc1139b58f4a269,,0,,7,0,0,0,1,0,0,1,0,0,6,3506,3094.40958357102,377.638334284084,1059.89731888192,1.0,,,2012-09-12 15:58:16,passed,1202,"[2422184, 2422181, 2422180, 2422179, 2422182, 2422183, 2422177, 2422178, 2422176]",21,2422176,ruby,unknown,,ruby,,0.0,,,,,,,,,0
2426385,mongomapper/mongomapper,0.0,,,ruby,,master,,,build_found,8cf29ce310eafaa6652bec671dc1139b58f4a269,2422175,,4,12d1f8931b427a72002c20f47f9c34f9abd5ed69#69099390edaa002fc331a2199fbc053f42fb5c3d,2,12d1f8931b427a72002c20f47f9c34f9abd5ed69,,12d1f8931b427a72002c20f47f9c34f9abd5ed69,,0,,16,0,0,0,2,0,0,2,0,0,85,3506,3094.40958357102,377.638334284084,1059.89731888192,1.0,,,2012-09-12 21:32:09,passed,790,"[2426394, 2426392, 2426391, 2426390, 2426389, 2426393, 2426387, 2426388, 2426386]",22,2426394,ruby,unknown,,ruby,,0.0,,,,,,,,,0
2426871,mongomapper/mongomapper,0.0,,,ruby,,master,,,build_found,12d1f8931b427a72002c20f47f9c34f9abd5ed69,2426385,,4,fb517eed162ba193a7e8e85bb75de8abe3127a20,1,fb517eed162ba193a7e8e85bb75de8abe3127a20,,fb517eed162ba193a7e8e85bb75de8abe3127a20,,0,,2,0,0,0,2,0,0,1,0,1,29,3506,3094.40958357102,377.638334284084,1059.89731888192,1.0,,,2012-09-12 22:13:34,passed,1175,"[2426880, 2426873, 2426879, 2426874, 2426878, 2426877, 2426872, 2426875, 2426876]",23,2426880,ruby,unknown,,ruby,,0.0,,,,,,,,,0
2518930,mongomapper/mongomapper,0.0,,,ruby,,master,,,merge_found,,,,4,05067561997aba83a86eada71c346e0631ecfcf2,1,05067561997aba83a86eada71c346e0631ecfcf2,,05067561997aba83a86eada71c346e0631ecfcf2,,0,,0,0,0,0,1,0,0,0,0,1,4,3506,3094.40958357102,377.638334284084,1059.89731888192,0.0,,,2012-09-21 02:13:58,passed,772,"[2518934, 2518939, 2518938, 2518937, 2518935, 2518933, 2518931, 2518936, 2518932]",32,2518937,ruby,unknown,,ruby,,0.0,,,,,,,,,0
2523339,mongomapper/mongomapper,0.0,,,ruby,,master,,,build_found,05067561997aba83a86eada71c346e0631ecfcf2,2518930,,4,bd6d20f4b83b4b72208dbfc2e4af43a2f0c3c52e#65b04fd57355b0f3a2ec9e01800b0067adc65c0c#60483b964cb9d60ee7a1ae7efe0e15c0f7565352#a3e0c22bf5086a1ce603266d83971d35a8795d2f#b06b72b5dfadcf76395d96720f5e41e00fa0ffbb,5,bd6d20f4b83b4b72208dbfc2e4af43a2f0c3c52e,,bd6d20f4b83b4b72208dbfc2e4af43a2f0c3c52e,,0,,22,50,0,0,2,0,0,2,0,0,32,3509,3096.32373895697,377.885437446566,1060.13109147905,1.0,,,2012-09-21 16:24:02,passed,886,"[2523341, 2523345, 2523348, 2523347, 2523346, 2523340, 2523342, 2523343, 2523344]",33,2523348,ruby,unknown,,ruby,,0.0,,,,,,,,,0
2523620,mongomapper/mongomapper,0.0,,,ruby,,master,,,merge_found,,,,4,5106f80e5c691bab45246c7837cabed3d85e6a21#684faf6facd5e9f43fa133502f31c0e63eb10617,2,5106f80e5c691bab45246c7837cabed3d85e6a21,,5106f80e5c691bab45246c7837cabed3d85e6a21,,0,,84,93,0,0,5,0,0,5,0,0,119,3523,3094.23786545558,378.086857791655,1059.89213738291,1.0,,,2012-09-21 16:55:50,passed,982,"[2523630, 2523632, 2523631, 2523629, 2523626, 2523633, 2523624, 2523628, 2523622]",34,2523629,ruby,unknown,,ruby,,0.0,,,,,,,,,0
2523937,mongomapper/mongomapper,0.0,,,ruby,,master,,,build_found,5106f80e5c691bab45246c7837cabed3d85e6a21,2523620,,4,6c1cb7c41a3ad1ce415a2428de902a33656df9c6,1,6c1cb7c41a3ad1ce415a2428de902a33656df9c6,,6c1cb7c41a3ad1ce415a2428de902a33656df9c6,,0,,12,26,0,0,3,0,0,3,0,0,15,3530,3093.76770538244,377.903682719547,1058.92351274788,1.0,,,2012-09-21 17:06:13,passed,1018,"[2523944, 2523941, 2523942, 2523940, 2523945, 2523947, 2523943, 2523939, 2523938]",35,2523940,ruby,unknown,,ruby,,0.0,,,,,,,,,0
2523982,mongomapper/mongomapper,0.0,,,ruby,,master,,,merge_found,,,,5,67b84ac13b798546f4b89cee89aa19d4c1ea095b#31c5b9ac2e13014147192ed3b597932f64ea64e3,2,67b84ac13b798546f4b89cee89aa19d4c1ea095b,,67b84ac13b798546f4b89cee89aa19d4c1ea095b,,0,,26,439,0,0,2,0,0,2,0,0,37,3530,3099.15014164306,377.903682719547,1058.92351274788,1.0,,,2012-09-21 17:13:15,failed,1046,"[2523985, 2523983, 2523987, 2523986, 2523984, 2523988, 2523991, 2523990, 2523989]",36,2523989,ruby,unknown,,ruby,,0.0,,,,,,,,,0
2524081,mongomapper/mongomapper,0.0,,,ruby,,master,,,merge_found,,,,4,3d302fa5ec345b77f3fffca429f7e26a23bd6855,1,3d302fa5ec345b77f3fffca429f7e26a23bd6855,,3d302fa5ec345b77f3fffca429f7e26a23bd6855,,0,,60,72,3,0,3,0,0,6,0,0,14,3553,3095.13087531663,375.457359977484,1055.72755417957,1.0,,,2012-09-21 17:10:53,failed,501,"[2524087, 2524086, 2524084, 2524083, 2524090, 2524082, 2524085, 2524088, 2524089]",37,2524086,ruby,unknown,,ruby,,0.0,,,,,,,,,0
2524123,mongomapper/mongomapper,0.0,,,ruby,,master,,,merge_found,,,,5,3f28a93ba9f1d09ca8b46621c235c929cab6a308,1,3f28a93ba9f1d09ca8b46621c235c929cab6a308,,3f28a93ba9f1d09ca8b46621c235c929cab6a308,,0,,42,51,0,0,2,0,0,2,0,0,33,3570,3090.75630252101,374.509803921569,1053.22128851541,1.0,,,2012-09-21 17:19:41,failed,497,"[2524130, 2524132, 2524131, 2524129, 2524127, 2524128, 2524126, 2524125, 2524124]",38,2524126,ruby,unknown,,ruby,,0.0,,,,,,,,,0
2524209,mongomapper/mongomapper,0.0,,,ruby,,master,,,merge_found,,,,5,08ef976a6a3708468967ba83f06bcb789735ce78,1,08ef976a6a3708468967ba83f06bcb789735ce78,,08ef976a6a3708468967ba83f06bcb789735ce78,,0,,12,68,0,0,2,0,0,2,0,0,10,3571,3106.41276953234,376.365163819658,1057.40688882666,1.0,,,2012-09-21 17:21:41,failed,505,"[2524215, 2524216, 2524217, 2524213, 2524210, 2524218, 2524211, 2524214, 2524212]",39,2524214,ruby,unknown,,ruby,,0.0,,,,,,,,,0
2524552,mongomapper/mongomapper,0.0,,,ruby,,master,,,build_found,08ef976a6a3708468967ba83f06bcb789735ce78,2524209,,5,4c7419a4952bb6ab4f4e9d7fcc956dad72c5a634#6bc16b56ad24c85422eaff2b16a65400dd1da15f,2,4c7419a4952bb6ab4f4e9d7fcc956dad72c5a634,,4c7419a4952bb6ab4f4e9d7fcc956dad72c5a634,,0,,4,0,0,0,1,0,0,1,0,0,82,3571,3106.41276953234,376.365163819658,1057.40688882666,1.0,,,2012-09-21 18:12:07,failed,567,"[2524561, 2524559, 2524556, 2524555, 2524560, 2524558, 2524554, 2524553, 2524557]",40,2524554,ruby,unknown,,ruby,,0.0,,,,,,,,,0
2525313,mongomapper/mongomapper,1.0,2012-09-21 17:04:44,453,ruby,merge_button,master,,,build_found,4c7419a4952bb6ab4f4e9d7fcc956dad72c5a634,2524552,,5,b192a8eb512b2708b273c5d2bb15651d8be45142#9b7565916285c3437f44e0756d7f0c46e4093d16#289c844a9e4d72233fd8724744bb7123dab87910,3,b192a8eb512b2708b273c5d2bb15651d8be45142,9b7565916285c3437f44e0756d7f0c46e4093d16,9fb69ca0cd7dc810599add7c108c9c302153ca3d,0,0,0,0,53,1,1,2,0,0,3,0,0,4,3571,3105.01260151218,376.365163819658,1057.40688882666,1.0,8,,2012-09-21 19:24:09,failed,1046,"[2525314, 2525318, 2525316, 2525319, 2525315, 2525317, 2525321, 2525322, 2525320]",41,2525322,ruby,unknown,,ruby,,0.0,,,,,,,,,0
2526408,mongomapper/mongomapper,0.0,,,ruby,,master,,,merge_found,,,,5,62f818362ee8f6406022de1619d428b52fb3edfe,1,62f818362ee8f6406022de1619d428b52fb3edfe,,62f818362ee8f6406022de1619d428b52fb3edfe,,0,,0,6,0,0,2,0,0,2,0,0,7,3571,3105.01260151218,376.365163819658,1057.40688882666,0.0,,,2012-09-21 21:24:28,failed,911,"[2526414, 2526412, 2526410, 2526413, 2526409, 2526411, 2526416, 2526415, 2526417]",42,2526414,ruby,unknown,,ruby,,0.0,,,,,,,,,0
2526539,mongomapper/mongomapper,0.0,,,ruby,,master,,,build_found,62f818362ee8f6406022de1619d428b52fb3edfe,2526408,,5,b12af57cb4ec63ce10f74f4764b46590f05a1bdb,1,b12af57cb4ec63ce10f74f4764b46590f05a1bdb,,b12af57cb4ec63ce10f74f4764b46590f05a1bdb,,0,,0,3,0,0,1,0,0,1,0,0,31,3571,3105.29263511621,376.365163819658,1057.40688882666,1.0,,,2012-09-21 21:40:00,failed,883,"[2526545, 2526542, 2526543, 2526544, 2526540, 2526541, 2526547, 2526546, 2526548]",43,2526544,ruby,unknown,,ruby,,0.0,,,,,,,,,0
2526689,mongomapper/mongomapper,0.0,,,ruby,,master,,,build_found,b12af57cb4ec63ce10f74f4764b46590f05a1bdb,2526539,,5,17badd6718410efdc3e7e779d3c393468ad7837a,1,17badd6718410efdc3e7e779d3c393468ad7837a,,17badd6718410efdc3e7e779d3c393468ad7837a,,0,,0,20,0,0,1,0,0,1,0,0,32,3571,3106.13273592831,376.365163819658,1057.40688882666,1.0,,,2012-09-21 22:00:45,failed,918,"[2526695, 2526691, 2526692, 2526693, 2526694, 2526690, 2526698, 2526697, 2526696]",44,2526696,ruby,unknown,,ruby,,0.0,,,,,,,,,0
2526713,mongomapper/mongomapper,0.0,,,ruby,,master,,,build_found,17badd6718410efdc3e7e779d3c393468ad7837a,2526689,,5,6fb1b018a5fe871e4e64b459a812b51cb36e26a7,1,6fb1b018a5fe871e4e64b459a812b51cb36e26a7,,6fb1b018a5fe871e4e64b459a812b51cb36e26a7,,0,,0,14,0,0,1,0,0,1,0,0,33,3571,3106.13273592831,376.365163819658,1057.40688882666,1.0,,,2012-09-21 22:04:53,failed,837,"[2526716, 2526718, 2526715, 2526719, 2526714, 2526717, 2526722, 2526720, 2526721]",45,2526715,ruby,unknown,,ruby,,0.0,,,,,,,,,0
2526752,mongomapper/mongomapper,0.0,,,ruby,,master,,,build_found,6fb1b018a5fe871e4e64b459a812b51cb36e26a7,2526713,,5,80ed6deab25973f71a50e698e1fc846e9eb6bf31,1,80ed6deab25973f71a50e698e1fc846e9eb6bf31,,80ed6deab25973f71a50e698e1fc846e9eb6bf31,,0,,0,2,0,0,1,0,0,1,0,0,34,3571,3106.69280313638,376.365163819658,1057.96695603472,1.0,,,2012-09-21 22:09:05,failed,961,"[2526757, 2526758, 2526755, 2526756, 2526753, 2526754, 2526761, 2526759, 2526760]",46,2526754,ruby,unknown,,ruby,,0.0,,,,,,,,,0
2592768,mongomapper/mongomapper,1.0,2012-09-28 04:53:49,457,ruby,merge_button,master,,,build_found,80ed6deab25973f71a50e698e1fc846e9eb6bf31,2526752,,5,94e98252de4180fe13ba227d93c9ad1821af8293#c4657ad7f30de9aa5caad000158fdb43755cb5eb,2,94e98252de4180fe13ba227d93c9ad1821af8293,80ed6deab25973f71a50e698e1fc846e9eb6bf31,1f83670c44a09ea00c70408edd539d5fac2f2620,1,0,0,52,0,1,0,3,0,0,4,0,0,117,3575,3103.21678321678,375.944055944056,1056.78321678322,1.0,97,,2012-09-28 07:06:33,failed,890,"[2592770, 2592774, 2592771, 2592773, 2592769, 2592772, 2592777, 2592776, 2592775]",48,2592770,ruby,unknown,,ruby,,0.0,,,,,,,,,0
2630387,mongomapper/mongomapper,1.0,2012-10-01 20:35:17,459,ruby,merge_button,master,,,build_found,94e98252de4180fe13ba227d93c9ad1821af8293,2592768,,5,73f30d961cf03a11d6c4dec0ee454ac0292b44c3,1,73f30d961cf03a11d6c4dec0ee454ac0292b44c3,94e98252de4180fe13ba227d93c9ad1821af8293,b35b3f0e17c80be9e3a5104a4684366fc4290694,0,0,0,11,14,0,0,2,0,0,2,0,0,43,3573,3107.7525888609,376.714245731878,1059.05401623286,0.0,53,,2012-10-01 22:37:26,failed,873,"[2630392, 2630393, 2630391, 2630390, 2630389, 2630388, 2630395, 2630396, 2630394]",50,2630391,ruby,unknown,,ruby,,0.0,,,,,,,,,0
2638356,mongomapper/mongomapper,0.0,,,ruby,,master,,,merge_found,,,,5,e3521dcc6ccbb227f2608d3b6790877478d05abd,1,e3521dcc6ccbb227f2608d3b6790877478d05abd,,e3521dcc6ccbb227f2608d3b6790877478d05abd,,0,,11,14,0,0,2,0,0,2,0,0,44,3573,3107.7525888609,376.714245731878,1059.05401623286,0.0,,,2012-10-02 15:16:41,failed,839,"[2638361, 2638359, 2638360, 2638357, 2638358, 2638362, 2638364, 2638365, 2638363]",51,2638363,ruby,unknown,,ruby,,0.0,,,,,,,,,0
2643059,mongomapper/mongomapper,1.0,2012-10-02 19:26:10,462,ruby,merge_button,master,,,build_found,73f30d961cf03a11d6c4dec0ee454ac0292b44c3,2630387,,5,9844b2aa756f618d9c6cbe9814df07b592da84d1,1,9844b2aa756f618d9c6cbe9814df07b592da84d1,e3521dcc6ccbb227f2608d3b6790877478d05abd,8cf36240daa9132c1ceffbd61cd621eca7fe50f0,0,0,0,6,29,0,0,2,0,0,2,0,0,46,3576,3111.01789709172,376.677852348993,1059.84340044743,0.0,120,,2012-10-02 21:26:18,failed,847,"[2643060, 2643062, 2643063, 2643064, 2643065, 2643061, 2643067, 2643068, 2643066]",53,2643062,ruby,unknown,,ruby,,0.0,,,,,,,,,0
2644933,mongomapper/mongomapper,0.0,,,ruby,,master,,,merge_found,,,,5,d1eb6bcf129ae89c38e8835728ef9d38ad3bb37b,1,d1eb6bcf129ae89c38e8835728ef9d38ad3bb37b,,d1eb6bcf129ae89c38e8835728ef9d38ad3bb37b,,0,,6,29,0,0,2,0,0,2,0,0,47,3576,3111.01789709172,376.677852348993,1059.84340044743,0.0,,,2012-10-03 01:06:57,failed,806,"[2644937, 2644935, 2644936, 2644934, 2644939, 2644938, 2644942, 2644941, 2644940]",54,2644940,ruby,unknown,,ruby,,0.0,,,,,,,,,0
2880883,mongomapper/mongomapper,1.0,2012-10-21 23:12:47,471,ruby,merge_button,master,,,build_found,d1eb6bcf129ae89c38e8835728ef9d38ad3bb37b,2644933,,5,942003cca2c2daddac8615452fdf93387eb49108#400f4b3186c3a09d0f5f98ae4ff5f6ccf0efbb11#ab77215361ccbd03753976210625da829a7c57d9,3,942003cca2c2daddac8615452fdf93387eb49108,d1eb6bcf129ae89c38e8835728ef9d38ad3bb37b,3f66a2d9b414fa47cdf93636410dfd37f6c0da69,0,0,0,96,2,1,0,10,0,0,11,0,0,264,3585,3103.20781032078,375.732217573222,1057.18270571827,1.0,150,,2012-10-22 01:12:59,failed,1197,"[2880889, 2880885, 2880888, 2880887, 2880886, 2880884, 2880892, 2880891, 2880890]",63,2880884,ruby,unknown,,ruby,,0.0,,,,,,,,,0
2888552,mongomapper/mongomapper,0.0,,,ruby,,master,,,build_found,942003cca2c2daddac8615452fdf93387eb49108,2880883,,5,197c2f649f574a0932773e73cca2c5cb1235af3f,1,197c2f649f574a0932773e73cca2c5cb1235af3f,,197c2f649f574a0932773e73cca2c5cb1235af3f,,0,,0,2,0,0,1,0,0,1,0,0,37,3585,3103.20781032078,375.732217573222,1057.18270571827,1.0,,,2012-10-22 16:06:36,failed,1259,"[2888554, 2888557, 2888560, 2888559, 2888561, 2888558, 2888553, 2888556, 2888555]",64,2888558,ruby,unknown,,ruby,,0.0,,,,,,,,,0
2945796,mongomapper/mongomapper,1.0,2012-10-26 16:24:55,472,ruby,merge_button,master,,,build_found,197c2f649f574a0932773e73cca2c5cb1235af3f,2888552,,5,8ae7ce0a57ae67c97d04407a2959603f476951d8#3a78f04255d3ea01f4eac9a80f4a960e19b5baf7,2,8ae7ce0a57ae67c97d04407a2959603f476951d8,197c2f649f574a0932773e73cca2c5cb1235af3f,56bf32e4872c37485226302d44532e576fb182a4,0,0,0,41,37,0,0,4,0,0,4,0,0,51,3588,3108.97435897436,376.532887402453,1060.20066889632,0.0,129,,2012-10-26 18:25:00,failed,881,"[2945798, 2945801, 2945800, 2945799, 2945805, 2945804, 2945803, 2945802, 2945797]",65,2945800,ruby,unknown,,ruby,,0.0,,,,,,,,,0
3346337,mongomapper/mongomapper,1.0,2012-11-03 01:44:21,474,ruby,merge_button,master,,,build_found,197c2f649f574a0932773e73cca2c5cb1235af3f,2888552,,5,12c131a780db1525d353d4cc822c93db44726b74#808cd4edfa9381475c720cb1d6bce6d897625ae3#eb232a94ceabc9c57af0fd44637679783c048e10,3,12c131a780db1525d353d4cc822c93db44726b74,197c2f649f574a0932773e73cca2c5cb1235af3f,301aeaf0f4335ff9e4c4e8bab2b28859f2774abd,3,0,0,60,8,0,0,4,0,0,4,0,0,130,3592,3099.10913140312,375.278396436526,1056.23608017817,1.0,94,,2012-11-25 01:40:11,failed,761,"[3346342, 3346338, 3346341, 3346339, 3346344, 3346340, 3346346, 3346345, 3346343]",69,3346340,ruby,unknown,,ruby,,0.0,,,,,,,,,0
3812167,mongomapper/mongomapper,1.0,2012-12-24 23:59:27,484,ruby,merge_button,master,,,build_found,197c2f649f574a0932773e73cca2c5cb1235af3f,2888552,,4,b3f469d17e2f4933387c526436acea758996bed5,1,b3f469d17e2f4933387c526436acea758996bed5,197c2f649f574a0932773e73cca2c5cb1235af3f,39fe8d527c5e1ceafa6157c2863739aa480184f7,0,0,0,0,0,16,0,0,0,0,16,0,0,299,3585,3103.20781032078,375.732217573222,1057.18270571827,0.0,17,,2012-12-25 00:59:33,failed,846,"[3812173, 3812172, 3812171, 3812170, 3812175, 3812176, 3812174, 3812168, 3812169]",75,3812173,ruby,unknown,,ruby,,0.0,,,,,,,,,0
3813920,mongomapper/mongomapper,1.0,2012-12-25 06:29:51,485,ruby,merge_button,master,,,build_found,197c2f649f574a0932773e73cca2c5cb1235af3f,2888552,,4,016fa6e91796829024ecc51291c97e92b8f53757,1,016fa6e91796829024ecc51291c97e92b8f53757,197c2f649f574a0932773e73cca2c5cb1235af3f,803afb244559b299de600f80ce7cf61405ce46e7,0,0,0,2,0,0,0,1,0,0,1,0,0,29,3585,3103.20781032078,375.732217573222,1057.18270571827,0.0,18,,2012-12-25 07:29:57,failed,2266,"[3813928, 3813927, 3813926, 3813925, 3813929, 3813923, 3813921, 3813922, 3813924]",76,3813924,ruby,unknown,,ruby,,0.0,,,,,,,,,0
3849421,mongomapper/mongomapper,1.0,2012-12-28 00:41:12,486,ruby,merge_button,master,,,build_found,12c131a780db1525d353d4cc822c93db44726b74,3346337,,5,cb66ae4e3be376a7e58a9f9254f194f371a2a19b#7a653a8066e3d3e3d25148aee37a5997a801f91d#68373a5db8aa9d8f8da2811604f17ee950792e43#875e9a306e535f21ce6f701c941d72c49a2387d5#8d1f3fd920b30e0e5a5f1b5d6d5fe50f00b65132,5,cb66ae4e3be376a7e58a9f9254f194f371a2a19b,197c2f649f574a0932773e73cca2c5cb1235af3f,e1f97f06459c7727830e94061c88f6601c82678d,0,0,0,59,47,1,0,16,0,0,15,0,1,424,3612,3082.22591362126,373.200442967885,1050.66445182724,1.0,70,,2012-12-28 01:41:20,failed,432,"[3849428, 3849430, 3849429, 3849427, 3849422, 3849424, 3849426, 3849425, 3849423]",77,3849423,ruby,unknown,,ruby,,0.0,,,,,,,,,0
3849689,mongomapper/mongomapper,0.0,,,ruby,,master,,,build_found,cb66ae4e3be376a7e58a9f9254f194f371a2a19b,3849421,,5,2e854cb12dc25d7d3c839350521071566cd216c3,1,2e854cb12dc25d7d3c839350521071566cd216c3,,2e854cb12dc25d7d3c839350521071566cd216c3,,0,,0,0,0,0,1,0,0,0,0,1,21,3612,3082.22591362126,373.200442967885,1050.66445182724,1.0,,,2012-12-28 02:08:05,failed,822,"[3849695, 3849696, 3849697, 3849698, 3849693, 3849694, 3849690, 3849691, 3849692]",78,3849697,ruby,unknown,,ruby,,0.0,,,,,,,,,0
3849719,mongomapper/mongomapper,0.0,,,ruby,,master,,,merge_found,,,,5,9a86e4fe6835ab26b29e2700d97b8453a0ade37c,1,9a86e4fe6835ab26b29e2700d97b8453a0ade37c,,9a86e4fe6835ab26b29e2700d97b8453a0ade37c,,0,,2,0,0,0,1,0,0,1,0,0,30,3612,3082.22591362126,373.200442967885,1050.66445182724,0.0,,,2012-12-28 02:11:02,failed,339,"[3849726, 3849725, 3849724, 3849723, 3849727, 3849728, 3849720, 3849721, 3849722]",79,3849724,ruby,unknown,,ruby,,0.0,,,,,,,,,0
3849812,mongomapper/mongomapper,0.0,,,ruby,,master,,,merge_found,,,,5,f8d078cf5a870ddb274775ebb34f8ae09ed7f3d2#57112746033d07445db7d8360abdb96fd2776ad6,2,f8d078cf5a870ddb274775ebb34f8ae09ed7f3d2,,f8d078cf5a870ddb274775ebb34f8ae09ed7f3d2,,0,,41,45,0,0,4,0,0,4,0,0,54,3615,3087.96680497925,373.997233748271,1053.6652835408,1.0,,,2012-12-28 02:24:04,failed,404,"[3849819, 3849820, 3849818, 3849821, 3849816, 3849817, 3849815, 3849813, 3849814]",80,3849821,ruby,unknown,,ruby,,0.0,,,,,,,,,0
3849851,mongomapper/mongomapper,0.0,,,ruby,,master,,,merge_found,,,,5,30e062c26dafe04c0a853f33e9f4e6cb4e251e8b#c6a4c609008edea4c1d820c33d33df9bc0fe71e7,2,30e062c26dafe04c0a853f33e9f4e6cb4e251e8b,,30e062c26dafe04c0a853f33e9f4e6cb4e251e8b,,0,,0,0,25,0,0,0,0,24,0,1,489,3615,3087.96680497925,373.997233748271,1053.6652835408,1.0,,,2012-12-28 02:26:22,failed,383,"[3849860, 3849858, 3849857, 3849855, 3849852, 3849856, 3849853, 3849859, 3849854]",81,3849852,ruby,unknown,,ruby,,0.0,,,,,,,,,0
3863208,mongomapper/mongomapper,0.0,,,ruby,,master,,,build_found,30e062c26dafe04c0a853f33e9f4e6cb4e251e8b,3849851,,5,f95c58ea48e0cffbcb4b5b2cb2c342fae0ec9515,1,f95c58ea48e0cffbcb4b5b2cb2c342fae0ec9515,,f95c58ea48e0cffbcb4b5b2cb2c342fae0ec9515,,0,,2,0,0,0,1,0,0,1,0,0,76,3615,3087.96680497925,373.997233748271,1053.6652835408,1.0,,,2012-12-28 22:27:05,failed,370,"[3863215, 3863217, 3863216, 3863214, 3863209, 3863212, 3863213, 3863210, 3863211]",82,3863217,ruby,unknown,,ruby,,0.0,,,,,,,,,0
3863238,mongomapper/mongomapper,0.0,,,ruby,,master,,,build_found,f95c58ea48e0cffbcb4b5b2cb2c342fae0ec9515,3863208,,5,9ce41ebfc74b46c22eb8d25623319020b4f9f497,1,9ce41ebfc74b46c22eb8d25623319020b4f9f497,,9ce41ebfc74b46c22eb8d25623319020b4f9f497,,0,,2,0,0,0,1,0,0,1,0,0,77,3615,3087.96680497925,373.997233748271,1053.6652835408,1.0,,,2012-12-28 22:28:54,failed,365,"[3863245, 3863246, 3863244, 3863243, 3863247, 3863242, 3863241, 3863240, 3863239]",83,3863246,ruby,unknown,,ruby,,0.0,,,,,,,,,0
3897852,mongomapper/mongomapper,0.0,,,ruby,,master,,,build_found,9ce41ebfc74b46c22eb8d25623319020b4f9f497,3863238,,5,ea6408d0ce094d15d55068df1af20cb27a775165,1,ea6408d0ce094d15d55068df1af20cb27a775165,,ea6408d0ce094d15d55068df1af20cb27a775165,,0,,17,0,0,0,3,0,0,3,0,0,144,3610,3092.24376731302,374.515235457064,1055.12465373961,1.0,,,2012-12-31 20:45:26,failed,391,"[3897861, 3897859, 3897860, 3897853, 3897857, 3897856, 3897855, 3897854, 3897858]",84,3897861,ruby,unknown,,ruby,,0.0,,,,,,,,,0
3898148,mongomapper/mongomapper,0.0,,,ruby,,master,,,build_found,ea6408d0ce094d15d55068df1af20cb27a775165,3897852,,5,f21862e2d60e382e7edafbd4cd5c3cf1378add63,1,f21862e2d60e382e7edafbd4cd5c3cf1378add63,,f21862e2d60e382e7edafbd4cd5c3cf1378add63,,0,,2,0,0,0,1,0,0,1,0,0,79,3610,3092.24376731302,374.515235457064,1055.12465373961,1.0,,,2012-12-31 21:21:46,failed,351,"[3898157, 3898156, 3898154, 3898151, 3898152, 3898153, 3898155, 3898149, 3898150]",85,3898149,ruby,unknown,,ruby,,0.0,,,,,,,,,0
4340460,mongomapper/mongomapper,1.0,2013-01-23 19:54:19,494,ruby,merge_button,master,,,build_found,f21862e2d60e382e7edafbd4cd5c3cf1378add63,3898148,,5,7b723933b53f23c15894d3a0a8fdc130b0a88347,1,7b723933b53f23c15894d3a0a8fdc130b0a88347,f21862e2d60e382e7edafbd4cd5c3cf1378add63,a9b803e5dcbd77954731f8bf20e82a8aeb3c4cb0,2,0,0,13,105,0,0,2,0,0,2,0,0,11,3616,3095.13274336283,374.723451327434,1055.03318584071,1.0,88,,2013-01-23 20:55:36,failed,350,"[4340467, 4340469, 4340466, 4340468, 4340464, 4340461, 4340463, 4340465, 4340462]",89,4340468,ruby,unknown,,ruby,,0.0,,,,,,,,,0
4340747,mongomapper/mongomapper,0.0,,,ruby,,master,,,build_found,7b723933b53f23c15894d3a0a8fdc130b0a88347,4340460,,5,1e40d7eb8001a58cf084f5e49a1c309eb054a168,1,1e40d7eb8001a58cf084f5e49a1c309eb054a168,,1e40d7eb8001a58cf084f5e49a1c309eb054a168,,0,,4,0,0,0,1,0,0,1,0,0,9,3616,3095.13274336283,374.723451327434,1055.03318584071,1.0,,,2013-01-23 21:10:05,failed,384,"[4340759, 4340757, 4340756, 4340751, 4340748, 4340750, 4340753, 4340752, 4340749]",90,4340753,ruby,unknown,,ruby,,0.0,,,,,,,,,0
5509063,mongomapper/mongomapper,0.0,,,ruby,,master,,,build_found,6750c70834d768ef088af78c5ae9c7313203b82d,5508911,,5,11fd334349a94f382cb02b6ce4f9e005ce4947e1,1,11fd334349a94f382cb02b6ce4f9e005ce4947e1,,11fd334349a94f382cb02b6ce4f9e005ce4947e1,,0,,0,0,0,3,3,0,0,0,0,6,1,3616,3094.5796460177,374.723451327434,1055.03318584071,1.0,,,2013-03-14 19:58:17,failed,1068,"[5509072, 5509070, 5509069, 5509071, 5509067, 5509068, 5509064, 5509066, 5509065]",95,5509067,ruby,broken,,ruby,,0.0,,,,,,,,,0
7679824,mongomapper/mongomapper,1.0,2013-05-31 20:56:21,514,ruby,commits_in_master,master,,,build_found,f5f695215effea909df65304898f4512600baa08,6218252,,6,fc3aea59e3e599119aa1547f2d48f74c4e5ec716,1,fc3aea59e3e599119aa1547f2d48f74c4e5ec716,f5f695215effea909df65304898f4512600baa08,36bc207af94c2b5682176917389e1c6d1ddeb2e9,0,0,0,4,0,0,0,1,0,0,1,0,0,7,3616,3094.5796460177,374.723451327434,1055.03318584071,0.0,,,2013-05-31 22:57:05,failed,557,"[7679832, 7679830, 7679833, 7679831, 7679828, 7679827, 7679826, 7679829, 7679825]",99,7679826,ruby,broken,,ruby,,0.0,,,,,,,,,0
8183512,mongomapper/mongomapper,1.0,2013-06-18 00:13:48,517,ruby,merge_button,master,,,build_found,f5f695215effea909df65304898f4512600baa08,6218252,,5,5986d2947c90f9162caf8821be29e308e73cd863,1,5986d2947c90f9162caf8821be29e308e73cd863,f5f695215effea909df65304898f4512600baa08,7929cea325067b54ef7218fcef703634ae345013,0,0,0,2,0,0,0,1,0,0,1,0,0,81,3616,3094.5796460177,374.723451327434,1055.03318584071,1.0,46,,2013-06-18 02:14:38,failed,615,"[8183520, 8183518, 8183521, 8183519, 8183515, 8183517, 8183516, 8183514, 8183513]",100,8183520,ruby,broken,,ruby,,0.0,,,,,,,,,0
8186878,mongomapper/mongomapper,1.0,2013-06-18 04:15:32,518,ruby,merge_button,master,,,build_found,f5f695215effea909df65304898f4512600baa08,6218252,,5,989f6831352d278aca43951c25583417c0203f85,1,989f6831352d278aca43951c25583417c0203f85,f5f695215effea909df65304898f4512600baa08,d9c4d33fae44490819f54fd8ece522e133baf95e,0,0,0,0,0,0,0,1,0,0,0,0,1,10,3616,3094.5796460177,374.723451327434,1055.03318584071,0.0,6,,2013-06-18 06:16:08,failed,543,"[8186884, 8186885, 8186887, 8186886, 8186883, 8186879, 8186881, 8186882, 8186880]",101,8186886,ruby,broken,,ruby,,0.0,,,,,,,,,0
8202585,mongomapper/mongomapper,0.0,,,ruby,,master,,,merge_found,,,,6,2cce2391283850a96ee06e9b82ee2c4dc020d340,1,2cce2391283850a96ee06e9b82ee2c4dc020d340,,2cce2391283850a96ee06e9b82ee2c4dc020d340,,0,,0,0,0,0,1,0,0,0,0,1,11,3616,3094.5796460177,374.723451327434,1055.03318584071,0.0,,,2013-06-18 16:33:03,failed,820,"[8202593, 8202594, 8202592, 8202591, 8202588, 8202589, 8202586, 8202590, 8202587]",105,8202591,ruby,broken,,ruby,,0.0,,,,,,,,,0
8649498,mongomapper/mongomapper,1.0,2013-07-02 06:10:11,525,ruby,merge_button,master,,,build_found,2cce2391283850a96ee06e9b82ee2c4dc020d340,8202585,,7,a60b04cc360f200b9f3c773150a53928192b2c8e,1,a60b04cc360f200b9f3c773150a53928192b2c8e,2cce2391283850a96ee06e9b82ee2c4dc020d340,4ed58f8229c6827205dbfb4a08f2f81ff06a4475,0,5,0,298,10,0,0,20,0,0,21,0,0,301,3651,3063.54423445631,371.131196932347,1044.91920021912,1.0,65,,2013-07-02 08:10:58,failed,572,"[8649507, 8649506, 8649505, 8649504, 8649503, 8649502, 8649501, 8649500, 8649499]",128,8649500,ruby,broken,,ruby,,0.0,,,,,,,,,0
8649887,mongomapper/mongomapper,1.0,2013-07-02 06:30:12,526,ruby,merge_button,master,,,build_found,2cce2391283850a96ee06e9b82ee2c4dc020d340,8202585,,7,0fa179fe20155193e6b994d4a9432be82b1745aa,1,0fa179fe20155193e6b994d4a9432be82b1745aa,2cce2391283850a96ee06e9b82ee2c4dc020d340,d044919ba7d63d4b0701ea7090aa1f445b74ef4f,0,0,0,61,13639,72,0,6,0,0,74,0,4,198,3635,6143.60385144429,746.905089408528,1725.1719394773,1.0,44,,2013-07-02 08:30:43,failed,1136,"[8649894, 8649896, 8649895, 8649893, 8649892, 8649890, 8649889, 8649891, 8649888]",129,8649888,ruby,broken,,ruby,rspec,1.0,,1396,14,1410,0,,39.99,,0
8650047,mongomapper/mongomapper,1.0,2013-07-02 06:35:52,527,ruby,merge_button,master,,,build_found,2cce2391283850a96ee06e9b82ee2c4dc020d340,8202585,,7,4da7bff8df5da7608fa50adc6fc8bebfe0305ec4,1,4da7bff8df5da7608fa50adc6fc8bebfe0305ec4,2cce2391283850a96ee06e9b82ee2c4dc020d340,73c83efce0157e8a6cbf19890d81157b18f510d4,0,0,0,45,0,0,0,1,0,0,1,0,0,22,3639,3075.02061005771,372.355042594119,1048.36493542182,1.0,60,,2013-07-02 08:36:32,failed,593,"[8650055, 8650056, 8650054, 8650053, 8650052, 8650051, 8650048, 8650050, 8650049]",130,8650056,ruby,broken,,ruby,,0.0,,,,,,,,,0
8650094,mongomapper/mongomapper,1.0,2013-07-02 06:35:52,527,ruby,merge_button,master,,,build_found,4da7bff8df5da7608fa50adc6fc8bebfe0305ec4,8650047,,7,8b637c2314ac3b854e6aafeae3655d0d6d392166,1,8b637c2314ac3b854e6aafeae3655d0d6d392166,2cce2391283850a96ee06e9b82ee2c4dc020d340,9a3752cb5d939f4d52cbe34b54ff680e47930666,0,0,0,4,0,0,0,1,0,0,1,0,0,23,3639,3075.02061005771,372.355042594119,1048.36493542182,1.0,60,,2013-07-02 08:39:20,failed,625,"[8650103, 8650101, 8650102, 8650100, 8650098, 8650099, 8650097, 8650096, 8650095]",131,8650095,ruby,broken,,ruby,,0.0,,,,,,,,,0
8712078,mongomapper/mongomapper,0.0,,,ruby,,master,,,merge_found,,,,7,8e6cd50eac2e180978f556e269ded2255f23e31b,1,8e6cd50eac2e180978f556e269ded2255f23e31b,,8e6cd50eac2e180978f556e269ded2255f23e31b,,0,,45,0,0,0,1,0,0,1,0,0,24,3693,6045.76225291091,735.174654752234,1698.07744381262,1.0,,,2013-07-03 20:41:50,passed,1515,"[8712091, 8712090, 8712088, 8712087, 8712080, 8712081, 8712083, 8712082, 8712079]",135,8712081,ruby,ok,,ruby,rspec,1.0,,1410,0,1410,0,,1.32,,0
8713469,mongomapper/mongomapper,0.0,,,ruby,,master,,,build_found,8e6cd50eac2e180978f556e269ded2255f23e31b,8712078,,7,ea6ccda26d037f9ac473f4f2d1e13c2b8e00099b#986875c54449d06dc1d416edc03d1e9c4c0f67ab#4b4f7df01c8fdcc7adf6d4f63581ed15a36c0141#a37dca93075694436c73748e9b996d32f5d7ac25,4,ea6ccda26d037f9ac473f4f2d1e13c2b8e00099b,,ea6ccda26d037f9ac473f4f2d1e13c2b8e00099b,,0,,51,13774,2,74,11,0,0,82,0,5,810,3693,3020.30869212023,368.805848903331,665.583536420255,1.0,,,2013-07-03 21:21:54,failed,1935,"[8713481, 8713482, 8713479, 8713480, 8713477, 8713478, 8713472, 8713474, 8713471, 8713470, 8713475]",136,8713470,ruby,ok,,ruby,rspec,1.0,,1412,0,1412,0,,11.58,,0
8714068,mongomapper/mongomapper,0.0,,,ruby,,master,,,build_found,ea6ccda26d037f9ac473f4f2d1e13c2b8e00099b,8713469,,7,a8073ab1eb65068af4560bf936bf61d70f8f03b2#88f1effa4c9ac1f2424bc4749399bf13f683f3a0#0e7f12a85879ea38b813ef997e69edc80af220b0,3,a8073ab1eb65068af4560bf936bf61d70f8f03b2,,a8073ab1eb65068af4560bf936bf61d70f8f03b2,,0,,9,12,0,0,4,0,0,3,0,0,47,3693,3022.20417005145,369.076631464934,666.395884105064,1.0,,,2013-07-03 21:38:39,failed,975,"[8714079, 8714078, 8714072, 8714075, 8714077, 8714076, 8714071, 8714070, 8714074, 8714073, 8714069]",137,8714072,ruby,broken,,ruby,,1.0,,,0,,,,,,0
8715638,mongomapper/mongomapper,0.0,,,ruby,,master,,,build_found,a8073ab1eb65068af4560bf936bf61d70f8f03b2,8714068,,7,be119ff557f684eb3fb85bdc3f347aef32ef8b87,1,be119ff557f684eb3fb85bdc3f347aef32ef8b87,,be119ff557f684eb3fb85bdc3f347aef32ef8b87,,0,,0,6,0,0,1,0,0,1,0,0,3,3693,3022.20417005145,369.076631464934,666.125101543461,1.0,,,2013-07-03 22:27:06,passed,1522,"[8715648, 8715649, 8715646, 8715644, 8715647, 8715645, 8715643, 8715640, 8715641, 8715642, 8715639]",138,8715642,ruby,ok,,ruby,rspec,1.0,,1413,0,1413,0,,7.34,,0
8718402,mongomapper/mongomapper,0.0,,,ruby,,master,,,merge_found,,,,7,adfc75e795fb044a720a80da7ff1fb1c38d062cc,1,adfc75e795fb044a720a80da7ff1fb1c38d062cc,,adfc75e795fb044a720a80da7ff1fb1c38d062cc,,0,,2,0,0,0,1,0,0,1,0,0,9,3693,3022.20417005145,369.076631464934,666.125101543461,1.0,,,2013-07-04 00:21:18,passed,1410,"[8718413, 8718412, 8718403, 8718411, 8718410, 8718408, 8718409, 8718405, 8718407, 8718404, 8718406]",139,8718406,ruby,ok,,ruby,rspec,1.0,,1413,0,1413,0,,7.43,,0
8776767,mongomapper/mongomapper,0.0,,,ruby,,master,,,build_found,adfc75e795fb044a720a80da7ff1fb1c38d062cc,8718402,,7,e8723aa723f71ff700a7a345e62e426546b254da,1,e8723aa723f71ff700a7a345e62e426546b254da,,e8723aa723f71ff700a7a345e62e426546b254da,,0,,2,9,0,0,2,0,0,2,0,0,13,3693,3024.37043054427,369.347414026537,666.93744922827,1.0,,,2013-07-05 19:27:54,passed,1644,"[8776779, 8776778, 8776780, 8776777, 8776775, 8776776, 8776774, 8776771, 8776773, 8776768, 8776772]",142,8776772,ruby,ok,,ruby,rspec,1.0,,1414,0,1414,0,,20.15,,0
8778149,mongomapper/mongomapper,0.0,,,ruby,,master,,,build_found,e8723aa723f71ff700a7a345e62e426546b254da,8776767,,7,4f829f0e7800fef1eb2d834cae8a47fe36d0722a,1,4f829f0e7800fef1eb2d834cae8a47fe36d0722a,,4f829f0e7800fef1eb2d834cae8a47fe36d0722a,,0,,0,33,0,0,1,0,0,1,0,0,2,3693,3031.41077714595,369.888979149743,668.291362036285,1.0,,,2013-07-05 20:12:51,passed,1517,"[8778159, 8778160, 8778157, 8778158, 8778155, 8778156, 8778153, 8778152, 8778151, 8778154, 8778150]",143,8778155,ruby,ok,,ruby,rspec,1.0,,1416,0,1416,0,,22.69,,0
8779962,mongomapper/mongomapper,0.0,,,ruby,,master,,,build_found,4f829f0e7800fef1eb2d834cae8a47fe36d0722a,8778149,,7,520cc656faae99402a12a2d45cd38a454cb6dd03,1,520cc656faae99402a12a2d45cd38a454cb6dd03,,520cc656faae99402a12a2d45cd38a454cb6dd03,,0,,31,24,2,0,3,0,0,5,0,0,332,3712,3021.28232758621,368.803879310345,665.948275862069,1.0,,,2013-07-05 21:16:32,failed,1708,"[8779973, 8779972, 8779971, 8779968, 8779970, 8779969, 8779964, 8779966, 8779967, 8779963, 8779965]",144,8779963,ruby,broken,,ruby,rspec,1.0,,1416,3,1419,0,,59.51,,0
8780821,mongomapper/mongomapper,0.0,,,ruby,,master,,,build_found,520cc656faae99402a12a2d45cd38a454cb6dd03,8779962,,7,47b9a520ab9975feea5f84dd7970f8aa635159bf,1,47b9a520ab9975feea5f84dd7970f8aa635159bf,,47b9a520ab9975feea5f84dd7970f8aa635159bf,,0,,4,0,0,0,1,0,0,1,0,0,1,3712,3021.28232758621,368.803879310345,665.948275862069,1.0,,,2013-07-05 21:43:28,passed,1845,"[8780832, 8780831, 8780830, 8780829, 8780827, 8780828, 8780824, 8780823, 8780822, 8780826, 8780825]",145,8780825,ruby,ok,,ruby,rspec,1.0,,1419,0,1419,0,,9.32,,0
8785614,mongomapper/mongomapper,0.0,,,ruby,,master,,,build_found,47b9a520ab9975feea5f84dd7970f8aa635159bf,8780821,,7,ce8931585b43117ea4912978a22f53cb2005601a,1,ce8931585b43117ea4912978a22f53cb2005601a,,ce8931585b43117ea4912978a22f53cb2005601a,,0,,1,6,0,0,2,0,0,2,0,0,4,3713,3021.81524373822,368.973875572313,666.038244007541,1.0,,,2013-07-06 01:22:27,passed,1381,"[8785625, 8785623, 8785624, 8785622, 8785620, 8785621, 8785616, 8785618, 8785617, 8785619, 8785615]",146,8785619,ruby,ok,,ruby,rspec,1.0,,1420,0,1420,0,,53.26,,0
8785826,mongomapper/mongomapper,0.0,,,ruby,,master,,,build_found,ce8931585b43117ea4912978a22f53cb2005601a,8785614,,7,e4c7943ffb0df5a6bcff5def2807064c7565ac82,1,e4c7943ffb0df5a6bcff5def2807064c7565ac82,,e4c7943ffb0df5a6bcff5def2807064c7565ac82,,0,,2,5,0,0,2,0,0,2,0,0,25,3713,3022.89253972529,369.243199569082,666.576892001077,1.0,,,2013-07-06 02:16:38,passed,1448,"[8785835, 8785837, 8785836, 8785834, 8785833, 8785832, 8785831, 8785829, 8785827, 8785830, 8785828]",148,8785831,ruby,ok,,ruby,rspec,1.0,,1421,0,1421,0,,52.21,,0
8787477,mongomapper/mongomapper,0.0,,,ruby,,master,,,build_found,e4c7943ffb0df5a6bcff5def2807064c7565ac82,8785826,,7,061efc73b16cd6b7ae66c3185e73e5fdb633ef0e#98f264f47f01b7695cc580da90b0d4a3de7e55b6,2,061efc73b16cd6b7ae66c3185e73e5fdb633ef0e,,061efc73b16cd6b7ae66c3185e73e5fdb633ef0e,,0,,83,260,0,0,11,0,0,11,0,0,182,3727,3034.61228870405,371.075932385296,667.292728736249,1.0,,,2013-07-06 03:27:05,passed,1546,"[8787487, 8787488, 8787486, 8787485, 8787483, 8787484, 8787480, 8787481, 8787478, 8787479, 8787482]",149,8787485,ruby,ok,,ruby,rspec,1.0,,1433,0,1433,0,,21.77,,0
8810606,mongomapper/mongomapper,0.0,,,ruby,,master,,,build_found,061efc73b16cd6b7ae66c3185e73e5fdb633ef0e,8787477,,7,5cfaa5a4168e8563ccbcfa067bc041786a5aa286,1,5cfaa5a4168e8563ccbcfa067bc041786a5aa286,,5cfaa5a4168e8563ccbcfa067bc041786a5aa286,,0,,1,7,0,0,2,0,0,2,0,0,44,3728,3035.40772532189,371.244635193133,667.650214592275,1.0,,,2013-07-07 03:28:21,passed,1445,"[8810614, 8810615, 8810616, 8810617, 8810607, 8810612, 8810613, 8810608, 8810610, 8810609, 8810611]",151,8810614,ruby,ok,,ruby,rspec,1.0,,1434,0,1434,0,,8.51,,0
8811000,mongomapper/mongomapper,0.0,,,ruby,,master,,,build_found,5cfaa5a4168e8563ccbcfa067bc041786a5aa286,8810606,,7,14568610a6dd771331e96b5338b916e5c984c372,1,14568610a6dd771331e96b5338b916e5c984c372,,14568610a6dd771331e96b5338b916e5c984c372,,0,,6,476,0,0,4,0,0,4,0,0,41,3731,3039.39962476548,371.482176360225,668.185473063522,1.0,,,2013-07-07 03:58:40,passed,1547,"[8811008, 8811011, 8811010, 8811009, 8811006, 8811007, 8811003, 8811005, 8811002, 8811004, 8811001]",152,8811006,ruby,ok,,ruby,rspec,1.0,,1436,0,1436,0,,19.49,,0
8812222,mongomapper/mongomapper,0.0,,,ruby,,master,,,build_found,14568610a6dd771331e96b5338b916e5c984c372,8811000,,7,c5582c90fe4a887b8aa6cc7677e035b7be17b317,1,c5582c90fe4a887b8aa6cc7677e035b7be17b317,,c5582c90fe4a887b8aa6cc7677e035b7be17b317,,0,,0,16,0,0,2,0,0,2,0,0,2,3731,3039.39962476548,371.482176360225,668.185473063522,1.0,,,2013-07-07 05:46:03,passed,1286,"[8812232, 8812233, 8812228, 8812230, 8812231, 8812229, 8812224, 8812225, 8812227, 8812226, 8812223]",153,8812228,ruby,ok,,ruby,rspec,1.0,,1436,0,1436,0,,34.98,,0
8815343,mongomapper/mongomapper,0.0,,,ruby,,master,,,build_found,c5582c90fe4a887b8aa6cc7677e035b7be17b317,8812222,,7,ff2332a9b955a6005bd5b4d195b6a9d0dde07d54#7873066e14aa958c5b7e975d47f3f21422b4c796#ae86a719cebbcfa8a9f32995e7d4f82de22c4c51,3,ff2332a9b955a6005bd5b4d195b6a9d0dde07d54,,ff2332a9b955a6005bd5b4d195b6a9d0dde07d54,,0,,48,138,0,0,20,0,0,18,0,1,262,3715,3072.40915208614,376.581426648721,673.755047106326,1.0,,,2013-07-07 10:25:21,failed,1539,"[8815354, 8815353, 8815351, 8815352, 8815349, 8815350, 8815345, 8815344, 8815347, 8815346, 8815348]",154,8815354,ruby,ok,,ruby,rspec,1.0,,1449,0,1449,0,,18.38,,0
8815412,mongomapper/mongomapper,0.0,,,ruby,,master,,,build_found,ff2332a9b955a6005bd5b4d195b6a9d0dde07d54,8815343,,7,f205649900a53f481d14bed61f12e6164c32b74d,1,f205649900a53f481d14bed61f12e6164c32b74d,,f205649900a53f481d14bed61f12e6164c32b74d,,0,,0,2,0,0,1,0,0,1,0,0,4,3715,3072.40915208614,376.581426648721,673.755047106326,1.0,,,2013-07-07 10:31:21,passed,1519,"[8815422, 8815423, 8815421, 8815417, 8815420, 8815418, 8815419, 8815416, 8815415, 8815414, 8815413]",155,8815421,ruby,ok,,ruby,rspec,1.0,,1449,0,1449,0,,16.14,,0
8825354,mongomapper/mongomapper,0.0,,,ruby,,master,,,build_found,f205649900a53f481d14bed61f12e6164c32b74d,8815412,,7,c44a29a29716e19da0889fbc3cc5fc5126f5c39d#6927d75c87d23ad0caee1ade92a01bd47ed2eac4#ec083196df78695f0c15a4c675ee8e6e22145378,3,c44a29a29716e19da0889fbc3cc5fc5126f5c39d,,c44a29a29716e19da0889fbc3cc5fc5126f5c39d,,0,,0,43,0,0,6,0,0,4,0,1,40,3715,3073.48586810229,376.581426648721,673.755047106326,1.0,,,2013-07-07 19:14:19,passed,2194,"[8825368, 8825369, 8825366, 8825367, 8825363, 8825365, 8825362, 8825364, 8825360, 8825361, 8825359, 8825358, 8825356, 8825355, 8825357]",156,8825358,ruby,ok,,ruby,rspec,1.0,,1449,0,1449,0,,29.45,,0
8827575,mongomapper/mongomapper,0.0,,,ruby,,master,,,build_found,c44a29a29716e19da0889fbc3cc5fc5126f5c39d,8825354,,7,ffd22e1ec027c368f112cdc8586053db626df606,1,ffd22e1ec027c368f112cdc8586053db626df606,,ffd22e1ec027c368f112cdc8586053db626df606,,0,,22,38,0,0,3,0,0,3,0,0,35,3728,3070.81545064378,375.804721030043,672.74678111588,1.0,,,2013-07-07 20:49:37,passed,2250,"[8827590, 8827589, 8827587, 8827588, 8827585, 8827586, 8827581, 8827583, 8827584, 8827577, 8827582, 8827576, 8827578, 8827579, 8827580]",157,8827588,java,ok,,java-ant,,0.0,,,,,,,,,0
8827906,mongomapper/mongomapper,0.0,,,ruby,,master,,,build_found,ffd22e1ec027c368f112cdc8586053db626df606,8827575,,7,951f44c94e0183ce3eee60cd26c7599d5df154fc,1,951f44c94e0183ce3eee60cd26c7599d5df154fc,,951f44c94e0183ce3eee60cd26c7599d5df154fc,,0,,16,8,0,0,4,0,0,4,0,0,173,3738,3064.20545746388,375.334403424291,671.482075976458,1.0,,,2013-07-07 21:04:02,passed,2097,"[8827921, 8827918, 8827919, 8827920, 8827917, 8827915, 8827916, 8827914, 8827912, 8827913, 8827908, 8827911, 8827910, 8827907, 8827909]",159,8827908,ruby,ok,,ruby,rspec,1.0,,1453,0,1453,0,,41.16,,0
8828190,mongomapper/mongomapper,0.0,,,ruby,,master,,,build_found,951f44c94e0183ce3eee60cd26c7599d5df154fc,8827906,,7,b6f75e017eacbdb870b877d07f685d2ffd1a039c,1,b6f75e017eacbdb870b877d07f685d2ffd1a039c,,b6f75e017eacbdb870b877d07f685d2ffd1a039c,,0,,12,8,0,0,2,0,0,2,0,0,18,3745,3060.34712950601,374.899866488652,670.761014686248,1.0,,,2013-07-07 21:17:25,failed,2196,"[8828205, 8828204, 8828202, 8828203, 8828199, 8828200, 8828201, 8828196, 8828198, 8828197, 8828192, 8828194, 8828193, 8828195, 8828191]",160,8828193,ruby,broken,,ruby,rspec,1.0,,1453,1,1454,0,,5.92,,0
8828877,mongomapper/mongomapper,0.0,,,ruby,,master,,,build_found,b6f75e017eacbdb870b877d07f685d2ffd1a039c,8828190,,7,08b4acd65b044fde1afbb3f79aff31bc3d8c21d6#acdd86f18bf0de91cca156077c911cc16caad19e,2,08b4acd65b044fde1afbb3f79aff31bc3d8c21d6,,08b4acd65b044fde1afbb3f79aff31bc3d8c21d6,,0,,1,9,0,0,2,0,0,2,0,0,34,3746,3061.66577682862,375.066737853711,670.848905499199,0.0,,,2013-07-07 21:43:00,failed,2203,"[8828891, 8828892, 8828890, 8828889, 8828887, 8828885, 8828886, 8828888, 8828883, 8828884, 8828878, 8828882, 8828879, 8828881, 8828880]",161,8828889,java,ok,,java-ant,,0.0,,,,,,,,,0
8829958,mongomapper/mongomapper,0.0,,,ruby,,master,,,build_found,08b4acd65b044fde1afbb3f79aff31bc3d8c21d6,8828877,,7,0cc990302d464f9b9d965526ac59ec5d290d6eb3,1,0cc990302d464f9b9d965526ac59ec5d290d6eb3,,0cc990302d464f9b9d965526ac59ec5d290d6eb3,,0,,16,0,0,0,3,0,0,3,0,0,163,3753,3055.95523581135,374.367172928324,669.597655209166,1.0,,,2013-07-07 22:39:16,passed,2142,"[8829973, 8829972, 8829970, 8829971, 8829968, 8829967, 8829969, 8829964, 8829966, 8829965, 8829960, 8829963, 8829959, 8829962, 8829961]",162,8829972,java,ok,,java-ant,,0.0,,,,,,,,,0
8831773,mongomapper/mongomapper,0.0,,,ruby,,master,,,build_found,0cc990302d464f9b9d965526ac59ec5d290d6eb3,8829958,,7,c7856e4cdab6a367e977a56d326260db7ae2f4bd,1,c7856e4cdab6a367e977a56d326260db7ae2f4bd,,c7856e4cdab6a367e977a56d326260db7ae2f4bd,,0,,8,6,0,0,2,0,0,2,0,0,20,3760,3051.59574468085,373.936170212766,668.882978723404,1.0,,,2013-07-08 00:26:26,passed,2167,"[8831787, 8831788, 8831786, 8831785, 8831782, 8831784, 8831783, 8831781, 8831779, 8831780, 8831778, 8831775, 8831777, 8831774, 8831776]",163,8831787,java,ok,,java-ant,,0.0,,,,,,,,,0
8836307,mongomapper/mongomapper,0.0,,,ruby,,master,,,build_found,c7856e4cdab6a367e977a56d326260db7ae2f4bd,8831773,,6,980be1069d65d7872f5359f0ac327321c779da73,1,980be1069d65d7872f5359f0ac327321c779da73,,980be1069d65d7872f5359f0ac327321c779da73,,0,,0,29,0,0,1,0,0,1,0,0,5,3760,3057.97872340426,374.202127659574,669.68085106383,1.0,,,2013-07-08 04:53:11,passed,2100,"[8836322, 8836320, 8836321, 8836319, 8836318, 8836316, 8836315, 8836317, 8836313, 8836314, 8836311, 8836308, 8836310, 8836309, 8836312]",166,8836309,ruby,ok,,ruby,rspec,1.0,,1457,0,1457,0,,33.86,,0
8836672,mongomapper/mongomapper,0.0,,,ruby,,master,,,build_found,980be1069d65d7872f5359f0ac327321c779da73,8836307,,6,ee1c7ba9a9bd95ca852220911dc8e5495369cb15,1,ee1c7ba9a9bd95ca852220911dc8e5495369cb15,,ee1c7ba9a9bd95ca852220911dc8e5495369cb15,,0,,7,26,0,0,3,0,0,3,0,0,45,3761,3061.15394841797,374.634405743153,670.034565275193,1.0,,,2013-07-08 05:14:12,passed,2191,"[8836687, 8836686, 8836685, 8836684, 8836682, 8836681, 8836680, 8836683, 8836679, 8836678, 8836677, 8836674, 8836673, 8836676, 8836675]",167,8836685,java,ok,,java-ant,,0.0,,,,,,,,,0
8840652,mongomapper/mongomapper,0.0,,,ruby,,master,,,build_found,ee1c7ba9a9bd95ca852220911dc8e5495369cb15,8836672,,6,9b3bd27a237dc1d57cf76cbf9097609a14bba87e,1,9b3bd27a237dc1d57cf76cbf9097609a14bba87e,,9b3bd27a237dc1d57cf76cbf9097609a14bba87e,,0,,2,22,1,0,2,0,0,3,0,0,13,3761,3064.8763626695,374.900292475405,670.300452007445,1.0,,,2013-07-08 09:02:35,passed,2422,"[8840662, 8840667, 8840665, 8840666, 8840664, 8840661, 8840663, 8840660, 8840658, 8840659, 8840657, 8840654, 8840653, 8840656, 8840655]",168,8840656,ruby,ok,,ruby,rspec,1.0,,1460,0,1460,0,,11.09,,0
8867777,mongomapper/mongomapper,0.0,,,ruby,,master,,,build_found,9b3bd27a237dc1d57cf76cbf9097609a14bba87e,8840652,,6,f001de06ca5487787862b8a94f898e5a88656a6a,1,f001de06ca5487787862b8a94f898e5a88656a6a,,f001de06ca5487787862b8a94f898e5a88656a6a,,0,,44,103,1,0,4,0,0,5,0,0,130,3774,3076.57657657658,375.463698993111,671.701112877583,1.0,,,2013-07-08 23:20:55,passed,2487,"[8867790, 8867792, 8867791, 8867789, 8867787, 8867786, 8867788, 8867785, 8867784, 8867783, 8867779, 8867778, 8867781, 8867782, 8867780]",169,8867782,ruby,ok,,ruby,rspec,1.0,,1467,0,1467,0,,39.44,,0
8905454,mongomapper/mongomapper,0.0,,,ruby,,master,,,build_found,f001de06ca5487787862b8a94f898e5a88656a6a,8867777,,6,2dca0dcba8c3d50c3e98388180b5f1f2ee8d0b84#550b88f32054e021ae2b18ff1515ae6856977498,2,2dca0dcba8c3d50c3e98388180b5f1f2ee8d0b84,,2dca0dcba8c3d50c3e98388180b5f1f2ee8d0b84,,0,,124,73,0,0,7,0,0,7,0,0,139,3798,3073.45971563981,375.19747235387,670.089520800421,1.0,,,2013-07-09 22:31:36,passed,2405,"[8905469, 8905468, 8905466, 8905467, 8905464, 8905463, 8905465, 8905460, 8905462, 8905461, 8905459, 8905455, 8905456, 8905458, 8905457]",172,8905466,java,ok,,java-ant,,0.0,,,,,,,,,0
8909122,mongomapper/mongomapper,0.0,,,ruby,,master,,,build_found,2dca0dcba8c3d50c3e98388180b5f1f2ee8d0b84,8905454,,6,911db4628ced95903e810a1f1ee24c0d744c7c8e,1,911db4628ced95903e810a1f1ee24c0d744c7c8e,,911db4628ced95903e810a1f1ee24c0d744c7c8e,,0,,10,29,0,0,2,0,0,2,0,0,101,3805,3073.58738501971,374.507227332457,669.382391590013,1.0,,,2013-07-10 00:52:54,passed,2649,"[8909137, 8909136, 8909132, 8909135, 8909134, 8909133, 8909130, 8909128, 8909129, 8909131, 8909123, 8909127, 8909124, 8909126, 8909125]",173,8909132,ruby,ok,,ruby,rspec,1.0,,1477,0,1477,0,,12.1,,0
8918437,mongomapper/mongomapper,0.0,,,ruby,,master,,,build_found,911db4628ced95903e810a1f1ee24c0d744c7c8e,8909122,,6,07d6da0cd65e0dabc707dc44e0efaae39cbef94f,1,07d6da0cd65e0dabc707dc44e0efaae39cbef94f,,07d6da0cd65e0dabc707dc44e0efaae39cbef94f,,0,,61,51,0,0,8,0,0,8,0,0,178,3818,3071.50340492404,374.017810371923,668.674698795181,1.0,,,2013-07-10 08:56:50,passed,2419,"[8918452, 8918451, 8918450, 8918449, 8918448, 8918445, 8918446, 8918447, 8918443, 8918444, 8918442, 8918439, 8918440, 8918438, 8918441]",178,8918438,ruby,ok,,ruby,rspec,1.0,,1480,0,1480,0,,41.74,,0
8919320,mongomapper/mongomapper,0.0,,,ruby,,master,,,build_found,07d6da0cd65e0dabc707dc44e0efaae39cbef94f,8918437,,6,d696d6e6ac51b711070bea60aa794bd24f4027ab,1,d696d6e6ac51b711070bea60aa794bd24f4027ab,,d696d6e6ac51b711070bea60aa794bd24f4027ab,,0,,8,0,0,0,1,0,0,1,0,0,103,3818,3071.50340492404,374.017810371923,668.674698795181,1.0,,,2013-07-10 09:27:57,passed,2703,"[8919338, 8919340, 8919336, 8919333, 8919334, 8919331, 8919326, 8919329, 8919328, 8919327, 8919322, 8919321, 8919324, 8919325, 8919323]",179,8919336,java,ok,,java-ant,,0.0,,,,,,,,,0
8941977,mongomapper/mongomapper,0.0,,,ruby,,master,,,build_found,d696d6e6ac51b711070bea60aa794bd24f4027ab,8919320,,6,ebb25329939e0ad97309711120ec4c9e59814b5b,1,ebb25329939e0ad97309711120ec4c9e59814b5b,,ebb25329939e0ad97309711120ec4c9e59814b5b,,0,,8,0,0,0,1,0,0,1,0,0,104,3818,3071.50340492404,374.017810371923,668.674698795181,1.0,,,2013-07-10 21:19:25,passed,3142,"[8941992, 8941990, 8941991, 8941989, 8941988, 8941986, 8941987, 8941985, 8941983, 8941984, 8941979, 8941982, 8941981, 8941978, 8941980]",180,8941978,ruby,ok,,ruby,rspec,1.0,,1480,0,1480,0,,48.77,,0
9003904,mongomapper/mongomapper,0.0,,,ruby,,master,,,build_found,ebb25329939e0ad97309711120ec4c9e59814b5b,8941977,,6,815e46cee32afc9f47f4cb5ff581e3dab55541b9,1,815e46cee32afc9f47f4cb5ff581e3dab55541b9,,815e46cee32afc9f47f4cb5ff581e3dab55541b9,,0,,6,14,0,0,2,0,0,2,0,0,6,3821,3071.97068830149,374.509290761581,668.934833813138,1.0,,,2013-07-12 11:33:00,passed,2738,"[9003918, 9003919, 9003915, 9003913, 9003917, 9003916, 9003912, 9003910, 9003914, 9003911, 9003909, 9003908, 9003906, 9003905, 9003907]",181,9003906,ruby,ok,,ruby,rspec,1.0,,1483,0,1483,0,,10.9,,0
9760242,mongomapper/mongomapper,0.0,,,ruby,,master,,,build_found,e0082808743460a0bdce989668b9fef160256be1,9582345,,6,969217b878735b8918263b21c4014c346fc325d9,1,969217b878735b8918263b21c4014c346fc325d9,,969217b878735b8918263b21c4014c346fc325d9,,0,,0,0,0,0,1,0,0,0,0,1,4,3821,3076.68149699032,375.032713949228,669.458257000785,1.0,,,2013-08-02 02:29:55,failed,1930,"[9760256, 9760257, 9760255, 9760254, 9760253, 9760252, 9760251, 9760248, 9760250, 9760249, 9760247, 9760246, 9760244, 9760245, 9760243]",185,9760243,ruby,broken,,ruby,,1.0,,,0,,,,,,0
9760359,mongomapper/mongomapper,0.0,,,ruby,,master,,,build_found,969217b878735b8918263b21c4014c346fc325d9,9760242,,6,e0d7db141b2c330eb44773ef00d1b179bbdf9209,1,e0d7db141b2c330eb44773ef00d1b179bbdf9209,,e0d7db141b2c330eb44773ef00d1b179bbdf9209,,0,,0,2,0,0,1,0,0,1,0,0,5,3821,3076.68149699032,375.032713949228,669.458257000785,1.0,,,2013-08-02 02:36:02,passed,2238,"[9760374, 9760373, 9760372, 9760371, 9760369, 9760370, 9760368, 9760367, 9760366, 9760363, 9760365, 9760361, 9760364, 9760362, 9760360]",186,9760370,ruby,ok,,ruby,rspec,1.0,,1485,0,1485,0,,26.58,,0
9875802,mongomapper/mongomapper,0.0,,,ruby,,master,,,build_found,e0d7db141b2c330eb44773ef00d1b179bbdf9209,9760359,,6,71e25ce785c29bee793e72e6ee752751908abc04,1,71e25ce785c29bee793e72e6ee752751908abc04,,71e25ce785c29bee793e72e6ee752751908abc04,,0,,61,51,0,0,4,0,0,4,0,0,117,3851,3063.87951181511,372.630485588159,668.397818748377,1.0,,,2013-08-05 20:46:16,passed,3014,"[9875817, 9875816, 9875811, 9875815, 9875814, 9875813, 9875812, 9875810, 9875808, 9875809, 9875805, 9875804, 9875806, 9875807, 9875803]",187,9875815,java,ok,,java-ant,,0.0,,,,,,,,,0
9919317,mongomapper/mongomapper,0.0,,,ruby,,master,,,build_found,71e25ce785c29bee793e72e6ee752751908abc04,9875802,,6,e5deacd6bb8c2f6645d366162f2f26c405096844,1,e5deacd6bb8c2f6645d366162f2f26c405096844,,e5deacd6bb8c2f6645d366162f2f26c405096844,,0,,28,21,0,0,6,0,0,6,0,0,124,3851,3068.29394962347,373.149831212672,669.436509997403,1.0,,,2013-08-06 21:44:58,failed,2478,"[9919331, 9919332, 9919330, 9919329, 9919326, 9919328, 9919327, 9919323, 9919324, 9919325, 9919321, 9919322, 9919319, 9919318, 9919320]",188,9919321,ruby,ok,,ruby,rspec,1.0,,1501,0,1501,0,,43.67,,0
9930536,mongomapper/mongomapper,0.0,,,ruby,,master,,,build_found,e5deacd6bb8c2f6645d366162f2f26c405096844,9919317,,6,9b87dee507802a8cb96f2d316802c9fd241448c8,1,9b87dee507802a8cb96f2d316802c9fd241448c8,,9b87dee507802a8cb96f2d316802c9fd241448c8,,0,,2,0,0,0,1,0,0,1,0,0,29,3851,3068.29394962347,373.149831212672,669.436509997403,1.0,,,2013-08-07 06:02:37,failed,1952,"[9930550, 9930551, 9930548, 9930546, 9930549, 9930547, 9930545, 9930544, 9930542, 9930540, 9930543, 9930541, 9930539, 9930537, 9930538]",189,9930551,java,ok,,java-ant,,0.0,,,,,,,,,0
10044795,mongomapper/mongomapper,1.0,2013-08-09 19:52:37,538,ruby,merge_button,master,2,3803c173bf032535aa9e63d40ed13ddc88099834#97ebe75eae4ba89ce536241460e0c49a782229e8,build_found,9b87dee507802a8cb96f2d316802c9fd241448c8,9930536,2013-08-09 21:46:14,6,3803c173bf032535aa9e63d40ed13ddc88099834,1,3803c173bf032535aa9e63d40ed13ddc88099834,9b87dee507802a8cb96f2d316802c9fd241448c8,fbe05527c43ccca972173d0c2ef2cafc21d9d257,2,0,0,0,2,0,0,1,0,0,1,0,0,4,3851,3068.29394962347,373.149831212672,669.436509997403,0.0,18,2013-08-12 19:12:00,2013-08-09 21:53:11,passed,2363,"[10044808, 10044810, 10044809, 10044807, 10044806, 10044804, 10044803, 10044805, 10044801, 10044802, 10044797, 10044799, 10044800, 10044796, 10044798]",192,10044798,ruby,ok,,ruby,rspec,1.0,,1501,0,1501,0,,56.01,,0
10118016,mongomapper/mongomapper,1.0,2013-08-12 12:52:34,540,ruby,merge_button,master,2,9329f2750afc77f495430cad5dc4f0f06538a4d2#0118b38f9073e9fd51390be1ad4b017b1da731bf,build_found,9b87dee507802a8cb96f2d316802c9fd241448c8,9930536,2013-08-12 14:52:26,6,9329f2750afc77f495430cad5dc4f0f06538a4d2,1,9329f2750afc77f495430cad5dc4f0f06538a4d2,9b87dee507802a8cb96f2d316802c9fd241448c8,4af3d5432f725c0e908033bb163b08c65207ef73,0,0,0,0,0,0,0,1,0,0,0,0,0,29,3851,3068.29394962347,373.149831212672,669.436509997403,0.0,6,2013-08-12 19:11:35,2013-08-12 14:53:42,failed,2687,"[10118031, 10118030, 10118029, 10118026, 10118028, 10118027, 10118025, 10118023, 10118024, 10118022, 10118020, 10118019, 10118021, 10118017, 10118018]",193,10118031,java,ok,,java-ant,,0.0,,,,,,,,,0
10127649,mongomapper/mongomapper,0.0,,,ruby,,master,2,9329f2750afc77f495430cad5dc4f0f06538a4d2#0118b38f9073e9fd51390be1ad4b017b1da731bf,merge_found,,,2013-08-12 14:52:26,6,0118b38f9073e9fd51390be1ad4b017b1da731bf,1,0118b38f9073e9fd51390be1ad4b017b1da731bf,,0118b38f9073e9fd51390be1ad4b017b1da731bf,,0,,0,0,0,0,1,0,0,0,0,0,30,3851,3068.29394962347,373.149831212672,669.436509997403,1.0,,2013-08-12 19:11:35,2013-08-12 19:12:57,failed,2363,"[10127662, 10127663, 10127664, 10127658, 10127659, 10127660, 10127661, 10127655, 10127657, 10127656, 10127654, 10127653, 10127652, 10127650, 10127651]",194,10127664,java,ok,,java-ant,,0.0,,,,,,,,,0
10127670,mongomapper/mongomapper,0.0,,,ruby,,master,2,3803c173bf032535aa9e63d40ed13ddc88099834#97ebe75eae4ba89ce536241460e0c49a782229e8,merge_found,,,2013-08-09 21:46:14,6,97ebe75eae4ba89ce536241460e0c49a782229e8,1,97ebe75eae4ba89ce536241460e0c49a782229e8,,97ebe75eae4ba89ce536241460e0c49a782229e8,,0,,0,2,0,0,1,0,0,1,0,0,5,3851,3068.29394962347,373.149831212672,669.436509997403,1.0,,2013-08-12 19:12:00,2013-08-12 19:23:12,passed,2620,"[10127684, 10127685, 10127683, 10127680, 10127682, 10127679, 10127681, 10127678, 10127676, 10127677, 10127675, 10127674, 10127673, 10127672, 10127671]",195,10127671,ruby,ok,,ruby,rspec,1.0,,1501,0,1501,0,,43.12,,0
10398529,mongomapper/mongomapper,1.0,2013-08-20 06:21:14,542,ruby,merge_button,master,4,41e688e29c4258a6b0495e7d19602d4bd07280ec#b26e67710edbeb422674dd1dc03e4d1e3f58f7dc#cf44aaa523f9652a2dba21cf581d53748e5f0fdc#9b330e782c41c9bb53aef8ff6723083ce433675a,build_found,97ebe75eae4ba89ce536241460e0c49a782229e8,10127670,2013-08-20 07:07:16,6,cf44aaa523f9652a2dba21cf581d53748e5f0fdc#b26e67710edbeb422674dd1dc03e4d1e3f58f7dc#41e688e29c4258a6b0495e7d19602d4bd07280ec,3,cf44aaa523f9652a2dba21cf581d53748e5f0fdc,97ebe75eae4ba89ce536241460e0c49a782229e8,3bad1a370d86c08c00909190c2eefe31e129092e,2,0,0,32,0,0,0,1,0,0,1,0,0,15,3865,3057.17981888745,371.798188874515,667.011642949547,1.0,45,2013-08-20 08:39:31,2013-08-20 08:21:45,passed,2428,"[10398544, 10398543, 10398541, 10398540, 10398542, 10398539, 10398538, 10398537, 10398535, 10398536, 10398534, 10398533, 10398531, 10398530, 10398532]",197,10398530,ruby,ok,,ruby,rspec,1.0,,1501,0,1501,0,,14.12,,0
10398982,mongomapper/mongomapper,0.0,,,ruby,,master,4,41e688e29c4258a6b0495e7d19602d4bd07280ec#b26e67710edbeb422674dd1dc03e4d1e3f58f7dc#cf44aaa523f9652a2dba21cf581d53748e5f0fdc#9b330e782c41c9bb53aef8ff6723083ce433675a,merge_found,,,2013-08-20 07:07:16,6,9b330e782c41c9bb53aef8ff6723083ce433675a,1,9b330e782c41c9bb53aef8ff6723083ce433675a,,9b330e782c41c9bb53aef8ff6723083ce433675a,,0,,20,0,0,0,1,0,0,1,0,0,18,3865,3057.17981888745,371.798188874515,667.011642949547,1.0,,2013-08-20 08:39:31,2013-08-20 14:15:10,passed,3163,"[10398997, 10398996, 10398994, 10398995, 10398993, 10398992, 10398991, 10398989, 10398990, 10398988, 10398986, 10398987, 10398985, 10398983, 10398984]",198,10398995,java,ok,,java-ant,,0.0,,,,,,,,,0
10404163,mongomapper/mongomapper,1.0,2013-08-20 09:40:38,543,ruby,merge_button,master,2,d3c659bcac43203106e1a4ded7079eb8cf1568e2#da452fea520014051c817bdedcce105a7678eb82,build_found,9b330e782c41c9bb53aef8ff6723083ce433675a,10398982,2013-08-20 11:37:17,6,d3c659bcac43203106e1a4ded7079eb8cf1568e2,1,d3c659bcac43203106e1a4ded7079eb8cf1568e2,9b330e782c41c9bb53aef8ff6723083ce433675a,5c49f26717bc4c7ab6aa0321c1028ba1d426d123,0,0,0,2,0,0,0,1,0,0,1,0,0,9,3865,3057.17981888745,371.798188874515,667.011642949547,0.0,29,2013-08-20 18:37:55,2013-08-20 15:10:13,passed,3588,"[10404177, 10404178, 10404175, 10404176, 10404173, 10404174, 10404172, 10404171, 10404170, 10404169, 10404168, 10404167, 10404164, 10404165, 10404166]",199,10404166,ruby,ok,,ruby,rspec,1.0,,1501,0,1501,0,,5.99,,0
10420967,mongomapper/mongomapper,0.0,,,ruby,,master,2,d3c659bcac43203106e1a4ded7079eb8cf1568e2#da452fea520014051c817bdedcce105a7678eb82,merge_found,,,2013-08-20 11:37:17,6,da452fea520014051c817bdedcce105a7678eb82,1,da452fea520014051c817bdedcce105a7678eb82,,da452fea520014051c817bdedcce105a7678eb82,,0,,2,0,0,0,1,0,0,1,0,0,10,3865,3057.17981888745,371.798188874515,667.011642949547,1.0,,2013-08-20 18:37:55,2013-08-20 18:39:17,passed,3380,"[10420982, 10420981, 10420979, 10420980, 10420978, 10420976, 10420977, 10420973, 10420975, 10420974, 10420971, 10420969, 10420968, 10420972, 10420970]",200,10420974,ruby,ok,,ruby,rspec,1.0,,1501,0,1501,0,,31.01,,0
11538051,mongomapper/mongomapper,1.0,2013-09-19 03:15:19,545,ruby,merge_button,master,2,fdd750afe15caf54ce592530c810ec79cf2c2a59#a0825a5fc27d16c4c914e30f5a4d2f35de30c652,build_found,da452fea520014051c817bdedcce105a7678eb82,10420967,2013-09-19 05:15:04,5,fdd750afe15caf54ce592530c810ec79cf2c2a59,1,fdd750afe15caf54ce592530c810ec79cf2c2a59,da452fea520014051c817bdedcce105a7678eb82,d160ef4528b48f0905803d8a00922c22890fd45c,0,0,0,0,0,0,0,1,0,0,0,0,0,31,3865,3057.17981888745,371.798188874515,667.011642949547,1.0,17,2013-09-19 13:32:01,2013-09-19 05:16:14,passed,2263,"[11538052, 11538053, 11538054, 11538055, 11538056, 11538057, 11538058, 11538059, 11538060, 11538061, 11538062, 11538063, 11538064, 11538065, 11538066]",201,11538062,ruby,ok,,ruby,rspec,1.0,,1501,0,1501,0,,21.12,,0
11551449,mongomapper/mongomapper,0.0,,,ruby,,master,2,fdd750afe15caf54ce592530c810ec79cf2c2a59#a0825a5fc27d16c4c914e30f5a4d2f35de30c652,merge_found,,,2013-09-19 05:15:04,6,a0825a5fc27d16c4c914e30f5a4d2f35de30c652,1,a0825a5fc27d16c4c914e30f5a4d2f35de30c652,,a0825a5fc27d16c4c914e30f5a4d2f35de30c652,,0,,0,0,0,0,1,0,0,0,0,0,32,3865,3057.17981888745,371.798188874515,667.011642949547,1.0,,2013-09-19 13:32:01,2013-09-19 13:34:05,passed,3054,"[11551450, 11551451, 11551452, 11551453, 11551454, 11551455, 11551456, 11551457, 11551458, 11551459, 11551461, 11551463, 11551464, 11551465, 11551466]",202,11551459,ruby,ok,,ruby,rspec,1.0,,1501,0,1501,0,,37.77,,0
12345484,mongomapper/mongomapper,0.0,,,ruby,,master,2,48c31ca6053d9536378ae69f728e9ea32309b03f#1eec9d295201059cc59adf0f4185494cf8e5db66,build_found,6167523e86be5f53ce55f219d6e18abe23251f61,12342815,2013-10-09 23:21:40,6,1eec9d295201059cc59adf0f4185494cf8e5db66#48c31ca6053d9536378ae69f728e9ea32309b03f,2,1eec9d295201059cc59adf0f4185494cf8e5db66,,1eec9d295201059cc59adf0f4185494cf8e5db66,,0,,16,4,0,0,4,0,0,3,0,1,119,3897,3037.72132409546,370.02822684116,663.587374903772,1.0,,2013-10-09 23:22:17,2013-10-09 23:22:56,failed,2404,"[12345485, 12345486, 12345487, 12345488, 12345489, 12345490, 12345491, 12345492, 12345493, 12345494, 12345495, 12345496, 12345497, 12345498, 12345499]",204,12345497,java,broken,,java-ant,,0.0,,,,,,,,,0
12364253,mongomapper/mongomapper,0.0,,,ruby,,master,1,1aec36eef10f8a95c19dd0fd0414a5300c4df80b,build_found,1eec9d295201059cc59adf0f4185494cf8e5db66,12345484,2013-10-10 11:37:19,6,1aec36eef10f8a95c19dd0fd0414a5300c4df80b,1,1aec36eef10f8a95c19dd0fd0414a5300c4df80b,,1aec36eef10f8a95c19dd0fd0414a5300c4df80b,,0,,50,42,0,0,4,0,0,4,0,0,135,3934,3014.23487544484,367.564819522115,658.362989323843,1.0,,2013-10-10 11:37:24,2013-10-10 11:38:30,failed,2482,"[12364254, 12364255, 12364256, 12364257, 12364258, 12364259, 12364260, 12364261, 12364262, 12364263, 12364264, 12364265, 12364266, 12364267, 12364268]",205,12364260,ruby,ok,,ruby,rspec,1.0,,1508,0,1508,0,,26.13,,0
12364337,mongomapper/mongomapper,0.0,,,ruby,,master,1,a84e4a99facd81c1a89046a25c75c8f895d3a0e3,build_found,1aec36eef10f8a95c19dd0fd0414a5300c4df80b,12364253,2013-10-10 11:39:15,6,a84e4a99facd81c1a89046a25c75c8f895d3a0e3,1,a84e4a99facd81c1a89046a25c75c8f895d3a0e3,,a84e4a99facd81c1a89046a25c75c8f895d3a0e3,,0,,0,2,0,0,1,0,0,1,0,0,8,3934,3014.23487544484,367.564819522115,658.362989323843,1.0,,2013-10-10 11:39:19,2013-10-10 11:49:06,passed,2398,"[12364338, 12364339, 12364340, 12364341, 12364342, 12364343, 12364344, 12364345, 12364346, 12364347, 12364348, 12364349, 12364350, 12364351, 12364352]",206,12364341,ruby,ok,,ruby,rspec,1.0,,1508,0,1508,0,,40.06,,0
14329343,mongomapper/mongomapper,0.0,,,ruby,,master,2,355eac1dd0c7e6ab54804fc44c75c885fc2558b3#bbe8fb52f8da1471b4c209d2a9a037c01b1ee7ae,merge_found,,,2013-11-21 19:36:41,6,bbe8fb52f8da1471b4c209d2a9a037c01b1ee7ae,1,bbe8fb52f8da1471b4c209d2a9a037c01b1ee7ae,,bbe8fb52f8da1471b4c209d2a9a037c01b1ee7ae,,0,,0,0,0,0,1,0,0,0,0,0,34,3934,3014.23487544484,367.564819522115,658.362989323843,1.0,,2013-11-21 19:41:00,2013-11-21 20:15:04,failed,3118,"[14329344, 14329345, 14329346, 14329347, 14329348, 14329349, 14329350, 14329351, 14329352, 14329353, 14329354, 14329357, 14329359, 14329360, 14329361]",208,14329344,ruby,ok,,ruby,rspec,1.0,,1508,0,1508,0,,0.0,,0
14936040,mongomapper/mongomapper,0.0,,,ruby,,master,2,dbd1c4e6ceb23674857d9b20fd33939659d6a1c7#b80ad17f57bbf78ef1c48e3246c4ee262bb20531,merge_found,,,2013-12-04 17:45:34,6,b80ad17f57bbf78ef1c48e3246c4ee262bb20531,1,b80ad17f57bbf78ef1c48e3246c4ee262bb20531,,b80ad17f57bbf78ef1c48e3246c4ee262bb20531,,0,,28,18,0,0,11,0,0,10,0,0,154,3934,3014.23487544484,367.564819522115,658.362989323843,1.0,,2013-12-04 17:48:03,2013-12-04 17:53:03,failed,2985,"[14936041, 14936042, 14936043, 14936044, 14936045, 14936046, 14936047, 14936048, 14936049, 14936050, 14936051, 14936052, 14936053, 14936054, 14936055]",211,14936050,ruby,ok,,ruby,rspec,1.0,,1508,0,1508,0,,37.81,,0
14936567,mongomapper/mongomapper,1.0,2013-12-04 16:58:18,556,ruby,commits_in_master,master,2,8d84c4d1e5bf4d3630890b2064f17614c206f93d#7928725e3c67d50c5efb9eb4af567966f8254dc7,build_found,bbe8fb52f8da1471b4c209d2a9a037c01b1ee7ae,14329343,2013-12-04 17:56:06,6,8d84c4d1e5bf4d3630890b2064f17614c206f93d,1,8d84c4d1e5bf4d3630890b2064f17614c206f93d,b80ad17f57bbf78ef1c48e3246c4ee262bb20531,685ac935e1b72a4c382be77a588f785ce6936c12,2,0,0,0,51,1,0,0,0,0,1,0,0,0,3934,3025.41942043721,367.819013726487,658.617183528215,0.0,18,2014-11-18 19:07:10,2013-12-04 18:07:04,failed,3132,"[14936568, 14936569, 14936570, 14936571, 14936572, 14936573, 14936574, 14936575, 14936576, 14936577, 14936578, 14936579, 14936580, 14936581, 14936582]",212,14936579,ruby,ok,,ruby,rspec,1.0,,1509,0,1509,0,,15.8,,0
15321443,mongomapper/mongomapper,1.0,2013-12-12 01:56:03,557,ruby,commits_in_master,master,3,ee7f1d4a5423ab89da2827900593d229e1951e85#04d7a1c08610b22bf0e5b8039f80fe566d894a54#651d0d805fb4131e343db282a551cf54036a45f7,build_found,b80ad17f57bbf78ef1c48e3246c4ee262bb20531,14936040,2013-12-12 02:55:15,6,ee7f1d4a5423ab89da2827900593d229e1951e85,1,ee7f1d4a5423ab89da2827900593d229e1951e85,b80ad17f57bbf78ef1c48e3246c4ee262bb20531,7e73c3124b6a37ef78439c6722bff1db73945c03,0,0,0,1,10,0,0,2,0,0,2,0,0,112,3933,3017.03534197813,367.91253496059,659.038901601831,0.0,55,2013-12-12 19:14:19,2013-12-12 02:56:37,failed,2478,"[15321444, 15321445, 15321446, 15321447, 15321448, 15321449, 15321450, 15321451, 15321452, 15321453, 15321454, 15321455, 15321456, 15321457, 15321458]",213,15321455,ruby,ok,,ruby,rspec,1.0,,1509,0,1509,0,,49.2,,0
15359225,mongomapper/mongomapper,0.0,,,ruby,,master,1,14dae378e053bf2a91d399a7150c029b07792819,build_found,b80ad17f57bbf78ef1c48e3246c4ee262bb20531,14936040,2013-12-12 19:04:36,6,14dae378e053bf2a91d399a7150c029b07792819,1,14dae378e053bf2a91d399a7150c029b07792819,,14dae378e053bf2a91d399a7150c029b07792819,,0,,0,6,0,0,1,0,0,1,0,0,4,3934,3013.7264870361,367.564819522115,658.362989323843,1.0,,2013-12-12 19:04:44,2013-12-12 19:05:51,passed,3276,"[15359226, 15359227, 15359228, 15359229, 15359230, 15359231, 15359232, 15359233, 15359234, 15359235, 15359236, 15359237, 15359238, 15359239, 15359240]",214,15359235,ruby,ok,,ruby,rspec,1.0,,1508,0,1508,0,,12.7,,0
15359725,mongomapper/mongomapper,0.0,,,ruby,,master,3,ee7f1d4a5423ab89da2827900593d229e1951e85#04d7a1c08610b22bf0e5b8039f80fe566d894a54#651d0d805fb4131e343db282a551cf54036a45f7,merge_found,,,2013-12-12 02:55:15,6,651d0d805fb4131e343db282a551cf54036a45f7#04d7a1c08610b22bf0e5b8039f80fe566d894a54,2,651d0d805fb4131e343db282a551cf54036a45f7,,651d0d805fb4131e343db282a551cf54036a45f7,,0,,3,10,0,0,2,0,0,2,0,0,113,3935,3014.99364675985,367.725540025413,658.703939008895,1.0,,2013-12-12 19:14:19,2013-12-12 19:20:01,passed,3239,"[15359726, 15359727, 15359728, 15359729, 15359730, 15359731, 15359732, 15359733, 15359734, 15359735, 15359736, 15359737, 15359738, 15359739, 15359740]",215,15359738,ruby,ok,,ruby,rspec,1.0,,1509,0,1509,0,,22.03,,0
15497778,mongomapper/mongomapper,1.0,2013-12-15 22:25:41,558,ruby,commits_in_master,master,2,c20089cc3660c281c25b80526d579c9defd47b1c#c406a47605161ee7725d0596334b2108845fe636,build_found,a84e4a99facd81c1a89046a25c75c8f895d3a0e3,12364337,2013-12-15 23:25:06,6,c20089cc3660c281c25b80526d579c9defd47b1c,1,c20089cc3660c281c25b80526d579c9defd47b1c,651d0d805fb4131e343db282a551cf54036a45f7,573b58ccadf6c1c28406a7ee879372b6c101f8a4,2,0,0,11,0,0,0,1,0,0,1,0,0,13,3941,3008.8809946714,366.911951281401,657.193605683837,1.0,8,2014-11-18 19:16:30,2013-12-15 23:26:13,passed,2648,"[15497779, 15497780, 15497781, 15497782, 15497783, 15497784, 15497785, 15497786, 15497787, 15497788, 15497789, 15497790, 15497791, 15497792, 15497793]",216,15497785,ruby,ok,,ruby,rspec,1.0,,1509,0,1509,0,,20.84,,0
15747187,mongomapper/mongomapper,1.0,2013-12-20 02:01:02,559,ruby,commits_in_master,master,2,e7a4e00d60e96e30b83aa0172e6a36b15e5a5941#f30e11e6d7a5983a507e5dd0e108da4bc2c32616,build_found,651d0d805fb4131e343db282a551cf54036a45f7,15359725,2013-12-20 02:50:37,5,e7a4e00d60e96e30b83aa0172e6a36b15e5a5941,1,e7a4e00d60e96e30b83aa0172e6a36b15e5a5941,651d0d805fb4131e343db282a551cf54036a45f7,b0e8aedd261613259db8a06314eb21a5f2fe4b5d,0,0,0,4,5,0,0,2,0,0,2,0,0,23,3935,3016.01016518424,367.979669631512,658.958068614994,1.0,63,2014-06-03 20:31:40,2013-12-20 03:01:42,passed,2612,"[15747188, 15747189, 15747190, 15747191, 15747192, 15747193, 15747194, 15747195, 15747196, 15747197, 15747198, 15747199, 15747200, 15747201, 15747202]",217,15747188,ruby,ok,,ruby,rspec,1.0,,1510,0,1510,0,,43.73,,0
18310448,mongomapper/mongomapper,0.0,,,ruby,,master,2,ca70c43e78fa5530dd7da6190eec2f7524f367c1#f7138fc9433d4e9c43e56988a79429c1c18642a2,merge_found,,,2014-02-05 23:39:55,5,f7138fc9433d4e9c43e56988a79429c1c18642a2,1,f7138fc9433d4e9c43e56988a79429c1c18642a2,,f7138fc9433d4e9c43e56988a79429c1c18642a2,,0,,9,25,0,0,2,0,0,2,0,0,42,3938,3017.52158456069,367.699339766379,658.456069070594,1.0,,2014-02-05 23:40:24,2014-02-05 23:41:31,passed,3027,"[18310449, 18310450, 18310451, 18310452, 18310453, 18310454, 18310455, 18310456, 18310457, 18310458, 18310459, 18310460, 18310461, 18310462, 18310463]",220,18310454,ruby,ok,,ruby,rspec,1.0,,1510,0,1510,0,,11.3,,0
18313987,mongomapper/mongomapper,0.0,,,ruby,,master,1,d8e7d187207bd86d380af922558a6409925363f5,build_found,f7138fc9433d4e9c43e56988a79429c1c18642a2,18310448,2014-02-06 00:45:26,5,d8e7d187207bd86d380af922558a6409925363f5,1,d8e7d187207bd86d380af922558a6409925363f5,,d8e7d187207bd86d380af922558a6409925363f5,,0,,29,45,0,0,3,0,0,3,0,0,128,3963,3005.55134998738,366.136765076962,655.816300782236,1.0,,2014-02-06 00:45:45,2014-02-06 00:46:26,passed,2802,"[18313988, 18313989, 18313990, 18313991, 18313992, 18313993, 18313994, 18313995, 18313996, 18313997, 18313998, 18313999, 18314000, 18314001, 18314002]",221,18314001,ruby,ok,,ruby,rspec,1.0,,1513,0,1513,0,,59.27,,0
20898654,mongomapper/mongomapper,1.0,2014-03-16 20:39:09,566,ruby,commits_in_master,master,2,1c17c075c1388f500e7e4460eeab475e8a0af54b#24cd9dce043db010245b641f8ef1dbaf5e8a90e5,build_found,d8e7d187207bd86d380af922558a6409925363f5,18313987,2014-03-16 21:14:28,5,1c17c075c1388f500e7e4460eeab475e8a0af54b,1,1c17c075c1388f500e7e4460eeab475e8a0af54b,d8e7d187207bd86d380af922558a6409925363f5,12e147fe0b643b149c10a0cc98998de12aaddc08,0,0,0,2,0,0,0,1,0,0,1,0,0,115,3963,3005.55134998738,366.136765076962,655.816300782236,1.0,17,2014-06-03 20:30:58,2014-03-16 21:39:40,passed,2852,"[20898655, 20898656, 20898657, 20898658, 20898659, 20898660, 20898661, 20898662, 20898663, 20898664, 20898665, 20898666, 20898667, 20898668, 20898669]",222,20898659,ruby,ok,,ruby,rspec,1.0,,1513,0,1513,0,,47.93,,0
23119012,mongomapper/mongomapper,1.0,2014-04-16 11:07:31,569,ruby,merge_button,master,2,4d5bb9e7c71f072dfe0474d39efd70a84dcb22aa#25b04e39305bb9d1ba22576a59e3993e669c38f3,build_found,d8e7d187207bd86d380af922558a6409925363f5,18313987,2014-04-16 13:02:36,5,4d5bb9e7c71f072dfe0474d39efd70a84dcb22aa,1,4d5bb9e7c71f072dfe0474d39efd70a84dcb22aa,d8e7d187207bd86d380af922558a6409925363f5,d7d3f63270f087a830fd761308691333f4d16a98,0,0,0,9,0,0,0,1,0,0,1,0,0,31,3967,3002.52079657172,365.767582556088,655.155028989161,1.0,12,2014-04-16 19:23:13,2014-04-16 13:08:10,failed,3096,"[23119013, 23119014, 23119015, 23119016, 23119017, 23119018, 23119019, 23119020, 23119021, 23119022, 23119023, 23119024, 23119025, 23119026, 23119027]",223,23119020,ruby,ok,,ruby,rspec,1.0,,1513,0,1513,0,,27.62,,0
23148297,mongomapper/mongomapper,0.0,,,ruby,,master,2,4d5bb9e7c71f072dfe0474d39efd70a84dcb22aa#25b04e39305bb9d1ba22576a59e3993e669c38f3,merge_found,,,2014-04-16 13:02:36,5,25b04e39305bb9d1ba22576a59e3993e669c38f3,1,25b04e39305bb9d1ba22576a59e3993e669c38f3,,25b04e39305bb9d1ba22576a59e3993e669c38f3,,0,,9,0,0,0,1,0,0,1,0,0,32,3967,3002.52079657172,365.767582556088,655.155028989161,1.0,,2014-04-16 19:23:13,2014-04-16 19:32:38,failed,3398,"[23148298, 23148299, 23148300, 23148301, 23148302, 23148303, 23148304, 23148305, 23148306, 23148307, 23148308, 23148309, 23148310, 23148311, 23148312]",224,23148304,ruby,ok,,ruby,rspec,1.0,,1513,0,1513,0,,0.56,,0
24221478,mongomapper/mongomapper,0.0,,,ruby,,master,1,1af7f98db8212babcd42a161c91cc93904de301f,build_found,25b04e39305bb9d1ba22576a59e3993e669c38f3,23148297,2014-05-01 21:55:42,5,1af7f98db8212babcd42a161c91cc93904de301f,1,1af7f98db8212babcd42a161c91cc93904de301f,,1af7f98db8212babcd42a161c91cc93904de301f,,3,,2,0,0,0,1,0,0,1,0,0,30,3967,3002.52079657172,365.767582556088,655.155028989161,1.0,,2014-05-01 21:55:49,2014-05-01 21:56:57,failed,3172,"[24221479, 24221480, 24221481, 24221482, 24221483, 24221484, 24221485, 24221486, 24221487, 24221488, 24221489, 24221490, 24221491, 24221492, 24221493]",225,24221487,ruby,ok,,ruby,rspec,1.0,,1513,0,1513,0,,0.0,,0
24686265,mongomapper/mongomapper,1.0,2014-05-08 04:49:51,572,ruby,commits_in_master,master,4,54b2be303d479d7575afd4d43f6cc91f7d30a317#66213e0cf30670054fe648d609d77cb9e5a89e32#64f9fc61aebcc274bd7b729ad5054b35e53e3623#edff646437cf52a2edd1b01077e4821c5276e661,merge_found,,,2014-03-12 15:08:11,5,64f9fc61aebcc274bd7b729ad5054b35e53e3623#66213e0cf30670054fe648d609d77cb9e5a89e32,2,64f9fc61aebcc274bd7b729ad5054b35e53e3623,1af7f98db8212babcd42a161c91cc93904de301f,8d95721b48e4e32bc401a5600bbb18a50a232256,0,0,0,12,0,0,0,3,0,0,3,0,0,198,3968,3001.76411290323,365.675403225806,654.989919354839,1.0,90,2014-06-03 20:28:04,2014-05-08 06:50:33,passed,3452,"[24686266, 24686267, 24686268, 24686269, 24686270, 24686271, 24686272, 24686273, 24686274, 24686275, 24686276, 24686277, 24686278, 24686279, 24686280, 24686281, 24686282, 24686283, 24686284]",229,24686280,ruby,ok,,ruby,rspec,1.0,,1513,0,1513,0,,23.07,,0
26701707,mongomapper/mongomapper,0.0,,,ruby,,master,4,54b2be303d479d7575afd4d43f6cc91f7d30a317#66213e0cf30670054fe648d609d77cb9e5a89e32#64f9fc61aebcc274bd7b729ad5054b35e53e3623#edff646437cf52a2edd1b01077e4821c5276e661,merge_found,,,2014-03-12 15:08:11,5,edff646437cf52a2edd1b01077e4821c5276e661,1,edff646437cf52a2edd1b01077e4821c5276e661,,edff646437cf52a2edd1b01077e4821c5276e661,,0,,1,0,0,0,2,0,0,1,0,1,158,3968,3001.76411290323,365.675403225806,654.989919354839,1.0,,2014-06-03 20:28:04,2014-06-03 20:28:56,passed,3182,"[26701708, 26701709, 26701710, 26701711, 26701712, 26701713, 26701714, 26701715, 26701716, 26701717, 26701718, 26701719, 26701720, 26701721, 26701722, 26701723, 26701724, 26701725, 26701726]",231,26701712,ruby,ok,,ruby,rspec,1.0,,1513,0,1513,0,,41.2,,0
26701967,mongomapper/mongomapper,0.0,,,ruby,,master,2,7bc7137fcec6b087d9a778e871f693f6372ffa97#ed64e55cf96b5648c068ea8ebe54fd459a8d6f61,merge_found,,,2014-05-23 21:03:13,5,ed64e55cf96b5648c068ea8ebe54fd459a8d6f61,1,ed64e55cf96b5648c068ea8ebe54fd459a8d6f61,,ed64e55cf96b5648c068ea8ebe54fd459a8d6f61,,0,,1,5,0,0,2,0,0,2,0,0,31,3969,3002.01562106324,365.83522297808,655.076845553036,1.0,,2014-06-03 20:30:33,2014-06-03 21:38:52,passed,3286,"[26701968, 26701969, 26701970, 26701971, 26701972, 26701973, 26701974, 26701975, 26701977, 26701979, 26701980, 26701981, 26701982, 26701983, 26701984, 26701985, 26701986, 26701987, 26701988]",232,26701971,ruby,ok,,ruby,rspec,1.0,,1514,0,1514,0,,39.42,,0
26702009,mongomapper/mongomapper,0.0,,,ruby,,master,2,1c17c075c1388f500e7e4460eeab475e8a0af54b#24cd9dce043db010245b641f8ef1dbaf5e8a90e5,merge_found,,,2014-03-16 21:14:28,5,24cd9dce043db010245b641f8ef1dbaf5e8a90e5,1,24cd9dce043db010245b641f8ef1dbaf5e8a90e5,,24cd9dce043db010245b641f8ef1dbaf5e8a90e5,,0,,2,0,0,0,1,0,0,1,0,0,116,3969,3002.01562106324,365.83522297808,655.076845553036,1.0,,2014-06-03 20:30:58,2014-06-03 22:18:01,passed,3318,"[26702010, 26702011, 26702012, 26702013, 26702014, 26702015, 26702016, 26702017, 26702018, 26702019, 26702020, 26702021, 26702022, 26702023, 26702024, 26702025, 26702026, 26702027, 26702028]",233,26702012,ruby,ok,,ruby,rspec,1.0,,1514,0,1514,0,,46.11,,0
26702095,mongomapper/mongomapper,0.0,,,ruby,,master,2,e7a4e00d60e96e30b83aa0172e6a36b15e5a5941#f30e11e6d7a5983a507e5dd0e108da4bc2c32616,merge_found,,,2013-12-20 02:50:37,5,f30e11e6d7a5983a507e5dd0e108da4bc2c32616,1,f30e11e6d7a5983a507e5dd0e108da4bc2c32616,,f30e11e6d7a5983a507e5dd0e108da4bc2c32616,,0,,4,5,0,0,2,0,0,2,0,0,24,3969,3003.02343159486,366.087175610985,655.328798185941,1.0,,2014-06-03 20:31:40,2014-06-03 22:39:34,passed,3165,"[26702096, 26702097, 26702098, 26702099, 26702100, 26702101, 26702102, 26702103, 26702104, 26702105, 26702106, 26702107, 26702108, 26702109, 26702110, 26702111, 26702112, 26702113, 26702114]",234,26702110,ruby,ok,,ruby,rspec,1.0,,1515,0,1515,0,,26.37,,0
28341006,mongomapper/mongomapper,1.0,2014-06-24 16:31:33,579,ruby,commits_in_master,master,2,fb5760483c767cf74c40fb704fa5af641246bf3c#6caa720d38518593b284a15640d82e18d0088fd8,build_found,f30e11e6d7a5983a507e5dd0e108da4bc2c32616,26702095,2014-06-24 18:04:13,6,fb5760483c767cf74c40fb704fa5af641246bf3c,1,fb5760483c767cf74c40fb704fa5af641246bf3c,f30e11e6d7a5983a507e5dd0e108da4bc2c32616,e55cd736a15f79d56719eabd55c56633adcdd04f,2,1,0,6,0,0,0,1,0,0,1,0,0,19,3969,3003.02343159486,366.087175610985,655.328798185941,1.0,70,2014-06-24 20:38:11,2014-06-24 18:46:00,passed,3754,"[28341007, 28341008, 28341009, 28341010, 28341011, 28341012, 28341013, 28341014, 28341015, 28341016, 28341017, 28341018, 28341019, 28341020, 28341021, 28341022, 28341023, 28341024, 28341025]",235,28341023,ruby,ok,,ruby,rspec,1.0,,1515,0,1515,0,,25.43,,0
28350812,mongomapper/mongomapper,0.0,,,ruby,,master,2,fb5760483c767cf74c40fb704fa5af641246bf3c#6caa720d38518593b284a15640d82e18d0088fd8,merge_found,,,2014-06-24 18:04:13,6,6caa720d38518593b284a15640d82e18d0088fd8,1,6caa720d38518593b284a15640d82e18d0088fd8,,6caa720d38518593b284a15640d82e18d0088fd8,,0,,6,0,0,0,1,0,0,1,0,0,20,3969,3003.02343159486,366.087175610985,655.328798185941,1.0,,2014-06-24 20:38:11,2014-06-24 20:38:53,passed,3797,"[28350813, 28350814, 28350815, 28350816, 28350817, 28350818, 28350819, 28350820, 28350821, 28350822, 28350823, 28350824, 28350825, 28350826, 28350827, 28350828, 28350829, 28350830, 28350831]",236,28350830,ruby,ok,,ruby,rspec,1.0,,1515,0,1515,0,,16.73,,0
41401459,mongomapper/mongomapper,0.0,,,ruby,,master,1,d446a3040741b42ed3af3f9bc2a38561b3e9dc76,merge_found,,,2014-11-18 19:55:33,6,d446a3040741b42ed3af3f9bc2a38561b3e9dc76#a89e9aa9715f6ff60671d4d01c357c67300f41ee,2,d446a3040741b42ed3af3f9bc2a38561b3e9dc76,,d446a3040741b42ed3af3f9bc2a38561b3e9dc76,,0,,0,0,0,0,1,0,0,0,0,1,6,4071,2995.57848194547,364.775239498895,647.752394988946,1.0,,2014-11-18 19:55:40,2014-11-18 20:15:07,passed,3464,"[41401460, 41401461, 41401462, 41401463, 41401464, 41401465, 41401466, 41401467, 41401468, 41401469, 41401470, 41401471, 41401472, 41401473, 41401474, 41401475, 41401476, 41401477, 41401478]",255,41401463,ruby,ok,1,ruby,rspec,1.0,,1547,0,1547,0,,21.46,,0
41405840,mongomapper/mongomapper,0.0,,,ruby,,master,1,410d6dc3774c3cc4f5012e2c7ca1a1f0073df0e6,build_found,d446a3040741b42ed3af3f9bc2a38561b3e9dc76,41401459,2014-11-18 20:40:48,6,410d6dc3774c3cc4f5012e2c7ca1a1f0073df0e6,1,410d6dc3774c3cc4f5012e2c7ca1a1f0073df0e6,,410d6dc3774c3cc4f5012e2c7ca1a1f0073df0e6,,2,,2,0,0,0,1,0,0,1,0,0,32,4071,2995.57848194547,364.775239498895,647.752394988946,1.0,,2014-11-18 20:40:57,2014-11-18 20:44:49,passed,3360,"[41405841, 41405842, 41405843, 41405844, 41405845, 41405846, 41405847, 41405848, 41405849, 41405850, 41405851, 41405852, 41405853, 41405854, 41405855, 41405856, 41405857, 41405858, 41405859]",256,41405856,ruby,ok,1,ruby,rspec,1.0,,1547,0,1547,0,,22.35,,0
41518196,mongomapper/mongomapper,0.0,,,ruby,,master,6,a6c98163b753264f1ce1cc421dc9537355d55d5e#7a6640386cf3ffc958b717b89e90b84ba72be08c#5188c66624f1a7a38dd2a2679117ff63171249e8#705eed04b3ac1d88872ce90dc35e73bfb72c6429#ba8d0989c6a8ca50f461e202345a081563a8c12d#b418a399419c962bde02d46444d0ae7490615073,build_found,410d6dc3774c3cc4f5012e2c7ca1a1f0073df0e6,41405864,2014-11-16 16:46:09,6,ba8d0989c6a8ca50f461e202345a081563a8c12d#705eed04b3ac1d88872ce90dc35e73bfb72c6429#5188c66624f1a7a38dd2a2679117ff63171249e8#7a6640386cf3ffc958b717b89e90b84ba72be08c#a6c98163b753264f1ce1cc421dc9537355d55d5e#d219f701eb2d981916086466471aafe011381ab7,6,ba8d0989c6a8ca50f461e202345a081563a8c12d,,ba8d0989c6a8ca50f461e202345a081563a8c12d,,0,,6,940,0,0,54,0,0,48,0,5,139,4090,2983.37408312958,363.080684596577,648.655256723716,0.0,,2014-11-19 19:26:41,2014-12-01 19:36:53,failed,3261,"[41518197, 41518198, 41518199, 41518200, 41518201, 41518202, 41518203, 41518204, 41518205, 41518206, 41518207, 41518208, 41518209, 41518210, 41518211, 41518212, 41518213, 41518214, 41518215]",263,41518203,ruby,ok,1,ruby,rspec,1.0,,1547,0,1547,0,,21.7,,0
41942642,mongomapper/mongomapper,1.0,2014-11-12 21:42:41,589,ruby,commits_in_master,master,3,cc20a74c667b2df9a4c8bbba93d6df9d55b64f71#16402af40b28e8207eea7498dde499982462eb0e#87320735e2e2929bb521c1a4f8f15094ee6a81f2,build_found,ba8d0989c6a8ca50f461e202345a081563a8c12d,41518196,2014-11-12 22:33:21,6,16402af40b28e8207eea7498dde499982462eb0e#cc20a74c667b2df9a4c8bbba93d6df9d55b64f71#b418a399419c962bde02d46444d0ae7490615073,3,16402af40b28e8207eea7498dde499982462eb0e,b418a399419c962bde02d46444d0ae7490615073,d9e57f33d01086d859d027c96ffd59696a0f3708,0,0,0,193,617,2,0,11,0,0,12,0,1,347,4215,3010.67615658363,363.463819691578,648.635824436536,0.0,62,2015-02-04 22:00:59,2014-11-24 09:48:14,failed,3686,"[41942643, 41942644, 41942645, 41942646, 41942647, 41942648, 41942649, 41942650, 41942651, 41942652, 41942653, 41942654, 41942655, 41942656, 41942657, 41942658, 41942659, 41942660, 41942661]",272,41942650,ruby,ok,1,ruby,rspec,1.0,,1594,0,1594,0,,8.77,,0
44503614,mongomapper/mongomapper,0.0,,,ruby,,master,1,2476f8bc94b1ecd99a74170ef6cbdaaa88037d74,build_found,ba8d0989c6a8ca50f461e202345a081563a8c12d,41518196,2014-12-18 20:37:13,6,2476f8bc94b1ecd99a74170ef6cbdaaa88037d74#b418a399419c962bde02d46444d0ae7490615073,2,2476f8bc94b1ecd99a74170ef6cbdaaa88037d74,,2476f8bc94b1ecd99a74170ef6cbdaaa88037d74,,0,,2,0,0,0,2,0,0,1,0,1,41,4090,2983.37408312958,363.080684596577,648.655256723716,0.0,,2014-12-18 20:37:11,2014-12-18 20:41:10,failed,3458,"[44503615, 44503616, 44503617, 44503618, 44503619, 44503620, 44503621, 44503623, 44503625, 44503626, 44503627, 44503628, 44503629, 44503630, 44503631, 44503632, 44503633, 44503634, 44503635]",275,44503626,ruby,ok,1,ruby,rspec,1.0,,1547,0,1547,0,,45.32,,0
44505696,mongomapper/mongomapper,0.0,,,ruby,,master,1,0661d78fbee4f7134a6207830c20ba13b722112f,build_found,2476f8bc94b1ecd99a74170ef6cbdaaa88037d74,44503614,2014-12-18 20:56:14,6,0661d78fbee4f7134a6207830c20ba13b722112f,1,0661d78fbee4f7134a6207830c20ba13b722112f,,0661d78fbee4f7134a6207830c20ba13b722112f,,0,,9,9,0,0,3,0,0,3,0,0,139,4094,2982.41328773815,362.970200293112,648.510014655594,1.0,,2014-12-18 20:56:08,2014-12-18 21:02:43,failed,3129,"[44505697, 44505698, 44505699, 44505700, 44505701, 44505702, 44505703, 44505704, 44505705, 44505706, 44505707, 44505708, 44505709, 44505710, 44505711, 44505712, 44505713, 44505714, 44505715]",276,44505699,ruby,ok,1,ruby,rspec,1.0,,1548,0,1548,0,,46.62,,0
46784469,mongomapper/mongomapper,1.0,2015-01-12 20:46:52,601,ruby,commits_in_master,master,3,0f10b325230d3ec9e556d56b21e21b6cb939afb4#8692c8eaa82191a92957fc96d9e6703d5d88d660#66ecff459b4b880a0b797ec69729c408803281ce,build_found,0f10b325230d3ec9e556d56b21e21b6cb939afb4,46387582,2015-01-08 23:32:07,6,8692c8eaa82191a92957fc96d9e6703d5d88d660,1,8692c8eaa82191a92957fc96d9e6703d5d88d660,0661d78fbee4f7134a6207830c20ba13b722112f,bb5452ad5e00e37cec407c950c8f5a75cc091f0a,0,0,0,0,0,3,0,1,0,0,0,0,4,13,4094,2982.41328773815,362.970200293112,648.510014655594,1.0,60,2015-02-04 21:41:31,2015-01-12 21:47:40,passed,3038,"[46784470, 46784471, 46784472, 46784473, 46784474, 46784475, 46784476, 46784477, 46784478, 46784479, 46784480, 46784481, 46784482, 46784483, 46784484, 46784485, 46784486, 46784487, 46784488]",278,46784477,ruby,ok,1,ruby,rspec,1.0,,1548,0,1548,0,,30.21,,0
49518010,mongomapper/mongomapper,0.0,,,ruby,,master,3,0f10b325230d3ec9e556d56b21e21b6cb939afb4#8692c8eaa82191a92957fc96d9e6703d5d88d660#66ecff459b4b880a0b797ec69729c408803281ce,merge_found,,,2015-01-08 23:32:07,6,66ecff459b4b880a0b797ec69729c408803281ce,1,66ecff459b4b880a0b797ec69729c408803281ce,,66ecff459b4b880a0b797ec69729c408803281ce,,0,,0,4,3,0,2,0,0,1,0,4,19,4094,2982.41328773815,362.970200293112,648.510014655594,1.0,,2015-02-04 21:41:31,2015-02-04 21:45:51,passed,3028,"[49518011, 49518012, 49518013, 49518014, 49518015, 49518016, 49518017, 49518018, 49518019, 49518020, 49518022, 49518024, 49518025, 49518026, 49518027, 49518028, 49518029, 49518030, 49518031]",282,49518019,ruby,ok,1,ruby,rspec,1.0,,1548,0,1548,0,,35.44,,0
49520340,mongomapper/mongomapper,0.0,,,ruby,,master,3,cc20a74c667b2df9a4c8bbba93d6df9d55b64f71#16402af40b28e8207eea7498dde499982462eb0e#87320735e2e2929bb521c1a4f8f15094ee6a81f2,merge_found,,,2014-11-12 22:33:21,6,87320735e2e2929bb521c1a4f8f15094ee6a81f2,1,87320735e2e2929bb521c1a4f8f15094ee6a81f2,,87320735e2e2929bb521c1a4f8f15094ee6a81f2,,0,,193,617,2,0,10,0,0,12,0,0,343,4219,3009.71794264044,363.356245555819,648.494904005689,1.0,,2015-02-04 22:00:59,2015-02-04 22:02:06,passed,3861,"[49520341, 49520342, 49520343, 49520344, 49520345, 49520346, 49520347, 49520348, 49520349, 49520350, 49520351, 49520352, 49520353, 49520354, 49520355, 49520356, 49520357, 49520358, 49520359]",283,49520346,ruby,ok,1,ruby,rspec,1.0,,1595,0,1595,0,,32.35,,0
49525214,mongomapper/mongomapper,0.0,,,ruby,,master,2,66e90a6a365b51a11a1861c2cffa3b79da1bc016#cfe48ed1fd7bd7623cc0cdeffaf15db65d76e444,merge_found,,,2014-12-08 05:14:52,6,cfe48ed1fd7bd7623cc0cdeffaf15db65d76e444,1,cfe48ed1fd7bd7623cc0cdeffaf15db65d76e444,,cfe48ed1fd7bd7623cc0cdeffaf15db65d76e444,,0,,2,13,0,0,2,0,0,2,0,0,61,4219,3012.32519554397,363.593268547049,649.205972979379,1.0,,2015-02-04 22:40:11,2015-02-04 22:40:56,passed,3780,"[49525215, 49525216, 49525217, 49525218, 49525219, 49525220, 49525221, 49525222, 49525223, 49525224, 49525225, 49525226, 49525227, 49525228, 49525229, 49525230, 49525231, 49525232, 49525234]",285,49525231,ruby,ok,1,ruby,rspec,1.0,,1596,0,1596,0,,19.61,,0
50305448,mongomapper/mongomapper,0.0,,,ruby,,master,1,e4e9912eb3bea77cbdf0727706caae9a8de32f66,build_found,cfe48ed1fd7bd7623cc0cdeffaf15db65d76e444,49525214,2015-02-11 05:38:56,6,e4e9912eb3bea77cbdf0727706caae9a8de32f66,1,e4e9912eb3bea77cbdf0727706caae9a8de32f66,,e4e9912eb3bea77cbdf0727706caae9a8de32f66,,0,,27,89,0,0,2,0,0,2,0,0,5,4230,3021.0401891253,363.829787234043,648.699763593381,0.0,,2015-02-11 05:46:07,2015-02-11 05:46:40,passed,3254,"[50305449, 50305450, 50305451, 50305452, 50305453, 50305454, 50305455, 50305456, 50305457, 50305458, 50305459, 50305460, 50305461, 50305462, 50305463, 50305464, 50305465, 50305466, 50305467]",287,50305456,ruby,ok,1,ruby,rspec,1.0,,1601,0,1601,0,,16.1,,0
50312974,mongomapper/mongomapper,0.0,,,ruby,,master,1,250481c5f5589f5f0a245fd3fc2287554580c3f6,build_found,e4e9912eb3bea77cbdf0727706caae9a8de32f66,50305448,2015-02-11 07:51:02,6,250481c5f5589f5f0a245fd3fc2287554580c3f6,1,250481c5f5589f5f0a245fd3fc2287554580c3f6,,250481c5f5589f5f0a245fd3fc2287554580c3f6,,0,,50,153,2,0,2,0,0,4,0,0,285,4270,3021.54566744731,364.168618266979,647.775175644028,0.0,,2015-02-11 07:54:20,2015-02-11 07:54:52,failed,3343,"[50312975, 50312976, 50312977, 50312978, 50312979, 50312980, 50312981, 50312982, 50312983, 50312984, 50312991, 50312992, 50312993, 50312997, 50312998, 50312999, 50313000, 50313001, 50313002]",288,50312992,ruby,ok,1,ruby,rspec,1.0,,1617,0,1617,0,,31.83,,0
50315439,mongomapper/mongomapper,0.0,,,ruby,,master,2,e0f43db2de84092457fabeba406a70a825fd8ee3#71969bbcac51b3ac4601b6dcf020601e0282c852,build_found,250481c5f5589f5f0a245fd3fc2287554580c3f6,50312974,2015-02-11 08:06:44,6,71969bbcac51b3ac4601b6dcf020601e0282c852#e0f43db2de84092457fabeba406a70a825fd8ee3,2,71969bbcac51b3ac4601b6dcf020601e0282c852,,71969bbcac51b3ac4601b6dcf020601e0282c852,,0,,7,0,0,0,3,0,0,2,0,1,130,4268,3022.96157450797,364.339268978444,648.078725398313,0.0,,2015-02-11 08:26:51,2015-02-11 08:27:20,passed,3511,"[50315440, 50315441, 50315442, 50315443, 50315444, 50315445, 50315446, 50315447, 50315448, 50315449, 50315450, 50315451, 50315452, 50315453, 50315454, 50315455, 50315456, 50315457, 50315458]",289,50315458,ruby,ok,7,ruby,rspec,1.0,,1617,0,1617,0,,46.93,,0
64871525,mongomapper/mongomapper,0.0,,,ruby,,master,1,2820274872ff710e1fba111d74694954be167a1f,build_found,71969bbcac51b3ac4601b6dcf020601e0282c852,50315439,2015-06-01 07:05:16,5,2820274872ff710e1fba111d74694954be167a1f,1,2820274872ff710e1fba111d74694954be167a1f,,2820274872ff710e1fba111d74694954be167a1f,,0,,1,0,0,0,1,0,0,1,0,0,10,4269,3022.25345514172,364.253923635512,647.926914968377,1.0,,2015-06-01 07:05:25,2015-06-01 07:21:05,passed,3572,"[64871526, 64871527, 64871528, 64871529, 64871530, 64871531, 64871532, 64871533, 64871534, 64871535, 64871536, 64871537, 64871538, 64871540, 64871542, 64871543, 64871544, 64871545, 64871546]",292,64871528,ruby,ok,1,ruby,rspec,1.0,,1617,0,1617,0,,2.6,,0
