tr_build_id,gh_project_name,gh_is_pr,gh_pr_created_at,gh_pull_req_num,gh_lang,git_merged_with,git_branch,gh_num_commits_in_push,gh_commits_in_push,git_prev_commit_resolution_status,git_prev_built_commit,tr_prev_build,gh_first_commit_created_at,gh_team_size,git_all_built_commits,git_num_all_built_commits,git_trigger_commit,tr_virtual_merged_into,tr_original_commit,gh_num_issue_comments,gh_num_commit_comments,gh_num_pr_comments,git_diff_src_churn,git_diff_test_churn,gh_diff_files_added,gh_diff_files_deleted,gh_diff_files_modified,gh_diff_tests_added,gh_diff_tests_deleted,gh_diff_src_files,gh_diff_doc_files,gh_diff_other_files,gh_num_commits_on_files_touched,gh_sloc,gh_test_lines_per_kloc,gh_test_cases_per_kloc,gh_asserts_cases_per_kloc,gh_by_core_team_member,gh_description_complexity,gh_pushed_at,gh_build_started_at,tr_status,tr_duration,tr_jobs,tr_build_number,tr_job_id,tr_log_lan,tr_log_status,tr_log_setup_time,tr_log_analyzer,tr_log_frameworks,tr_log_bool_tests_ran,tr_log_bool_tests_failed,tr_log_num_tests_ok,tr_log_num_tests_failed,tr_log_num_tests_run,tr_log_num_tests_skipped,tr_log_tests_failed,tr_log_testduration,tr_log_buildduration,build_successful
276233,sferik/mtgox,0.0,,,ruby,,master,,,build_found,1c0ef99dae7ffb20ba591256923be150a9487bf1,104858,,2,7a748653827945a92b4d458090bc81e123d67cfd#b006d966a710210d87efb51d1054d26772d3fbb6#1180b823cff9a7fccbe2b7187cb5c5001f2c6c7e#5be2e5f570b3a4f4c342638c7deebd6c3a3e2747#98294ce928a6d4298d33934d11ec27be4586efe0,5,7a748653827945a92b4d458090bc81e123d67cfd,,7a748653827945a92b4d458090bc81e123d67cfd,,0,,30,56,0,0,5,0,0,4,0,1,65,361,872.576177285319,60.9418282548476,232.686980609418,1.0,,,2011-11-04 14:52:14,passed,567,"[276237, 276238, 276239, 276234, 276235, 276240, 276236]",67,276235,ruby,unknown,,ruby,rspec,1.0,,22,0,22,0,,1.22,,0
276265,sferik/mtgox,0.0,,,ruby,,master,,,build_found,7a748653827945a92b4d458090bc81e123d67cfd,276233,,2,037e84cd16c21e6497f17f3a4a33b1d9bec711d2,1,037e84cd16c21e6497f17f3a4a33b1d9bec711d2,,037e84cd16c21e6497f17f3a4a33b1d9bec711d2,,0,,20,0,0,0,1,0,0,1,0,0,9,361,872.576177285319,60.9418282548476,232.686980609418,1.0,,,2011-11-04 14:59:04,passed,560,"[276271, 276270, 276268, 276266, 276267, 276272, 276269]",68,276272,ruby,unknown,,ruby,rspec,1.0,,22,0,22,0,,0.49,,0
276321,sferik/mtgox,0.0,,,ruby,,master,,,build_found,037e84cd16c21e6497f17f3a4a33b1d9bec711d2,276265,,2,761c8350643ec3d886f32d6b7971337d4b2a0870,1,761c8350643ec3d886f32d6b7971337d4b2a0870,,761c8350643ec3d886f32d6b7971337d4b2a0870,,0,,33,0,0,0,3,0,0,3,0,0,26,377,835.543766578249,58.3554376657825,222.811671087533,1.0,,,2011-11-04 15:07:01,passed,586,"[276327, 276326, 276328, 276324, 276323, 276325, 276322]",70,276324,ruby,unknown,,ruby,rspec,1.0,,22,0,22,0,,1.04,,0
325469,sferik/mtgox,0.0,,,ruby,,master,,,merge_found,,,,2,8f8319979fbc856326a193458f6041f05d6ff350,1,8f8319979fbc856326a193458f6041f05d6ff350,,8f8319979fbc856326a193458f6041f05d6ff350,,0,,58,86,0,0,7,0,0,7,0,0,81,389,894.601542416452,61.6966580976864,215.938303341902,1.0,,,2011-11-20 16:58:34,failed,670,"[325474, 325476, 325470, 325475, 325473, 325471, 325472]",72,325470,ruby,unknown,,ruby,rspec,1.0,,12,10,22,0,,1.0,,0
325582,sferik/mtgox,0.0,,,ruby,,master,,,build_found,8f8319979fbc856326a193458f6041f05d6ff350,325469,,2,b6063cc8cb6296f9ace473a9b6536bac34dd1c16#7a3d39a429f540f35fbe494073b2e3ff0a3a3423,2,b6063cc8cb6296f9ace473a9b6536bac34dd1c16,,b6063cc8cb6296f9ace473a9b6536bac34dd1c16,,0,,17,24,0,0,4,0,0,3,0,1,37,390,905.128205128205,61.5384615384615,215.384615384615,1.0,,,2011-11-20 17:41:46,failed,168,"[325585, 325584, 325583]",73,325584,ruby,unknown,,ruby,rspec,1.0,,22,0,22,0,,0.9,,0
325612,sferik/mtgox,0.0,,,ruby,,master,,,build_found,b6063cc8cb6296f9ace473a9b6536bac34dd1c16,325582,,2,d7a9eb405835e59919cd58f3b6e116dcc29cd2a4,1,d7a9eb405835e59919cd58f3b6e116dcc29cd2a4,,d7a9eb405835e59919cd58f3b6e116dcc29cd2a4,,0,,0,0,0,0,1,0,0,0,0,1,9,390,905.128205128205,61.5384615384615,215.384615384615,1.0,,,2011-11-20 18:00:25,failed,159,"[325615, 325613, 325614]",74,325615,unknown,unknown,,plain,,0.0,,,,,,,,,0
350404,sferik/mtgox,0.0,,,ruby,,master,,,build_found,d7a9eb405835e59919cd58f3b6e116dcc29cd2a4,325612,,2,94b68bbd10d0699a7f17c681ca8be607a5100783#388b93935a5a3933988aec57b7cf1659b762ac84#f744f2ae9d96ba37262eeccc1cc86e14330ddaea#03fe620ca346dfe915dae2828a98eb799428da84,4,94b68bbd10d0699a7f17c681ca8be607a5100783,,94b68bbd10d0699a7f17c681ca8be607a5100783,,0,,104,0,0,0,2,0,0,1,0,1,33,390,905.128205128205,61.5384615384615,215.384615384615,1.0,,,2011-11-28 15:19:28,passed,97,"[350406, 350405]",75,350405,ruby,unknown,,ruby,rspec,1.0,,22,0,22,0,,1.68,,0
362837,sferik/mtgox,0.0,,,ruby,,master,,,build_found,94b68bbd10d0699a7f17c681ca8be607a5100783,350404,,2,2e275f0ad2fcca6e82c0c45bd083ea0fd855ebaf,1,2e275f0ad2fcca6e82c0c45bd083ea0fd855ebaf,,2e275f0ad2fcca6e82c0c45bd083ea0fd855ebaf,,0,,7,0,0,0,2,0,0,1,0,1,37,390,905.128205128205,61.5384615384615,215.384615384615,1.0,,,2011-12-01 14:49:42,failed,153,"[362840, 362838, 362839]",76,362839,ruby,unknown,,ruby,rspec,1.0,,22,0,22,0,,1.25,,0
362849,sferik/mtgox,0.0,,,ruby,,master,,,build_found,2e275f0ad2fcca6e82c0c45bd083ea0fd855ebaf,362837,,2,906ec538ad69818d8f0a2914c1fd64872470a984#09c39d616fc5f9bca44a8bef34dfe039078504ad,2,906ec538ad69818d8f0a2914c1fd64872470a984,,906ec538ad69818d8f0a2914c1fd64872470a984,,0,,10,6,0,0,4,0,0,4,0,0,48,390,910.25641025641,61.5384615384615,215.384615384615,1.0,,,2011-12-01 14:55:18,failed,214,"[362852, 362850, 362851]",77,362851,ruby,unknown,,ruby,rspec,1.0,,22,0,22,0,,0.66,,0
362897,sferik/mtgox,0.0,,,ruby,,master,,,build_found,906ec538ad69818d8f0a2914c1fd64872470a984,362849,,2,9131acb8869e39cc21beaca5c938db0690ce6902,1,9131acb8869e39cc21beaca5c938db0690ce6902,,9131acb8869e39cc21beaca5c938db0690ce6902,,0,,3,6,0,0,3,0,0,2,0,1,47,390,905.128205128205,61.5384615384615,215.384615384615,1.0,,,2011-12-01 15:12:46,passed,82,"[362898, 362899]",79,362898,ruby,unknown,,ruby,rspec,1.0,,22,0,22,0,,1.2,,0
363410,sferik/mtgox,0.0,,,ruby,,master,,,merge_found,,,,2,fd6b78fec10b7d72b8e1aef7dd69a7dc17cdf5f2,1,fd6b78fec10b7d72b8e1aef7dd69a7dc17cdf5f2,,fd6b78fec10b7d72b8e1aef7dd69a7dc17cdf5f2,,0,,10,14,1,0,2,0,0,2,0,1,54,393,928.753180661578,63.6132315521629,218.82951653944,1.0,,,2011-12-01 17:21:57,passed,92,"[363412, 363411]",80,363411,ruby,unknown,,ruby,rspec,1.0,,23,0,23,0,,1.52,,0
375695,sferik/mtgox,0.0,,,ruby,,master,,,build_found,fd6b78fec10b7d72b8e1aef7dd69a7dc17cdf5f2,363410,,2,dc948a8ea65dcdb1f7e786b3d14f5d50fd4ca6b7#8f2216c509ae9d9c389e77d37097028d9bba4d6d#146919cc49ab44a34817d2185f539033f177b1b4#4d263987f17dfbddf640f5c2457fe0d2625be6a9,4,dc948a8ea65dcdb1f7e786b3d14f5d50fd4ca6b7,,dc948a8ea65dcdb1f7e786b3d14f5d50fd4ca6b7,,0,,12,2,0,0,3,0,0,3,0,0,52,393,923.664122137405,63.6132315521629,218.82951653944,1.0,,,2011-12-05 16:07:47,passed,103,"[375696, 375697]",81,375697,ruby,unknown,,ruby,rspec,1.0,,23,0,23,0,,1.29,,0
399138,sferik/mtgox,0.0,,,ruby,,master,,,build_found,dc948a8ea65dcdb1f7e786b3d14f5d50fd4ca6b7,375695,,2,8af9d61ce31068265ac7c9a43fd125de1541d7c6,1,8af9d61ce31068265ac7c9a43fd125de1541d7c6,,8af9d61ce31068265ac7c9a43fd125de1541d7c6,,0,,7,0,0,0,2,0,0,2,0,0,15,393,923.664122137405,63.6132315521629,218.82951653944,1.0,,,2011-12-12 16:06:32,passed,93,"[399140, 399139]",82,399140,ruby,unknown,,ruby,rspec,1.0,,23,0,23,0,,2.02,,0
477965,sferik/mtgox,0.0,,,ruby,,master,,,merge_found,,,,2,68f65e5c94b386df89f9e805480f76fd467bc73c,1,68f65e5c94b386df89f9e805480f76fd467bc73c,,68f65e5c94b386df89f9e805480f76fd467bc73c,,0,,3,1,0,0,4,0,0,3,0,1,56,394,923.857868020305,63.4517766497462,220.812182741117,1.0,,,2012-01-04 16:57:41,passed,104,"[477967, 477966]",83,477966,ruby,unknown,,ruby,rspec,1.0,,23,0,23,0,,2.49,,0
503869,sferik/mtgox,0.0,,,ruby,,master,,,build_found,68f65e5c94b386df89f9e805480f76fd467bc73c,477965,,2,c1d1ed17f03f204667cd90eeceab9c8c87e4e4aa,1,c1d1ed17f03f204667cd90eeceab9c8c87e4e4aa,,c1d1ed17f03f204667cd90eeceab9c8c87e4e4aa,,0,,0,0,0,0,1,0,0,0,0,1,2,394,923.857868020305,63.4517766497462,220.812182741117,1.0,,,2012-01-10 20:34:25,passed,134,"[503870, 503871]",84,503871,ruby,unknown,,ruby,rspec,1.0,,23,0,23,0,,0.67,,0
589040,sferik/mtgox,0.0,,,ruby,,master,2,9bb09bea5f7f494d57e272efb5de6e5035e5885f#341ec256306602ec7e17f36a228a1cb9fd56c6cb,merge_found,,,2012-01-25 11:57:42,2,341ec256306602ec7e17f36a228a1cb9fd56c6cb,1,341ec256306602ec7e17f36a228a1cb9fd56c6cb,,341ec256306602ec7e17f36a228a1cb9fd56c6cb,,0,,3,0,0,0,1,0,0,1,0,0,10,393,926.208651399491,63.6132315521629,221.374045801527,1.0,,2012-01-28 12:35:37,2012-01-28 12:41:39,passed,110,"[589042, 589041]",85,589042,ruby,unknown,,ruby,rspec,1.0,,23,0,23,0,,0.92,,0
589044,sferik/mtgox,0.0,,,ruby,,master,1,7caa86ca7cf63c72f083e0285c548e9371555b33,build_found,341ec256306602ec7e17f36a228a1cb9fd56c6cb,589040,2012-01-28 12:37:05,2,7caa86ca7cf63c72f083e0285c548e9371555b33,1,7caa86ca7cf63c72f083e0285c548e9371555b33,,7caa86ca7cf63c72f083e0285c548e9371555b33,,0,,2,0,0,0,1,0,0,1,0,0,14,393,926.208651399491,63.6132315521629,221.374045801527,1.0,,2012-01-28 12:37:14,2012-01-28 12:41:54,passed,111,"[589046, 589045]",86,589045,ruby,unknown,,ruby,rspec,1.0,,23,0,23,0,,0.7,,0
697998,sferik/mtgox,0.0,,,ruby,,master,1,02617cfbb5613d10383ba701b5943eacf512041a,build_found,7caa86ca7cf63c72f083e0285c548e9371555b33,589044,2012-02-18 18:17:55,2,02617cfbb5613d10383ba701b5943eacf512041a,1,02617cfbb5613d10383ba701b5943eacf512041a,,02617cfbb5613d10383ba701b5943eacf512041a,,0,,3,0,0,0,2,0,0,2,0,0,23,394,923.857868020305,63.4517766497462,220.812182741117,1.0,,2012-02-18 18:18:58,2012-02-18 18:18:59,passed,98,"[698000, 697999]",88,698000,ruby,unknown,,ruby,rspec,1.0,,23,0,23,0,,0.29,,0
698286,sferik/mtgox,0.0,,,ruby,,master,1,52aca25f9940ef18a8de8ce6d9397243f5bf583d,build_found,02617cfbb5613d10383ba701b5943eacf512041a,697998,2012-02-18 19:01:16,2,52aca25f9940ef18a8de8ce6d9397243f5bf583d,1,52aca25f9940ef18a8de8ce6d9397243f5bf583d,,52aca25f9940ef18a8de8ce6d9397243f5bf583d,,0,,2,0,0,0,1,0,0,1,0,0,15,394,923.857868020305,63.4517766497462,220.812182741117,1.0,,2012-02-18 19:01:42,2012-02-18 19:12:43,passed,106,"[698287, 698288]",89,698287,ruby,unknown,,ruby,rspec,1.0,,23,0,23,0,,0.25,,0
855052,sferik/mtgox,0.0,,,ruby,,master,,,build_found,52aca25f9940ef18a8de8ce6d9397243f5bf583d,698286,,2,6eee95ad702afb216a036a79e9de0f08e952e6c6#66d90a4dcac2d5049a0ce8d062089492889fdabb#7abb43f05678eeed82875c97ef9ff71b4e2cd874#f394bb234ec3a79ed3395de7f012ba7a5e22dc8a,4,6eee95ad702afb216a036a79e9de0f08e952e6c6,,6eee95ad702afb216a036a79e9de0f08e952e6c6,,0,,2,6,0,0,3,0,0,2,0,1,37,394,928.934010152284,63.4517766497462,220.812182741117,1.0,,,2012-03-13 14:10:12,failed,310,"[855055, 855053, 855054, 855056]",90,855055,ruby,unknown,,ruby,rspec,1.0,,2,21,23,0,,0.5,,0
855468,sferik/mtgox,0.0,,,ruby,,master,,,build_found,6eee95ad702afb216a036a79e9de0f08e952e6c6,855052,,2,52c02f6e1b0c556755c637a410d7a452e2d004a8,1,52c02f6e1b0c556755c637a410d7a452e2d004a8,,52c02f6e1b0c556755c637a410d7a452e2d004a8,,0,,4,0,0,0,1,0,0,1,0,0,5,394,928.934010152284,63.4517766497462,220.812182741117,1.0,,,2012-03-13 15:10:11,passed,343,"[855471, 855472, 855470, 855469]",91,855469,ruby,unknown,,ruby,rspec,1.0,,23,0,23,0,,0.2,,0
1108752,sferik/mtgox,0.0,,,ruby,,master,1,602898e586f8dca04c8e55b50686dbdbf163f450,build_found,52c02f6e1b0c556755c637a410d7a452e2d004a8,855468,2012-04-17 01:14:25,2,602898e586f8dca04c8e55b50686dbdbf163f450,1,602898e586f8dca04c8e55b50686dbdbf163f450,,602898e586f8dca04c8e55b50686dbdbf163f450,,0,,0,0,0,0,1,0,0,0,0,1,1,394,928.934010152284,63.4517766497462,220.812182741117,1.0,,2012-04-17 01:15:11,2012-04-17 01:15:12,passed,325,"[1108755, 1108753, 1108754, 1108756]",92,1108753,ruby,unknown,,ruby,rspec,1.0,,23,0,23,0,,0.22,,0
1120752,sferik/mtgox,0.0,,,ruby,,master,1,2794220341aa836291a56caa03047b87e79de802,build_found,602898e586f8dca04c8e55b50686dbdbf163f450,1108752,2012-04-18 14:30:30,2,2794220341aa836291a56caa03047b87e79de802,1,2794220341aa836291a56caa03047b87e79de802,,2794220341aa836291a56caa03047b87e79de802,,0,,2,0,0,0,1,0,0,1,0,0,16,394,928.934010152284,63.4517766497462,220.812182741117,1.0,,2012-04-18 14:30:41,2012-04-18 14:30:56,passed,203,"[1120755, 1120756, 1120754, 1120753]",93,1120753,ruby,unknown,,ruby,rspec,1.0,,23,0,23,0,,0.23,,0
1161373,sferik/mtgox,0.0,,,ruby,,master,1,83615eebd66eb26a8b826c30dc2cbdaf82646b87,build_found,2794220341aa836291a56caa03047b87e79de802,1120752,2012-04-24 09:24:41,2,83615eebd66eb26a8b826c30dc2cbdaf82646b87,1,83615eebd66eb26a8b826c30dc2cbdaf82646b87,,83615eebd66eb26a8b826c30dc2cbdaf82646b87,,0,,0,0,0,0,1,0,0,0,0,1,16,394,928.934010152284,63.4517766497462,220.812182741117,1.0,,2012-04-24 09:24:47,2012-04-24 09:24:52,failed,222,"[1161375, 1161374, 1161378, 1161376, 1161377]",94,1161377,ruby,unknown,,ruby,rspec,1.0,,13,10,23,0,,0.22,,0
1162047,sferik/mtgox,0.0,,,ruby,,master,2,4aff57865d6e941c2c71acc49d1583fe14fd9d87#6cafe82d6c989ab197511c95af7c31c41cafc101,build_found,83615eebd66eb26a8b826c30dc2cbdaf82646b87,1161373,2012-04-24 10:37:12,2,6cafe82d6c989ab197511c95af7c31c41cafc101#4aff57865d6e941c2c71acc49d1583fe14fd9d87,2,6cafe82d6c989ab197511c95af7c31c41cafc101,,6cafe82d6c989ab197511c95af7c31c41cafc101,,0,,10,12,0,0,5,0,0,5,0,0,78,394,906.091370558376,63.4517766497462,220.812182741117,1.0,,2012-04-24 10:38:29,2012-04-24 10:38:29,passed,200,"[1162052, 1162048, 1162050, 1162051, 1162049]",95,1162049,ruby,unknown,,ruby,rspec,1.0,,23,0,23,0,,3.61,,0
1162191,sferik/mtgox,0.0,,,ruby,,master,1,05eb4425fa3bffca94a9fed380d265316d582b66,build_found,6cafe82d6c989ab197511c95af7c31c41cafc101,1162047,2012-04-24 11:06:03,2,05eb4425fa3bffca94a9fed380d265316d582b66,1,05eb4425fa3bffca94a9fed380d265316d582b66,,05eb4425fa3bffca94a9fed380d265316d582b66,,0,,0,4,0,0,1,0,0,1,0,0,15,394,911.167512690355,63.4517766497462,220.812182741117,1.0,,2012-04-24 11:06:09,2012-04-24 11:06:11,passed,217,"[1162193, 1162192, 1162194, 1162196, 1162195]",96,1162196,ruby,unknown,,ruby,rspec,1.0,,23,0,23,0,,0.22,,0
1269624,sferik/mtgox,0.0,,,ruby,,master,1,d95dbc285d7ff18fd7fb17dc21a0cce63c1b8dd3,build_found,05eb4425fa3bffca94a9fed380d265316d582b66,1162191,2012-05-07 20:43:46,2,d95dbc285d7ff18fd7fb17dc21a0cce63c1b8dd3#8f282daa0bff2501f158e49b14a28ba6e577ebfa#d7f4d7f1c324cc445e17b33cfde19c9a1905835b#0f5dfd1e20b6e366e88781130ab6d995799c1a4e,4,d95dbc285d7ff18fd7fb17dc21a0cce63c1b8dd3,,d95dbc285d7ff18fd7fb17dc21a0cce63c1b8dd3,,0,,59,0,0,0,2,0,0,2,0,0,36,394,911.167512690355,63.4517766497462,220.812182741117,1.0,,2012-05-07 20:43:53,2012-05-07 20:46:38,passed,254,"[1269626, 1269628, 1269629, 1269627, 1269625]",97,1269627,ruby,unknown,,ruby,rspec,1.0,,23,0,23,0,,0.45,,0
4397311,sferik/mtgox,0.0,,,ruby,,master,1,440b195c8bd9ec5d2783a4a17a0898b10dec53a4,build_found,d95dbc285d7ff18fd7fb17dc21a0cce63c1b8dd3,1269624,2013-01-26 16:36:56,2,440b195c8bd9ec5d2783a4a17a0898b10dec53a4,1,440b195c8bd9ec5d2783a4a17a0898b10dec53a4,,440b195c8bd9ec5d2783a4a17a0898b10dec53a4,,0,,23,0,0,0,2,0,0,2,0,0,20,394,911.167512690355,63.4517766497462,220.812182741117,1.0,,2013-01-26 16:37:14,2013-01-26 16:37:19,failed,268,"[4397315, 4397316, 4397312, 4397313, 4397314]",98,4397316,ruby,unknown,,ruby,,0.0,,,,,,,,,0
4397468,sferik/mtgox,0.0,,,ruby,,master,2,ab69b9e2342b0ece15b0f464332434002d4714bd#b1753c29f7db7a3d35f9473158ae5d70c0b6a020,build_found,440b195c8bd9ec5d2783a4a17a0898b10dec53a4,4397311,2013-01-26 16:41:31,2,b1753c29f7db7a3d35f9473158ae5d70c0b6a020#ab69b9e2342b0ece15b0f464332434002d4714bd,2,b1753c29f7db7a3d35f9473158ae5d70c0b6a020,,b1753c29f7db7a3d35f9473158ae5d70c0b6a020,,0,,90,0,1,0,4,0,0,3,0,2,66,394,911.167512690355,63.4517766497462,220.812182741117,1.0,,2013-01-26 16:47:36,2013-01-26 16:48:03,passed,246,"[4397473, 4397472, 4397471, 4397470, 4397469]",99,4397472,ruby,unknown,,ruby,rspec,1.0,,23,0,23,0,,0.22,,0
4397639,sferik/mtgox,0.0,,,ruby,,master,2,f2de9124c287193eef5a9b6933cf8c9abab5d748#34459353a1546dd447db8ec9b1c62f8cb6f9f81e,build_found,b1753c29f7db7a3d35f9473158ae5d70c0b6a020,4397468,2013-01-26 16:52:47,2,34459353a1546dd447db8ec9b1c62f8cb6f9f81e#f2de9124c287193eef5a9b6933cf8c9abab5d748,2,34459353a1546dd447db8ec9b1c62f8cb6f9f81e,,34459353a1546dd447db8ec9b1c62f8cb6f9f81e,,0,,27,62,0,0,6,0,0,6,0,0,85,393,913.486005089058,63.6132315521629,221.374045801527,1.0,,2013-01-26 16:58:49,2013-01-26 16:58:53,passed,237,"[4397640, 4397641, 4397642, 4397643, 4397644]",100,4397642,ruby,unknown,,ruby,rspec,1.0,,23,0,23,0,,0.31,,0
4536055,sferik/mtgox,0.0,,,ruby,,master,1,27c2d485d3c4f55adbd3bf7c416fffb0f1da9b7d,build_found,34459353a1546dd447db8ec9b1c62f8cb6f9f81e,4397639,2013-02-02 16:04:53,2,27c2d485d3c4f55adbd3bf7c416fffb0f1da9b7d,1,27c2d485d3c4f55adbd3bf7c416fffb0f1da9b7d,,27c2d485d3c4f55adbd3bf7c416fffb0f1da9b7d,,0,,1,0,0,0,1,0,0,1,0,0,20,393,913.486005089058,63.6132315521629,221.374045801527,1.0,,2013-02-02 16:05:06,2013-02-02 16:10:38,passed,322,"[4536057, 4536058, 4536060, 4536059, 4536056]",101,4536060,ruby,unknown,,ruby,rspec,1.0,,23,0,23,0,,0.16,,0
4536991,sferik/mtgox,0.0,,,ruby,,master,1,cc7aedd389899f1daa42572d9d517167b04c45ed,build_found,27c2d485d3c4f55adbd3bf7c416fffb0f1da9b7d,4536055,2013-02-02 17:08:46,2,cc7aedd389899f1daa42572d9d517167b04c45ed,1,cc7aedd389899f1daa42572d9d517167b04c45ed,,cc7aedd389899f1daa42572d9d517167b04c45ed,,0,,6,0,0,0,1,0,0,1,0,0,21,393,913.486005089058,63.6132315521629,221.374045801527,1.0,,2013-02-02 17:09:05,2013-02-02 17:14:39,passed,301,"[4536995, 4536994, 4536996, 4536993, 4536992]",102,4536993,ruby,unknown,,ruby,rspec,1.0,,23,0,23,0,,2.6,,0
4547259,sferik/mtgox,0.0,,,ruby,,master,1,0df34e576239d5ef5a1d1b16de2f403a0e5b9c34,build_found,cc7aedd389899f1daa42572d9d517167b04c45ed,4536991,2013-02-03 09:55:56,2,0df34e576239d5ef5a1d1b16de2f403a0e5b9c34,1,0df34e576239d5ef5a1d1b16de2f403a0e5b9c34,,0df34e576239d5ef5a1d1b16de2f403a0e5b9c34,,0,,1,0,0,0,1,0,0,1,0,0,22,393,913.486005089058,63.6132315521629,221.374045801527,1.0,,2013-02-03 09:56:02,2013-02-03 10:18:05,passed,297,"[4547263, 4547261, 4547264, 4547260, 4547262]",103,4547264,ruby,unknown,,ruby,rspec,1.0,,23,0,23,0,,0.23,,0
4547423,sferik/mtgox,0.0,,,ruby,,master,1,29f91a0bc3245f14ea180fb9d0e0f98f08fd87bc,build_found,0df34e576239d5ef5a1d1b16de2f403a0e5b9c34,4547259,2013-02-03 10:17:53,2,29f91a0bc3245f14ea180fb9d0e0f98f08fd87bc,1,29f91a0bc3245f14ea180fb9d0e0f98f08fd87bc,,29f91a0bc3245f14ea180fb9d0e0f98f08fd87bc,,0,,2,0,1,0,1,0,0,1,0,1,23,393,913.486005089058,63.6132315521629,221.374045801527,1.0,,2013-02-03 10:18:00,2013-02-03 10:28:13,passed,287,"[4547424, 4547425, 4547428, 4547427, 4547426]",104,4547425,ruby,unknown,,ruby,rspec,1.0,,23,0,23,0,,1.52,,0
4555408,sferik/mtgox,0.0,,,ruby,,master,1,e1905229708326cd605bcb722e85a4e30f960635,build_found,29f91a0bc3245f14ea180fb9d0e0f98f08fd87bc,4547423,2013-02-03 19:32:04,2,e1905229708326cd605bcb722e85a4e30f960635,1,e1905229708326cd605bcb722e85a4e30f960635,,e1905229708326cd605bcb722e85a4e30f960635,,0,,2,0,0,0,1,0,0,1,0,0,24,393,913.486005089058,63.6132315521629,221.374045801527,1.0,,2013-02-03 19:32:30,2013-02-03 19:33:21,passed,324,"[4555410, 4555411, 4555413, 4555412, 4555409]",106,4555411,ruby,unknown,,ruby,rspec,1.0,,23,0,23,0,,0.26,,0
4624668,sferik/mtgox,0.0,,,ruby,,master,1,2a059087f304c31616079bfd4c94cd62c9ffeeb4,build_found,e1905229708326cd605bcb722e85a4e30f960635,4555408,2013-02-06 19:40:43,2,2a059087f304c31616079bfd4c94cd62c9ffeeb4,1,2a059087f304c31616079bfd4c94cd62c9ffeeb4,,2a059087f304c31616079bfd4c94cd62c9ffeeb4,,0,,2,0,0,0,1,0,0,1,0,0,7,393,913.486005089058,63.6132315521629,221.374045801527,1.0,,2013-02-06 19:40:48,2013-02-06 19:46:28,passed,358,"[4624670, 4624672, 4624669, 4624671, 4624673]",107,4624669,java,unknown,,java-ant,,0.0,,,,,,,,,0
4624777,sferik/mtgox,0.0,,,ruby,,master,1,a0c1b50cd68689138ed5ce6b133a0b05fcb1e3da,build_found,2a059087f304c31616079bfd4c94cd62c9ffeeb4,4624668,2013-02-06 19:44:57,2,a0c1b50cd68689138ed5ce6b133a0b05fcb1e3da,1,a0c1b50cd68689138ed5ce6b133a0b05fcb1e3da,,a0c1b50cd68689138ed5ce6b133a0b05fcb1e3da,,0,,2,0,0,0,1,0,0,1,0,0,8,393,913.486005089058,63.6132315521629,221.374045801527,1.0,,2013-02-06 19:45:04,2013-02-06 20:01:09,passed,342,"[4624779, 4624780, 4624781, 4624778, 4624782]",108,4624779,ruby,unknown,,ruby,rspec,1.0,,23,0,23,0,,3.04,,0
4644535,sferik/mtgox,0.0,,,ruby,,master,2,e7a83d26672cded810dc7f260c63de4dacde1637#2bf702579e40d46d111e1d78b9279359bc297e4d,build_found,a0c1b50cd68689138ed5ce6b133a0b05fcb1e3da,4624777,2013-02-07 16:29:03,2,2bf702579e40d46d111e1d78b9279359bc297e4d#e7a83d26672cded810dc7f260c63de4dacde1637,2,2bf702579e40d46d111e1d78b9279359bc297e4d,,2bf702579e40d46d111e1d78b9279359bc297e4d,,0,,21,0,0,0,1,0,0,1,0,0,39,393,913.486005089058,63.6132315521629,221.374045801527,1.0,,2013-02-07 16:29:19,2013-02-07 16:33:10,passed,309,"[4644538, 4644540, 4644539, 4644537, 4644536]",109,4644537,ruby,unknown,,ruby,rspec,1.0,,23,0,23,0,,2.92,,0
4650646,sferik/mtgox,0.0,,,ruby,,master,1,e0f062cf2dbd9d3fdb2a52a4c476e702f98757f7,build_found,2bf702579e40d46d111e1d78b9279359bc297e4d,4644535,2013-02-07 16:56:37,2,e0f062cf2dbd9d3fdb2a52a4c476e702f98757f7,1,e0f062cf2dbd9d3fdb2a52a4c476e702f98757f7,,e0f062cf2dbd9d3fdb2a52a4c476e702f98757f7,,0,,2,0,1,0,1,0,0,1,0,1,25,393,913.486005089058,63.6132315521629,221.374045801527,1.0,,2013-02-07 20:39:54,2013-02-07 21:23:20,passed,359,"[4650651, 4650650, 4650649, 4650647, 4650648]",112,4650649,unknown,unknown,,plain,,0.0,,,,,,,,,0
4656236,sferik/mtgox,0.0,,,ruby,,master,2,6667374cf85a525bcce195e67c7ab448fe36c16d#f8f5d40adabf2ae0c1ab20546b2484a6cc41b3c5,build_found,e0f062cf2dbd9d3fdb2a52a4c476e702f98757f7,4650646,2013-02-08 01:01:32,2,f8f5d40adabf2ae0c1ab20546b2484a6cc41b3c5#6667374cf85a525bcce195e67c7ab448fe36c16d,2,f8f5d40adabf2ae0c1ab20546b2484a6cc41b3c5,,f8f5d40adabf2ae0c1ab20546b2484a6cc41b3c5,,0,,4,0,0,0,2,0,0,2,0,0,41,393,913.486005089058,63.6132315521629,221.374045801527,1.0,,2013-02-08 01:02:33,2013-02-08 01:08:58,passed,304,"[4656239, 4656237, 4656240, 4656238, 4656241]",113,4656239,ruby,unknown,,ruby,rspec,1.0,,23,0,23,0,,0.29,,0
4703425,sferik/mtgox,0.0,,,ruby,,master,3,6fce71836866e924357d97a9c49ec2ad623e0536#c93bad86e1201575643cfda4aad5a4ac20f4f2fc#bbcab1694fe0a47e8bf3747fac34a494bbc4eb32,build_found,f8f5d40adabf2ae0c1ab20546b2484a6cc41b3c5,4656236,2013-02-10 06:43:41,2,bbcab1694fe0a47e8bf3747fac34a494bbc4eb32#c93bad86e1201575643cfda4aad5a4ac20f4f2fc#6fce71836866e924357d97a9c49ec2ad623e0536#0d4aa78876b215aa16fc7bb0c8d76eb5d283b204#78e35de1ee574013dc68951060e2491d91206312#6194f7b5e0bd392bd19ee448781bae94888dabd0#5285d903fdd72d145acabc70e9645536a849beb0,7,bbcab1694fe0a47e8bf3747fac34a494bbc4eb32,,bbcab1694fe0a47e8bf3747fac34a494bbc4eb32,,0,,55,0,1,0,6,0,0,7,0,0,95,413,869.249394673123,60.5326876513317,210.653753026634,1.0,,2013-02-10 15:08:07,2013-02-10 15:08:23,passed,264,"[4703429, 4703430, 4703428, 4703427, 4703426]",114,4703427,ruby,unknown,,ruby,rspec,1.0,,23,0,23,0,,2.24,,0
4797870,sferik/mtgox,0.0,,,ruby,,master,1,9f20ae8bbe6433e7891606595105e36281d3f7a6,build_found,bbcab1694fe0a47e8bf3747fac34a494bbc4eb32,4703425,2013-02-14 17:10:34,2,9f20ae8bbe6433e7891606595105e36281d3f7a6,1,9f20ae8bbe6433e7891606595105e36281d3f7a6,,9f20ae8bbe6433e7891606595105e36281d3f7a6,,0,,2,0,0,0,1,0,0,1,0,0,10,413,869.249394673123,60.5326876513317,210.653753026634,1.0,,2013-02-14 17:10:43,2013-02-14 21:31:29,passed,320,"[4797875, 4797874, 4797871, 4797873, 4797872]",115,4797875,ruby,unknown,,ruby,rspec,1.0,,23,0,23,0,,0.43,,0
5055672,sferik/mtgox,0.0,,,ruby,,master,1,db39f2fb360374878bd51c5b1b65172484687217,build_found,9f20ae8bbe6433e7891606595105e36281d3f7a6,4797870,2013-02-25 23:12:54,2,db39f2fb360374878bd51c5b1b65172484687217,1,db39f2fb360374878bd51c5b1b65172484687217,,db39f2fb360374878bd51c5b1b65172484687217,,0,,4,17,0,0,3,0,0,3,0,0,66,413,874.09200968523,60.5326876513317,210.653753026634,1.0,,2013-02-25 23:13:01,2013-03-01 11:33:12,passed,445,"[5055674, 5055673, 5055675, 5055677, 5055676]",118,5055677,ruby,ok,,ruby,rspec,1.0,,23,0,23,0,,0.33,,0
5617700,sferik/mtgox,1.0,2013-03-19 05:01:22,20,ruby,merge_button,master,3,d22dd2d2acef5e96d23464453f50088a618a0c14#60ab6069dd10a57ecf90305bb4247584fc96ccea#e03e0c9dea6776d0aace159f4e5043546fd9dacf,build_found,db39f2fb360374878bd51c5b1b65172484687217,5055672,2013-03-19 05:52:16,2,d22dd2d2acef5e96d23464453f50088a618a0c14#66e6b0995e59b5d072a793a30a05b3fc09524514,2,d22dd2d2acef5e96d23464453f50088a618a0c14,66e6b0995e59b5d072a793a30a05b3fc09524514,bd5e527dc8f3db68e2ef1d9728dee190b05cda23,1,0,0,11,0,1,0,2,0,0,2,0,1,71,413,874.09200968523,60.5326876513317,210.653753026634,1.0,87,2013-03-19 17:59:35,2013-03-19 06:01:58,passed,309,"[5617702, 5617701, 5617703, 5617705, 5617704]",119,5617703,ruby,ok,,ruby,rspec,1.0,,23,0,23,0,,0.31,,0
5632157,sferik/mtgox,1.0,2013-03-19 05:01:22,20,ruby,merge_button,master,3,d22dd2d2acef5e96d23464453f50088a618a0c14#60ab6069dd10a57ecf90305bb4247584fc96ccea#e03e0c9dea6776d0aace159f4e5043546fd9dacf,build_found,d22dd2d2acef5e96d23464453f50088a618a0c14,5617700,2013-03-19 05:52:16,2,60ab6069dd10a57ecf90305bb4247584fc96ccea,1,60ab6069dd10a57ecf90305bb4247584fc96ccea,66e6b0995e59b5d072a793a30a05b3fc09524514,eeabb1c910ff240e4226d6ae3d95427a6e85bbdd,2,0,2,1,0,0,0,1,0,0,1,0,0,29,413,874.09200968523,60.5326876513317,210.653753026634,1.0,87,2013-03-19 17:59:35,2013-03-19 17:32:38,passed,363,"[5632159, 5632162, 5632161, 5632160, 5632158]",120,5632160,ruby,ok,,ruby,rspec,1.0,,23,0,23,0,,0.26,,0
5633068,sferik/mtgox,0.0,,,ruby,,master,3,d22dd2d2acef5e96d23464453f50088a618a0c14#60ab6069dd10a57ecf90305bb4247584fc96ccea#e03e0c9dea6776d0aace159f4e5043546fd9dacf,merge_found,,,2013-03-19 05:52:16,2,e03e0c9dea6776d0aace159f4e5043546fd9dacf,1,e03e0c9dea6776d0aace159f4e5043546fd9dacf,,e03e0c9dea6776d0aace159f4e5043546fd9dacf,,0,,10,0,1,0,2,0,0,2,0,1,74,413,874.09200968523,60.5326876513317,210.653753026634,1.0,,2013-03-19 17:59:35,2013-03-19 18:00:35,passed,351,"[5633070, 5633069, 5633073, 5633072, 5633071]",121,5633069,java,ok,,java-ant,,0.0,,,,,,,,,0
5756649,sferik/mtgox,1.0,2013-03-24 11:20:34,25,ruby,merge_button,master,18,9b25b75f5ddbf7fe0fd7b6d4dd87df24efbaa97e#5a27d250eec125aee70b706269ab845aab791ac5#fcafcf4ab51a59007f3bd24a9cf436b2b99779e1#069defbb0b7b9917e83e3beddc7cdd99c8797d76#775a4ca2a61a5de62d5c7c243f0cc40397e5d5de#feb25c441f068ffe71ba7504ebc29c642628f578#8e8336453832c08976d49299930d9874455aaf12#1acffb3f91a62e4f37445b45ba27d07dd3d2e383#1c078aca88b15889001422e3ae9c12762a6fea55#094daa929490b18ead7d5b5c32a97c36f62d791a#0ed120b9654e3d4eafb1bc4c30689dec9281e652#60c41a56e22e869d830a2c915fd801738e14fb15#62593cdf8a271a5adae2a3888b1156d7d0db5d51#3d9c2361f79bdadc280e009c4a755ca53ed36d76#c99676aa218ae718ce597ed1f0fbcf7628513dde#3eb9383e313e1843abba3ff3a08d97f240edb328#a730fdf25f5eb573cb0833974cc093088ddf812f#41dd5f582a4557473b2305d203e9534de861d842,build_found,e03e0c9dea6776d0aace159f4e5043546fd9dacf,5633068,2013-03-24 05:25:27,2,069defbb0b7b9917e83e3beddc7cdd99c8797d76#fcafcf4ab51a59007f3bd24a9cf436b2b99779e1#5a27d250eec125aee70b706269ab845aab791ac5#9b25b75f5ddbf7fe0fd7b6d4dd87df24efbaa97e,4,069defbb0b7b9917e83e3beddc7cdd99c8797d76,e03e0c9dea6776d0aace159f4e5043546fd9dacf,9499a201ada8c68b20ce275b34341f3f8025f5b4,1,0,0,55,53,2,1,7,0,0,3,0,7,61,427,824.355971896956,58.5480093676815,182.669789227166,0.0,110,2013-04-15 10:27:48,2013-03-24 12:22:17,failed,301,"[5756651, 5756654, 5756650, 5756653, 5756655]",123,5756653,ruby,broken,,ruby,rspec,1.0,,20,3,23,0,,0.35,,0
5926276,sferik/mtgox,1.0,2013-03-30 18:46:44,26,ruby,commits_in_master,master,18,9b25b75f5ddbf7fe0fd7b6d4dd87df24efbaa97e#5a27d250eec125aee70b706269ab845aab791ac5#fcafcf4ab51a59007f3bd24a9cf436b2b99779e1#069defbb0b7b9917e83e3beddc7cdd99c8797d76#775a4ca2a61a5de62d5c7c243f0cc40397e5d5de#feb25c441f068ffe71ba7504ebc29c642628f578#8e8336453832c08976d49299930d9874455aaf12#1acffb3f91a62e4f37445b45ba27d07dd3d2e383#1c078aca88b15889001422e3ae9c12762a6fea55#094daa929490b18ead7d5b5c32a97c36f62d791a#0ed120b9654e3d4eafb1bc4c30689dec9281e652#60c41a56e22e869d830a2c915fd801738e14fb15#62593cdf8a271a5adae2a3888b1156d7d0db5d51#3d9c2361f79bdadc280e009c4a755ca53ed36d76#c99676aa218ae718ce597ed1f0fbcf7628513dde#3eb9383e313e1843abba3ff3a08d97f240edb328#a730fdf25f5eb573cb0833974cc093088ddf812f#41dd5f582a4557473b2305d203e9534de861d842,build_found,e03e0c9dea6776d0aace159f4e5043546fd9dacf,5633068,2013-03-24 05:25:27,2,775a4ca2a61a5de62d5c7c243f0cc40397e5d5de,1,775a4ca2a61a5de62d5c7c243f0cc40397e5d5de,e03e0c9dea6776d0aace159f4e5043546fd9dacf,b3cd24649f53415b1adcc01f39285fa68cb76ec2,1,0,0,2,8,0,0,2,0,0,2,0,0,31,413,874.09200968523,60.5326876513317,210.653753026634,0.0,13,2013-04-15 10:27:48,2013-03-30 19:47:41,passed,306,"[5926278, 5926277, 5926281, 5926280, 5926279]",125,5926277,java,ok,,java-ant,,0.0,,,,,,,,,0
6339327,sferik/mtgox,1.0,2013-04-14 21:24:25,29,ruby,merge_button,master,18,9b25b75f5ddbf7fe0fd7b6d4dd87df24efbaa97e#5a27d250eec125aee70b706269ab845aab791ac5#fcafcf4ab51a59007f3bd24a9cf436b2b99779e1#069defbb0b7b9917e83e3beddc7cdd99c8797d76#775a4ca2a61a5de62d5c7c243f0cc40397e5d5de#feb25c441f068ffe71ba7504ebc29c642628f578#8e8336453832c08976d49299930d9874455aaf12#1acffb3f91a62e4f37445b45ba27d07dd3d2e383#1c078aca88b15889001422e3ae9c12762a6fea55#094daa929490b18ead7d5b5c32a97c36f62d791a#0ed120b9654e3d4eafb1bc4c30689dec9281e652#60c41a56e22e869d830a2c915fd801738e14fb15#62593cdf8a271a5adae2a3888b1156d7d0db5d51#3d9c2361f79bdadc280e009c4a755ca53ed36d76#c99676aa218ae718ce597ed1f0fbcf7628513dde#3eb9383e313e1843abba3ff3a08d97f240edb328#a730fdf25f5eb573cb0833974cc093088ddf812f#41dd5f582a4557473b2305d203e9534de861d842,merge_found,,,2013-03-24 05:25:27,2,60c41a56e22e869d830a2c915fd801738e14fb15#0ed120b9654e3d4eafb1bc4c30689dec9281e652,2,60c41a56e22e869d830a2c915fd801738e14fb15,e03e0c9dea6776d0aace159f4e5043546fd9dacf,a9820b705a41a477d5c80346aa4cb9d2eaeb6492,1,0,0,69,66,1,1,7,0,0,3,0,6,69,474,767.932489451477,56.9620253164557,162.447257383966,1.0,28,2013-04-15 10:27:48,2013-04-14 23:25:32,passed,278,"[6339329, 6339328, 6339331, 6339332, 6339330]",128,6339328,java,ok,,java-ant,,0.0,,,,,,,,,0
6347757,sferik/mtgox,1.0,2013-04-14 21:24:25,29,ruby,merge_button,master,18,9b25b75f5ddbf7fe0fd7b6d4dd87df24efbaa97e#5a27d250eec125aee70b706269ab845aab791ac5#fcafcf4ab51a59007f3bd24a9cf436b2b99779e1#069defbb0b7b9917e83e3beddc7cdd99c8797d76#775a4ca2a61a5de62d5c7c243f0cc40397e5d5de#feb25c441f068ffe71ba7504ebc29c642628f578#8e8336453832c08976d49299930d9874455aaf12#1acffb3f91a62e4f37445b45ba27d07dd3d2e383#1c078aca88b15889001422e3ae9c12762a6fea55#094daa929490b18ead7d5b5c32a97c36f62d791a#0ed120b9654e3d4eafb1bc4c30689dec9281e652#60c41a56e22e869d830a2c915fd801738e14fb15#62593cdf8a271a5adae2a3888b1156d7d0db5d51#3d9c2361f79bdadc280e009c4a755ca53ed36d76#c99676aa218ae718ce597ed1f0fbcf7628513dde#3eb9383e313e1843abba3ff3a08d97f240edb328#a730fdf25f5eb573cb0833974cc093088ddf812f#41dd5f582a4557473b2305d203e9534de861d842,build_found,60c41a56e22e869d830a2c915fd801738e14fb15,6339327,2013-03-24 05:25:27,2,a730fdf25f5eb573cb0833974cc093088ddf812f#3eb9383e313e1843abba3ff3a08d97f240edb328#c99676aa218ae718ce597ed1f0fbcf7628513dde#3d9c2361f79bdadc280e009c4a755ca53ed36d76#62593cdf8a271a5adae2a3888b1156d7d0db5d51,5,a730fdf25f5eb573cb0833974cc093088ddf812f,e03e0c9dea6776d0aace159f4e5043546fd9dacf,22ae343422f76a538e72da0bd7a02b0794e60987,1,0,2,47,32,0,0,4,0,0,4,0,0,57,469,786.780383795309,59.7014925373134,166.311300639659,1.0,28,2013-04-15 10:27:48,2013-04-15 09:46:19,passed,288,"[6347762, 6347759, 6347758, 6347761, 6347760]",133,6347758,java,ok,,java-ant,,0.0,,,,,,,,,0
6348506,sferik/mtgox,0.0,,,ruby,,master,18,9b25b75f5ddbf7fe0fd7b6d4dd87df24efbaa97e#5a27d250eec125aee70b706269ab845aab791ac5#fcafcf4ab51a59007f3bd24a9cf436b2b99779e1#069defbb0b7b9917e83e3beddc7cdd99c8797d76#775a4ca2a61a5de62d5c7c243f0cc40397e5d5de#feb25c441f068ffe71ba7504ebc29c642628f578#8e8336453832c08976d49299930d9874455aaf12#1acffb3f91a62e4f37445b45ba27d07dd3d2e383#1c078aca88b15889001422e3ae9c12762a6fea55#094daa929490b18ead7d5b5c32a97c36f62d791a#0ed120b9654e3d4eafb1bc4c30689dec9281e652#60c41a56e22e869d830a2c915fd801738e14fb15#62593cdf8a271a5adae2a3888b1156d7d0db5d51#3d9c2361f79bdadc280e009c4a755ca53ed36d76#c99676aa218ae718ce597ed1f0fbcf7628513dde#3eb9383e313e1843abba3ff3a08d97f240edb328#a730fdf25f5eb573cb0833974cc093088ddf812f#41dd5f582a4557473b2305d203e9534de861d842,merge_found,,,2013-03-24 05:25:27,2,41dd5f582a4557473b2305d203e9534de861d842,1,41dd5f582a4557473b2305d203e9534de861d842,,41dd5f582a4557473b2305d203e9534de861d842,,0,,212,226,4,1,23,0,0,14,0,14,108,469,786.780383795309,59.7014925373134,166.311300639659,1.0,,2013-04-15 10:27:48,2013-04-15 10:28:36,passed,283,"[6348508, 6348507, 6348511, 6348509, 6348510]",134,6348511,ruby,ok,,ruby,rspec,1.0,,26,0,26,0,,0.3,,0
6348605,sferik/mtgox,0.0,,,ruby,,master,1,24aefff3917ebe07c56aeacb09d0959d2cea3474,build_found,41dd5f582a4557473b2305d203e9534de861d842,6348506,2013-04-15 10:35:19,2,24aefff3917ebe07c56aeacb09d0959d2cea3474,1,24aefff3917ebe07c56aeacb09d0959d2cea3474,,24aefff3917ebe07c56aeacb09d0959d2cea3474,,0,,4,0,0,0,1,0,0,1,0,0,20,469,786.780383795309,59.7014925373134,166.311300639659,1.0,,2013-04-15 10:35:30,2013-04-15 10:36:20,passed,291,"[6348607, 6348606, 6348608, 6348609, 6348610]",135,6348607,ruby,ok,,ruby,rspec,1.0,,26,0,26,0,,3.34,,0
6349166,sferik/mtgox,1.0,2013-04-15 09:07:22,30,ruby,merge_button,master,3,3fa86dde616d4e8e276916139667e35bb404cd92#6ca280081c5f870930c59ae429cafa22cb8490cf#766edacdcc711f491ec259931abb25ba587c9c5e,build_found,a730fdf25f5eb573cb0833974cc093088ddf812f,6347757,2013-04-15 10:01:28,2,6ca280081c5f870930c59ae429cafa22cb8490cf#3fa86dde616d4e8e276916139667e35bb404cd92,2,6ca280081c5f870930c59ae429cafa22cb8490cf,24aefff3917ebe07c56aeacb09d0959d2cea3474,1f9f1967d4e667cbd4dd266314d098b25b48f1a9,0,0,0,4,11,0,0,2,0,0,2,0,0,66,469,808.102345415778,61.8336886993603,176.972281449893,1.0,13,2013-04-15 11:34:19,2013-04-15 11:08:15,passed,267,"[6349168, 6349167, 6349170, 6349171, 6349169]",136,6349167,java,ok,,java-ant,,0.0,,,,,,,,,0
6349178,sferik/mtgox,1.0,2013-04-15 09:08:56,31,ruby,merge_button,master,5,eaa9efbe302b3bb9a307fc163a1d27a3a59de2c9#c5400cf4d7408034dff34de786968ad9c741dc17#c0b7e575612832ba14c7f02751d9c125bc2265c1#06571cf48842a7258dd987c7106e863f427a242f#fe3957882a7ad8371fcbb890ead8f6216ae6c9c6,build_found,24aefff3917ebe07c56aeacb09d0959d2cea3474,6348605,2013-04-15 09:54:17,2,c5400cf4d7408034dff34de786968ad9c741dc17#eaa9efbe302b3bb9a307fc163a1d27a3a59de2c9,2,c5400cf4d7408034dff34de786968ad9c741dc17,24aefff3917ebe07c56aeacb09d0959d2cea3474,03b51997de3da30e8753f60630e59b168ba9bb89,0,0,0,8,14,1,0,3,0,0,2,0,2,72,472,807.203389830508,61.4406779661017,169.491525423729,1.0,11,2013-04-15 23:43:23,2013-04-15 11:09:42,passed,274,"[6349183, 6349180, 6349179, 6349181, 6349182]",137,6349182,ruby,ok,,ruby,rspec,1.0,,27,0,27,0,,0.37,,0
6349628,sferik/mtgox,0.0,,,ruby,,master,3,3fa86dde616d4e8e276916139667e35bb404cd92#6ca280081c5f870930c59ae429cafa22cb8490cf#766edacdcc711f491ec259931abb25ba587c9c5e,merge_found,,,2013-04-15 10:01:28,2,766edacdcc711f491ec259931abb25ba587c9c5e,1,766edacdcc711f491ec259931abb25ba587c9c5e,,766edacdcc711f491ec259931abb25ba587c9c5e,,0,,0,11,0,0,1,0,0,1,0,0,49,469,808.102345415778,61.8336886993603,176.972281449893,1.0,,2013-04-15 11:34:19,2013-04-15 11:34:49,passed,267,"[6349630, 6349629, 6349631, 6349633, 6349632]",138,6349631,ruby,ok,,ruby,rspec,1.0,,27,0,27,0,,0.44,,0
6367925,sferik/mtgox,1.0,2013-04-15 09:08:56,31,ruby,merge_button,master,5,eaa9efbe302b3bb9a307fc163a1d27a3a59de2c9#c5400cf4d7408034dff34de786968ad9c741dc17#c0b7e575612832ba14c7f02751d9c125bc2265c1#06571cf48842a7258dd987c7106e863f427a242f#fe3957882a7ad8371fcbb890ead8f6216ae6c9c6,build_found,c5400cf4d7408034dff34de786968ad9c741dc17,6349178,2013-04-15 09:54:17,2,06571cf48842a7258dd987c7106e863f427a242f#c0b7e575612832ba14c7f02751d9c125bc2265c1,2,06571cf48842a7258dd987c7106e863f427a242f,766edacdcc711f491ec259931abb25ba587c9c5e,24f26206bf0e0e3f229c1b3daae18fe062216608,2,0,0,0,4,0,0,1,0,0,1,0,0,49,472,807.203389830508,61.4406779661017,169.491525423729,1.0,11,2013-04-15 23:43:23,2013-04-15 23:07:25,passed,302,"[6367926, 6367930, 6367927, 6367929, 6367928]",140,6367929,ruby,ok,,ruby,rspec,1.0,,28,0,28,0,,0.45,,0
6368834,sferik/mtgox,0.0,,,ruby,,master,5,eaa9efbe302b3bb9a307fc163a1d27a3a59de2c9#c5400cf4d7408034dff34de786968ad9c741dc17#c0b7e575612832ba14c7f02751d9c125bc2265c1#06571cf48842a7258dd987c7106e863f427a242f#fe3957882a7ad8371fcbb890ead8f6216ae6c9c6,merge_found,,,2013-04-15 09:54:17,2,fe3957882a7ad8371fcbb890ead8f6216ae6c9c6,1,fe3957882a7ad8371fcbb890ead8f6216ae6c9c6,,fe3957882a7ad8371fcbb890ead8f6216ae6c9c6,,0,,8,14,1,0,3,0,0,2,0,2,78,472,828.389830508475,63.5593220338983,180.084745762712,1.0,,2013-04-15 23:43:23,2013-04-15 23:44:29,passed,273,"[6368836, 6368835, 6368837, 6368838, 6368839]",141,6368838,ruby,ok,,ruby,rspec,1.0,,28,0,28,0,,0.43,,0
6425650,sferik/mtgox,1.0,2013-04-17 18:03:14,32,ruby,merge_button,master,2,b71867b858c9be59ef634434304aae8e77d9ef49#078d95f22ba21e4433ff28e3978e8d8901c969da,build_found,fe3957882a7ad8371fcbb890ead8f6216ae6c9c6,6368834,2013-04-17 19:51:17,2,b71867b858c9be59ef634434304aae8e77d9ef49,1,b71867b858c9be59ef634434304aae8e77d9ef49,fe3957882a7ad8371fcbb890ead8f6216ae6c9c6,6ed43683e06528da5a0e972777925f08d7afe657,1,0,0,24,17,2,0,2,0,0,3,0,1,78,488,831.967213114754,63.5245901639344,184.426229508197,1.0,26,2013-04-18 09:48:16,2013-04-17 20:04:25,passed,300,"[6425652, 6425651, 6425653, 6425655, 6425654]",142,6425652,ruby,ok,,ruby,rspec,1.0,,29,0,29,0,,3.88,,0
6440393,sferik/mtgox,0.0,,,ruby,,master,2,b71867b858c9be59ef634434304aae8e77d9ef49#078d95f22ba21e4433ff28e3978e8d8901c969da,merge_found,,,2013-04-17 19:51:17,2,078d95f22ba21e4433ff28e3978e8d8901c969da,1,078d95f22ba21e4433ff28e3978e8d8901c969da,,078d95f22ba21e4433ff28e3978e8d8901c969da,,0,,24,17,2,0,2,0,0,3,0,1,79,488,831.967213114754,63.5245901639344,184.426229508197,1.0,,2013-04-18 09:48:16,2013-04-18 09:50:58,passed,285,"[6440398, 6440395, 6440397, 6440394, 6440396]",143,6440398,ruby,ok,,ruby,rspec,1.0,,29,0,29,0,,0.32,,0
6692859,sferik/mtgox,1.0,2013-04-27 21:45:15,36,ruby,merge_button,master,2,9b6609a8f19c337a59d1bf661df962d375f47f5d#18d8ca6151fa976736c1cda324f5dd92196276e0,build_found,078d95f22ba21e4433ff28e3978e8d8901c969da,6440393,2013-04-27 23:44:09,2,9b6609a8f19c337a59d1bf661df962d375f47f5d,1,9b6609a8f19c337a59d1bf661df962d375f47f5d,078d95f22ba21e4433ff28e3978e8d8901c969da,1178fb14b53f549f9b57dd669157f27d2d97fefd,1,0,0,6,0,0,0,1,0,0,1,0,0,61,488,831.967213114754,63.5245901639344,184.426229508197,1.0,32,2013-04-29 03:12:06,2013-04-27 23:46:00,passed,253,"[6692861, 6692860, 6692862, 6692863, 6692864]",144,6692862,ruby,ok,,ruby,rspec,1.0,,29,0,29,0,,0.33,,0
6696253,sferik/mtgox,1.0,2013-04-28 03:55:27,38,ruby,merge_button,master,2,4a5fed6fa850c88bcc6b1c71e337730b7e46b98b#79b986b4db254b270af263aea69166eda0635d05,build_found,078d95f22ba21e4433ff28e3978e8d8901c969da,6440393,2013-04-19 05:45:16,2,4a5fed6fa850c88bcc6b1c71e337730b7e46b98b,1,4a5fed6fa850c88bcc6b1c71e337730b7e46b98b,078d95f22ba21e4433ff28e3978e8d8901c969da,bbac8bc6912cdf95889bce467d4628c7cfb6e926,2,0,0,15,28,0,0,3,0,0,3,0,0,121,492,873.983739837398,67.0731707317073,191.056910569106,1.0,22,2013-04-28 16:38:13,2013-04-28 05:56:08,passed,277,"[6696255, 6696254, 6696257, 6696258, 6696256]",145,6696257,ruby,ok,,ruby,rspec,1.0,,31,0,31,0,,0.46,,0
6704934,sferik/mtgox,0.0,,,ruby,,master,2,4a5fed6fa850c88bcc6b1c71e337730b7e46b98b#79b986b4db254b270af263aea69166eda0635d05,merge_found,,,2013-04-19 05:45:16,2,79b986b4db254b270af263aea69166eda0635d05,1,79b986b4db254b270af263aea69166eda0635d05,,79b986b4db254b270af263aea69166eda0635d05,,0,,15,28,0,0,3,0,0,3,0,0,122,492,873.983739837398,67.0731707317073,191.056910569106,1.0,,2013-04-28 16:38:13,2013-04-28 16:38:46,passed,266,"[6704938, 6704936, 6704935, 6704937, 6704939]",146,6704936,ruby,ok,,ruby,rspec,1.0,,31,0,31,0,,3.34,,0
6716133,sferik/mtgox,0.0,,,ruby,,master,2,9b6609a8f19c337a59d1bf661df962d375f47f5d#18d8ca6151fa976736c1cda324f5dd92196276e0,merge_found,,,2013-04-27 23:44:09,2,18d8ca6151fa976736c1cda324f5dd92196276e0,1,18d8ca6151fa976736c1cda324f5dd92196276e0,,18d8ca6151fa976736c1cda324f5dd92196276e0,,0,,6,0,0,0,1,0,0,1,0,0,64,492,873.983739837398,67.0731707317073,191.056910569106,1.0,,2013-04-29 03:12:06,2013-04-29 03:12:35,passed,251,"[6716135, 6716134, 6716136, 6716138, 6716137]",147,6716138,ruby,ok,,ruby,rspec,1.0,,31,0,31,0,,0.37,,0
6822897,sferik/mtgox,1.0,2013-05-02 13:22:47,40,ruby,merge_button,master,2,7e17c0d74f0783db0d8d76bc355bcd75273a9825#3f4c45d1b0ff4822722d935ecc8eaffaf29cf3ba,build_found,18d8ca6151fa976736c1cda324f5dd92196276e0,6716133,2013-05-02 15:22:39,2,7e17c0d74f0783db0d8d76bc355bcd75273a9825,1,7e17c0d74f0783db0d8d76bc355bcd75273a9825,18d8ca6151fa976736c1cda324f5dd92196276e0,0eb5117f9c14a13ce0bc235b3aef6bd9e377c0e4,1,0,0,56,0,0,0,1,0,0,1,0,0,51,492,873.983739837398,67.0731707317073,191.056910569106,0.0,7,2013-05-05 14:09:36,2013-05-02 15:24:53,passed,413,"[6822899, 6822901, 6822898, 6822900, 6822902]",150,6822902,ruby,ok,,ruby,rspec,1.0,,31,0,31,0,,0.47,,0
6823590,sferik/mtgox,1.0,2013-05-02 13:40:00,41,ruby,merge_button,master,2,cbaff21b2d6a04be2bad1065f7c5ecfa3a900318#fb3eef50ffa5316970b9c0c1c334d27e86e756b2,build_found,18d8ca6151fa976736c1cda324f5dd92196276e0,6716133,2013-05-02 15:32:51,2,cbaff21b2d6a04be2bad1065f7c5ecfa3a900318,1,cbaff21b2d6a04be2bad1065f7c5ecfa3a900318,18d8ca6151fa976736c1cda324f5dd92196276e0,4b5c24fcb5e0d8de8b10b2574ac7588eda140e4c,1,0,0,7,0,0,0,1,0,0,1,0,0,4,487,882.956878850103,67.7618069815195,193.018480492813,0.0,33,2013-05-05 14:09:46,2013-05-02 15:40:47,passed,332,"[6823592, 6823595, 6823591, 6823594, 6823593]",151,6823595,ruby,ok,,ruby,rspec,1.0,,31,0,31,0,,0.39,,0
6823915,sferik/mtgox,1.0,2013-05-01 18:54:24,39,ruby,merge_button,master,2,717df7226a780658e57f5f7b0c4a05f3efd4ac96#2bdf787a122773c461d0c2084d16aae97bc050b4,build_found,18d8ca6151fa976736c1cda324f5dd92196276e0,6716133,2013-05-01 20:52:51,2,717df7226a780658e57f5f7b0c4a05f3efd4ac96,1,717df7226a780658e57f5f7b0c4a05f3efd4ac96,18d8ca6151fa976736c1cda324f5dd92196276e0,043b8407ef547eb39c37ae637ccbc746308bb3fb,5,0,0,42,50,0,0,9,0,0,9,0,0,106,489,879.345603271984,67.4846625766871,192.229038854806,1.0,41,2013-05-05 14:29:50,2013-05-02 15:54:24,passed,315,"[6823917, 6823916, 6823919, 6823920, 6823918]",152,6823918,ruby,ok,,ruby,rspec,1.0,,31,0,31,0,,0.29,,0
6897763,sferik/mtgox,0.0,,,ruby,,master,2,7e17c0d74f0783db0d8d76bc355bcd75273a9825#3f4c45d1b0ff4822722d935ecc8eaffaf29cf3ba,merge_found,,,2013-05-02 15:22:39,2,3f4c45d1b0ff4822722d935ecc8eaffaf29cf3ba,1,3f4c45d1b0ff4822722d935ecc8eaffaf29cf3ba,,3f4c45d1b0ff4822722d935ecc8eaffaf29cf3ba,,0,,56,0,0,0,1,0,0,1,0,0,52,492,873.983739837398,67.0731707317073,191.056910569106,1.0,,2013-05-05 14:09:36,2013-05-05 14:10:04,passed,291,"[6897765, 6897764, 6897766, 6897768, 6897767]",153,6897764,java,ok,,java-ant,,0.0,,,,,,,,,0
6897771,sferik/mtgox,0.0,,,ruby,,master,2,cbaff21b2d6a04be2bad1065f7c5ecfa3a900318#fb3eef50ffa5316970b9c0c1c334d27e86e756b2,merge_found,,,2013-05-02 15:32:51,2,fb3eef50ffa5316970b9c0c1c334d27e86e756b2,1,fb3eef50ffa5316970b9c0c1c334d27e86e756b2,,fb3eef50ffa5316970b9c0c1c334d27e86e756b2,,0,,7,0,0,0,1,0,0,1,0,0,5,487,882.956878850103,67.7618069815195,193.018480492813,1.0,,2013-05-05 14:09:46,2013-05-05 14:11:23,passed,285,"[6897773, 6897776, 6897772, 6897775, 6897774]",154,6897776,ruby,ok,,ruby,rspec,1.0,,31,0,31,0,,0.41,,0
6897827,sferik/mtgox,0.0,,,ruby,,master,2,36e111501b7a2fa4151ef1a384a744fb9c935899#4c6772c2a031b0d8d7829a1808353fcd9fd936e1,merge_found,,,2013-04-21 15:18:28,2,4c6772c2a031b0d8d7829a1808353fcd9fd936e1,1,4c6772c2a031b0d8d7829a1808353fcd9fd936e1,,4c6772c2a031b0d8d7829a1808353fcd9fd936e1,,0,,6,23,0,0,2,0,0,2,0,0,85,488,922.131147540984,69.672131147541,200.819672131148,1.0,,2013-05-05 14:12:55,2013-05-05 14:13:22,passed,322,"[6897829, 6897828, 6897832, 6897830, 6897831]",155,6897830,ruby,ok,,ruby,rspec,1.0,,32,0,32,0,,0.48,,0
6898141,sferik/mtgox,0.0,,,ruby,,master,2,717df7226a780658e57f5f7b0c4a05f3efd4ac96#2bdf787a122773c461d0c2084d16aae97bc050b4,merge_found,,,2013-05-01 20:52:51,2,2bdf787a122773c461d0c2084d16aae97bc050b4,1,2bdf787a122773c461d0c2084d16aae97bc050b4,,2bdf787a122773c461d0c2084d16aae97bc050b4,,0,,42,50,0,0,9,0,0,9,0,0,109,485,927.835051546392,70.1030927835052,202.061855670103,1.0,,2013-05-05 14:29:50,2013-05-05 14:30:22,passed,403,"[6898143, 6898146, 6898145, 6898142, 6898144]",157,6898146,ruby,ok,,ruby,rspec,1.0,,32,0,32,0,,0.47,,0
6898196,sferik/mtgox,0.0,,,ruby,,master,1,64452796d08664fb1690348dc319a42daddf644a,build_found,2bdf787a122773c461d0c2084d16aae97bc050b4,6898141,2013-05-05 14:31:27,2,64452796d08664fb1690348dc319a42daddf644a,1,64452796d08664fb1690348dc319a42daddf644a,,64452796d08664fb1690348dc319a42daddf644a,,0,,31,37,0,0,5,0,0,5,0,0,119,491,906.313645621181,69.2464358452139,199.59266802444,1.0,,2013-05-05 14:32:42,2013-05-05 14:33:19,passed,300,"[6898198, 6898197, 6898201, 6898199, 6898200]",158,6898199,ruby,ok,,ruby,rspec,1.0,,32,0,32,0,,0.35,,0
6916272,sferik/mtgox,0.0,,,ruby,,master,1,c8141d7f8a3274b19351c14581eb4a5e3d019ad1,build_found,64452796d08664fb1690348dc319a42daddf644a,6898196,2013-05-06 08:31:45,2,c8141d7f8a3274b19351c14581eb4a5e3d019ad1,1,c8141d7f8a3274b19351c14581eb4a5e3d019ad1,,c8141d7f8a3274b19351c14581eb4a5e3d019ad1,,0,,2,0,0,0,1,0,0,1,0,0,22,491,906.313645621181,69.2464358452139,199.59266802444,1.0,,2013-05-06 08:31:56,2013-05-06 08:32:29,passed,288,"[6916274, 6916273, 6916275, 6916277, 6916276]",159,6916277,ruby,ok,,ruby,rspec,1.0,,32,0,32,0,,0.43,,0
6992825,sferik/mtgox,1.0,2013-05-06 14:35:04,42,ruby,merge_button,master,5,a6ecad1dbb39dc23703a31654a255d78c7d3a6f0#503d88e083bbb025c97a872cad2e6bef317b1933#5bb6635bdb29a3188f425c4e51770eb703a029b0#0b648a6b6b2ca720d615cf32a08d1020c8af4397#a43222ec6f22d8628584fa1b6a24f3fe68830ce5,build_found,c8141d7f8a3274b19351c14581eb4a5e3d019ad1,6916272,2013-05-06 16:33:35,2,5bb6635bdb29a3188f425c4e51770eb703a029b0#503d88e083bbb025c97a872cad2e6bef317b1933#a6ecad1dbb39dc23703a31654a255d78c7d3a6f0,3,5bb6635bdb29a3188f425c4e51770eb703a029b0,c8141d7f8a3274b19351c14581eb4a5e3d019ad1,8444e39f8b2a4333d1f91ec3860a15c8ee816430,15,0,2,58,70,0,0,9,0,0,9,0,0,75,495,907.070707070707,68.6868686868687,206.060606060606,1.0,80,2013-05-09 21:46:44,2013-05-08 15:23:05,passed,292,"[6992827, 6992826, 6992830, 6992828, 6992829]",164,6992826,java,broken,,java-ant,,0.0,,,,,,,,,0
6992994,sferik/mtgox,1.0,2013-05-08 13:27:59,44,ruby,merge_button,master,2,a9c8d4aca0430b3d65abd64d9cc919e159c01399#5de4051398adfbaf6e621b8b97e9d7166513fcb6,build_found,c8141d7f8a3274b19351c14581eb4a5e3d019ad1,6916272,2013-05-08 15:27:06,2,a9c8d4aca0430b3d65abd64d9cc919e159c01399,1,a9c8d4aca0430b3d65abd64d9cc919e159c01399,c8141d7f8a3274b19351c14581eb4a5e3d019ad1,ea81b944988a1a03da3c71f323eaf25027b6900b,3,0,0,3,2,0,0,3,0,0,3,0,0,90,492,904.471544715447,69.1056910569106,199.186991869919,1.0,16,2013-05-09 13:01:11,2013-05-08 15:28:35,passed,295,"[6992996, 6992995, 6992997, 6992999, 6992998]",165,6992996,ruby,ok,,ruby,rspec,1.0,,32,0,32,0,,4.9,,0
7019816,sferik/mtgox,0.0,,,ruby,,master,2,a9c8d4aca0430b3d65abd64d9cc919e159c01399#5de4051398adfbaf6e621b8b97e9d7166513fcb6,merge_found,,,2013-05-08 15:27:06,2,5de4051398adfbaf6e621b8b97e9d7166513fcb6,1,5de4051398adfbaf6e621b8b97e9d7166513fcb6,,5de4051398adfbaf6e621b8b97e9d7166513fcb6,,0,,3,2,0,0,3,0,0,3,0,0,91,492,904.471544715447,69.1056910569106,199.186991869919,1.0,,2013-05-09 13:01:11,2013-05-09 13:01:45,passed,283,"[7019818, 7019820, 7019817, 7019819, 7019821]",166,7019820,ruby,ok,,ruby,rspec,1.0,,32,0,32,0,,0.51,,0
7024447,sferik/mtgox,1.0,2013-05-06 14:35:04,42,ruby,merge_button,master,5,a6ecad1dbb39dc23703a31654a255d78c7d3a6f0#503d88e083bbb025c97a872cad2e6bef317b1933#5bb6635bdb29a3188f425c4e51770eb703a029b0#0b648a6b6b2ca720d615cf32a08d1020c8af4397#a43222ec6f22d8628584fa1b6a24f3fe68830ce5,build_found,5bb6635bdb29a3188f425c4e51770eb703a029b0,6992825,2013-05-06 16:33:35,2,0b648a6b6b2ca720d615cf32a08d1020c8af4397,1,0b648a6b6b2ca720d615cf32a08d1020c8af4397,5de4051398adfbaf6e621b8b97e9d7166513fcb6,fe638e7d242041e0eaa429003d6c05ff3677e336,7,0,0,11,0,0,0,7,0,0,7,0,0,34,500,898.0,68.0,204.0,1.0,80,2013-05-09 21:46:44,2013-05-09 15:41:20,passed,316,"[7024448, 7024450, 7024449, 7024451, 7024452]",167,7024450,ruby,ok,,ruby,rspec,1.0,,32,0,32,0,,0.52,,0
7035218,sferik/mtgox,0.0,,,ruby,,master,5,a6ecad1dbb39dc23703a31654a255d78c7d3a6f0#503d88e083bbb025c97a872cad2e6bef317b1933#5bb6635bdb29a3188f425c4e51770eb703a029b0#0b648a6b6b2ca720d615cf32a08d1020c8af4397#a43222ec6f22d8628584fa1b6a24f3fe68830ce5,merge_found,,,2013-05-06 16:33:35,2,a43222ec6f22d8628584fa1b6a24f3fe68830ce5,1,a43222ec6f22d8628584fa1b6a24f3fe68830ce5,,a43222ec6f22d8628584fa1b6a24f3fe68830ce5,,0,,55,70,0,0,8,0,0,8,0,0,75,501,896.207584830339,67.8642714570858,203.592814371257,1.0,,2013-05-09 21:46:44,2013-05-09 21:47:15,passed,415,"[7035220, 7035219, 7035221, 7035222, 7035223]",168,7035222,ruby,ok,,ruby,rspec,1.0,,32,0,32,0,,0.47,,0
7093746,sferik/mtgox,0.0,,,ruby,,master,1,15a067bc528d731cb28fd0832c663f01d60ab378,build_found,a43222ec6f22d8628584fa1b6a24f3fe68830ce5,7035218,2013-05-06 12:37:33,2,15a067bc528d731cb28fd0832c663f01d60ab378,1,15a067bc528d731cb28fd0832c663f01d60ab378,,15a067bc528d731cb28fd0832c663f01d60ab378,,0,,15,7,0,0,5,0,0,5,0,0,110,502,896.414342629482,67.7290836653386,203.187250996016,1.0,,2013-05-12 06:42:44,2013-05-12 06:43:09,passed,289,"[7093748, 7093747, 7093750, 7093751, 7093749]",169,7093747,java,broken,,java-ant,,0.0,,,,,,,,,0
7100045,sferik/mtgox,0.0,,,ruby,,master,1,d7e4ed9e703a8789a2d529ea92edba67c9fc7c99,build_found,15a067bc528d731cb28fd0832c663f01d60ab378,7093746,2013-05-12 14:32:46,2,d7e4ed9e703a8789a2d529ea92edba67c9fc7c99,1,d7e4ed9e703a8789a2d529ea92edba67c9fc7c99,,d7e4ed9e703a8789a2d529ea92edba67c9fc7c99,,0,,0,301,0,0,4,0,0,4,0,0,84,502,848.605577689243,67.7290836653386,205.179282868526,1.0,,2013-05-12 14:34:39,2013-05-12 14:35:14,passed,301,"[7100047, 7100046, 7100049, 7100050, 7100048]",170,7100046,java,broken,,java-ant,,0.0,,,,,,,,,0
7100404,sferik/mtgox,0.0,,,ruby,,master,1,0b971391655327031e85b9a45f776d40c9d4173d,build_found,d7e4ed9e703a8789a2d529ea92edba67c9fc7c99,7100045,2013-05-12 14:57:06,2,0b971391655327031e85b9a45f776d40c9d4173d,1,0b971391655327031e85b9a45f776d40c9d4173d,,0b971391655327031e85b9a45f776d40c9d4173d,,0,,42,0,0,0,1,0,0,1,0,0,23,504,845.238095238095,67.4603174603175,204.365079365079,1.0,,2013-05-12 14:57:16,2013-05-12 14:58:03,passed,367,"[7100406, 7100405, 7100409, 7100407, 7100408]",171,7100408,ruby,ok,,ruby,rspec,1.0,,32,0,32,0,,0.41,,0
9604876,sferik/mtgox,1.0,2013-07-29 11:43:46,48,ruby,merge_button,master,2,e7f6b227f0a4948144fe860d1a5eee16b7e4cc64#c7cbdde61a519d9d571edf054ed59387457abee3,build_found,0b971391655327031e85b9a45f776d40c9d4173d,7100404,2013-07-27 03:16:02,2,e7f6b227f0a4948144fe860d1a5eee16b7e4cc64#5aa0515b5ba872c26cdf4364d49f3c04078f0eb1,2,e7f6b227f0a4948144fe860d1a5eee16b7e4cc64,5aa0515b5ba872c26cdf4364d49f3c04078f0eb1,fd510bed5921bbcaa7cd9d391052feb08205130f,2,0,0,17,27,0,0,6,0,0,6,0,0,139,509,878.19253438114,72.6915520628684,210.216110019646,1.0,95,2013-07-29 22:36:12,2013-07-29 13:44:53,passed,403,"[9604878, 9604880, 9604877, 9604879, 9604881]",172,9604879,ruby,ok,,ruby,rspec,1.0,,35,0,35,0,,0.42,,0
9625368,sferik/mtgox,0.0,,,ruby,,master,2,e7f6b227f0a4948144fe860d1a5eee16b7e4cc64#c7cbdde61a519d9d571edf054ed59387457abee3,merge_found,,,2013-07-27 03:16:02,2,c7cbdde61a519d9d571edf054ed59387457abee3,1,c7cbdde61a519d9d571edf054ed59387457abee3,,c7cbdde61a519d9d571edf054ed59387457abee3,,0,,15,27,0,0,6,0,0,6,0,0,141,509,878.19253438114,72.6915520628684,210.216110019646,1.0,,2013-07-29 22:36:12,2013-07-29 22:37:06,passed,442,"[9625370, 9625369, 9625373, 9625372, 9625371]",173,9625370,ruby,ok,,ruby,rspec,1.0,,35,0,35,0,,6.05,,0
9659670,sferik/mtgox,1.0,2013-07-30 16:11:47,49,ruby,merge_button,master,2,10d82d2d1b7263444e028120c775baf3a92cb10e#6525f0246bcc330494e3e5abebd4c9ca2403c789,build_found,e7f6b227f0a4948144fe860d1a5eee16b7e4cc64,9604876,2013-07-30 18:10:13,2,10d82d2d1b7263444e028120c775baf3a92cb10e,1,10d82d2d1b7263444e028120c775baf3a92cb10e,c7cbdde61a519d9d571edf054ed59387457abee3,734ea6fe2b9749389cd98db9a22af53cd85c56a4,1,0,0,0,1,0,0,1,0,0,1,0,0,71,509,880.157170923379,72.6915520628684,210.216110019646,1.0,56,2013-07-30 19:53:16,2013-07-30 18:12:49,passed,439,"[9659672, 9659673, 9659674, 9659671, 9659675]",174,9659671,java,broken,,java-ant,,0.0,,,,,,,,,0
9663872,sferik/mtgox,0.0,,,ruby,,master,2,10d82d2d1b7263444e028120c775baf3a92cb10e#6525f0246bcc330494e3e5abebd4c9ca2403c789,merge_found,,,2013-07-30 18:10:13,2,6525f0246bcc330494e3e5abebd4c9ca2403c789,1,6525f0246bcc330494e3e5abebd4c9ca2403c789,,6525f0246bcc330494e3e5abebd4c9ca2403c789,,0,,0,1,0,0,1,0,0,1,0,0,73,509,880.157170923379,72.6915520628684,210.216110019646,1.0,,2013-07-30 19:53:16,2013-07-30 19:59:30,passed,447,"[9663874, 9663877, 9663873, 9663876, 9663875]",175,9663873,java,broken,,java-ant,,0.0,,,,,,,,,0
9780510,sferik/mtgox,1.0,2013-07-30 20:04:31,50,ruby,merge_button,master,4,40da764048aca09730190a7272623b51c140c541#a7d811d11ec25006fa95c7af86b8132de66e59ab#ea7070f319cf3d671a6971052a1295c4fab5aa82#049a5591c1ab79283b271b8dcc7e37da3ae3a539,build_found,6525f0246bcc330494e3e5abebd4c9ca2403c789,9663872,2013-07-30 20:51:47,2,ea7070f319cf3d671a6971052a1295c4fab5aa82#a7d811d11ec25006fa95c7af86b8132de66e59ab#40da764048aca09730190a7272623b51c140c541,3,ea7070f319cf3d671a6971052a1295c4fab5aa82,6525f0246bcc330494e3e5abebd4c9ca2403c789,8034566f98bcda8a97a4854ea3a111886976fdcd,5,0,0,66,55,3,0,4,0,0,4,0,1,100,552,893.115942028986,76.0869565217391,210.144927536232,1.0,4,2013-08-05 12:47:37,2013-08-02 15:45:51,passed,434,"[9780512, 9780511, 9780515, 9780514, 9780513]",177,9780512,ruby,ok,,ruby,rspec,1.0,,40,0,40,0,,6.3,,0
9858261,sferik/mtgox,0.0,,,ruby,,master,4,40da764048aca09730190a7272623b51c140c541#a7d811d11ec25006fa95c7af86b8132de66e59ab#ea7070f319cf3d671a6971052a1295c4fab5aa82#049a5591c1ab79283b271b8dcc7e37da3ae3a539,merge_found,,,2013-07-30 20:51:47,2,049a5591c1ab79283b271b8dcc7e37da3ae3a539,1,049a5591c1ab79283b271b8dcc7e37da3ae3a539,,049a5591c1ab79283b271b8dcc7e37da3ae3a539,,0,,60,53,3,0,2,0,0,4,0,1,103,552,893.115942028986,76.0869565217391,210.144927536232,1.0,,2013-08-05 12:47:37,2013-08-05 12:48:24,passed,362,"[9858263, 9858262, 9858265, 9858266, 9858264]",178,9858263,ruby,ok,,ruby,rspec,1.0,,40,0,40,0,,4.36,,0
9891136,sferik/mtgox,0.0,,,ruby,,master,,,build_found,049a5591c1ab79283b271b8dcc7e37da3ae3a539,9858261,,2,071c2e4095dd5b751d4668f18cd41ac68420acb1,1,071c2e4095dd5b751d4668f18cd41ac68420acb1,,071c2e4095dd5b751d4668f18cd41ac68420acb1,,0,,2,0,0,0,1,0,0,1,0,0,24,552,893.115942028986,76.0869565217391,210.144927536232,1.0,,,2013-08-06 09:00:36,passed,417,"[9891145, 9891142, 9891143, 9891144, 9891140]",179,9891143,ruby,ok,,ruby,rspec,1.0,,40,0,40,0,,0.64,,0
11210578,sferik/mtgox,1.0,2013-09-10 18:01:57,51,ruby,merge_button,master,2,f4d91594bf456c8953a2617ebd00d53661c6ce77#2a1272ea3184f0681c654eb351aeb5084afc81da,build_found,071c2e4095dd5b751d4668f18cd41ac68420acb1,9891136,2013-09-10 19:59:10,2,f4d91594bf456c8953a2617ebd00d53661c6ce77,1,f4d91594bf456c8953a2617ebd00d53661c6ce77,071c2e4095dd5b751d4668f18cd41ac68420acb1,e626575df8de630f008dfcf4115b929b12606815,1,0,0,10,14,0,0,2,0,0,2,0,0,102,555,909.90990990991,77.4774774774775,212.612612612613,1.0,7,2013-09-12 07:57:06,2013-09-10 20:02:59,passed,399,"[11210579, 11210580, 11210581, 11210582, 11210583]",180,11210583,ruby,ok,,ruby,rspec,1.0,,41,0,41,0,,0.53,,0
11269639,sferik/mtgox,0.0,,,ruby,,master,2,f4d91594bf456c8953a2617ebd00d53661c6ce77#2a1272ea3184f0681c654eb351aeb5084afc81da,merge_found,,,2013-09-10 19:59:10,2,2a1272ea3184f0681c654eb351aeb5084afc81da,1,2a1272ea3184f0681c654eb351aeb5084afc81da,,2a1272ea3184f0681c654eb351aeb5084afc81da,,0,,10,14,0,0,2,0,0,2,0,0,103,555,909.90990990991,77.4774774774775,212.612612612613,1.0,,2013-09-12 07:57:06,2013-09-12 07:57:46,passed,420,"[11269640, 11269641, 11269642, 11269643, 11269644]",181,11269640,java,broken,,java-ant,,0.0,,,,,,,,,0
12874661,sferik/mtgox,1.0,2013-10-22 09:36:42,52,ruby,merge_button,master,2,ca4766c2c720f2306aeaf5232db5351c860f24ed#28534495a02fec9c22ee81a3e8115b64eec0bf58,build_found,0b971391655327031e85b9a45f776d40c9d4173d,7100404,2013-06-11 19:41:45,2,ca4766c2c720f2306aeaf5232db5351c860f24ed#5aa0515b5ba872c26cdf4364d49f3c04078f0eb1,2,ca4766c2c720f2306aeaf5232db5351c860f24ed,2a1272ea3184f0681c654eb351aeb5084afc81da,6c3d41d1a73adc34e8dd44a12b862c8c93d07c44,1,0,0,21,0,0,0,3,0,0,3,0,0,115,505,843.564356435644,67.3267326732673,203.960396039604,0.0,5,2013-12-01 15:29:06,2013-10-22 11:37:21,passed,382,"[12874662, 12874663, 12874664, 12874665, 12874666]",182,12874664,ruby,ok,,ruby,rspec,1.0,,41,0,41,0,,0.65,,0
14112040,sferik/mtgox,1.0,2013-11-17 20:23:59,54,ruby,merge_button,master,2,28587ef8c2650ded4fcdbc50bcc1f4258a9f3b3d#ddde4cd932bcd540d7324949c39b61b508af29ea,build_found,2a1272ea3184f0681c654eb351aeb5084afc81da,11269639,2013-11-16 20:50:17,2,28587ef8c2650ded4fcdbc50bcc1f4258a9f3b3d,1,28587ef8c2650ded4fcdbc50bcc1f4258a9f3b3d,2a1272ea3184f0681c654eb351aeb5084afc81da,1ceeb5b1c3a020c9d550dfb6c246b3df1bb928d1,1,0,0,11,51,1,0,2,0,0,2,0,1,104,558,991.039426523297,78.8530465949821,215.05376344086,1.0,4,2013-12-01 15:30:38,2013-11-17 21:24:44,passed,368,"[14112041, 14112042, 14112043, 14112044, 14112045]",184,14112041,java,broken,,java-ant,,0.0,,,,,,,,,0
14692937,sferik/mtgox,0.0,,,ruby,,master,2,f9c79e979e271b8756e86182eea3a69f14c892fe#e299095e0eaa336cbbc937d84303c459d2ed82fe,build_found,2a1272ea3184f0681c654eb351aeb5084afc81da,11269639,2013-11-29 11:01:40,2,f9c79e979e271b8756e86182eea3a69f14c892fe#af911497bb319a20729dcdbaf8db9b464cc1a619,2,f9c79e979e271b8756e86182eea3a69f14c892fe,,f9c79e979e271b8756e86182eea3a69f14c892fe,,0,,46,0,0,0,3,0,0,2,0,1,69,555,909.90990990991,77.4774774774775,212.612612612613,1.0,,2013-11-29 11:02:04,2013-11-29 11:02:38,passed,259,"[14692938, 14692939, 14692940, 14692941, 14692942]",185,14692938,ruby,broken,,ruby,rspec,1.0,,38,3,41,0,,4.13,,0
14738380,sferik/mtgox,0.0,,,ruby,,master,1,89bd3cf018b0bb0e08189c8a9660b881a50eae1d,build_found,f9c79e979e271b8756e86182eea3a69f14c892fe,14692937,2013-11-30 16:02:35,2,89bd3cf018b0bb0e08189c8a9660b881a50eae1d#e299095e0eaa336cbbc937d84303c459d2ed82fe,2,89bd3cf018b0bb0e08189c8a9660b881a50eae1d,,89bd3cf018b0bb0e08189c8a9660b881a50eae1d,,0,,4,0,0,0,2,0,0,1,0,1,60,555,909.90990990991,77.4774774774775,212.612612612613,1.0,,2013-11-30 16:02:50,2013-11-30 16:03:25,passed,253,"[14738381, 14738382, 14738383, 14738384, 14738385]",186,14738385,ruby,ok,,ruby,rspec,1.0,,41,0,41,0,,0.52,,0
14738433,sferik/mtgox,0.0,,,ruby,,master,1,daa6d07764154de573e22df3df9a1ed4a5b747e7,build_found,89bd3cf018b0bb0e08189c8a9660b881a50eae1d,14738380,2013-11-30 16:03:46,2,daa6d07764154de573e22df3df9a1ed4a5b747e7,1,daa6d07764154de573e22df3df9a1ed4a5b747e7,,daa6d07764154de573e22df3df9a1ed4a5b747e7,,0,,0,0,0,0,1,0,0,0,0,1,19,555,909.90990990991,77.4774774774775,212.612612612613,1.0,,2013-11-30 16:03:53,2013-11-30 16:04:29,passed,460,"[14738434, 14738435, 14738436, 14738437, 14738438, 14738439]",187,14738437,ruby,broken,,ruby,rspec,1.0,,38,3,41,0,,3.3,,0
14758390,sferik/mtgox,0.0,,,ruby,,master,2,71d7a6af128a020b9f680d72ef1887629d35ad8d#a5625fc004bfdda9c42c99b83fd6696ff8696c41,build_found,daa6d07764154de573e22df3df9a1ed4a5b747e7,14738433,2013-11-30 16:25:26,2,a5625fc004bfdda9c42c99b83fd6696ff8696c41#71d7a6af128a020b9f680d72ef1887629d35ad8d,2,a5625fc004bfdda9c42c99b83fd6696ff8696c41,,a5625fc004bfdda9c42c99b83fd6696ff8696c41,,0,,11,6,0,0,2,0,0,2,0,0,89,555,909.90990990991,77.4774774774775,212.612612612613,1.0,,2013-12-01 08:17:23,2013-12-01 08:19:02,passed,500,"[14758391, 14758392, 14758393, 14758394, 14758395, 14758396]",191,14758393,ruby,ok,,ruby,rspec,1.0,,41,0,41,0,,0.44,,0
14767673,sferik/mtgox,0.0,,,ruby,,master,2,ca4766c2c720f2306aeaf5232db5351c860f24ed#28534495a02fec9c22ee81a3e8115b64eec0bf58,merge_found,,,2013-06-11 19:41:45,2,28534495a02fec9c22ee81a3e8115b64eec0bf58,1,28534495a02fec9c22ee81a3e8115b64eec0bf58,,28534495a02fec9c22ee81a3e8115b64eec0bf58,,0,,19,0,0,0,2,0,0,2,0,0,77,556,908.273381294964,77.3381294964029,212.230215827338,1.0,,2013-12-01 15:29:06,2013-12-01 15:31:12,passed,526,"[14767674, 14767675, 14767676, 14767677, 14767678, 14767679]",192,14767676,ruby,ok,,ruby,rspec,1.0,,41,0,41,0,,0.43,,0
14767721,sferik/mtgox,0.0,,,ruby,,master,2,28587ef8c2650ded4fcdbc50bcc1f4258a9f3b3d#ddde4cd932bcd540d7324949c39b61b508af29ea,merge_found,,,2013-11-16 20:50:17,2,ddde4cd932bcd540d7324949c39b61b508af29ea,1,ddde4cd932bcd540d7324949c39b61b508af29ea,,ddde4cd932bcd540d7324949c39b61b508af29ea,,0,,11,51,1,0,2,0,0,2,0,1,108,559,989.266547406082,78.7119856887299,214.669051878354,1.0,,2013-12-01 15:30:38,2013-12-01 15:34:07,passed,498,"[14767722, 14767723, 14767724, 14767725, 14767726, 14767727]",193,14767726,ruby,ok,,ruby,rspec,1.0,,42,0,42,0,,1.45,,0
15968179,sferik/mtgox,0.0,,,ruby,,master,1,405b75388f910c7d81fc8bacc1b7c2ac8e8cef71,build_found,ddde4cd932bcd540d7324949c39b61b508af29ea,14767721,2013-12-25 20:31:54,2,405b75388f910c7d81fc8bacc1b7c2ac8e8cef71#52449948a9302c737d24ff9e4dacabcdc206b883,2,405b75388f910c7d81fc8bacc1b7c2ac8e8cef71,,405b75388f910c7d81fc8bacc1b7c2ac8e8cef71,,0,,17,0,0,0,3,0,0,2,0,1,83,559,989.266547406082,78.7119856887299,214.669051878354,1.0,,2013-12-25 20:31:57,2013-12-25 20:34:43,passed,1582,"[15968180, 15968181, 15968182, 15968183, 15968184, 15968185, 15968186, 15968187, 15968188, 15968189]",194,15968188,ruby,ok,,ruby,rspec,1.0,,42,0,42,0,,4.91,,0
16186497,sferik/mtgox,0.0,,,ruby,,master,2,7418a51530e5b1a1f5e16d8714b030501e22bef1#6ffb8de7aae454e4f26b7bbe98e27a82d59cc459,build_found,6ca22fd05d1d6fa23cb904d3f9ed48ece6f5bf97,16186121,2013-12-31 13:54:14,2,6ffb8de7aae454e4f26b7bbe98e27a82d59cc459#7418a51530e5b1a1f5e16d8714b030501e22bef1,2,6ffb8de7aae454e4f26b7bbe98e27a82d59cc459,,6ffb8de7aae454e4f26b7bbe98e27a82d59cc459,,0,,38,0,0,0,5,0,0,3,0,2,41,547,1016.4533820841,80.4387568555759,219.378427787934,1.0,,2013-12-31 13:55:25,2013-12-31 14:04:10,failed,853,"[16186498, 16186499, 16186500, 16186501, 16186502, 16186503, 16186504, 16186505, 16186506, 16186507]",196,16186507,java,broken,,java-ant,,0.0,,,,,,,,,0
16187788,sferik/mtgox,0.0,,,ruby,,master,1,892fb199094d1c42760424f58108e6eecab4dc6d,build_found,6ffb8de7aae454e4f26b7bbe98e27a82d59cc459,16186497,2013-12-31 14:29:27,2,892fb199094d1c42760424f58108e6eecab4dc6d,1,892fb199094d1c42760424f58108e6eecab4dc6d,,892fb199094d1c42760424f58108e6eecab4dc6d,,0,,9,2,0,0,3,0,0,3,0,0,102,542,1025.83025830258,81.1808118081181,221.40221402214,1.0,,2013-12-31 14:29:31,2013-12-31 16:08:57,passed,2128,"[16187789, 16187790, 16187791, 16187792, 16187793, 16187794, 16187795, 16187796, 16187797, 16187798]",197,16187790,ruby,ok,,ruby,rspec,1.0,,42,0,42,0,,0.67,,0
16192485,sferik/mtgox,0.0,,,ruby,,master,1,d993bfe97353d21b6f80484fa1f7857dd14a630b,build_found,892fb199094d1c42760424f58108e6eecab4dc6d,16187788,2013-12-31 16:27:14,2,d993bfe97353d21b6f80484fa1f7857dd14a630b,1,d993bfe97353d21b6f80484fa1f7857dd14a630b,,d993bfe97353d21b6f80484fa1f7857dd14a630b,,0,,0,0,0,0,1,0,0,0,0,1,23,542,1025.83025830258,81.1808118081181,221.40221402214,1.0,,2013-12-31 16:27:17,2013-12-31 16:35:25,passed,638,"[16192486, 16192487, 16192488, 16192489, 16192490, 16192491, 16192492, 16192493]",198,16192491,ruby,ok,,ruby,rspec,1.0,,42,0,42,0,,0.46,,0
16199296,sferik/mtgox,0.0,,,ruby,,master,1,31dbdd684160ef496ed686a52b31f045871e63b8,build_found,d993bfe97353d21b6f80484fa1f7857dd14a630b,16192485,2013-12-31 17:48:49,2,31dbdd684160ef496ed686a52b31f045871e63b8,1,31dbdd684160ef496ed686a52b31f045871e63b8,,31dbdd684160ef496ed686a52b31f045871e63b8,,0,,34,0,0,0,3,0,0,3,0,0,66,535,1039.2523364486,82.2429906542056,224.299065420561,1.0,,2013-12-31 19:39:14,2013-12-31 19:42:12,passed,576,"[16199297, 16199298, 16199299, 16199300, 16199301, 16199302, 16199303, 16199304]",201,16199300,ruby,ok,,ruby,rspec,1.0,,42,0,42,0,,0.35,,0
16776081,sferik/mtgox,0.0,,,ruby,,master,1,14953deefe96855c85ae98e177b881ad1e3f2c00,build_found,31dbdd684160ef496ed686a52b31f045871e63b8,16199296,2014-01-11 13:33:26,2,14953deefe96855c85ae98e177b881ad1e3f2c00#7f807957aad2481151821cd3da1e42230aef4752,2,14953deefe96855c85ae98e177b881ad1e3f2c00,,14953deefe96855c85ae98e177b881ad1e3f2c00,,0,,4,0,0,0,2,0,0,1,0,1,61,535,1039.2523364486,82.2429906542056,224.299065420561,1.0,,2014-01-11 13:49:16,2014-01-11 13:49:47,passed,534,"[16776082, 16776083, 16776084, 16776085, 16776086, 16776087, 16776088, 16776089]",203,16776087,ruby,ok,,ruby,rspec,1.0,,42,0,42,0,,0.35,,0
18723150,sferik/mtgox,0.0,,,ruby,,master,2,db8cf50f961297e088c681e3ba748e31d4a01d50#65fdf7f85ed97c754b33180537524680e9572261,build_found,14953deefe96855c85ae98e177b881ad1e3f2c00,16776081,2014-02-12 11:45:27,2,65fdf7f85ed97c754b33180537524680e9572261#db8cf50f961297e088c681e3ba748e31d4a01d50,2,65fdf7f85ed97c754b33180537524680e9572261,,65fdf7f85ed97c754b33180537524680e9572261,,0,,41,24,0,0,12,0,0,10,0,2,197,534,1041.19850187266,82.3970037453183,224.719101123595,1.0,,2014-02-12 11:49:03,2014-02-12 11:58:03,passed,710,"[18723151, 18723152, 18723153, 18723154, 18723155, 18723156, 18723157, 18723158]",204,18723157,ruby,ok,,ruby,rspec,1.0,,42,0,42,0,,4.92,,0
18875224,sferik/mtgox,0.0,,,ruby,,master,1,bd243429c67fb538ba152c77bdea93c870bf651e,build_found,65fdf7f85ed97c754b33180537524680e9572261,18723150,2014-02-14 12:22:36,2,bd243429c67fb538ba152c77bdea93c870bf651e,1,bd243429c67fb538ba152c77bdea93c870bf651e,,bd243429c67fb538ba152c77bdea93c870bf651e,,0,,1,0,0,0,1,0,0,1,0,0,18,534,1041.19850187266,82.3970037453183,224.719101123595,1.0,,2014-02-14 12:22:41,2014-02-14 12:26:53,passed,706,"[18875225, 18875226, 18875227, 18875228, 18875229, 18875230, 18875232, 18875234]",205,18875226,ruby,ok,,ruby,rspec,1.0,,42,0,42,0,,0.67,,0
20844635,sferik/mtgox,0.0,,,ruby,,master,2,aed94ca74d917ad56eddf493d168439034fd04c0#4773b997d9eb974aae32b647f9df38bd4def0b55,build_found,bd243429c67fb538ba152c77bdea93c870bf651e,18875224,2014-03-15 18:50:58,2,4773b997d9eb974aae32b647f9df38bd4def0b55#aed94ca74d917ad56eddf493d168439034fd04c0#8e228b38c1791feddd96496d1fd6a711f6b0a278#046f404df961e6133f74777a7a3202df8ca87f27,4,4773b997d9eb974aae32b647f9df38bd4def0b55,,4773b997d9eb974aae32b647f9df38bd4def0b55,,0,,75,0,0,1,5,0,0,4,0,2,110,536,1037.31343283582,82.089552238806,223.880597014925,1.0,,2014-03-15 19:02:55,2014-03-15 19:11:18,passed,746,"[20844636, 20844637, 20844638, 20844639, 20844640, 20844641, 20844642, 20844643]",207,20844639,ruby,ok,,ruby,rspec,1.0,,42,0,42,0,,0.36,,0
28074617,sferik/mtgox,0.0,,,ruby,,master,1,45ffbb23247ae39bcf7ceab123148ab25553f517,build_found,4773b997d9eb974aae32b647f9df38bd4def0b55,20844635,2014-06-20 20:31:47,2,45ffbb23247ae39bcf7ceab123148ab25553f517,1,45ffbb23247ae39bcf7ceab123148ab25553f517,,45ffbb23247ae39bcf7ceab123148ab25553f517,,0,,2,0,0,0,1,0,0,1,0,0,62,536,1037.31343283582,82.089552238806,223.880597014925,1.0,,2014-06-20 20:31:55,2014-06-20 20:37:43,failed,75,"[28074619, 28074621, 28074622, 28074624, 28074625, 28074626, 28074627, 28074628]",208,28074625,ruby,broken,,ruby,,0.0,,,,,,,,,0
28159115,sferik/mtgox,0.0,,,ruby,,master,1,c6f10ce567907558a9b783b1c0fca54055a3bc66,build_found,45ffbb23247ae39bcf7ceab123148ab25553f517,28074617,2014-06-20 21:33:08,2,c6f10ce567907558a9b783b1c0fca54055a3bc66,1,c6f10ce567907558a9b783b1c0fca54055a3bc66,,c6f10ce567907558a9b783b1c0fca54055a3bc66,,0,,35,8,0,0,9,0,0,8,0,1,161,533,1043.15196998124,82.5515947467167,225.140712945591,1.0,,2014-06-22 14:14:11,2014-06-22 14:17:22,passed,672,"[28159116, 28159117, 28159118, 28159119, 28159120, 28159121, 28159122, 28159123]",210,28159118,ruby,ok,,ruby,rspec,1.0,,42,0,42,0,,0.63,,0
30522213,sferik/mtgox,0.0,,,ruby,,master,1,0a4813c7420a92a8222524660167501b66ef2551,build_found,c6f10ce567907558a9b783b1c0fca54055a3bc66,28159115,2014-07-20 20:19:35,2,0a4813c7420a92a8222524660167501b66ef2551,1,0a4813c7420a92a8222524660167501b66ef2551,,0a4813c7420a92a8222524660167501b66ef2551,,0,,16,7,0,0,4,0,0,3,0,1,94,533,1037.5234521576,82.5515947467167,225.140712945591,1.0,,2014-07-22 05:10:21,2014-07-22 05:11:01,passed,853,"[30522214, 30522215, 30522216, 30522217, 30522218, 30522219, 30522220]",212,30522217,ruby,ok,,ruby,rspec,1.0,,42,0,42,0,,3.65,,0
33202137,sferik/mtgox,0.0,,,ruby,,master,1,27b18879404b4013c2f69421bd8757764d3d1d2f,build_found,0a4813c7420a92a8222524660167501b66ef2551,30522213,2014-08-21 18:20:57,2,27b18879404b4013c2f69421bd8757764d3d1d2f,1,27b18879404b4013c2f69421bd8757764d3d1d2f,,27b18879404b4013c2f69421bd8757764d3d1d2f,,0,,0,0,0,0,1,0,0,0,0,1,26,533,1037.5234521576,82.5515947467167,225.140712945591,1.0,,2014-08-21 18:21:00,2014-08-21 18:28:05,failed,52,"[33202138, 33202139, 33202140, 33202141, 33202142, 33202143, 33202144]",213,33202142,ruby,broken,,ruby,,0.0,,,,,,,,,0
33205259,sferik/mtgox,0.0,,,ruby,,master,1,23769721efb4c1485405d5976529757134dee382,build_found,27b18879404b4013c2f69421bd8757764d3d1d2f,33202137,2014-08-21 18:52:28,2,23769721efb4c1485405d5976529757134dee382,1,23769721efb4c1485405d5976529757134dee382,,23769721efb4c1485405d5976529757134dee382,,0,,4,0,0,0,2,0,0,2,0,0,32,533,1037.5234521576,82.5515947467167,225.140712945591,1.0,,2014-08-21 18:52:31,2014-08-21 18:53:07,passed,537,"[33205260, 33205261, 33205262, 33205263, 33205264, 33205265, 33205266]",214,33205265,ruby,ok,,ruby,rspec,1.0,,42,0,42,0,,3.85,,0
