tr_build_id,gh_project_name,gh_is_pr,gh_pr_created_at,gh_pull_req_num,gh_lang,git_merged_with,git_branch,gh_num_commits_in_push,gh_commits_in_push,git_prev_commit_resolution_status,git_prev_built_commit,tr_prev_build,gh_first_commit_created_at,gh_team_size,git_all_built_commits,git_num_all_built_commits,git_trigger_commit,tr_virtual_merged_into,tr_original_commit,gh_num_issue_comments,gh_num_commit_comments,gh_num_pr_comments,git_diff_src_churn,git_diff_test_churn,gh_diff_files_added,gh_diff_files_deleted,gh_diff_files_modified,gh_diff_tests_added,gh_diff_tests_deleted,gh_diff_src_files,gh_diff_doc_files,gh_diff_other_files,gh_num_commits_on_files_touched,gh_sloc,gh_test_lines_per_kloc,gh_test_cases_per_kloc,gh_asserts_cases_per_kloc,gh_by_core_team_member,gh_description_complexity,gh_pushed_at,gh_build_started_at,tr_status,tr_duration,tr_jobs,tr_build_number,tr_job_id,tr_log_lan,tr_log_status,tr_log_setup_time,tr_log_analyzer,tr_log_frameworks,tr_log_bool_tests_ran,tr_log_bool_tests_failed,tr_log_num_tests_ok,tr_log_num_tests_failed,tr_log_num_tests_run,tr_log_num_tests_skipped,tr_log_tests_failed,tr_log_testduration,tr_log_buildduration,build_successful
675905,gma/nesta,0.0,,,ruby,,master,2,f934e1d4699aed2917199fd173a0c16a3e629bcc#68dd840ff2e4c8ed8f5ceb6e91bf7a26c62a3f74,merge_found,,,2012-02-02 10:57:39,2,68dd840ff2e4c8ed8f5ceb6e91bf7a26c62a3f74#f934e1d4699aed2917199fd173a0c16a3e629bcc#92d859adb8980102f63f78c88942c1af9a281a84#b2b799a4afa80d306d4c08177b8647c58ba87e6e#6baf3dec430595a55fa69cd3516582a5d912a393#37483c2a04d50b432c34a2cc2cfe14363719972a#2a876afcab4dd54c475ab2f8c7f86c891206740d#c0b637d8243b335f817a4edb964df4c77d16f77d#b3b678caec46636167bc1315d05e60c8cca6f5f5#86be79f398546c394a311ce233d4c88e8fe3a318#4d0b0b6e9d6d57a021d64b40211e4099d6036cf7#e8095ef8ddd04b1abcd15b3de6fcc543b303832e#9b62e60e383e0338ec23af5c224af614fe2894c8#935915816a76ff8d66c5439191139f16a99c5955#9a5e2aa0758e8ded1f98feb14db8a9cb77ed677d#b1ee99f1990e9a970ff1a116930e43e2328f535e#69a6bce21c648e97f3896e903b86c10a82a61365#5e0f2af33f6ccb2886cb67c8d6bc18385773ef83#238a0a286a8575eb9dabe3b0896c63e6d738b2fd#104c8eabf142be9958bb55a93ace3364c0b2ff4d#972886b89602bebf8fdb3771fdb89381b144541e#1472f26f7c6e3909bdf9221536d5171933fd96a7#3428b2b4955fddec578e2640b4cd871d20015312#4e8022681803debc7203cb342979a013bd2f430c#0b8b364c50476dae29ccdac745ea8f98d3540cce#9e41f1b1bd63dcaac40314850c7d56f7f0f2e773#00e26159972bf74c3e58c5456c96dcdfcbfd1116#af70a7ae0773285a04fddb99756929bb4e47dc14#b1dfe20192e862b021082edf607fbdcf083ffddb#92c95b8d7219d75ca9688662d162e726ba7ec752#a23c8ce1b58c7eb8b4a61e24a21215a94a49b808#00f69b19e776f51168cceb3477907097283cbc05#8ea2eb5c71a90007a9ebd29085c635fb44b1b5b9#8604b5cfa951fec531056fe47344d876b42d92c1#29e538eabe852221a71eeb0c9568e5da69ba2d56#0ed9af376696e2bd15626427e7f2c72881060e61,36,68dd840ff2e4c8ed8f5ceb6e91bf7a26c62a3f74,,68dd840ff2e4c8ed8f5ceb6e91bf7a26c62a3f74,,0,,484,494,9,1,24,0,0,26,2,3,172,1081,1665.12488436633,182.238667900092,229.417206290472,1.0,,2012-02-02 11:03:08,2012-02-14 11:28:05,failed,74,[675906],1,675906,ruby,unknown,,ruby,,1.0,,,0,,,,,,0
705546,gma/nesta,0.0,,,ruby,,master,1,6cff8c5dfede07041791c3b2f13e6ee6802914c4,build_found,68dd840ff2e4c8ed8f5ceb6e91bf7a26c62a3f74,675905,2012-02-20 09:42:30,3,6cff8c5dfede07041791c3b2f13e6ee6802914c4,1,6cff8c5dfede07041791c3b2f13e6ee6802914c4,,6cff8c5dfede07041791c3b2f13e6ee6802914c4,,0,,165,0,1,0,1,0,0,2,0,0,30,1087,1655.93376264949,181.232750689972,228.150873965041,1.0,,2012-02-20 09:45:06,2012-02-20 09:45:56,failed,85,[705547],2,705547,ruby,unknown,,ruby,,1.0,,,0,,,,,,0
706966,gma/nesta,0.0,,,ruby,,master,1,76eefa6c8fa35fbce64833868bc6cc7661492fa1,build_found,6cff8c5dfede07041791c3b2f13e6ee6802914c4,705546,2012-02-17 21:02:46,3,76eefa6c8fa35fbce64833868bc6cc7661492fa1,1,76eefa6c8fa35fbce64833868bc6cc7661492fa1,,76eefa6c8fa35fbce64833868bc6cc7661492fa1,,0,,1,0,0,0,1,0,0,1,0,0,31,1086,1657.45856353591,181.399631675875,228.360957642726,0.0,,2012-02-20 13:46:54,2012-02-20 13:47:50,failed,73,[706967],3,706967,ruby,unknown,,ruby,,1.0,,,0,,,,,,0
706998,gma/nesta,0.0,,,ruby,,master,1,4f76ec9bb7acc5ad9b107f21674fe82c3b9a3d0c,merge_found,,,2012-02-20 13:53:07,3,4f76ec9bb7acc5ad9b107f21674fe82c3b9a3d0c,1,4f76ec9bb7acc5ad9b107f21674fe82c3b9a3d0c,,4f76ec9bb7acc5ad9b107f21674fe82c3b9a3d0c,,0,,4,0,0,0,2,0,0,2,0,0,17,1086,1657.45856353591,181.399631675875,228.360957642726,1.0,,2012-02-20 13:53:10,2012-02-20 13:53:39,failed,66,[706999],4,706999,ruby,unknown,,ruby,,1.0,,,0,,,,,,0
707090,gma/nesta,0.0,,,ruby,,master,2,a23c95457b59bbebf0571e631981f83fe239448b#7e5ab758317e491657e853f1a6b2a8eea3118cfe,build_found,4f76ec9bb7acc5ad9b107f21674fe82c3b9a3d0c,706998,2012-02-20 14:03:30,3,7e5ab758317e491657e853f1a6b2a8eea3118cfe#a23c95457b59bbebf0571e631981f83fe239448b,2,7e5ab758317e491657e853f1a6b2a8eea3118cfe,,7e5ab758317e491657e853f1a6b2a8eea3118cfe,,0,,4,0,0,0,2,0,0,2,0,0,55,1086,1657.45856353591,181.399631675875,228.360957642726,1.0,,2012-02-20 14:04:56,2012-02-20 14:05:49,passed,96,[707091],5,707091,ruby,unknown,,ruby,rspec,1.0,,330,0,330,4,,5.32,,0
707146,gma/nesta,0.0,,,ruby,,master,1,faececbb62a886d5187e8601c41cdcb09348df8b,build_found,7e5ab758317e491657e853f1a6b2a8eea3118cfe,707090,2012-02-20 14:14:22,3,faececbb62a886d5187e8601c41cdcb09348df8b,1,faececbb62a886d5187e8601c41cdcb09348df8b,,faececbb62a886d5187e8601c41cdcb09348df8b,,0,,2,0,0,0,1,0,0,1,0,0,11,1086,1657.45856353591,181.399631675875,228.360957642726,1.0,,2012-02-20 14:14:29,2012-02-20 14:14:59,passed,72,[707147],6,707147,ruby,unknown,,ruby,rspec,1.0,,330,0,330,4,,4.77,,0
727281,gma/nesta,0.0,,,ruby,,master,2,d4efb3174e5205bfb94567e53b91464f7baab439#6efb47a926d74c853cb3f40c32542f1d9bd2aa90,build_found,faececbb62a886d5187e8601c41cdcb09348df8b,707146,2012-02-23 11:14:47,3,6efb47a926d74c853cb3f40c32542f1d9bd2aa90#d4efb3174e5205bfb94567e53b91464f7baab439,2,6efb47a926d74c853cb3f40c32542f1d9bd2aa90,,6efb47a926d74c853cb3f40c32542f1d9bd2aa90,,0,,11,2,0,0,3,0,0,3,0,0,26,1087,1655.93376264949,181.232750689972,228.150873965041,1.0,,2012-02-23 11:17:36,2012-02-23 11:18:01,failed,84,[727282],7,727282,ruby,unknown,,ruby,rspec,1.0,,327,3,330,4,,5.38,,0
727329,gma/nesta,0.0,,,ruby,,master,2,2962816faca7d3d2429a2b3584da18dcac97ea12#c1e10120b94af4a1e2009197a8df117ca3ba9ba9,build_found,6efb47a926d74c853cb3f40c32542f1d9bd2aa90,727281,2012-02-23 11:25:48,3,c1e10120b94af4a1e2009197a8df117ca3ba9ba9#2962816faca7d3d2429a2b3584da18dcac97ea12,2,c1e10120b94af4a1e2009197a8df117ca3ba9ba9,,c1e10120b94af4a1e2009197a8df117ca3ba9ba9,,0,,3,1,0,0,2,0,0,2,0,0,21,1087,1656.85372585097,181.232750689972,228.150873965041,1.0,,2012-02-23 11:27:18,2012-02-23 11:27:37,failed,83,[727330],8,727330,ruby,unknown,,ruby,rspec,1.0,,329,1,330,4,,5.26,,0
728891,gma/nesta,0.0,,,ruby,,master,2,485656a284646ee95b894a78c6436b16046214f0#61adeee37b1b7c0a6910927a1d3b70c4a86552f0,build_found,c1e10120b94af4a1e2009197a8df117ca3ba9ba9,727329,2012-02-23 16:16:52,3,61adeee37b1b7c0a6910927a1d3b70c4a86552f0#485656a284646ee95b894a78c6436b16046214f0,2,61adeee37b1b7c0a6910927a1d3b70c4a86552f0,,61adeee37b1b7c0a6910927a1d3b70c4a86552f0,,0,,48,3,0,0,4,0,0,4,0,0,55,1087,1657.77368905244,181.232750689972,228.150873965041,1.0,,2012-02-23 16:30:17,2012-02-23 16:30:44,passed,83,[728892],9,728892,ruby,unknown,,ruby,rspec,1.0,,330,0,330,4,,5.66,,0
741679,gma/nesta,0.0,,,ruby,,master,2,ab3e26be166e29130499910ca5a87c5b43f672dd#973bc7168b98c2d4c6558551675a9ef6649c5fda,merge_found,,,2012-02-25 18:01:05,4,973bc7168b98c2d4c6558551675a9ef6649c5fda,1,973bc7168b98c2d4c6558551675a9ef6649c5fda,,973bc7168b98c2d4c6558551675a9ef6649c5fda,,0,,6,0,0,0,1,0,0,1,0,0,9,1090,1653.21100917431,180.733944954128,227.522935779817,1.0,,2012-02-25 18:11:12,2012-02-25 18:11:37,passed,89,[741680],10,741680,ruby,unknown,,ruby,rspec,1.0,,330,0,330,4,,4.94,,0
741895,gma/nesta,0.0,,,ruby,,master,1,f2988a10d1090d349634209069fb283f4a34a789,build_found,973bc7168b98c2d4c6558551675a9ef6649c5fda,741679,2012-02-25 18:05:16,4,f2988a10d1090d349634209069fb283f4a34a789,1,f2988a10d1090d349634209069fb283f4a34a789,,f2988a10d1090d349634209069fb283f4a34a789,,0,,16,24,0,0,3,0,0,2,0,1,30,1103,1652.76518585675,180.417044424297,226.654578422484,1.0,,2012-02-25 18:36:42,2012-02-25 18:37:42,failed,86,[741896],11,741896,ruby,unknown,,ruby,rspec,1.0,,330,2,332,4,,5.33,,0
741988,gma/nesta,0.0,,,ruby,,master,1,c05398f4c7f4912f676d53a93fff666563ebfe13,build_found,f2988a10d1090d349634209069fb283f4a34a789,741895,2012-02-25 19:16:46,4,c05398f4c7f4912f676d53a93fff666563ebfe13,1,c05398f4c7f4912f676d53a93fff666563ebfe13,,c05398f4c7f4912f676d53a93fff666563ebfe13,,0,,2,0,0,0,1,0,0,1,0,0,23,1103,1652.76518585675,180.417044424297,226.654578422484,1.0,,2012-02-25 19:16:56,2012-02-25 19:17:24,failed,72,[741989],12,741989,ruby,unknown,,ruby,rspec,1.0,,331,1,332,4,,4.36,,0
742098,gma/nesta,0.0,,,ruby,,master,1,5c93ee5769bb5ef6b85772ccfb214a486deacc17,build_found,c05398f4c7f4912f676d53a93fff666563ebfe13,741988,2012-02-25 19:48:35,4,5c93ee5769bb5ef6b85772ccfb214a486deacc17,1,5c93ee5769bb5ef6b85772ccfb214a486deacc17,,5c93ee5769bb5ef6b85772ccfb214a486deacc17,,0,,0,0,1,0,0,0,0,0,0,1,0,1103,1652.76518585675,180.417044424297,226.654578422484,1.0,,2012-02-25 19:48:48,2012-02-25 19:49:12,failed,299,"[742099, 742100, 742101, 742102]",13,742099,ruby,unknown,,ruby,rspec,1.0,,331,1,332,4,,5.02,,0
742118,gma/nesta,0.0,,,ruby,,master,1,93afa855bad13212161218328e2840f01177e8ec,build_found,5c93ee5769bb5ef6b85772ccfb214a486deacc17,742098,2012-02-25 19:54:47,4,93afa855bad13212161218328e2840f01177e8ec,1,93afa855bad13212161218328e2840f01177e8ec,,93afa855bad13212161218328e2840f01177e8ec,,0,,0,0,0,0,1,0,0,0,0,1,1,1103,1652.76518585675,180.417044424297,226.654578422484,1.0,,2012-02-25 19:54:55,2012-02-25 19:55:06,failed,297,"[742120, 742122, 742119, 742121]",14,742122,ruby,unknown,,ruby,rspec,1.0,,313,19,332,4,,3.21,,0
747285,gma/nesta,0.0,,,ruby,,master,2,14068c8dcbed50a1c5d56257bac47b71a6b9f68c#a3b735745510689516e4b6a97767d1a880e16141,build_found,93afa855bad13212161218328e2840f01177e8ec,742118,2012-02-26 21:41:12,4,a3b735745510689516e4b6a97767d1a880e16141#14068c8dcbed50a1c5d56257bac47b71a6b9f68c,2,a3b735745510689516e4b6a97767d1a880e16141,,a3b735745510689516e4b6a97767d1a880e16141,,0,,34,14,1,0,4,0,0,4,0,1,61,1103,1654.57842248413,180.417044424297,226.654578422484,1.0,,2012-02-26 21:42:22,2012-02-26 21:42:46,failed,201,"[747287, 747286]",15,747287,ruby,unknown,,ruby,rspec,1.0,,140,191,331,4,,4.48,,0
805077,gma/nesta,0.0,,,ruby,,master,,,merge_found,,,,6,e723ab3219180be3cd3c5723aca16f8789ef5f9a#cb248faf08e9fb2a1c03ca31b2d505ab40317d54#7d63b2a331fa3569b3e36e25b8722447632adea7#131eacf23a0ebdd93575c1377c290aa371adbc34#a3d253b6352ca9aef6495c6b190bdb519041d028#50bc2c72e857e10ca55f5ccad8c1724e429a9de9#3897919694af16c828b6d7eb53608a2dd4b6f093#9b8b7b27ca79c4b113904c928b881f520bcbaa15#3bea58123c9fe37f17b86edf8ae4faf847dd3d5e#1995ff77be1bf5e2fdd1acf5f4e4d29e6d7b637d#cb382d892a3401c93d5c67ad1d7f233aaacc607b#dae8cf68fe961d91f3e0670688b188f21fa9ba35#266ec55904aeba30b968430f5a9b2b7268fa609a#4bd4a2b3d07def4587bfd0d386de8797a70461e6#18879c5c954883101fafbc2c220fc8f6e68f3485#9ac8e08c08c1d3a7baa9e259fdf27d4c5db8ada8#282c70c51f15edad4b34eaacbff9faad1cf9f2cd#e4289625f9e30a0d303f452a6cd04e20bf858a6d#e4196bad7ea2562d52ed9596989cc622179f12dc#f44540c046b4b25ec47754a75dd071b38cef2f6f,20,e723ab3219180be3cd3c5723aca16f8789ef5f9a,,e723ab3219180be3cd3c5723aca16f8789ef5f9a,,0,,106,49,0,1,25,0,0,17,7,2,208,1101,1662.12534059945,181.653042688465,228.882833787466,0.0,,,2012-03-06 09:59:36,passed,258,"[805078, 805079]",16,805079,ruby,unknown,,ruby,rspec,1.0,,338,0,338,4,,5.49,,0
805143,gma/nesta,0.0,,,ruby,,master,,,merge_found,,,,6,e723ab3219180be3cd3c5723aca16f8789ef5f9a#cb248faf08e9fb2a1c03ca31b2d505ab40317d54#7d63b2a331fa3569b3e36e25b8722447632adea7#131eacf23a0ebdd93575c1377c290aa371adbc34#a3d253b6352ca9aef6495c6b190bdb519041d028#50bc2c72e857e10ca55f5ccad8c1724e429a9de9#3897919694af16c828b6d7eb53608a2dd4b6f093#9b8b7b27ca79c4b113904c928b881f520bcbaa15#3bea58123c9fe37f17b86edf8ae4faf847dd3d5e#1995ff77be1bf5e2fdd1acf5f4e4d29e6d7b637d#cb382d892a3401c93d5c67ad1d7f233aaacc607b#dae8cf68fe961d91f3e0670688b188f21fa9ba35#266ec55904aeba30b968430f5a9b2b7268fa609a#4bd4a2b3d07def4587bfd0d386de8797a70461e6#18879c5c954883101fafbc2c220fc8f6e68f3485#9ac8e08c08c1d3a7baa9e259fdf27d4c5db8ada8#282c70c51f15edad4b34eaacbff9faad1cf9f2cd#e4289625f9e30a0d303f452a6cd04e20bf858a6d#e4196bad7ea2562d52ed9596989cc622179f12dc#f44540c046b4b25ec47754a75dd071b38cef2f6f,20,e723ab3219180be3cd3c5723aca16f8789ef5f9a,,e723ab3219180be3cd3c5723aca16f8789ef5f9a,,0,,106,49,0,1,25,0,0,17,7,2,208,1101,1662.12534059945,181.653042688465,228.882833787466,0.0,,,2012-03-06 10:01:42,passed,260,"[805145, 805144]",17,805145,ruby,unknown,,ruby,rspec,1.0,,338,0,338,4,,8.14,,0
805227,gma/nesta,0.0,,,ruby,,master,4,079bf05afa80a215de55d129288fc09d4c0d7ed5#ded44959aca60973dc8c736364384d7f42d9ecca#6d5e84a46fe95c7d437a1fa50fd14d2dd946094d#be0d97be9ee85736b6dbb150adce78d1c8bc6d94,merge_found,,,2012-03-06 09:51:07,6,be0d97be9ee85736b6dbb150adce78d1c8bc6d94#6d5e84a46fe95c7d437a1fa50fd14d2dd946094d,2,be0d97be9ee85736b6dbb150adce78d1c8bc6d94,,be0d97be9ee85736b6dbb150adce78d1c8bc6d94,,0,,4,0,0,0,3,0,0,2,0,1,68,1101,1662.12534059945,181.653042688465,228.882833787466,1.0,,2012-03-06 10:15:46,2012-03-06 10:15:56,passed,292,"[805230, 805229, 805228]",18,805228,ruby,unknown,,ruby,rspec,1.0,,338,0,338,4,,4.69,,0
922164,gma/nesta,0.0,,,ruby,,master,1,8ba2e29fbc954c1dec40ac0fe6dc7125695270dd,build_found,be0d97be9ee85736b6dbb150adce78d1c8bc6d94,805227,2012-03-22 14:10:03,6,8ba2e29fbc954c1dec40ac0fe6dc7125695270dd,1,8ba2e29fbc954c1dec40ac0fe6dc7125695270dd,,8ba2e29fbc954c1dec40ac0fe6dc7125695270dd,,0,,0,0,0,0,1,0,0,0,0,0,4,1101,1662.12534059945,181.653042688465,228.882833787466,1.0,,2012-03-22 14:10:26,2012-03-22 14:10:44,passed,207,"[922165, 922166, 922167]",19,922167,ruby,unknown,,ruby,rspec,1.0,,338,0,338,4,,5.26,,0
998667,gma/nesta,0.0,,,ruby,,master,2,b186b0f452c31598c323ccfe358ffe2666d8349b#859cd744be241bb0843ff0099883e0c2f43dc93f,merge_found,,,2012-03-31 18:12:50,7,859cd744be241bb0843ff0099883e0c2f43dc93f,1,859cd744be241bb0843ff0099883e0c2f43dc93f,,859cd744be241bb0843ff0099883e0c2f43dc93f,,0,,4,0,0,0,1,0,0,1,0,0,26,1101,1662.12534059945,181.653042688465,228.882833787466,1.0,,2012-04-02 09:58:51,2012-04-02 10:01:13,failed,224,"[998670, 998669, 998668]",20,998670,ruby,unknown,,ruby,rspec,1.0,,337,1,338,4,,4.26,,0
998738,gma/nesta,0.0,,,ruby,,master,2,8dac7b3ebbb863c716d7eeb80aae67fc871223bb#90a705847e2019db864a8622bd61604e5c4634b3,build_found,859cd744be241bb0843ff0099883e0c2f43dc93f,998667,2012-04-02 10:26:52,7,90a705847e2019db864a8622bd61604e5c4634b3#8dac7b3ebbb863c716d7eeb80aae67fc871223bb,2,90a705847e2019db864a8622bd61604e5c4634b3,,90a705847e2019db864a8622bd61604e5c4634b3,,0,,10,4,0,0,2,0,0,2,0,0,51,1101,1662.12534059945,181.653042688465,228.882833787466,1.0,,2012-04-02 10:28:13,2012-04-02 10:28:24,passed,234,"[998739, 998741, 998740]",21,998740,ruby,unknown,,ruby,rspec,1.0,,338,0,338,4,,4.95,,0
1014948,gma/nesta,0.0,,,ruby,,master,2,62bbedb1e14c855109b3802df121167ce8018b78#db3142bea075cbdaae3a2c122616ea318b457f76,build_found,90a705847e2019db864a8622bd61604e5c4634b3,998738,2012-03-27 10:57:46,7,db3142bea075cbdaae3a2c122616ea318b457f76#62bbedb1e14c855109b3802df121167ce8018b78,2,db3142bea075cbdaae3a2c122616ea318b457f76,,db3142bea075cbdaae3a2c122616ea318b457f76,,0,,5,8,3,0,3,0,0,2,3,1,81,1104,1662.13768115942,182.065217391304,229.166666666667,1.0,,2012-04-04 07:47:44,2012-04-04 07:47:55,passed,534,"[1014949, 1014950, 1014951]",22,1014950,ruby,unknown,,ruby,rspec,1.0,,339,0,339,4,,8.85,,0
1171936,gma/nesta,0.0,,,ruby,,master,1,c8dd1d3a7c16a4079d08886e634bb02281f04df1,build_found,db3142bea075cbdaae3a2c122616ea318b457f76,1014948,2012-04-25 12:17:51,7,c8dd1d3a7c16a4079d08886e634bb02281f04df1,1,c8dd1d3a7c16a4079d08886e634bb02281f04df1,,c8dd1d3a7c16a4079d08886e634bb02281f04df1,,0,,4,12,0,0,3,0,0,3,0,0,89,1102,1660.61705989111,181.488203266788,227.767695099818,1.0,,2012-04-25 12:19:28,2012-04-25 12:19:52,passed,169,"[1171939, 1171937, 1171938]",23,1171937,ruby,unknown,,ruby,rspec,1.0,,338,0,338,4,,4.79,,0
1171963,gma/nesta,0.0,,,ruby,,master,1,9d5505c224e9710582c91def9a7612856f34c516,build_found,c8dd1d3a7c16a4079d08886e634bb02281f04df1,1171936,2012-04-25 12:22:52,7,9d5505c224e9710582c91def9a7612856f34c516,1,9d5505c224e9710582c91def9a7612856f34c516,,9d5505c224e9710582c91def9a7612856f34c516,,0,,0,0,0,0,1,0,0,0,0,1,55,1102,1660.61705989111,181.488203266788,227.767695099818,1.0,,2012-04-25 12:23:07,2012-04-25 12:23:23,passed,175,"[1171966, 1171964, 1171965]",24,1171964,ruby,unknown,,ruby,rspec,1.0,,338,0,338,4,,4.49,,0
1276738,gma/nesta,0.0,,,ruby,,master,5,1351cea4ca1270a7700f355fb7917bfe61d58822#0ce5c100775184d166f5e1f1ea487bf353a1bf10#39aa909ace527be2d8713ac6b7ecf41be2aff221#b0f42b86caa7b5baf5ad8d9532d4193398cc8433#15171f0f11fee1ac78e594275d378f71de3583a8,build_found,9d5505c224e9710582c91def9a7612856f34c516,1171963,2012-04-06 05:49:24,7,15171f0f11fee1ac78e594275d378f71de3583a8#b0f42b86caa7b5baf5ad8d9532d4193398cc8433#39aa909ace527be2d8713ac6b7ecf41be2aff221#0ce5c100775184d166f5e1f1ea487bf353a1bf10#1351cea4ca1270a7700f355fb7917bfe61d58822,5,15171f0f11fee1ac78e594275d378f71de3583a8,,15171f0f11fee1ac78e594275d378f71de3583a8,,0,,39,71,0,0,7,0,0,4,2,1,140,1106,1687.1609403255,184.448462929476,232.368896925859,0.0,,2012-05-08 15:27:23,2012-05-08 15:27:34,passed,168,"[1276740, 1276741, 1276739]",25,1276740,ruby,unknown,,ruby,rspec,1.0,,350,0,350,4,,4.69,,0
1285831,gma/nesta,0.0,,,ruby,,master,5,86cf36bf00047ad21c73d8bd3c8f39807e95458b#59bb77012e1c90b9f0b57aa20f95a3f253728449#0c1eb219e14c856f4e1e93ce7af08d27f74ff937#60506d48aedf66d5a384f6ee3f4a5c4429795bca#858af82c8b0627f6621ad9fcbcfdb26f7118cd4a,build_found,15171f0f11fee1ac78e594275d378f71de3583a8,1276738,2012-05-09 14:07:16,7,858af82c8b0627f6621ad9fcbcfdb26f7118cd4a#60506d48aedf66d5a384f6ee3f4a5c4429795bca#0c1eb219e14c856f4e1e93ce7af08d27f74ff937#59bb77012e1c90b9f0b57aa20f95a3f253728449#86cf36bf00047ad21c73d8bd3c8f39807e95458b,5,858af82c8b0627f6621ad9fcbcfdb26f7118cd4a,,858af82c8b0627f6621ad9fcbcfdb26f7118cd4a,,0,,20,59,0,0,5,0,0,3,1,1,106,1113,1710.69182389937,185.983827493261,233.602875112309,0.0,,2012-05-09 15:00:35,2012-05-09 15:00:48,passed,183,"[1285834, 1285832, 1285833]",26,1285833,ruby,unknown,,ruby,rspec,1.0,,359,0,359,4,,5.66,,0
1704911,gma/nesta,0.0,,,ruby,,master,1,722837e33fa9b11eb6b843b200d71887e44191bf,build_found,858af82c8b0627f6621ad9fcbcfdb26f7118cd4a,1285831,2012-06-25 02:27:01,5,722837e33fa9b11eb6b843b200d71887e44191bf,1,722837e33fa9b11eb6b843b200d71887e44191bf,,722837e33fa9b11eb6b843b200d71887e44191bf,,0,,6,0,0,0,1,0,0,1,0,0,13,1115,1707.62331838565,185.650224215247,233.183856502242,1.0,,2012-06-25 20:41:02,2012-06-25 20:41:12,passed,203,"[1704912, 1704913, 1704914]",28,1704912,ruby,unknown,,ruby,rspec,1.0,,359,0,359,4,,6.84,,0
1704933,gma/nesta,0.0,,,ruby,,master,1,a913035ea2a6dd368cda2ab776e0ffd4d80302aa,build_found,722837e33fa9b11eb6b843b200d71887e44191bf,1704911,2012-06-25 20:43:55,5,a913035ea2a6dd368cda2ab776e0ffd4d80302aa,1,a913035ea2a6dd368cda2ab776e0ffd4d80302aa,,a913035ea2a6dd368cda2ab776e0ffd4d80302aa,,0,,4,0,0,0,2,0,0,1,0,1,68,1115,1707.62331838565,185.650224215247,233.183856502242,1.0,,2012-06-25 20:44:04,2012-06-25 20:44:07,passed,194,"[1704934, 1704936, 1704935]",29,1704936,ruby,unknown,,ruby,rspec,1.0,,359,0,359,4,,4.34,,0
1777550,gma/nesta,0.0,,,ruby,,master,2,d19ec5e1597ef596f450728481fdef477bfe6288#7d6159852a6d995d0c852947372e6fa3fd5d03b3,build_found,a913035ea2a6dd368cda2ab776e0ffd4d80302aa,1704933,2012-05-10 00:54:38,4,7d6159852a6d995d0c852947372e6fa3fd5d03b3#d19ec5e1597ef596f450728481fdef477bfe6288,2,7d6159852a6d995d0c852947372e6fa3fd5d03b3,,7d6159852a6d995d0c852947372e6fa3fd5d03b3,,0,,37,6,0,0,12,0,0,5,7,0,107,1131,1683.46595932803,183.023872679045,229.885057471264,0.0,,2012-07-04 15:01:07,2012-07-04 15:01:20,passed,188,"[1777552, 1777553, 1777551]",30,1777551,ruby,unknown,,ruby,rspec,1.0,,359,0,359,4,,5.08,,0
2245249,gma/nesta,1.0,2012-08-26 20:31:18,115,ruby,merge_button,master,,,build_found,7d6159852a6d995d0c852947372e6fa3fd5d03b3,1777550,,3,954d3ff68225772535afff2a0353a0856571ded7,1,954d3ff68225772535afff2a0353a0856571ded7,7d6159852a6d995d0c852947372e6fa3fd5d03b3,20ec60a229e97f4eb628246e367ab548b1197853,1,0,0,4,0,0,0,1,0,0,1,0,0,34,1131,1683.46595932803,183.023872679045,229.885057471264,0.0,22,,2012-08-26 22:31:24,passed,189,"[2245251, 2245252, 2245250]",31,2245252,ruby,unknown,,ruby,rspec,1.0,,359,0,359,4,,4.5,,0
2247255,gma/nesta,0.0,,,ruby,,master,,,merge_found,,,,3,025188aacd17c36f1e8ef4c947acd9333b9820f0,1,025188aacd17c36f1e8ef4c947acd9333b9820f0,,025188aacd17c36f1e8ef4c947acd9333b9820f0,,0,,4,0,0,0,1,0,0,1,0,0,35,1131,1683.46595932803,183.023872679045,229.885057471264,1.0,,,2012-08-27 06:52:08,passed,190,"[2247257, 2247258, 2247256]",32,2247256,ruby,unknown,,ruby,rspec,1.0,,359,0,359,4,,5.52,,0
2374055,gma/nesta,1.0,2012-09-07 19:37:57,116,ruby,merge_button,master,2,740bff027ddf5e9e10237556f21e5f9f2d138157#4d0128cc0081846905dff347d2d8d46e33a17deb,build_found,954d3ff68225772535afff2a0353a0856571ded7,2245249,2012-09-07 21:27:14,3,740bff027ddf5e9e10237556f21e5f9f2d138157,1,740bff027ddf5e9e10237556f21e5f9f2d138157,025188aacd17c36f1e8ef4c947acd9333b9820f0,6ac6f5f1186e8cc205334d99d2cbc23e3062a221,0,0,0,2,0,0,0,1,0,0,1,0,0,35,1131,1683.46595932803,183.023872679045,229.885057471264,0.0,32,2012-09-10 11:31:20,2012-09-07 21:38:03,passed,196,"[2374058, 2374057, 2374056]",34,2374056,ruby,unknown,,ruby,rspec,1.0,,359,0,359,4,,6.15,,0
2394541,gma/nesta,0.0,,,ruby,,master,2,740bff027ddf5e9e10237556f21e5f9f2d138157#4d0128cc0081846905dff347d2d8d46e33a17deb,merge_found,,,2012-09-07 21:27:14,3,4d0128cc0081846905dff347d2d8d46e33a17deb,1,4d0128cc0081846905dff347d2d8d46e33a17deb,,4d0128cc0081846905dff347d2d8d46e33a17deb,,0,,2,0,0,0,1,0,0,1,0,0,37,1131,1683.46595932803,183.023872679045,229.885057471264,1.0,,2012-09-10 11:31:20,2012-09-10 11:31:32,passed,193,"[2394543, 2394544, 2394542]",35,2394542,ruby,unknown,,ruby,rspec,1.0,,359,0,359,4,,5.28,,0
2783042,gma/nesta,0.0,,,ruby,,master,,,build_found,4d0128cc0081846905dff347d2d8d46e33a17deb,2394541,,3,61c044e904a1526c348b63d9c20afb542e65ceec#ec5d1cd02b5df83fd2d541dd318f652b5d08ce15#62d50decdbe628538f0d1cf00ca6fa01c3e4774f,3,61c044e904a1526c348b63d9c20afb542e65ceec,,61c044e904a1526c348b63d9c20afb542e65ceec,,0,,13,0,0,0,3,0,0,2,0,1,40,1135,1677.53303964758,182.378854625551,229.074889867841,0.0,,,2012-10-14 10:28:50,passed,197,"[2783044, 2783043, 2783045]",44,2783045,ruby,unknown,,ruby,rspec,1.0,,359,0,359,4,,4.89,,0
2783138,gma/nesta,0.0,,,ruby,,master,,,build_found,61c044e904a1526c348b63d9c20afb542e65ceec,2783042,,3,965e40bd3f87734365dd470f33d69130cf82a748#60d84ff964f798689aaacb384db74b90f36a9766#dec25a06bfd238561cea629936c0089d5bc19a00#e7881f48162e5983314b0c8d5d1049f1249bd626,4,965e40bd3f87734365dd470f33d69130cf82a748,,965e40bd3f87734365dd470f33d69130cf82a748,,0,,20,0,0,0,2,0,0,1,0,1,70,1143,1665.791776028,181.102362204724,227.471566054243,0.0,,,2012-10-14 10:42:22,passed,185,"[2783140, 2783139, 2783141]",45,2783141,ruby,unknown,,ruby,rspec,1.0,,359,0,359,4,,5.67,,0
4142163,gma/nesta,0.0,,,ruby,,master,2,9b274b12c511f67a4eeeb3f8ede48604f3ac80ef#be280ab6520bc36be0f757b4a99390f9c7b616f2,build_found,965e40bd3f87734365dd470f33d69130cf82a748,2783138,2013-01-11 05:16:38,3,be280ab6520bc36be0f757b4a99390f9c7b616f2#9b274b12c511f67a4eeeb3f8ede48604f3ac80ef,2,be280ab6520bc36be0f757b4a99390f9c7b616f2,,be280ab6520bc36be0f757b4a99390f9c7b616f2,,0,,0,0,0,0,1,0,0,0,0,1,18,1143,1665.791776028,181.102362204724,227.471566054243,0.0,,2013-01-14 13:42:26,2013-01-14 13:49:41,passed,252,"[4142165, 4142164, 4142166]",50,4142166,ruby,unknown,,ruby,rspec,1.0,,359,0,359,4,,6.42,,0
4142234,gma/nesta,0.0,,,ruby,,master,1,bac57f1ae892596a10be4b7c85a4ca34af4c123e,build_found,be280ab6520bc36be0f757b4a99390f9c7b616f2,4142163,2013-01-14 13:44:43,3,bac57f1ae892596a10be4b7c85a4ca34af4c123e,1,bac57f1ae892596a10be4b7c85a4ca34af4c123e,,bac57f1ae892596a10be4b7c85a4ca34af4c123e,,0,,0,0,0,0,1,0,0,0,0,1,61,1143,1665.791776028,181.102362204724,227.471566054243,1.0,,2013-01-14 13:44:50,2013-01-14 13:52:38,passed,295,"[4142237, 4142235, 4142236]",51,4142237,ruby,unknown,,ruby,rspec,1.0,,359,0,359,4,,8.99,,0
4146079,gma/nesta,0.0,,,ruby,,master,6,22738ea86ca0e8cc7153dfc77276637b514eab57#9be3a859794ec825ba9adae4e04cee4a8729b575#57e37b7edd6924118cbb9948b4745e35bda6863a#e9b585fe6a561eb2be2833d90fa9a928bb8f2e29#e97a0503070411dd954f2fd6e571a38dc5dbf997#bef972eb47163230dfd3dc309d0e30c33271a981,build_found,bac57f1ae892596a10be4b7c85a4ca34af4c123e,4142234,2013-01-08 15:51:09,3,bef972eb47163230dfd3dc309d0e30c33271a981#e97a0503070411dd954f2fd6e571a38dc5dbf997#e9b585fe6a561eb2be2833d90fa9a928bb8f2e29#57e37b7edd6924118cbb9948b4745e35bda6863a#9be3a859794ec825ba9adae4e04cee4a8729b575#22738ea86ca0e8cc7153dfc77276637b514eab57,6,bef972eb47163230dfd3dc309d0e30c33271a981,,bef972eb47163230dfd3dc309d0e30c33271a981,,0,,36,765,0,0,11,0,0,10,0,2,202,1143,1673.66579177603,181.977252843395,229.221347331584,0.0,,2013-01-14 16:33:05,2013-01-14 16:34:05,failed,82,"[4146080, 4146082, 4146081]",52,4146081,ruby,unknown,,ruby,,0.0,,,,,,,,,0
4146452,gma/nesta,0.0,,,ruby,,master,1,061617d2feedd95ac14491e83151399e7429224d,build_found,bef972eb47163230dfd3dc309d0e30c33271a981,4146079,2013-01-14 16:49:41,3,061617d2feedd95ac14491e83151399e7429224d,1,061617d2feedd95ac14491e83151399e7429224d,,061617d2feedd95ac14491e83151399e7429224d,,0,,0,6,0,0,1,0,0,1,0,0,36,1143,1677.16535433071,181.977252843395,232.720909886264,1.0,,2013-01-14 16:49:49,2013-01-14 16:50:21,passed,247,"[4146454, 4146457, 4146453]",53,4146454,ruby,unknown,,ruby,rspec,1.0,,359,0,359,0,,11.05,,0
13040546,gma/nesta,0.0,,,ruby,,master,1,d8e826c1d46b988ac3f1a87c1afd6661e44d01cf,build_found,8322ac7703dbeae77e013b37f14321e5cb15ebe5,13039304,2013-10-25 14:10:49,2,d8e826c1d46b988ac3f1a87c1afd6661e44d01cf,1,d8e826c1d46b988ac3f1a87c1afd6661e44d01cf,,d8e826c1d46b988ac3f1a87c1afd6661e44d01cf,,0,,0,0,0,0,1,0,0,0,0,1,4,1112,1767.08633093525,192.446043165468,248.201438848921,1.0,,2013-10-25 14:10:53,2013-10-25 14:11:39,passed,463,"[13040547, 13040548]",88,13040548,ruby,ok,,ruby,rspec,1.0,,369,0,369,0,,5.93,,0
13041515,gma/nesta,0.0,,,ruby,,master,2,6b2a34b9a50a7069487ec9e79224ecbab6b12a47#e0e208ebad6e14560d32e0f5bb1c3a1879236c9f,build_found,d8e826c1d46b988ac3f1a87c1afd6661e44d01cf,13040546,2013-10-25 14:25:15,2,e0e208ebad6e14560d32e0f5bb1c3a1879236c9f#6b2a34b9a50a7069487ec9e79224ecbab6b12a47,2,e0e208ebad6e14560d32e0f5bb1c3a1879236c9f,,e0e208ebad6e14560d32e0f5bb1c3a1879236c9f,,0,,10,0,0,0,2,0,0,2,0,0,44,1112,1767.08633093525,192.446043165468,248.201438848921,1.0,,2013-10-25 14:27:10,2013-10-25 14:29:13,passed,509,"[13041516, 13041517]",89,13041517,ruby,ok,,ruby,rspec,1.0,,369,0,369,0,,4.8,,0
13045241,gma/nesta,0.0,,,ruby,,master,3,09233998d90fa5f376155a5362e1c5c1ac34a77f#c035afc1e6fec67c29dffd863c42841623f942e0#cbf60ac15a33f3973a7d31d99e096ffea43d72f8,build_found,e0e208ebad6e14560d32e0f5bb1c3a1879236c9f,13041515,2013-10-25 14:34:47,2,cbf60ac15a33f3973a7d31d99e096ffea43d72f8#c035afc1e6fec67c29dffd863c42841623f942e0#09233998d90fa5f376155a5362e1c5c1ac34a77f,3,cbf60ac15a33f3973a7d31d99e096ffea43d72f8,,cbf60ac15a33f3973a7d31d99e096ffea43d72f8,,0,,78,412,0,0,16,0,0,16,0,0,190,1112,1767.08633093525,192.446043165468,248.201438848921,1.0,,2013-10-25 15:34:02,2013-10-25 15:39:02,passed,544,"[13045242, 13045243]",90,13045243,ruby,ok,,ruby,rspec,1.0,,369,0,369,0,,11.12,,0
13046122,gma/nesta,0.0,,,ruby,,master,1,e51b156de15833902436e791ef71bf2f028634a4,build_found,cbf60ac15a33f3973a7d31d99e096ffea43d72f8,13045241,2013-10-25 15:54:38,2,e51b156de15833902436e791ef71bf2f028634a4,1,e51b156de15833902436e791ef71bf2f028634a4,,e51b156de15833902436e791ef71bf2f028634a4,,0,,0,0,0,0,1,0,0,0,0,1,72,1112,1767.08633093525,192.446043165468,248.201438848921,1.0,,2013-10-25 15:54:43,2013-10-25 16:00:10,passed,462,"[13046123, 13046124]",91,13046124,ruby,ok,,ruby,rspec,1.0,,369,0,369,0,,9.54,,0
13627243,gma/nesta,0.0,,,ruby,,master,3,f6c07fe7ae91551538b0daa26ffe8192b7c9b822#972f64b200cb0805444c6ff758c140954209c047#7d1adf342d6d4d530e20497e59fc5210d3e74bcf,build_found,e51b156de15833902436e791ef71bf2f028634a4,13046122,2013-11-07 10:15:27,2,7d1adf342d6d4d530e20497e59fc5210d3e74bcf#972f64b200cb0805444c6ff758c140954209c047#f6c07fe7ae91551538b0daa26ffe8192b7c9b822,3,7d1adf342d6d4d530e20497e59fc5210d3e74bcf,,7d1adf342d6d4d530e20497e59fc5210d3e74bcf,,0,,63,27,0,0,4,0,0,3,0,1,118,1130,1753.98230088496,192.920353982301,247.787610619469,1.0,,2013-11-07 11:11:58,2013-11-07 11:15:57,failed,430,"[13627244, 13627245]",92,13627245,ruby,broken,,ruby,rspec,1.0,,370,3,373,0,,5.96,,0
13630027,gma/nesta,0.0,,,ruby,,master,1,90d27b1fb7b0ef8314844718d80e496a5642bb30,build_found,7d1adf342d6d4d530e20497e59fc5210d3e74bcf,13627243,2013-11-07 12:34:09,2,90d27b1fb7b0ef8314844718d80e496a5642bb30,1,90d27b1fb7b0ef8314844718d80e496a5642bb30,,90d27b1fb7b0ef8314844718d80e496a5642bb30,,0,,17,9,0,0,2,0,0,2,0,0,26,1131,1759.50486295314,193.633952254642,248.452696728559,1.0,,2013-11-07 12:34:19,2013-11-07 12:35:23,failed,400,"[13630028, 13630029]",93,13630028,ruby,broken,,ruby,rspec,1.0,,371,3,374,0,,8.1,,0
13633318,gma/nesta,0.0,,,ruby,,master,1,a049ac1a9ac7af4296fccc87bb89b2277bcc96f7,build_found,90d27b1fb7b0ef8314844718d80e496a5642bb30,13630027,2013-11-07 13:48:44,2,a049ac1a9ac7af4296fccc87bb89b2277bcc96f7,1,a049ac1a9ac7af4296fccc87bb89b2277bcc96f7,,a049ac1a9ac7af4296fccc87bb89b2277bcc96f7,,0,,28,20,0,0,4,0,0,4,0,0,73,1127,1765.74977817214,194.321206743567,249.334516415262,1.0,,2013-11-07 13:50:20,2013-11-07 13:51:44,passed,408,"[13633319, 13633320]",94,13633320,ruby,ok,,ruby,rspec,1.0,,374,0,374,0,,4.78,,0
23740142,gma/nesta,0.0,,,ruby,,master,3,f3e12881cfd8313422ae4640961edfbb62cd568f#1691c107d03af2abc214e8d2bb522643233f742b#2d2101cd0071f237e06282721ec6b496c5b1b7a1,build_found,064e46ccd6e5787698644f3174065cebe6350c35,23270081,2014-04-24 14:58:21,2,2d2101cd0071f237e06282721ec6b496c5b1b7a1#1691c107d03af2abc214e8d2bb522643233f742b#f3e12881cfd8313422ae4640961edfbb62cd568f#07e61401f47d45596da7b73597e1d6a0d81fccbe#0a9f85247e7eacca4c552f14f410759502edeefb#a9d05c1e2f2ecd9d2fdf8b2d46a3e3da0de0b2df#e9dfdeb3b631dc1268da23e1d5277386c0f2a029#3b6abb46e479963b653455bd8c9e5d63b10ab9d3#083b5000b3e4d3469dcbba63bc0f4d96e52c5a7d#a0270175b62b8b64dfd855069a89795ed9e8f2c5,10,2d2101cd0071f237e06282721ec6b496c5b1b7a1,,2d2101cd0071f237e06282721ec6b496c5b1b7a1,,0,,183,0,1,0,6,0,0,4,0,2,124,1125,1768.88888888889,194.666666666667,249.777777777778,1.0,,2014-04-25 09:22:57,2014-04-25 09:25:03,passed,805,"[23740143, 23740144, 23740145]",103,23740145,ruby,ok,,ruby,rspec,1.0,,374,0,374,0,,6.21,,0
24019261,gma/nesta,0.0,,,ruby,,master,1,06a131a7a60f02b305d2ff0a9e458f4ca7950ac3,build_found,2d2101cd0071f237e06282721ec6b496c5b1b7a1,23740240,2014-04-29 14:11:00,2,06a131a7a60f02b305d2ff0a9e458f4ca7950ac3,1,06a131a7a60f02b305d2ff0a9e458f4ca7950ac3,,06a131a7a60f02b305d2ff0a9e458f4ca7950ac3,,0,,2,0,0,0,1,0,0,1,0,0,9,1125,1768.88888888889,194.666666666667,249.777777777778,1.0,,2014-04-29 14:11:07,2014-04-29 14:11:51,failed,903,"[24019262, 24019263, 24019264]",105,24019263,ruby,broken,,ruby,rspec,1.0,,373,1,374,0,,11.96,,0
24020668,gma/nesta,0.0,,,ruby,,master,1,8b0813583c59aa75952f375c2ee581dbd9ba2a85,build_found,06a131a7a60f02b305d2ff0a9e458f4ca7950ac3,24019261,2014-04-29 14:28:39,2,8b0813583c59aa75952f375c2ee581dbd9ba2a85,1,8b0813583c59aa75952f375c2ee581dbd9ba2a85,,8b0813583c59aa75952f375c2ee581dbd9ba2a85,,0,,0,2,0,0,1,0,0,1,0,0,29,1125,1768.88888888889,194.666666666667,249.777777777778,1.0,,2014-04-29 14:28:46,2014-04-29 14:30:00,passed,949,"[24020669, 24020670, 24020671]",106,24020670,ruby,ok,,ruby,rspec,1.0,,374,0,374,0,,8.33,,0
24175406,gma/nesta,0.0,,,ruby,,master,2,42cd22e04af2a52692c0ee81aa48885292c344b3#7386602d0b4fa801ed0cc5b0c0e0fcb9fffda729,build_found,8b0813583c59aa75952f375c2ee581dbd9ba2a85,24020668,2014-04-30 20:55:17,2,42cd22e04af2a52692c0ee81aa48885292c344b3,1,42cd22e04af2a52692c0ee81aa48885292c344b3,,42cd22e04af2a52692c0ee81aa48885292c344b3,,0,,0,0,0,0,1,0,0,0,1,0,60,1125,1768.88888888889,194.666666666667,249.777777777778,1.0,,2014-04-30 20:59:42,2014-05-01 11:35:50,passed,697,"[24175407, 24175408, 24175409]",109,24175409,ruby,ok,,ruby,rspec,1.0,,374,0,374,0,,5.45,,0
36856166,gma/nesta,0.0,,,ruby,,master,2,296e7414d14fd86ed16df2fbf19fb91bd48ff0e8#3b17811bb91fe80c37e828f59edddd19504d09eb,build_found,663a6a7fcd924b95fae391fb05c5c57218762f1f,36854786,2014-09-30 22:24:48,3,3b17811bb91fe80c37e828f59edddd19504d09eb#296e7414d14fd86ed16df2fbf19fb91bd48ff0e8,2,3b17811bb91fe80c37e828f59edddd19504d09eb,,3b17811bb91fe80c37e828f59edddd19504d09eb,,0,,14,0,0,0,3,0,0,3,0,0,58,1121,1775.20071364853,195.361284567351,250.669045495094,1.0,,2014-10-02 10:22:34,2014-10-02 10:23:13,passed,472,"[36856167, 36856168, 36856169]",120,36856169,ruby,ok,,ruby,rspec,1.0,,374,0,374,0,,4.04,,0
37201827,gma/nesta,0.0,,,ruby,,master,2,5929b45bf08d3ecb9da151fa8dc946655f6eb30f#c8e3eaa178f4a1554c266f795fae4779d6d67f3c,merge_found,,,2014-10-02 17:09:51,3,c8e3eaa178f4a1554c266f795fae4779d6d67f3c,1,c8e3eaa178f4a1554c266f795fae4779d6d67f3c,,c8e3eaa178f4a1554c266f795fae4779d6d67f3c,,0,,6,25,0,0,3,0,0,3,0,0,112,1119,1784.6291331546,195.710455764075,250.223413762288,1.0,,2014-10-06 16:13:17,2014-10-06 16:16:07,passed,485,"[37201828, 37201829, 37201830]",125,37201830,ruby,ok,,ruby,rspec,1.0,,372,0,372,0,,6.23,,0
37201894,gma/nesta,0.0,,,ruby,,master,1,9cbc501cd57313aef83511cdb3e1707f84047900,build_found,c8e3eaa178f4a1554c266f795fae4779d6d67f3c,37201827,2014-10-06 16:14:22,3,9cbc501cd57313aef83511cdb3e1707f84047900,1,9cbc501cd57313aef83511cdb3e1707f84047900,,9cbc501cd57313aef83511cdb3e1707f84047900,,0,,0,0,0,0,1,0,0,0,0,1,6,1119,1784.6291331546,195.710455764075,250.223413762288,1.0,,2014-10-06 16:14:27,2014-10-06 16:17:24,passed,527,"[37201895, 37201896, 37201897]",126,37201895,ruby,ok,,ruby,rspec,1.0,,372,0,372,0,,9.86,,0
37947386,gma/nesta,0.0,,,ruby,,master,1,d0f5b7186f89fab02d1c7bdd5da2997743d1302e,build_found,9cbc501cd57313aef83511cdb3e1707f84047900,37201894,2014-10-14 11:32:07,3,d0f5b7186f89fab02d1c7bdd5da2997743d1302e,1,d0f5b7186f89fab02d1c7bdd5da2997743d1302e,,d0f5b7186f89fab02d1c7bdd5da2997743d1302e,,0,,33,54,0,0,2,0,0,2,0,0,38,1132,1781.80212014134,194.34628975265,248.233215547703,1.0,,2014-10-14 15:04:00,2014-10-14 15:09:29,passed,726,"[37947387, 37947388, 37947389]",134,37947389,ruby,ok,,ruby,rspec,1.0,,373,0,373,0,,4.87,,0
38110765,gma/nesta,1.0,2014-10-15 23:22:46,155,ruby,commits_in_master,master,2,ec2f729e0d00c8c09eac294dc14bdf7341c1ec44#7a971e47e70b0867304d2d74f6fd3eb224efe743,build_found,d0f5b7186f89fab02d1c7bdd5da2997743d1302e,37947386,2014-10-15 00:00:14,3,ec2f729e0d00c8c09eac294dc14bdf7341c1ec44,1,ec2f729e0d00c8c09eac294dc14bdf7341c1ec44,d0f5b7186f89fab02d1c7bdd5da2997743d1302e,51778f6d22b71ae521b8a4a7dac2e438545e7a54,0,0,0,4,4,0,0,2,0,0,2,0,0,91,1132,1783.56890459364,194.34628975265,248.233215547703,1.0,10,2014-10-16 11:53:52,2014-10-16 01:23:34,passed,550,"[38110766, 38110767, 38110768]",135,38110767,ruby,ok,,ruby,rspec,1.0,,373,0,373,0,,6.4,,0
38147395,gma/nesta,0.0,,,ruby,,master,2,ec2f729e0d00c8c09eac294dc14bdf7341c1ec44#7a971e47e70b0867304d2d74f6fd3eb224efe743,merge_found,,,2014-10-15 00:00:14,3,7a971e47e70b0867304d2d74f6fd3eb224efe743,1,7a971e47e70b0867304d2d74f6fd3eb224efe743,,7a971e47e70b0867304d2d74f6fd3eb224efe743,,0,,4,4,0,0,2,0,0,2,0,0,92,1132,1783.56890459364,194.34628975265,248.233215547703,1.0,,2014-10-16 11:53:52,2014-10-16 11:54:32,passed,510,"[38147396, 38147397, 38147398]",136,38147396,ruby,ok,,ruby,rspec,1.0,,373,0,373,0,,12.24,,0
41069897,gma/nesta,1.0,2014-11-15 03:24:44,159,ruby,commits_in_master,master,2,b5d5153f74d19788cf6dc22fca8fccc1b15e006d#764ad64248b4d81425a14ba9b14cb1e0747ab211,build_found,7a971e47e70b0867304d2d74f6fd3eb224efe743,38147395,2014-11-15 04:22:11,3,b5d5153f74d19788cf6dc22fca8fccc1b15e006d,1,b5d5153f74d19788cf6dc22fca8fccc1b15e006d,7a971e47e70b0867304d2d74f6fd3eb224efe743,fe1886652d1d29e0de9946a43c49276babcf5fac,0,0,0,22,55,0,0,2,0,0,2,0,0,93,1132,1802.12014134276,195.229681978799,250.0,1.0,22,2014-11-17 18:16:42,2014-11-15 04:25:40,passed,507,"[41069898, 41069899, 41069900]",140,41069898,ruby,ok,0,ruby,rspec,1.0,,442,0,442,0,,10.75,,0
41274146,gma/nesta,0.0,,,ruby,,master,2,b5d5153f74d19788cf6dc22fca8fccc1b15e006d#764ad64248b4d81425a14ba9b14cb1e0747ab211,merge_found,,,2014-11-15 04:22:11,3,764ad64248b4d81425a14ba9b14cb1e0747ab211,1,764ad64248b4d81425a14ba9b14cb1e0747ab211,,764ad64248b4d81425a14ba9b14cb1e0747ab211,,0,,22,55,0,0,2,0,0,2,0,0,94,1132,1802.12014134276,195.229681978799,250.0,1.0,,2014-11-17 18:16:42,2014-11-17 18:27:14,passed,672,"[41274147, 41274148, 41274149]",141,41274148,ruby,ok,1,ruby,rspec,1.0,,442,0,442,0,,14.68,,0
41341841,gma/nesta,0.0,,,ruby,,master,1,d0c22e1ba12b5e90302da008279f0b40a6d5c892,build_found,764ad64248b4d81425a14ba9b14cb1e0747ab211,41274146,2014-11-18 09:41:17,3,d0c22e1ba12b5e90302da008279f0b40a6d5c892,1,d0c22e1ba12b5e90302da008279f0b40a6d5c892,,d0c22e1ba12b5e90302da008279f0b40a6d5c892,,0,,0,0,1,0,0,0,0,0,0,1,0,1132,1802.12014134276,195.229681978799,250.0,1.0,,2014-11-18 09:41:39,2014-11-18 09:42:20,passed,542,"[41341842, 41341843, 41341845]",143,41341843,ruby,ok,0,ruby,rspec,1.0,,442,0,442,0,,9.03,,0
43578345,gma/nesta,0.0,,,ruby,,master,1,364231a08c7976aa1effc735b6444fff1d398411,build_found,d0c22e1ba12b5e90302da008279f0b40a6d5c892,41341841,2014-12-10 10:26:27,3,364231a08c7976aa1effc735b6444fff1d398411,1,364231a08c7976aa1effc735b6444fff1d398411,,364231a08c7976aa1effc735b6444fff1d398411,,0,,0,0,0,0,1,0,0,0,1,0,4,1132,1802.12014134276,195.229681978799,250.0,1.0,,2014-12-10 10:26:32,2014-12-10 10:27:13,failed,520,"[43578346, 43578347, 43578348]",144,43578348,ruby,broken,0,ruby,rspec,1.0,,441,1,442,0,,6.04,,0
43579032,gma/nesta,0.0,,,ruby,,master,1,826043aa0435f47daf5277bdca3e2851d3e3391e,build_found,364231a08c7976aa1effc735b6444fff1d398411,43578345,2014-12-10 10:34:48,3,826043aa0435f47daf5277bdca3e2851d3e3391e,1,826043aa0435f47daf5277bdca3e2851d3e3391e,,826043aa0435f47daf5277bdca3e2851d3e3391e,,0,,0,4,0,0,1,0,0,1,0,0,41,1132,1802.12014134276,195.229681978799,250.0,1.0,,2014-12-10 10:34:53,2014-12-10 10:35:30,passed,489,"[43579033, 43579034, 43579035]",145,43579035,ruby,ok,0,ruby,rspec,1.0,,442,0,442,0,,5.81,,0
47621499,gma/nesta,0.0,,,ruby,,master,3,eefcf483de2d45994d845f08b6d41204edeb7be8#bac5097470c8747cb284e69f03f26967141353ed#1ec5ecdcf21ba89970da549895e6d0f2974fa168,merge_found,,,2015-01-19 04:47:24,2,1ec5ecdcf21ba89970da549895e6d0f2974fa168#bac5097470c8747cb284e69f03f26967141353ed,2,1ec5ecdcf21ba89970da549895e6d0f2974fa168,,1ec5ecdcf21ba89970da549895e6d0f2974fa168,,0,,9,6,0,0,2,0,0,2,0,0,29,1128,1808.51063829787,195.921985815603,250.886524822695,1.0,,2015-01-20 08:54:38,2015-01-20 08:55:43,passed,532,"[47621500, 47621501, 47621502]",148,47621500,ruby,ok,0,ruby,rspec,1.0,,442,0,442,0,,11.96,,0
50169378,gma/nesta,0.0,,,ruby,,master,3,eefcf483de2d45994d845f08b6d41204edeb7be8#bac5097470c8747cb284e69f03f26967141353ed#1ec5ecdcf21ba89970da549895e6d0f2974fa168,merge_found,,,2015-01-19 04:47:24,3,1ec5ecdcf21ba89970da549895e6d0f2974fa168#bac5097470c8747cb284e69f03f26967141353ed,2,1ec5ecdcf21ba89970da549895e6d0f2974fa168,,1ec5ecdcf21ba89970da549895e6d0f2974fa168,,0,,9,6,0,0,2,0,0,2,0,0,29,1128,1808.51063829787,195.921985815603,250.886524822695,1.0,,2015-01-20 08:54:38,2015-02-10 08:30:13,passed,558,"[50169379, 50169380, 50169381]",151,50169380,ruby,ok,0,ruby,rspec,1.0,,442,0,442,0,,7.11,,0
50309239,gma/nesta,0.0,,,ruby,,master,3,eefcf483de2d45994d845f08b6d41204edeb7be8#bac5097470c8747cb284e69f03f26967141353ed#1ec5ecdcf21ba89970da549895e6d0f2974fa168,merge_found,,,2015-01-19 04:47:24,3,1ec5ecdcf21ba89970da549895e6d0f2974fa168#bac5097470c8747cb284e69f03f26967141353ed,2,1ec5ecdcf21ba89970da549895e6d0f2974fa168,,1ec5ecdcf21ba89970da549895e6d0f2974fa168,,0,,9,6,0,0,2,0,0,2,0,0,29,1128,1808.51063829787,195.921985815603,250.886524822695,1.0,,2015-01-20 08:54:38,2015-02-11 06:48:43,passed,445,"[50309240, 50309241, 50309242]",154,50309241,ruby,ok,0,ruby,rspec,1.0,,442,0,442,0,,4.71,,0
50309471,gma/nesta,0.0,,,ruby,,master,1,6d3128b14ff5a0e1967589cd08a1616ab1a36e15,build_found,1ec5ecdcf21ba89970da549895e6d0f2974fa168,50309239,2015-02-09 08:08:11,3,6d3128b14ff5a0e1967589cd08a1616ab1a36e15,1,6d3128b14ff5a0e1967589cd08a1616ab1a36e15,,6d3128b14ff5a0e1967589cd08a1616ab1a36e15,,1,,655,866,19,1,2,0,0,22,0,0,69,1177,1751.06202209006,187.765505522515,240.441801189465,1.0,,2015-02-11 06:51:38,2015-02-11 06:52:13,passed,475,"[50309472, 50309473, 50309474]",155,50309472,ruby,ok,0,ruby,rspec,1.0,,442,0,442,0,,9.33,,0
50314172,gma/nesta,0.0,,,ruby,,master,1,a3d8d67f1d61dc0de2a7a9df831316b32cff1d6d,build_found,6d3128b14ff5a0e1967589cd08a1616ab1a36e15,50309471,2015-02-11 08:10:07,3,a3d8d67f1d61dc0de2a7a9df831316b32cff1d6d,1,a3d8d67f1d61dc0de2a7a9df831316b32cff1d6d,,a3d8d67f1d61dc0de2a7a9df831316b32cff1d6d,,0,,0,0,0,0,1,0,0,0,0,1,7,1177,1751.06202209006,187.765505522515,240.441801189465,1.0,,2015-02-11 08:10:11,2015-02-11 08:10:45,failed,647,"[50314173, 50314174, 50314175, 50314176]",158,50314175,ruby,ok,0,ruby,rspec,1.0,,442,0,442,0,,5.19,,0
52858639,gma/nesta,0.0,,,ruby,,master,8,a99a979ca0e7308c7ffb929c194fe7f8cad2466d#83951fbd0f5ed261486bca91138263cd9860e2d7#e24e7285110f3cb372f6f4e63ee1cb2069fea71f#c89d22067495edd64be57f360fdc3d06be773948#9ca425184121a452c19539d43d74a20a7fef446c#92fc6d4e260238b03d92db875cc6f56d24215c09#65a76d87086b685e9e3f16e8ec084a988311099b#9b7b26dccdbf894991d0971793c5d3cc6b95d2ed,merge_found,,,2015-02-11 07:44:42,4,9b7b26dccdbf894991d0971793c5d3cc6b95d2ed,1,9b7b26dccdbf894991d0971793c5d3cc6b95d2ed,,9b7b26dccdbf894991d0971793c5d3cc6b95d2ed,,0,,215,119,8,0,3,0,0,10,0,1,7,1193,1740.15088013412,190.276613579212,249.790444258173,1.0,,2015-03-03 07:23:08,2015-03-03 07:23:52,failed,577,"[52858640, 52858642, 52858644, 52858645]",175,52858642,ruby,ok,0,ruby,rspec,1.0,,448,0,448,0,,5.6,,0
54577206,gma/nesta,0.0,,,ruby,,master,1,f3e354a5328ded73a283ef482877269216354fa4,build_found,9b7b26dccdbf894991d0971793c5d3cc6b95d2ed,52858639,2015-03-16 14:34:46,4,f3e354a5328ded73a283ef482877269216354fa4,1,f3e354a5328ded73a283ef482877269216354fa4,,f3e354a5328ded73a283ef482877269216354fa4,,0,,6,0,0,0,1,0,0,1,0,0,44,1193,1740.15088013412,190.276613579212,249.790444258173,1.0,,2015-03-16 14:35:35,2015-03-16 14:39:42,passed,660,"[54577207, 54577208, 54577209, 54577210]",176,54577207,ruby,ok,1,ruby,rspec,1.0,,448,0,448,0,,9.87,,0
54601542,gma/nesta,0.0,,,ruby,,master,8,7f1b101f2d5e6ec8e67aeec5d4b1c4b6ad01bb05#9d2d7e98c4550b41c7570101216a470f7029e25e#3b70137d522f2a0d0c5285126780cdb25fd46789#d40235bbf8d3e829323e7f4200d695cf31f2d3a4#94715491469c6eec49c33584c69c17612ef33a42#df5b28c9408496b4666168f64b2ac74a529f5043#c8e05613b47cf4ffb6bd45b81bc3516d2ada40ad#3936e7cc68e3463ea9ea2f9103849823c4d58343,build_found,f3e354a5328ded73a283ef482877269216354fa4,54577206,2015-03-16 15:17:46,4,3936e7cc68e3463ea9ea2f9103849823c4d58343#c8e05613b47cf4ffb6bd45b81bc3516d2ada40ad#df5b28c9408496b4666168f64b2ac74a529f5043#94715491469c6eec49c33584c69c17612ef33a42#d40235bbf8d3e829323e7f4200d695cf31f2d3a4#3b70137d522f2a0d0c5285126780cdb25fd46789#9d2d7e98c4550b41c7570101216a470f7029e25e#7f1b101f2d5e6ec8e67aeec5d4b1c4b6ad01bb05,8,3936e7cc68e3463ea9ea2f9103849823c4d58343,,3936e7cc68e3463ea9ea2f9103849823c4d58343,,0,,79,0,0,0,5,0,0,3,0,2,128,1193,1740.15088013412,190.276613579212,249.790444258173,1.0,,2015-03-16 17:20:06,2015-03-16 17:35:11,passed,603,"[54601543, 54601544, 54601545, 54601546]",177,54601543,ruby,ok,0,ruby,rspec,1.0,,448,0,448,0,,11.81,,0
54604776,gma/nesta,0.0,,,ruby,,master,1,9e9ea20c6ccf15cc5900abc6482a3d2cc6a61cc1,build_found,3936e7cc68e3463ea9ea2f9103849823c4d58343,54602093,2015-03-16 17:39:32,4,9e9ea20c6ccf15cc5900abc6482a3d2cc6a61cc1,1,9e9ea20c6ccf15cc5900abc6482a3d2cc6a61cc1,,9e9ea20c6ccf15cc5900abc6482a3d2cc6a61cc1,,0,,22,0,1,0,0,0,0,1,0,0,0,1193,1740.15088013412,190.276613579212,249.790444258173,1.0,,2015-03-16 17:39:38,2015-03-16 17:55:24,passed,512,"[54604777, 54604778, 54604779, 54604780]",179,54604779,ruby,ok,0,ruby,rspec,1.0,,448,0,448,0,,4.41,,0
54610818,gma/nesta,0.0,,,ruby,,master,1,5e2ec85afce5cb0f5ccc4ecf01be2763bc83a29a,build_found,9e9ea20c6ccf15cc5900abc6482a3d2cc6a61cc1,54604776,2015-03-16 18:22:11,4,5e2ec85afce5cb0f5ccc4ecf01be2763bc83a29a,1,5e2ec85afce5cb0f5ccc4ecf01be2763bc83a29a,,5e2ec85afce5cb0f5ccc4ecf01be2763bc83a29a,,0,,0,0,0,0,1,0,0,0,0,1,76,1193,1740.15088013412,190.276613579212,249.790444258173,1.0,,2015-03-16 18:22:16,2015-03-16 18:38:14,passed,516,"[54610820, 54610821, 54610822, 54610823]",180,54610820,ruby,ok,0,ruby,rspec,1.0,,448,0,448,0,,11.48,,0
55987630,gma/nesta,0.0,,,ruby,,master,4,fb9fbedbedef61bec54f3a093ea7a50b06faee00#78428db4176ad124e3f36673065bd951821fe12c#b0eb1a2aa742f567a28f792c7921e344123b1c40#363e1dccc5be94217fa6cebf9d40cd9de79b8bba,build_found,5e2ec85afce5cb0f5ccc4ecf01be2763bc83a29a,54610818,2015-03-26 17:26:18,4,363e1dccc5be94217fa6cebf9d40cd9de79b8bba#b0eb1a2aa742f567a28f792c7921e344123b1c40#78428db4176ad124e3f36673065bd951821fe12c#fb9fbedbedef61bec54f3a093ea7a50b06faee00,4,363e1dccc5be94217fa6cebf9d40cd9de79b8bba,,363e1dccc5be94217fa6cebf9d40cd9de79b8bba,,0,,12,0,0,0,4,0,0,3,0,1,127,1193,1740.15088013412,190.276613579212,249.790444258173,1.0,,2015-03-26 17:59:40,2015-03-26 18:12:05,passed,535,"[55987631, 55987632, 55987633, 55987634]",181,55987632,ruby,ok,0,ruby,rspec,1.0,,448,0,448,0,,7.25,,0
71263552,gma/nesta,0.0,,,ruby,,master,2,fe563901838888cb1c1ab8c16b207123daf7f128#c6877bac7a517a5f106dc3acac7ddbf143a18464,build_found,363e1dccc5be94217fa6cebf9d40cd9de79b8bba,55987637,2015-07-09 16:09:19,2,c6877bac7a517a5f106dc3acac7ddbf143a18464#fe563901838888cb1c1ab8c16b207123daf7f128,2,c6877bac7a517a5f106dc3acac7ddbf143a18464,,c6877bac7a517a5f106dc3acac7ddbf143a18464,,0,,14,0,0,0,2,0,0,1,0,0,12,1198,1732.88814691152,189.482470784641,248.747913188648,1.0,,2015-07-16 14:31:28,2015-07-16 14:32:27,passed,543,"[71263553, 71263554, 71263555, 71263556]",183,71263554,ruby,ok,0,ruby,rspec,1.0,,448,0,448,0,,5.78,,0
92531903,gma/nesta,0.0,,,ruby,,master,16,482892c5ced85b55846eeffa4423a6b0b3fdf5c3#7498c94f2c6f4266261daa8a45e2c55514ae4ee2#64d7f3e36c43735f82b9c59b25d689a9d171ab94#5a5533d7da96f39dfbc6a96abead9fc2c1ad47e3#4fa8fbbe2789e16079f8e67466f46d0654cb9ef2#9c70d615ac53ef2806b12aef514b44f490de2ddc#45ccdb8e1e1f0e99ccf1ac1df86ed58d9b1b88fc#d12939a01931a1205ee12b952c2cc7ad27dd46ab#095b7a030197278b6d124dba3f03a2d12b1d6f54#aa9378614d35d0e96e84273f3a81f0a3b196dad5#4817eff477118778dc0a778940af0e942aa6adfc#9e7727a6215a0a224fe1ea9d779ca6cf7c5ebe1d#482510f63c2a94c6eaa17956694d8b76263fcd4f#407dd01d9201881f9d48428170faa174bf906181#7c93da66de8ea146ea364447b6715e714b046bad#2a2e36361f836cc14eb6ddf371282c278aa08b59,build_found,c6877bac7a517a5f106dc3acac7ddbf143a18464,71263552,2015-11-13 11:37:37,2,482892c5ced85b55846eeffa4423a6b0b3fdf5c3#704a1dfa3b61d7d6a9cd9a779404b70ea6260833,2,482892c5ced85b55846eeffa4423a6b0b3fdf5c3,,482892c5ced85b55846eeffa4423a6b0b3fdf5c3,,0,,15,15,0,0,3,0,0,3,0,0,130,1190,1736.13445378151,189.915966386555,249.579831932773,1.0,,2015-11-22 09:43:54,2015-11-22 09:44:52,passed,575,"[92531904, 92531905, 92531906, 92531907]",203,92531905,ruby,ok,1,ruby,rspec,1.0,,447,0,447,0,,6.27,,0
151436500,gma/nesta,0.0,,,ruby,,master,,,merge_found,,,,1,935b73d802898902ed9c562ad6b08a63d7694722,1,935b73d802898902ed9c562ad6b08a63d7694722,,935b73d802898902ed9c562ad6b08a63d7694722,,0,,141,4845,28,18,9,0,0,56,0,5,313,1205,1667.21991701245,156.846473029046,200.0,1.0,,,2016-08-11 07:59:12,passed,240,"[151436501, 151436502]",236,151436502,ruby,ok,1,ruby,,0.0,,,,,,,,,0
