tr_build_id,gh_project_name,gh_is_pr,gh_pr_created_at,gh_pull_req_num,gh_lang,git_merged_with,git_branch,gh_num_commits_in_push,gh_commits_in_push,git_prev_commit_resolution_status,git_prev_built_commit,tr_prev_build,gh_first_commit_created_at,gh_team_size,git_all_built_commits,git_num_all_built_commits,git_trigger_commit,tr_virtual_merged_into,tr_original_commit,gh_num_issue_comments,gh_num_commit_comments,gh_num_pr_comments,git_diff_src_churn,git_diff_test_churn,gh_diff_files_added,gh_diff_files_deleted,gh_diff_files_modified,gh_diff_tests_added,gh_diff_tests_deleted,gh_diff_src_files,gh_diff_doc_files,gh_diff_other_files,gh_num_commits_on_files_touched,gh_sloc,gh_test_lines_per_kloc,gh_test_cases_per_kloc,gh_asserts_cases_per_kloc,gh_by_core_team_member,gh_description_complexity,gh_pushed_at,gh_build_started_at,tr_status,tr_duration,tr_jobs,tr_build_number,tr_job_id,tr_log_lan,tr_log_status,tr_log_setup_time,tr_log_analyzer,tr_log_frameworks,tr_log_bool_tests_ran,tr_log_bool_tests_failed,tr_log_num_tests_ok,tr_log_num_tests_failed,tr_log_num_tests_run,tr_log_num_tests_skipped,tr_log_tests_failed,tr_log_testduration,tr_log_buildduration,build_successful
118450,nov/openid_connect,0.0,,,ruby,,master,,,build_found,b04a89f9d9ac687f5ea9cee602f60ff811330724,97733,,0,e6612f6188f28c6bb5fe936fde1b57de6fe2b78d,1,e6612f6188f28c6bb5fe936fde1b57de6fe2b78d,,e6612f6188f28c6bb5fe936fde1b57de6fe2b78d,,0,,0,0,1,0,0,0,0,0,0,1,0,621,1774.55716586151,22.5442834138486,219.001610305958,0.0,,,2011-09-01 11:44:42,failed,418,"[118451, 118455, 118456, 118453, 118454, 118452]",22,118454,ruby,unknown,,ruby,rspec,1.0,,182,0,182,2,,11.71,,0
123299,nov/openid_connect,0.0,,,ruby,,master,,,build_found,cf37aa454753072fa2af525376b086e5decfa98f,,,0,6d760da01d01822250874d9f29ffebd13a1a9dcf,1,6d760da01d01822250874d9f29ffebd13a1a9dcf,,6d760da01d01822250874d9f29ffebd13a1a9dcf,,0,,26,0,0,0,1,0,0,1,0,0,22,621,1774.55716586151,22.5442834138486,219.001610305958,0.0,,,2011-09-03 00:54:38,failed,412,"[123303, 123304, 123302, 123300, 123301]",24,123304,ruby,unknown,,ruby,rspec,1.0,,182,0,182,2,,15.28,,0
123390,nov/openid_connect,0.0,,,ruby,,master,,,build_found,e6612f6188f28c6bb5fe936fde1b57de6fe2b78d,118450,,0,cf37aa454753072fa2af525376b086e5decfa98f,1,cf37aa454753072fa2af525376b086e5decfa98f,,cf37aa454753072fa2af525376b086e5decfa98f,,0,,0,0,0,0,1,0,0,0,0,1,1,621,1774.55716586151,22.5442834138486,219.001610305958,0.0,,,2011-09-03 00:27:42,failed,403,"[123394, 123391, 123392, 123393, 123395]",23,123391,ruby,unknown,,ruby,rspec,1.0,,182,0,182,2,,11.38,,0
123439,nov/openid_connect,0.0,,,ruby,,master,,,build_found,6d760da01d01822250874d9f29ffebd13a1a9dcf,123299,,0,ce138d3f8e2c974e73347b9cdff6e202a8a79a90,1,ce138d3f8e2c974e73347b9cdff6e202a8a79a90,,ce138d3f8e2c974e73347b9cdff6e202a8a79a90,,0,,16,0,0,0,2,0,0,2,0,0,24,621,1774.55716586151,22.5442834138486,219.001610305958,0.0,,,2011-09-03 00:59:26,failed,473,"[123443, 123442, 123440, 123444, 123441]",25,123442,ruby,unknown,,ruby,rspec,1.0,,182,0,182,2,,20.78,,0
123727,nov/openid_connect,0.0,,,ruby,,master,,,build_found,ce138d3f8e2c974e73347b9cdff6e202a8a79a90,123439,,0,a3cd89d05bdf8312200cdcad59922e8b25396331,1,a3cd89d05bdf8312200cdcad59922e8b25396331,,a3cd89d05bdf8312200cdcad59922e8b25396331,,0,,0,2,0,0,1,0,0,1,0,0,3,621,1774.55716586151,22.5442834138486,219.001610305958,0.0,,,2011-09-03 01:58:51,failed,445,"[123731, 123728, 123732, 123730, 123729]",26,123732,ruby,unknown,,ruby,rspec,1.0,,182,0,182,2,,8.19,,0
146207,nov/openid_connect,0.0,,,ruby,,master,,,build_found,a3cd89d05bdf8312200cdcad59922e8b25396331,123727,,0,a0553d3f13986ad7d1c56d3ec2bcbcefe2497b6d,1,a0553d3f13986ad7d1c56d3ec2bcbcefe2497b6d,,a0553d3f13986ad7d1c56d3ec2bcbcefe2497b6d,,0,,26,0,0,0,2,0,0,1,0,1,27,642,1716.51090342679,21.8068535825545,211.83800623053,0.0,,,2011-09-10 09:06:22,failed,477,"[146212, 146208, 146209, 146211, 146210]",27,146212,ruby,unknown,,ruby,rspec,1.0,,177,5,182,2,,14.02,,0
146527,nov/openid_connect,0.0,,,ruby,,master,,,build_found,a0553d3f13986ad7d1c56d3ec2bcbcefe2497b6d,146207,,0,57ccd790d07b91ebe68836901fea3f35e7ad2181#5872b2830d516d36d4dde036f37232687aec53d7,2,57ccd790d07b91ebe68836901fea3f35e7ad2181,,57ccd790d07b91ebe68836901fea3f35e7ad2181,,0,,39,0,0,0,4,0,0,3,0,1,48,673,1637.44427934621,20.8023774145617,202.080237741456,0.0,,,2011-09-10 09:55:40,failed,495,"[146531, 146529, 146528, 146530, 146532]",28,146528,ruby,unknown,,ruby,rspec,1.0,,182,0,182,2,,10.96,,0
147235,nov/openid_connect,0.0,,,ruby,,master,,,build_found,5a9ec552757b9ab8c1307409eb67e60fcba879c2,,,0,00b33a4431d3988c5e38551459f952c0a393c5d5#dc86eb2595b33eda70b7330985a09a93f45e1b75,2,00b33a4431d3988c5e38551459f952c0a393c5d5,,00b33a4431d3988c5e38551459f952c0a393c5d5,,0,,37,6,0,0,7,0,0,6,0,1,56,707,1644.97878359264,25.4596888260255,216.407355021216,0.0,,,2011-09-10 17:35:53,passed,452,"[147240, 147236, 147239, 147238, 147237]",31,147240,ruby,unknown,,ruby,rspec,1.0,,189,0,189,2,,10.57,,0
147307,nov/openid_connect,0.0,,,ruby,,master,,,build_found,57ccd790d07b91ebe68836901fea3f35e7ad2181,146527,,0,7fb2840d8fed5fa8bced8abade2d410c84f4764a,1,7fb2840d8fed5fa8bced8abade2d410c84f4764a,,7fb2840d8fed5fa8bced8abade2d410c84f4764a,,0,,14,2,0,0,4,0,0,3,0,1,44,673,1637.44427934621,20.8023774145617,202.080237741456,0.0,,,2011-09-10 16:21:14,passed,488,"[147310, 147311, 147312, 147308, 147309]",29,147309,ruby,unknown,,ruby,rspec,1.0,,182,0,182,2,,13.94,,0
147490,nov/openid_connect,0.0,,,ruby,,master,,,build_found,7fb2840d8fed5fa8bced8abade2d410c84f4764a,147307,,0,5a9ec552757b9ab8c1307409eb67e60fcba879c2#49f9ca628e480e0cb7cdbc0a4377fe6bd358554b,2,5a9ec552757b9ab8c1307409eb67e60fcba879c2,,5a9ec552757b9ab8c1307409eb67e60fcba879c2,,0,,37,65,4,0,5,0,0,8,0,1,51,694,1670.0288184438,25.9365994236311,214.697406340058,0.0,,,2011-09-10 16:57:21,passed,493,"[147492, 147493, 147494, 147495, 147491]",30,147492,ruby,unknown,,ruby,rspec,1.0,,189,0,189,2,,11.21,,0
148535,nov/openid_connect,0.0,,,ruby,,master,,,build_found,00b33a4431d3988c5e38551459f952c0a393c5d5,147235,,0,0d9368c7bec0af769fb8f71efffe19228f054121,1,0d9368c7bec0af769fb8f71efffe19228f054121,,0d9368c7bec0af769fb8f71efffe19228f054121,,0,,15,0,0,0,4,0,0,3,0,1,52,704,1651.98863636364,25.5681818181818,217.329545454545,0.0,,,2011-09-11 04:19:02,passed,456,"[148810, 148808, 148806, 148809, 148807]",32,148809,ruby,unknown,,ruby,rspec,1.0,,189,0,189,2,,40.66,,0
148655,nov/openid_connect,0.0,,,ruby,,master,,,build_found,ce1e9994def6643652ccd252227800b54bd78103,,,0,c63ea726828cef0da0ea91e7188714c1eb03ee3a,1,c63ea726828cef0da0ea91e7188714c1eb03ee3a,,c63ea726828cef0da0ea91e7188714c1eb03ee3a,,0,,5,0,0,0,3,0,0,2,0,1,53,705,1649.64539007092,25.531914893617,217.021276595745,0.0,,,2011-09-11 09:53:22,passed,452,"[149050, 149046, 149047, 149048, 149049]",35,149049,ruby,unknown,,ruby,rspec,1.0,,189,0,189,2,,69.16,,0
148672,nov/openid_connect,0.0,,,ruby,,master,,,build_found,0d9368c7bec0af769fb8f71efffe19228f054121,148535,,0,8eb4670b096953187a446a2fd54a9e662a8c9f5c,1,8eb4670b096953187a446a2fd54a9e662a8c9f5c,,8eb4670b096953187a446a2fd54a9e662a8c9f5c,,0,,8,0,0,0,1,0,0,1,0,0,30,704,1651.98863636364,25.5681818181818,217.329545454545,0.0,,,2011-09-11 04:22:33,passed,451,"[148676, 148675, 148673, 148674, 148677]",33,148674,ruby,unknown,,ruby,rspec,1.0,,189,0,189,2,,14.89,,0
148915,nov/openid_connect,0.0,,,ruby,,master,,,build_found,8eb4670b096953187a446a2fd54a9e662a8c9f5c,148672,,0,ce1e9994def6643652ccd252227800b54bd78103,1,ce1e9994def6643652ccd252227800b54bd78103,,ce1e9994def6643652ccd252227800b54bd78103,,0,,2,0,0,0,2,0,0,1,0,1,30,704,1651.98863636364,25.5681818181818,217.329545454545,0.0,,,2011-09-11 09:32:37,failed,507,"[148916, 148919, 148917, 148920, 148918]",34,148919,java,unknown,,java-ant,,0.0,,,,,,,,,0
153263,nov/openid_connect,0.0,,,ruby,,master,,,build_found,c63ea726828cef0da0ea91e7188714c1eb03ee3a,148655,,0,198409355508e9e2f9cde7aadb810602eecef0af,1,198409355508e9e2f9cde7aadb810602eecef0af,,198409355508e9e2f9cde7aadb810602eecef0af,,0,,4,6,0,0,4,0,0,3,0,1,53,705,1649.64539007092,25.531914893617,217.021276595745,0.0,,,2011-09-12 22:05:26,passed,488,"[153272, 153265, 153270, 153264, 153268]",36,153268,ruby,unknown,,ruby,rspec,1.0,,189,0,189,2,,13.58,,0
154349,nov/openid_connect,0.0,,,ruby,,master,,,build_found,198409355508e9e2f9cde7aadb810602eecef0af,153263,,0,6345bd16c84f5fd81b98d00de7f66523e6bb6e39#30658df0e8c286d187ca55c5ea194ff497a10695#11a72cdc44ec7a5dd58aa43c4899b218062fa3f6,3,6345bd16c84f5fd81b98d00de7f66523e6bb6e39,,6345bd16c84f5fd81b98d00de7f66523e6bb6e39,,0,,21,0,0,0,4,0,0,3,0,1,55,711,1635.72433192686,25.3164556962025,215.189873417722,0.0,,,2011-09-13 05:31:12,passed,500,"[154350, 154354, 154353, 154352, 154351]",37,154351,ruby,unknown,,ruby,rspec,1.0,,189,0,189,2,,15.22,,0
161588,nov/openid_connect,0.0,,,ruby,,master,,,build_found,6345bd16c84f5fd81b98d00de7f66523e6bb6e39,154349,,0,ea12e64a6a242ddd350b860850c13690d92aa511,1,ea12e64a6a242ddd350b860850c13690d92aa511,,ea12e64a6a242ddd350b860850c13690d92aa511,,0,,0,0,0,0,1,0,0,0,0,1,2,711,1635.72433192686,25.3164556962025,215.189873417722,0.0,,,2011-09-15 11:43:00,passed,446,"[161591, 161589, 161590, 161592]",38,161592,ruby,unknown,,ruby,rspec,1.0,,189,0,189,2,,61.85,,0
163898,nov/openid_connect,0.0,,,ruby,,master,,,build_found,ea12e64a6a242ddd350b860850c13690d92aa511,161588,,0,bfad6a87866a4a3043d2a363a2c6679be7c6860c,1,bfad6a87866a4a3043d2a363a2c6679be7c6860c,,bfad6a87866a4a3043d2a363a2c6679be7c6860c,,0,,13,8,0,0,2,0,0,2,0,0,1,703,1657.18349928876,25.6045519203414,220.483641536273,0.0,,,2011-09-16 08:55:19,passed,391,"[163901, 163899, 163900, 163902]",39,163899,ruby,unknown,,ruby,rspec,1.0,,191,0,191,2,,11.21,,0
172043,nov/openid_connect,0.0,,,ruby,,master,,,build_found,bfad6a87866a4a3043d2a363a2c6679be7c6860c,163898,,0,e1116532a95a1fe1e1f61099f592426c296fd519,1,e1116532a95a1fe1e1f61099f592426c296fd519,,e1116532a95a1fe1e1f61099f592426c296fd519,,0,,0,0,0,0,1,0,0,0,0,1,27,703,1657.18349928876,25.6045519203414,220.483641536273,0.0,,,2011-09-20 04:39:18,failed,437,"[172047, 172046, 172044, 172045]",40,172047,java,unknown,,java-ant,,0.0,,,,,,,,,0
172082,nov/openid_connect,0.0,,,ruby,,master,,,build_found,e1116532a95a1fe1e1f61099f592426c296fd519,172043,,0,5c53885b1d684082dfe26517f890de3e5350b2fe#f48dd6f0c2ce9915560169aefe262a5b2dd7e0ec,2,5c53885b1d684082dfe26517f890de3e5350b2fe,,5c53885b1d684082dfe26517f890de3e5350b2fe,,0,,45,225,0,2,11,0,0,12,0,1,63,687,1427.94759825328,26.2008733624454,200.873362445415,0.0,,,2011-09-20 05:26:14,passed,383,"[172085, 172084, 172086, 172083]",41,172086,ruby,unknown,,ruby,rspec,1.0,,174,0,174,2,,67.92,,0
174412,nov/openid_connect,0.0,,,ruby,,master,,,build_found,5c53885b1d684082dfe26517f890de3e5350b2fe,172082,,0,3e45932b73e5cc0872865013fc2fde402e045893,1,3e45932b73e5cc0872865013fc2fde402e045893,,3e45932b73e5cc0872865013fc2fde402e045893,,0,,30,0,0,0,3,0,0,3,0,0,43,691,1419.68162083936,26.0492040520984,199.710564399421,0.0,,,2011-09-21 05:37:20,passed,384,"[174416, 174415, 174413, 174414]",42,174413,ruby,unknown,,ruby,rspec,1.0,,174,0,174,2,,8.16,,0
174418,nov/openid_connect,0.0,,,ruby,,master,,,build_found,3e45932b73e5cc0872865013fc2fde402e045893,174412,,0,c5eda8a04490dee577279898fc2c5f8534afbc8d,1,c5eda8a04490dee577279898fc2c5f8534afbc8d,,c5eda8a04490dee577279898fc2c5f8534afbc8d,,0,,0,0,0,0,1,0,0,0,0,1,29,691,1419.68162083936,26.0492040520984,199.710564399421,0.0,,,2011-09-21 05:37:51,passed,375,"[174421, 174420, 174422, 174419]",43,174421,ruby,unknown,,ruby,rspec,1.0,,174,0,174,2,,9.24,,0
220226,nov/openid_connect,0.0,,,ruby,,master,,,build_found,c5eda8a04490dee577279898fc2c5f8534afbc8d,174418,,0,44a32fe704fb9ede19dd9006f0814b6e78418e6b#720d3cf586d42340e6a6e1046330d79d76603ffe,2,44a32fe704fb9ede19dd9006f0814b6e78418e6b,,44a32fe704fb9ede19dd9006f0814b6e78418e6b,,0,,29,32,2,0,5,0,0,4,0,3,60,693,1455.98845598846,27.4170274170274,222.222222222222,0.0,,,2011-10-11 05:19:47,passed,351,"[220227, 220230, 220228, 220229]",44,220230,ruby,unknown,,ruby,rspec,1.0,,175,0,175,2,,36.96,,0
220306,nov/openid_connect,0.0,,,ruby,,master,,,build_found,44a32fe704fb9ede19dd9006f0814b6e78418e6b,220226,,0,391994eae3c093a186db6977e40c8661c2421274#5502916a1a48c173c3182558cbd0478feacacbb5,2,391994eae3c093a186db6977e40c8661c2421274,,391994eae3c093a186db6977e40c8661c2421274,,0,,15,4,0,0,5,0,0,4,0,1,72,693,1455.98845598846,27.4170274170274,222.222222222222,0.0,,,2011-10-11 05:51:34,passed,357,"[220307, 220310, 220309, 220308]",45,220310,ruby,unknown,,ruby,rspec,1.0,,175,0,175,2,,31.98,,0
534559,nov/openid_connect,0.0,,,ruby,,master,,,build_found,391994eae3c093a186db6977e40c8661c2421274,220306,,0,d656238ef5efd00bc1d8cfa88d07681dd6d36b0d#25cba7660bde2984b968e1945bf3b70b3732cb61#51e6fd81feb6607a806dd2f51021939fc82bcd62#166651b16d09523184e2358978ef6f809a451282,4,d656238ef5efd00bc1d8cfa88d07681dd6d36b0d,,d656238ef5efd00bc1d8cfa88d07681dd6d36b0d,,0,,300,147,2,0,13,0,0,14,0,1,61,823,1291.61603888214,24.3013365735115,202.916160388821,0.0,,,2012-01-17 06:37:50,failed,338,"[534563, 534560, 534562, 534561]",46,534562,ruby,unknown,,ruby,rspec,1.0,,195,0,195,3,,48.87,,0
534644,nov/openid_connect,0.0,,,ruby,,master,,,build_found,d656238ef5efd00bc1d8cfa88d07681dd6d36b0d,534559,,0,a11536149d3c3716db9f36a1fc0dde5e34cb1b7e,1,a11536149d3c3716db9f36a1fc0dde5e34cb1b7e,,a11536149d3c3716db9f36a1fc0dde5e34cb1b7e,,0,,9,0,0,0,1,0,0,1,0,0,1,824,1290.04854368932,24.2718446601942,202.669902912621,0.0,,,2012-01-17 07:11:49,passed,624,"[534648, 534646, 534647, 534645]",47,534648,java,unknown,,java-ant,,0.0,,,,,,,,,0
535954,nov/openid_connect,0.0,,,ruby,,master,1,c2291f34032a0ab0396848ca9e65c421d0c3c7b8,build_found,a11536149d3c3716db9f36a1fc0dde5e34cb1b7e,534644,2012-01-17 14:41:15,1,c2291f34032a0ab0396848ca9e65c421d0c3c7b8,1,c2291f34032a0ab0396848ca9e65c421d0c3c7b8,,c2291f34032a0ab0396848ca9e65c421d0c3c7b8,,0,,55,116,0,0,5,0,0,5,0,0,15,826,1400.72639225182,24.2130750605327,217.917675544794,0.0,,2012-01-17 14:41:33,2012-01-17 14:52:18,passed,647,"[535955, 535956, 535958, 535957]",48,535956,ruby,unknown,,ruby,rspec,1.0,,206,0,206,5,,84.1,,0
536098,nov/openid_connect,0.0,,,ruby,,master,1,830182b163aba0f1ba36c6bea7b6ccb6b9e15f12,build_found,c2291f34032a0ab0396848ca9e65c421d0c3c7b8,535954,2012-01-17 15:25:46,1,830182b163aba0f1ba36c6bea7b6ccb6b9e15f12,1,830182b163aba0f1ba36c6bea7b6ccb6b9e15f12,,830182b163aba0f1ba36c6bea7b6ccb6b9e15f12,,0,,38,10,0,0,2,0,0,2,0,0,3,844,1374.40758293839,23.696682464455,213.270142180095,0.0,,2012-01-17 15:25:52,2012-01-17 15:25:54,passed,494,"[536099, 536101, 536102, 536100]",49,536100,ruby,unknown,,ruby,rspec,1.0,,207,0,207,6,,47.74,,0
536207,nov/openid_connect,0.0,,,ruby,,master,1,9cc21a032477536b85694d883438509404dfef2c,build_found,830182b163aba0f1ba36c6bea7b6ccb6b9e15f12,536098,2012-01-17 16:06:36,1,9cc21a032477536b85694d883438509404dfef2c,1,9cc21a032477536b85694d883438509404dfef2c,,9cc21a032477536b85694d883438509404dfef2c,,0,,60,8,0,0,2,0,0,2,0,0,9,882,1323.12925170068,22.6757369614512,206.349206349206,0.0,,2012-01-17 16:06:42,2012-01-17 16:06:43,failed,445,"[536211, 536210, 536209, 536208]",50,536211,java,unknown,,java-ant,,0.0,,,,,,,,,0
536247,nov/openid_connect,0.0,,,ruby,,master,1,bea59f3b0c599762ee2b4258c49cc56dfe1ca894,build_found,9cc21a032477536b85694d883438509404dfef2c,536207,2012-01-17 16:16:20,1,bea59f3b0c599762ee2b4258c49cc56dfe1ca894,1,bea59f3b0c599762ee2b4258c49cc56dfe1ca894,,bea59f3b0c599762ee2b4258c49cc56dfe1ca894,,0,,20,0,0,0,1,0,0,1,0,0,5,891,1309.76430976431,22.4466891133558,204.264870931538,0.0,,2012-01-17 16:16:52,2012-01-17 16:17:15,passed,441,"[536248, 536249, 536251, 536250]",51,536251,java,unknown,,java-ant,,0.0,,,,,,,,,0
539687,nov/openid_connect,0.0,,,ruby,,master,,,build_found,bea59f3b0c599762ee2b4258c49cc56dfe1ca894,536247,,1,981bf5358fee7199798b05a6e2b4fbdc10621b05#d4b4f4b632056d31ec50ac5b47a3e190427f7583,2,981bf5358fee7199798b05a6e2b4fbdc10621b05,,981bf5358fee7199798b05a6e2b4fbdc10621b05,,0,,78,63,1,0,8,0,0,7,0,2,46,925,1312.43243243243,22.7027027027027,202.162162162162,0.0,,,2012-01-18 07:28:09,passed,481,"[539691, 539688, 539690, 539689]",52,539689,ruby,unknown,,ruby,rspec,1.0,,214,0,214,6,,40.11,,0
550063,nov/openid_connect,0.0,,,ruby,,master,1,084e1e275de688f17f6cbc604447c40752b00e2d,build_found,981bf5358fee7199798b05a6e2b4fbdc10621b05,539687,2012-01-20 17:11:58,1,084e1e275de688f17f6cbc604447c40752b00e2d,1,084e1e275de688f17f6cbc604447c40752b00e2d,,084e1e275de688f17f6cbc604447c40752b00e2d,,0,,0,0,0,0,1,0,0,0,0,0,5,925,1312.43243243243,22.7027027027027,202.162162162162,0.0,,2012-01-20 17:12:11,2012-01-20 17:28:39,passed,537,"[550067, 550064, 550066, 550065]",53,550064,ruby,unknown,,ruby,rspec,1.0,,214,0,214,6,,59.83,,0
550069,nov/openid_connect,0.0,,,ruby,,master,1,50c47652acd6ab7a025bd205348bf3b2f5fe4297,build_found,084e1e275de688f17f6cbc604447c40752b00e2d,550063,2012-01-20 17:13:18,1,50c47652acd6ab7a025bd205348bf3b2f5fe4297,1,50c47652acd6ab7a025bd205348bf3b2f5fe4297,,50c47652acd6ab7a025bd205348bf3b2f5fe4297,,0,,0,0,0,0,1,0,0,0,0,0,6,925,1312.43243243243,22.7027027027027,202.162162162162,0.0,,2012-01-20 17:13:31,2012-01-20 17:30:12,passed,530,"[550073, 550070, 550072, 550071]",54,550070,ruby,unknown,,ruby,rspec,1.0,,214,0,214,6,,49.76,,0
609436,nov/openid_connect,0.0,,,ruby,,master,1,02a5e4188778b84d9a14f485f7b1c9ba76b24b19,build_found,50c47652acd6ab7a025bd205348bf3b2f5fe4297,550069,2012-02-01 13:15:20,1,02a5e4188778b84d9a14f485f7b1c9ba76b24b19,1,02a5e4188778b84d9a14f485f7b1c9ba76b24b19,,02a5e4188778b84d9a14f485f7b1c9ba76b24b19,,0,,0,0,0,0,1,0,0,0,0,1,32,925,1312.43243243243,22.7027027027027,202.162162162162,0.0,,2012-02-01 13:15:48,2012-02-01 13:15:50,failed,348,"[609440, 609437, 609439, 609438]",55,609437,ruby,unknown,,ruby,rspec,1.0,,214,0,214,6,,37.76,,0
609817,nov/openid_connect,0.0,,,ruby,,master,2,75d18acebb2297a7ec7e9a6c7423d6142f59ef15#900906313d94af8006cb7b89a2a0511e440ac95a,build_found,02a5e4188778b84d9a14f485f7b1c9ba76b24b19,609436,2012-02-01 14:31:03,1,900906313d94af8006cb7b89a2a0511e440ac95a#75d18acebb2297a7ec7e9a6c7423d6142f59ef15,2,900906313d94af8006cb7b89a2a0511e440ac95a,,900906313d94af8006cb7b89a2a0511e440ac95a,,0,,78,67,0,4,2,0,0,5,0,1,53,859,1339.93015133877,23.2828870779977,207.217694994179,0.0,,2012-02-01 14:41:08,2012-02-01 14:41:10,failed,365,"[609821, 609819, 609820, 609818]",56,609819,ruby,unknown,,ruby,rspec,1.0,,211,0,211,6,,36.58,,0
631962,nov/openid_connect,0.0,,,ruby,,master,,,build_found,900906313d94af8006cb7b89a2a0511e440ac95a,609817,,1,a79c7075b74fca31f9eac95b6020c86f18c4fc54#8bd23b6b4793848760d69d46c493251631fb689a,2,a79c7075b74fca31f9eac95b6020c86f18c4fc54,,a79c7075b74fca31f9eac95b6020c86f18c4fc54,,0,,40,15,0,0,5,0,0,4,0,1,53,865,1346.82080924855,24.2774566473988,206.936416184971,0.0,,,2012-02-06 04:31:51,passed,333,"[631964, 631963, 631965]",57,631964,ruby,unknown,,ruby,rspec,1.0,,212,0,212,6,,48.61,,0
631995,nov/openid_connect,0.0,,,ruby,,master,,,build_found,a79c7075b74fca31f9eac95b6020c86f18c4fc54,631962,,1,826a2378bbfb475f8b8c2a46bd7cdea9ce118a36,1,826a2378bbfb475f8b8c2a46bd7cdea9ce118a36,,826a2378bbfb475f8b8c2a46bd7cdea9ce118a36,,0,,0,0,0,0,1,0,0,0,0,1,34,865,1346.82080924855,24.2774566473988,206.936416184971,0.0,,,2012-02-06 04:45:05,passed,289,"[631996, 631997, 631998]",58,631998,ruby,unknown,,ruby,rspec,1.0,,212,0,212,6,,43.45,,0
632035,nov/openid_connect,0.0,,,ruby,,master,,,build_found,826a2378bbfb475f8b8c2a46bd7cdea9ce118a36,631995,,1,04b0da609c24581b17e5b6320e7338ae64a340ee,1,04b0da609c24581b17e5b6320e7338ae64a340ee,,04b0da609c24581b17e5b6320e7338ae64a340ee,,0,,7,0,0,0,3,0,0,2,0,1,71,865,1346.82080924855,24.2774566473988,206.936416184971,0.0,,,2012-02-06 05:10:05,passed,281,"[632036, 632038, 632037]",59,632036,ruby,unknown,,ruby,rspec,1.0,,212,0,212,6,,39.05,,0
632295,nov/openid_connect,0.0,,,ruby,,master,,,build_found,04b0da609c24581b17e5b6320e7338ae64a340ee,632035,,1,a2ccdb6acb26be1660061651f0615ae58c53c968,1,a2ccdb6acb26be1660061651f0615ae58c53c968,,a2ccdb6acb26be1660061651f0615ae58c53c968,,0,,8,11,0,0,10,0,0,9,0,1,56,866,1353.34872979215,24.2494226327945,206.697459584296,0.0,,,2012-02-06 07:21:49,passed,267,"[632296, 632297, 632298]",60,632296,ruby,unknown,,ruby,rspec,1.0,,212,0,212,6,,38.98,,0
632544,nov/openid_connect,0.0,,,ruby,,master,,,build_found,a2ccdb6acb26be1660061651f0615ae58c53c968,632295,,1,745b476bda2480b7f2297274bc6503b140ae79c9,1,745b476bda2480b7f2297274bc6503b140ae79c9,,745b476bda2480b7f2297274bc6503b140ae79c9,,0,,44,254,0,0,4,0,0,4,0,0,20,878,1574.03189066059,30.751708428246,240.318906605923,0.0,,,2012-02-06 09:03:29,failed,286,"[632546, 632545, 632547]",61,632546,ruby,unknown,,ruby,rspec,1.0,,227,3,230,2,,53.38,,0
632549,nov/openid_connect,0.0,,,ruby,,master,,,build_found,745b476bda2480b7f2297274bc6503b140ae79c9,632544,,1,9be5d237095880700f270d0779ce46d98d2ad1ea,1,9be5d237095880700f270d0779ce46d98d2ad1ea,,9be5d237095880700f270d0779ce46d98d2ad1ea,,0,,0,0,3,0,0,0,0,0,0,3,0,878,1574.03189066059,30.751708428246,240.318906605923,0.0,,,2012-02-06 09:05:37,passed,286,"[632551, 632550, 632552]",62,632550,ruby,unknown,,ruby,rspec,1.0,,230,0,230,2,,33.31,,0
637413,nov/openid_connect,0.0,,,ruby,,master,1,22fc193b47a4c4b05337d764d106cfbaa533ebba,build_found,9be5d237095880700f270d0779ce46d98d2ad1ea,632549,2012-02-07 05:37:23,1,22fc193b47a4c4b05337d764d106cfbaa533ebba,1,22fc193b47a4c4b05337d764d106cfbaa533ebba,,22fc193b47a4c4b05337d764d106cfbaa533ebba,,0,,12,8,0,0,4,0,0,4,0,0,20,878,1574.03189066059,30.751708428246,240.318906605923,0.0,,2012-02-07 05:57:34,2012-02-07 05:57:35,passed,403,"[637415, 637416, 637414]",63,637416,ruby,unknown,,ruby,rspec,1.0,,230,0,230,2,,57.43,,0
686103,nov/openid_connect,0.0,,,ruby,,master,2,eaf03b268088ca08b3dda11fe8cdfcb271e04ae7#26f43752b510c6695a4eece90c6c8cbaeada2b68,build_found,22fc193b47a4c4b05337d764d106cfbaa533ebba,637413,2012-02-16 08:58:20,1,26f43752b510c6695a4eece90c6c8cbaeada2b68#eaf03b268088ca08b3dda11fe8cdfcb271e04ae7,2,26f43752b510c6695a4eece90c6c8cbaeada2b68,,26f43752b510c6695a4eece90c6c8cbaeada2b68,,0,,32,0,0,0,4,0,0,3,0,1,75,876,1577.62557077626,30.8219178082192,240.867579908676,0.0,,2012-02-16 08:58:50,2012-02-16 08:58:51,passed,305,"[686105, 686104, 686106]",64,686106,ruby,unknown,,ruby,rspec,1.0,,230,0,230,2,,29.47,,0
692950,nov/openid_connect,0.0,,,ruby,,master,7,0e46e07aa2011c9a89b5e9f516e106d4097a8e8d#63fa5b59d36cfa45cc8706ad0db90f6e1a08485d#b5e50f9f5967d00ca2e242b75df34fa57961eceb#654b51282a8ae97d9f43a0acbbdaca3c2c212296#0238a21671ff76063d99e697f36a534c97229ff7#1df3c1a3380d85d18f4ba8622dbabf15650ec8cd#a48287966ecdb3bb5880d310e7ebdd8b1278fdc7,build_found,26f43752b510c6695a4eece90c6c8cbaeada2b68,686103,2012-02-17 14:55:01,1,a48287966ecdb3bb5880d310e7ebdd8b1278fdc7#1df3c1a3380d85d18f4ba8622dbabf15650ec8cd#0238a21671ff76063d99e697f36a534c97229ff7#654b51282a8ae97d9f43a0acbbdaca3c2c212296#b5e50f9f5967d00ca2e242b75df34fa57961eceb#63fa5b59d36cfa45cc8706ad0db90f6e1a08485d#0e46e07aa2011c9a89b5e9f516e106d4097a8e8d,7,a48287966ecdb3bb5880d310e7ebdd8b1278fdc7,,a48287966ecdb3bb5880d310e7ebdd8b1278fdc7,,0,,126,85,3,2,6,0,0,7,0,1,85,902,1609.75609756098,29.9334811529933,247.228381374723,0.0,,2012-02-17 17:32:09,2012-02-17 17:32:12,passed,338,"[692952, 692953, 692951]",65,692953,ruby,unknown,,ruby,rspec,1.0,,235,0,235,2,,40.57,,0
704275,nov/openid_connect,0.0,,,ruby,,master,2,5cfa389d4974e5fe5eb7cb1d3be325e4016e3875#7a18af696fe50daf0a7dae5028fc3ed1903afd83,build_found,a48287966ecdb3bb5880d310e7ebdd8b1278fdc7,692950,2012-02-20 02:36:48,1,7a18af696fe50daf0a7dae5028fc3ed1903afd83#5cfa389d4974e5fe5eb7cb1d3be325e4016e3875,2,7a18af696fe50daf0a7dae5028fc3ed1903afd83,,7a18af696fe50daf0a7dae5028fc3ed1903afd83,,0,,40,65,2,0,5,0,0,6,0,1,80,937,1601.92102454642,28.8153681963714,245.464247598719,0.0,,2012-02-20 02:37:38,2012-02-20 02:37:41,passed,312,"[704278, 704276, 704277]",66,704278,ruby,unknown,,ruby,rspec,1.0,,242,0,242,2,,39.99,,0
713951,nov/openid_connect,0.0,,,ruby,,master,1,22f1f5c9cb73875ee74c359c52839f93dc1fb84f,build_found,7a18af696fe50daf0a7dae5028fc3ed1903afd83,704275,2012-02-21 09:43:38,1,22f1f5c9cb73875ee74c359c52839f93dc1fb84f,1,22f1f5c9cb73875ee74c359c52839f93dc1fb84f,,22f1f5c9cb73875ee74c359c52839f93dc1fb84f,,0,,12,3,0,0,2,0,0,2,0,0,6,937,1598.71931696905,28.8153681963714,245.464247598719,0.0,,2012-02-21 13:30:01,2012-02-21 13:30:03,passed,324,"[713952, 713954, 713953]",67,713952,ruby,unknown,,ruby,rspec,1.0,,242,0,242,2,,37.79,,0
734916,nov/openid_connect,0.0,,,ruby,,master,2,82a1e539298394a79cfcb3abc9243949f14715f9#1b2accf9eea7287bd3b7dbae87ca2bd59589935e,build_found,22f1f5c9cb73875ee74c359c52839f93dc1fb84f,713951,2012-02-24 14:16:20,1,1b2accf9eea7287bd3b7dbae87ca2bd59589935e#82a1e539298394a79cfcb3abc9243949f14715f9,2,1b2accf9eea7287bd3b7dbae87ca2bd59589935e,,1b2accf9eea7287bd3b7dbae87ca2bd59589935e,,0,,12,10,0,0,4,0,0,3,0,1,84,938,1606.60980810235,29.8507462686567,246.268656716418,0.0,,2012-02-24 14:20:26,2012-02-24 14:20:28,passed,313,"[734917, 734918, 734919]",68,734919,ruby,unknown,,ruby,rspec,1.0,,243,0,243,2,,42.28,,0
759363,nov/openid_connect,0.0,,,ruby,,master,2,4bea240f97c566583a1aa0abc7fcd2c3919ed2c8#95ae70f284ef871edc885319d49ae23ee85b593c,build_found,1b2accf9eea7287bd3b7dbae87ca2bd59589935e,734916,2012-02-28 14:57:11,1,95ae70f284ef871edc885319d49ae23ee85b593c#4bea240f97c566583a1aa0abc7fcd2c3919ed2c8,2,95ae70f284ef871edc885319d49ae23ee85b593c,,95ae70f284ef871edc885319d49ae23ee85b593c,,0,,211,117,7,0,8,0,0,16,0,0,74,1032,1549.41860465116,27.1317829457364,230.62015503876,0.0,,2012-02-28 16:22:56,2012-02-28 16:22:57,failed,192,"[759366, 759364, 759365]",69,759364,ruby,unknown,,ruby,,1.0,,,0,,,,,,0
759399,nov/openid_connect,0.0,,,ruby,,master,1,10f8a67f273066dc2ed2106c0defe3dba433193d,build_found,95ae70f284ef871edc885319d49ae23ee85b593c,759363,2012-02-28 16:31:57,1,10f8a67f273066dc2ed2106c0defe3dba433193d,1,10f8a67f273066dc2ed2106c0defe3dba433193d,,10f8a67f273066dc2ed2106c0defe3dba433193d,,0,,8,24,0,0,2,0,0,2,0,0,1,1038,1555.87668593449,26.9749518304432,233.140655105973,0.0,,2012-02-28 16:32:15,2012-02-28 16:32:17,failed,183,"[759402, 759401, 759400]",70,759400,ruby,unknown,,ruby,,1.0,,,0,,,,,,0
759524,nov/openid_connect,0.0,,,ruby,,master,1,758388697e1cad9eda903eda49c9cb3a66980ada,build_found,10f8a67f273066dc2ed2106c0defe3dba433193d,759399,2012-02-28 16:42:25,1,758388697e1cad9eda903eda49c9cb3a66980ada,1,758388697e1cad9eda903eda49c9cb3a66980ada,,758388697e1cad9eda903eda49c9cb3a66980ada,,0,,6,0,0,0,1,0,0,1,0,0,1,1038,1555.87668593449,26.9749518304432,233.140655105973,0.0,,2012-02-28 16:42:48,2012-02-28 16:59:14,failed,478,"[759531, 759528, 759529]",71,759529,ruby,unknown,,ruby,rspec,1.0,,247,4,251,2,,58.63,,0
759544,nov/openid_connect,0.0,,,ruby,,master,1,6f6730effd383f375f5d2627bd367ee853f240f7,build_found,758388697e1cad9eda903eda49c9cb3a66980ada,759524,2012-02-28 16:55:53,1,6f6730effd383f375f5d2627bd367ee853f240f7,1,6f6730effd383f375f5d2627bd367ee853f240f7,,6f6730effd383f375f5d2627bd367ee853f240f7,,0,,5,0,0,0,1,0,0,1,0,0,2,1042,1549.90403071017,26.8714011516315,232.245681381958,0.0,,2012-02-28 16:56:09,2012-02-28 17:01:29,failed,352,"[759545, 759547, 759546]",72,759546,ruby,unknown,,ruby,rspec,1.0,,247,4,251,2,,54.12,,0
759944,nov/openid_connect,0.0,,,ruby,,master,1,b2b360b914257e0bfcaf0bcc17a6f71bcc2b6b00,build_found,6f6730effd383f375f5d2627bd367ee853f240f7,759544,2012-02-28 17:38:31,1,b2b360b914257e0bfcaf0bcc17a6f71bcc2b6b00,1,b2b360b914257e0bfcaf0bcc17a6f71bcc2b6b00,,b2b360b914257e0bfcaf0bcc17a6f71bcc2b6b00,,0,,3,0,0,0,1,0,0,1,0,0,49,1042,1549.90403071017,26.8714011516315,232.245681381958,0.0,,2012-02-28 17:38:47,2012-02-28 17:39:02,failed,519,"[759945, 759946, 759947]",73,759945,ruby,unknown,,ruby,rspec,1.0,,249,2,251,2,,59.86,,0
764723,nov/openid_connect,0.0,,,ruby,,master,2,662bb1b0de8c1918e69de26b1823f0d8c1c41be4#397e8be60a882322f3b2f3e467d9602f2927965a,build_found,b2b360b914257e0bfcaf0bcc17a6f71bcc2b6b00,759944,2012-02-29 11:08:42,1,397e8be60a882322f3b2f3e467d9602f2927965a#662bb1b0de8c1918e69de26b1823f0d8c1c41be4,2,397e8be60a882322f3b2f3e467d9602f2927965a,,397e8be60a882322f3b2f3e467d9602f2927965a,,0,,8,0,0,0,2,0,0,1,0,1,42,1045,1545.45454545455,26.7942583732057,231.578947368421,0.0,,2012-02-29 11:09:54,2012-02-29 11:09:56,failed,328,"[764724, 764725, 764726]",74,764724,ruby,unknown,,ruby,rspec,1.0,,248,3,251,2,,49.19,,0
764756,nov/openid_connect,0.0,,,ruby,,master,1,e7f204864e40a48de9c89102e5355a80441a228e,build_found,397e8be60a882322f3b2f3e467d9602f2927965a,764723,2012-02-29 11:17:07,1,e7f204864e40a48de9c89102e5355a80441a228e,1,e7f204864e40a48de9c89102e5355a80441a228e,,e7f204864e40a48de9c89102e5355a80441a228e,,0,,5,0,0,0,2,0,0,2,0,0,52,1045,1545.45454545455,26.7942583732057,231.578947368421,0.0,,2012-02-29 11:17:23,2012-02-29 11:17:24,failed,329,"[764757, 764758, 764759]",75,764757,ruby,unknown,,ruby,rspec,1.0,,249,2,251,2,,45.26,,0
764835,nov/openid_connect,0.0,,,ruby,,master,1,125720e889d7eff79821c7cfcf4ec72caadbcb5d,build_found,e7f204864e40a48de9c89102e5355a80441a228e,764756,2012-02-29 11:28:52,1,125720e889d7eff79821c7cfcf4ec72caadbcb5d,1,125720e889d7eff79821c7cfcf4ec72caadbcb5d,,125720e889d7eff79821c7cfcf4ec72caadbcb5d,,0,,0,0,0,0,1,0,0,0,0,1,41,1045,1545.45454545455,26.7942583732057,231.578947368421,0.0,,2012-02-29 11:29:06,2012-02-29 11:41:36,failed,436,"[764837, 764841, 764839]",76,764841,ruby,unknown,,ruby,rspec,1.0,,251,0,251,2,,48.59,,0
766500,nov/openid_connect,0.0,,,ruby,,master,2,5ae5d3146e89d3ef035b784455af01c48b66c6a4#914051e9f4394b069d2f012bda2dc3650ff96bce,build_found,125720e889d7eff79821c7cfcf4ec72caadbcb5d,764835,2012-02-29 16:05:07,1,914051e9f4394b069d2f012bda2dc3650ff96bce#5ae5d3146e89d3ef035b784455af01c48b66c6a4,2,914051e9f4394b069d2f012bda2dc3650ff96bce,,914051e9f4394b069d2f012bda2dc3650ff96bce,,0,,4,0,0,0,2,0,0,1,0,1,63,1044,1546.93486590038,26.8199233716475,231.800766283525,0.0,,2012-02-29 16:05:51,2012-02-29 16:06:20,failed,332,"[766501, 766502, 766503]",77,766501,ruby,unknown,,ruby,rspec,1.0,,249,2,251,2,,50.01,,0
864119,nov/openid_connect,0.0,,,ruby,,master,1,8c3959428277e04e68dcd85fcca98eba0f76ded2,build_found,914051e9f4394b069d2f012bda2dc3650ff96bce,766500,2012-03-14 14:59:17,1,8c3959428277e04e68dcd85fcca98eba0f76ded2,1,8c3959428277e04e68dcd85fcca98eba0f76ded2,,8c3959428277e04e68dcd85fcca98eba0f76ded2,,0,,37,18,0,0,4,0,0,4,0,0,53,1054,1532.25806451613,26.5654648956357,229.601518026565,0.0,,2012-03-14 14:59:33,2012-03-14 14:59:35,failed,259,"[864121, 864122, 864120]",78,864120,ruby,unknown,,ruby,rspec,1.0,,249,2,251,2,,47.15,,0
1006564,nov/openid_connect,0.0,,,ruby,,master,1,60d42c6270c0f4d352123426ac346dab7aee0022,build_found,8c3959428277e04e68dcd85fcca98eba0f76ded2,864119,2012-04-03 09:39:14,1,60d42c6270c0f4d352123426ac346dab7aee0022,1,60d42c6270c0f4d352123426ac346dab7aee0022,,60d42c6270c0f4d352123426ac346dab7aee0022,,0,,41,4,0,0,4,0,0,4,0,0,56,1051,1536.63177925785,26.6412940057089,230.256898192198,0.0,,2012-04-03 09:39:43,2012-04-03 09:39:44,failed,257,"[1006565, 1006566, 1006567]",79,1006565,ruby,unknown,,ruby,rspec,1.0,,250,1,251,2,,45.63,,0
1006626,nov/openid_connect,0.0,,,ruby,,master,1,ba1e7b8f0124a651a94c918db4c210a35c565339,build_found,60d42c6270c0f4d352123426ac346dab7aee0022,1006564,2012-04-03 09:45:39,1,ba1e7b8f0124a651a94c918db4c210a35c565339,1,ba1e7b8f0124a651a94c918db4c210a35c565339,,ba1e7b8f0124a651a94c918db4c210a35c565339,,0,,0,0,0,0,1,0,0,0,0,1,43,1051,1536.63177925785,26.6412940057089,230.256898192198,0.0,,2012-04-03 09:45:56,2012-04-03 09:45:58,failed,248,"[1006627, 1006629, 1006628]",80,1006629,ruby,unknown,,ruby,rspec,1.0,,251,0,251,2,,43.43,,0
1006631,nov/openid_connect,0.0,,,ruby,,master,2,7edf66bbf74e473e9196b09a9e1953427bb74e19#b460bef1e89a47a1fff8e5969727b9790ea0019f,merge_found,,,2012-04-03 09:45:39,1,b460bef1e89a47a1fff8e5969727b9790ea0019f,1,b460bef1e89a47a1fff8e5969727b9790ea0019f,,b460bef1e89a47a1fff8e5969727b9790ea0019f,,0,,0,0,0,0,0,0,0,0,0,0,0,1051,1536.63177925785,26.6412940057089,230.256898192198,0.0,,2012-04-03 09:48:04,2012-04-03 09:48:06,failed,261,"[1006632, 1006633, 1006634]",81,1006633,ruby,unknown,,ruby,rspec,1.0,,251,0,251,2,,43.67,,0
1774098,nov/openid_connect,0.0,,,ruby,,master,3,46cea426b35713d2f34451ed44beebe751f9a5f5#86738a68d2f59d26c12c511ef4a63d5ad38b09e7#cc7519b17a511f1109cf116ee3243d52351b1a8b,merge_found,,,2012-07-04 06:51:11,0,cc7519b17a511f1109cf116ee3243d52351b1a8b,1,cc7519b17a511f1109cf116ee3243d52351b1a8b,,cc7519b17a511f1109cf116ee3243d52351b1a8b,,0,,0,0,0,0,1,0,0,0,0,1,45,1051,1548.04947668887,26.6412940057089,230.256898192198,0.0,,2012-07-04 07:12:06,2012-07-04 07:12:08,failed,216,"[1774099, 1774101, 1774100]",82,1774099,ruby,unknown,,ruby,rspec,1.0,,250,1,251,2,,44.65,,0
1774231,nov/openid_connect,0.0,,,ruby,,master,1,7007cf3a640d0307c575b280bd73a211139d9523,build_found,cc7519b17a511f1109cf116ee3243d52351b1a8b,1774098,2012-07-04 07:46:44,0,7007cf3a640d0307c575b280bd73a211139d9523,1,7007cf3a640d0307c575b280bd73a211139d9523,,7007cf3a640d0307c575b280bd73a211139d9523,,0,,49,90,0,0,11,0,0,10,0,1,67,1050,1562.85714285714,26.6666666666667,231.428571428571,0.0,,2012-07-04 07:47:12,2012-07-04 07:47:15,failed,226,"[1774232, 1774233, 1774234]",83,1774233,ruby,unknown,,ruby,rspec,1.0,,252,0,252,2,,46.97,,0
1774399,nov/openid_connect,0.0,,,ruby,,master,2,0c4e17c7af675a8b9f49d51f71e520729799d7bf#151d08aaa95bae256e84a8166941c45e8731cff0,build_found,7007cf3a640d0307c575b280bd73a211139d9523,1774231,2012-07-04 08:11:11,0,151d08aaa95bae256e84a8166941c45e8731cff0#0c4e17c7af675a8b9f49d51f71e520729799d7bf,2,151d08aaa95bae256e84a8166941c45e8731cff0,,151d08aaa95bae256e84a8166941c45e8731cff0,,0,,15,12,2,0,2,0,0,3,0,1,68,1065,1550.23474178404,26.2910798122066,229.107981220657,0.0,,2012-07-04 08:18:12,2012-07-04 08:24:27,failed,223,"[1774400, 1774402, 1774401]",84,1774401,ruby,unknown,,ruby,rspec,1.0,,253,0,253,2,,44.61,,0
1774460,nov/openid_connect,0.0,,,ruby,,master,1,74b1440e052804455765aa9ffa0fd4d223cc8775,build_found,151d08aaa95bae256e84a8166941c45e8731cff0,1774399,2012-07-04 08:29:56,0,74b1440e052804455765aa9ffa0fd4d223cc8775,1,74b1440e052804455765aa9ffa0fd4d223cc8775,,74b1440e052804455765aa9ffa0fd4d223cc8775,,0,,0,0,0,0,1,0,0,0,0,1,4,1065,1550.23474178404,26.2910798122066,229.107981220657,0.0,,2012-07-04 08:30:15,2012-07-04 08:30:16,passed,141,"[1774462, 1774461]",85,1774461,ruby,unknown,,ruby,rspec,1.0,,253,0,253,2,,36.12,,0
1774931,nov/openid_connect,0.0,,,ruby,,master,5,7a63029129c58c990e30f55e201ba36a2802db21#9f7d42a07cbdb6eaa8d8d293dec37a7db9d0ae7f#0a090cbe397b06b239c0cddfe8976a54458ef502#9ef8937686226bf7fe03bc19cabccec08dd21cd7#72ed560f7bfc79d594aa7f57ddc2575e4e1d96d3,build_found,74b1440e052804455765aa9ffa0fd4d223cc8775,1774460,2012-07-04 08:58:53,0,72ed560f7bfc79d594aa7f57ddc2575e4e1d96d3#9ef8937686226bf7fe03bc19cabccec08dd21cd7#0a090cbe397b06b239c0cddfe8976a54458ef502#9f7d42a07cbdb6eaa8d8d293dec37a7db9d0ae7f#7a63029129c58c990e30f55e201ba36a2802db21,5,72ed560f7bfc79d594aa7f57ddc2575e4e1d96d3,,72ed560f7bfc79d594aa7f57ddc2575e4e1d96d3,,0,,79,99,1,2,17,0,0,15,0,5,123,1039,1566.89124157844,26.948989412897,230.991337824832,0.0,,2012-07-04 09:39:10,2012-07-04 09:39:15,passed,138,"[1774932, 1774933]",86,1774933,ruby,unknown,,ruby,rspec,1.0,,239,0,239,1,,43.69,,0
1782172,nov/openid_connect,0.0,,,ruby,,master,1,39c24e87ede989e07dd30f4d1928c5f9517ae474,build_found,72ed560f7bfc79d594aa7f57ddc2575e4e1d96d3,1774931,2012-07-05 04:19:36,0,39c24e87ede989e07dd30f4d1928c5f9517ae474,1,39c24e87ede989e07dd30f4d1928c5f9517ae474,,39c24e87ede989e07dd30f4d1928c5f9517ae474,,0,,50,0,1,0,3,0,0,4,0,0,35,1070,1521.4953271028,26.1682242990654,224.299065420561,0.0,,2012-07-05 04:21:01,2012-07-05 04:22:13,failed,132,"[1782174, 1782173]",87,1782174,ruby,unknown,,ruby,rspec,1.0,,235,4,239,1,,36.34,,0
1782195,nov/openid_connect,0.0,,,ruby,,master,1,edbb153df87504f7e57fc818279904a35e4c2814,build_found,39c24e87ede989e07dd30f4d1928c5f9517ae474,1782172,2012-07-05 04:23:58,0,edbb153df87504f7e57fc818279904a35e4c2814,1,edbb153df87504f7e57fc818279904a35e4c2814,,edbb153df87504f7e57fc818279904a35e4c2814,,0,,0,0,0,0,1,0,0,0,0,1,48,1070,1521.4953271028,26.1682242990654,224.299065420561,0.0,,2012-07-05 04:24:13,2012-07-05 04:24:38,failed,143,"[1782196, 1782197]",88,1782196,ruby,unknown,,ruby,rspec,1.0,,235,4,239,1,,39.99,,0
1782251,nov/openid_connect,0.0,,,ruby,,master,2,90585ebc3bae4f37c173843ddea5d355ede8cd3d#a78a21785847140b4b29c22bb96cb9fefe818957,build_found,edbb153df87504f7e57fc818279904a35e4c2814,1782195,2012-07-05 04:39:22,1,a78a21785847140b4b29c22bb96cb9fefe818957#90585ebc3bae4f37c173843ddea5d355ede8cd3d,2,a78a21785847140b4b29c22bb96cb9fefe818957,,a78a21785847140b4b29c22bb96cb9fefe818957,,0,,10,10,0,0,5,0,0,4,0,1,102,1072,1520.5223880597,26.1194029850746,223.880597014925,0.0,,2012-07-05 04:39:48,2012-07-05 04:39:53,passed,135,"[1782253, 1782252]",89,1782252,ruby,unknown,,ruby,rspec,1.0,,239,0,239,1,,36.01,,0
1784040,nov/openid_connect,0.0,,,ruby,,master,3,fb9b7e79a919e7e435eb20b3dd3a831d138e99ce#0782747b33cb3a9cdea7586a466cbf70e9fe735e#f79cfceafae5d8ad451159ef3b0fe6e8e73c74ba,build_found,a78a21785847140b4b29c22bb96cb9fefe818957,1782251,2012-07-05 07:09:58,1,f79cfceafae5d8ad451159ef3b0fe6e8e73c74ba#0782747b33cb3a9cdea7586a466cbf70e9fe735e#fb9b7e79a919e7e435eb20b3dd3a831d138e99ce,3,f79cfceafae5d8ad451159ef3b0fe6e8e73c74ba,,f79cfceafae5d8ad451159ef3b0fe6e8e73c74ba,,0,,17,0,0,0,7,0,0,6,0,1,125,1072,1520.5223880597,26.1194029850746,223.880597014925,0.0,,2012-07-05 09:50:03,2012-07-05 09:50:07,passed,136,"[1784041, 1784042]",90,1784042,ruby,unknown,,ruby,rspec,1.0,,239,0,239,1,,33.11,,0
2646467,nov/openid_connect,0.0,,,ruby,,master,,,build_found,f79cfceafae5d8ad451159ef3b0fe6e8e73c74ba,1784040,,1,bdfa55f870bf248135de2a74f69db39547dc2f87#b95c5ec4cd0e127e3980dc1f5a6890cbac953f1d#1d3a61b26bcc6537d58f0069bc6729736d7d5dd6,3,bdfa55f870bf248135de2a74f69db39547dc2f87,,bdfa55f870bf248135de2a74f69db39547dc2f87,,0,,17,20,0,0,6,0,0,5,0,1,115,1075,1525.58139534884,26.046511627907,223.255813953488,0.0,,,2012-10-03 05:15:38,failed,61,"[2646468, 2646469]",92,2646468,ruby,unknown,,ruby,rspec,1.0,,193,46,239,1,,0.55,,0
2646780,nov/openid_connect,0.0,,,ruby,,master,,,build_found,bdfa55f870bf248135de2a74f69db39547dc2f87,2646467,,1,b0b8b7579079e275e386ea017727b6a26eca3605,1,b0b8b7579079e275e386ea017727b6a26eca3605,,b0b8b7579079e275e386ea017727b6a26eca3605,,0,,77,68,0,0,17,0,0,17,0,0,90,1095,1497.71689497717,25.5707762557078,204.566210045662,0.0,,,2012-10-03 06:12:09,passed,90,"[2646782, 2646781]",93,2646781,ruby,unknown,,ruby,rspec,1.0,,239,0,239,1,,10.66,,0
2646885,nov/openid_connect,0.0,,,ruby,,master,,,build_found,b0b8b7579079e275e386ea017727b6a26eca3605,2646780,,1,6ae2f452bf647d4748ee92433183f52d65facd1f,1,6ae2f452bf647d4748ee92433183f52d65facd1f,,6ae2f452bf647d4748ee92433183f52d65facd1f,,0,,1,48,0,0,2,0,0,2,0,0,35,1096,1533.75912408759,25.5474452554745,208.029197080292,0.0,,,2012-10-03 06:26:41,passed,89,"[2646886, 2646887]",94,2646886,ruby,unknown,,ruby,rspec,1.0,,243,0,243,1,,13.72,,0
2646899,nov/openid_connect,0.0,,,ruby,,master,,,build_found,6ae2f452bf647d4748ee92433183f52d65facd1f,2646885,,1,155873bddad98473471b49f833e566b200e9224d,1,155873bddad98473471b49f833e566b200e9224d,,155873bddad98473471b49f833e566b200e9224d,,0,,0,0,0,0,1,0,0,0,0,1,52,1096,1533.75912408759,25.5474452554745,208.029197080292,0.0,,,2012-10-03 06:30:46,passed,85,"[2646901, 2646900]",95,2646900,ruby,unknown,,ruby,rspec,1.0,,243,0,243,1,,12.2,,0
2650780,nov/openid_connect,0.0,,,ruby,,master,2,efe80b766fa7b0055f29e7d642962b2c9525e04d#b85ef3c1861cb841198bd3ce46e45fb49ac18111,build_found,155873bddad98473471b49f833e566b200e9224d,2646899,2012-10-03 14:11:17,1,b85ef3c1861cb841198bd3ce46e45fb49ac18111#efe80b766fa7b0055f29e7d642962b2c9525e04d,2,b85ef3c1861cb841198bd3ce46e45fb49ac18111,,b85ef3c1861cb841198bd3ce46e45fb49ac18111,,0,,9,25,0,0,6,0,0,5,0,1,108,1098,1551.91256830601,25.5009107468124,212.204007285974,0.0,,2012-10-03 14:11:48,2012-10-03 14:11:53,passed,101,"[2650781, 2650782]",96,2650782,ruby,unknown,,ruby,rspec,1.0,,268,0,268,1,,11.45,,0
2782260,nov/openid_connect,0.0,,,ruby,,master,,,build_found,b85ef3c1861cb841198bd3ce46e45fb49ac18111,2650780,,1,1ccd03fff311c950f8c5b2a8ae2b1a42e5b6c95e,1,1ccd03fff311c950f8c5b2a8ae2b1a42e5b6c95e,,1ccd03fff311c950f8c5b2a8ae2b1a42e5b6c95e,,0,,20,11,0,0,4,0,0,4,0,0,65,1099,1558.68971792539,26.3876251137398,212.010919017288,0.0,,,2012-10-14 08:24:50,passed,87,"[2782261, 2782262]",97,2782261,ruby,unknown,,ruby,rspec,1.0,,269,0,269,1,,10.36,,0
2799933,nov/openid_connect,0.0,,,ruby,,master,,,build_found,1ccd03fff311c950f8c5b2a8ae2b1a42e5b6c95e,2782260,,1,2fd89a17719002d4bd84ca25282d74a895bbb85e,1,2fd89a17719002d4bd84ca25282d74a895bbb85e,,2fd89a17719002d4bd84ca25282d74a895bbb85e,,0,,48,8,0,0,7,0,0,7,0,0,79,1099,1556.86988171065,26.3876251137398,212.010919017288,0.0,,,2012-10-15 17:44:01,passed,90,"[2799935, 2799934]",98,2799934,ruby,unknown,,ruby,rspec,1.0,,269,0,269,1,,11.19,,0
2820677,nov/openid_connect,0.0,,,ruby,,master,,,build_found,2fd89a17719002d4bd84ca25282d74a895bbb85e,2799933,,1,186926edcd50cfc36fce4fb109a66e0e59f95380#62bbbf26845a0a50b5164e9f6469313182d51048#e28d21a2d59f24e43b87416a2daa92afe162eb18#5b5c1b63128a9d96abe45a9b908714abdd3715a9,4,186926edcd50cfc36fce4fb109a66e0e59f95380,,186926edcd50cfc36fce4fb109a66e0e59f95380,,0,,135,698,2,0,31,0,0,29,0,3,152,1135,1699.55947136564,49.3392070484581,209.691629955947,0.0,,,2012-10-17 04:51:01,passed,91,"[2820678, 2820679]",99,2820679,ruby,unknown,,ruby,rspec,1.0,,301,0,301,1,,11.93,,0
2840315,nov/openid_connect,0.0,,,ruby,,master,,,build_found,186926edcd50cfc36fce4fb109a66e0e59f95380,2820677,,1,23af8197fd5a88c2dccde3055864002851b3e974,1,23af8197fd5a88c2dccde3055864002851b3e974,,23af8197fd5a88c2dccde3055864002851b3e974,,0,,2,0,0,0,1,0,0,1,0,0,33,1135,1699.55947136564,49.3392070484581,209.691629955947,0.0,,,2012-10-18 14:39:05,passed,157,"[2840316, 2840317]",100,2840317,ruby,unknown,,ruby,rspec,1.0,,301,0,301,1,,14.2,,0
2840376,nov/openid_connect,0.0,,,ruby,,master,,,build_found,23af8197fd5a88c2dccde3055864002851b3e974,2840315,,1,96454b8e0c2d1fe6adac17982b5337b97dc5b6f5,1,96454b8e0c2d1fe6adac17982b5337b97dc5b6f5,,96454b8e0c2d1fe6adac17982b5337b97dc5b6f5,,0,,2,0,0,0,2,0,0,1,0,1,109,1135,1699.55947136564,49.3392070484581,209.691629955947,0.0,,,2012-10-18 14:43:52,failed,81,"[2840377, 2840378]",101,2840377,unknown,unknown,,plain,,0.0,,,,,,,,,0
2840549,nov/openid_connect,0.0,,,ruby,,master,,,build_found,96454b8e0c2d1fe6adac17982b5337b97dc5b6f5,2840376,,1,e2f71f8e75058c71d456c0ced3b5ce7f931eef2b,1,e2f71f8e75058c71d456c0ced3b5ce7f931eef2b,,e2f71f8e75058c71d456c0ced3b5ce7f931eef2b,,0,,10,0,0,0,2,0,0,2,0,0,67,1135,1699.55947136564,49.3392070484581,209.691629955947,0.0,,,2012-10-18 14:54:59,passed,131,"[2840550, 2840551]",102,2840550,ruby,unknown,,ruby,rspec,1.0,,301,0,301,1,,13.59,,0
2896893,nov/openid_connect,0.0,,,ruby,,master,,,build_found,e2f71f8e75058c71d456c0ced3b5ce7f931eef2b,2840549,,1,41f50d1a06297ef97a364a44fcc3f62a91c9a641,1,41f50d1a06297ef97a364a44fcc3f62a91c9a641,,41f50d1a06297ef97a364a44fcc3f62a91c9a641,,0,,29,64,0,0,4,0,0,4,0,0,42,1158,1715.88946459413,51.8134715025907,215.025906735751,0.0,,,2012-10-23 08:19:16,passed,180,"[2896894, 2896895]",103,2896894,ruby,unknown,,ruby,rspec,1.0,,306,0,306,1,,22.12,,0
2897260,nov/openid_connect,0.0,,,ruby,,master,,,build_found,41f50d1a06297ef97a364a44fcc3f62a91c9a641,2896893,,1,b8a196a8e83cc02e8dbf574287a26a8479cdca1d,1,b8a196a8e83cc02e8dbf574287a26a8479cdca1d,,b8a196a8e83cc02e8dbf574287a26a8479cdca1d,,0,,2,8,0,0,2,0,0,2,0,0,40,1158,1715.88946459413,51.8134715025907,215.025906735751,0.0,,,2012-10-23 08:57:05,passed,144,"[2897261, 2897262]",104,2897261,ruby,unknown,,ruby,rspec,1.0,,306,0,306,1,,13.61,,0
2897297,nov/openid_connect,0.0,,,ruby,,master,,,build_found,b8a196a8e83cc02e8dbf574287a26a8479cdca1d,2897260,,1,79a043292841dc1233e37af2886de35a162c7073#f34a0109a4292e494682c62ad7ca1b35d448614c,2,79a043292841dc1233e37af2886de35a162c7073,,79a043292841dc1233e37af2886de35a162c7073,,0,,3,0,0,0,2,0,0,1,0,1,111,1158,1715.88946459413,51.8134715025907,215.025906735751,0.0,,,2012-10-23 08:59:37,passed,139,"[2897298, 2897299]",105,2897298,ruby,unknown,,ruby,rspec,1.0,,306,0,306,1,,14.69,,0
2970014,nov/openid_connect,0.0,,,ruby,,master,,,build_found,79a043292841dc1233e37af2886de35a162c7073,2897297,,1,a2e260fde3197e80a8f24475cd3350b9320c1558#37b584703d9a7583da2d106197d15ae24df134da#ee7500897764d6395f65901f9b5d0013eb7d96ed,3,a2e260fde3197e80a8f24475cd3350b9320c1558,,a2e260fde3197e80a8f24475cd3350b9320c1558,,0,,30,162,3,0,7,0,0,9,0,1,60,1168,1801.3698630137,52.2260273972603,224.315068493151,0.0,,,2012-10-29 05:06:53,passed,103,"[2970015, 2970016]",106,2970016,ruby,unknown,,ruby,rspec,1.0,,323,0,323,1,,18.28,,0
2970026,nov/openid_connect,0.0,,,ruby,,master,,,build_found,a2e260fde3197e80a8f24475cd3350b9320c1558,2970014,,1,e52690ca82ce5d16dbf4c62480cfdb20ea0f9a84#091fe541a3cb02eb1df8cd4f282f68718c24d930,2,e52690ca82ce5d16dbf4c62480cfdb20ea0f9a84,,e52690ca82ce5d16dbf4c62480cfdb20ea0f9a84,,0,,5,0,0,0,2,0,0,1,0,1,113,1168,1801.3698630137,52.2260273972603,224.315068493151,0.0,,,2012-10-29 05:08:44,passed,106,"[2970027, 2970028]",107,2970027,ruby,unknown,,ruby,rspec,1.0,,323,0,323,1,,18.77,,0
3625518,nov/openid_connect,0.0,,,ruby,,master,1,f8b641185068a03de2085af3ad8d1563d6658279,build_found,e52690ca82ce5d16dbf4c62480cfdb20ea0f9a84,2970026,2012-12-12 09:53:27,1,f8b641185068a03de2085af3ad8d1563d6658279,1,f8b641185068a03de2085af3ad8d1563d6658279,,f8b641185068a03de2085af3ad8d1563d6658279,,0,,27,24,0,0,3,0,0,3,0,0,19,1177,1792.69328802039,51.8266779949023,222.599830076466,0.0,,2012-12-12 09:54:22,2012-12-12 09:54:26,passed,110,"[3625519, 3625520]",108,3625519,ruby,unknown,,ruby,rspec,1.0,,327,0,327,1,,15.52,,0
3625537,nov/openid_connect,0.0,,,ruby,,master,1,5e4ca05c30cff41449fe0c8868724ba9afd6a9e2,build_found,f8b641185068a03de2085af3ad8d1563d6658279,3625518,2012-12-12 09:54:35,1,5e4ca05c30cff41449fe0c8868724ba9afd6a9e2,1,5e4ca05c30cff41449fe0c8868724ba9afd6a9e2,,5e4ca05c30cff41449fe0c8868724ba9afd6a9e2,,0,,0,0,0,0,1,0,0,0,0,1,58,1177,1792.69328802039,51.8266779949023,222.599830076466,0.0,,2012-12-12 09:54:48,2012-12-12 09:54:51,passed,117,"[3625539, 3625538]",109,3625539,ruby,unknown,,ruby,rspec,1.0,,327,0,327,1,,19.86,,0
3625600,nov/openid_connect,0.0,,,ruby,,master,1,1618c58c3dbdb6b71b2ad3ce963b142bb09bd62c,build_found,5e4ca05c30cff41449fe0c8868724ba9afd6a9e2,3625537,2012-12-12 09:58:49,1,1618c58c3dbdb6b71b2ad3ce963b142bb09bd62c,1,1618c58c3dbdb6b71b2ad3ce963b142bb09bd62c,,1618c58c3dbdb6b71b2ad3ce963b142bb09bd62c,,0,,34,0,0,0,1,0,0,1,0,0,67,1177,1792.69328802039,51.8266779949023,222.599830076466,0.0,,2012-12-12 09:59:26,2012-12-12 09:59:30,passed,108,"[3625601, 3625602]",110,3625602,ruby,unknown,,ruby,rspec,1.0,,327,0,327,1,,14.15,,0
3628425,nov/openid_connect,0.0,,,ruby,,master,1,ea025736d3d845d21cf1d61d891deb6e041b277f,build_found,1618c58c3dbdb6b71b2ad3ce963b142bb09bd62c,3625600,2012-12-12 13:40:18,1,ea025736d3d845d21cf1d61d891deb6e041b277f,1,ea025736d3d845d21cf1d61d891deb6e041b277f,,ea025736d3d845d21cf1d61d891deb6e041b277f,,0,,4,2,0,0,3,0,0,2,0,1,12,1177,1792.69328802039,51.8266779949023,222.599830076466,0.0,,2012-12-12 13:40:35,2012-12-12 13:40:37,passed,125,"[3628426, 3628427]",111,3628426,ruby,unknown,,ruby,rspec,1.0,,327,0,327,1,,21.67,,0
3628564,nov/openid_connect,0.0,,,ruby,,master,1,7b0d40a72e24845f39d549343c02a9b7cd052233,build_found,ea025736d3d845d21cf1d61d891deb6e041b277f,3628425,2012-12-12 13:50:10,1,7b0d40a72e24845f39d549343c02a9b7cd052233,1,7b0d40a72e24845f39d549343c02a9b7cd052233,,7b0d40a72e24845f39d549343c02a9b7cd052233,,0,,10,0,0,0,1,0,0,1,0,0,10,1177,1792.69328802039,51.8266779949023,222.599830076466,0.0,,2012-12-12 13:50:58,2012-12-12 13:51:00,failed,119,"[3628566, 3628565]",112,3628565,ruby,unknown,,ruby,rspec,1.0,,326,1,327,1,,19.79,,0
3628825,nov/openid_connect,0.0,,,ruby,,master,1,94d24d206f5cdc898689f6c159885ba90df36f78,build_found,7b0d40a72e24845f39d549343c02a9b7cd052233,3628564,2012-12-12 14:10:40,1,94d24d206f5cdc898689f6c159885ba90df36f78,1,94d24d206f5cdc898689f6c159885ba90df36f78,,94d24d206f5cdc898689f6c159885ba90df36f78,,0,,10,14,0,0,6,0,0,4,0,2,141,1177,1792.69328802039,51.8266779949023,222.599830076466,0.0,,2012-12-12 14:10:58,2012-12-12 14:11:03,failed,42,"[3628827, 3628826]",113,3628826,ruby,unknown,,ruby,,0.0,,,,,,,,,0
3628878,nov/openid_connect,0.0,,,ruby,,master,1,571f32725a0e60bab8e1a1549c01a17b15901d74,build_found,94d24d206f5cdc898689f6c159885ba90df36f78,3628825,2012-12-12 14:16:13,1,571f32725a0e60bab8e1a1549c01a17b15901d74,1,571f32725a0e60bab8e1a1549c01a17b15901d74,,571f32725a0e60bab8e1a1549c01a17b15901d74,,0,,0,0,0,0,1,0,0,0,0,1,60,1177,1792.69328802039,51.8266779949023,222.599830076466,0.0,,2012-12-12 14:16:34,2012-12-12 14:16:37,failed,113,"[3628879, 3628880]",114,3628880,ruby,unknown,,ruby,rspec,1.0,,317,10,327,1,,15.66,,0
3628951,nov/openid_connect,0.0,,,ruby,,master,1,db74e7e3c5e4c5b75c2424860e160959c2031ee1,build_found,571f32725a0e60bab8e1a1549c01a17b15901d74,3628878,2012-12-12 14:21:43,1,db74e7e3c5e4c5b75c2424860e160959c2031ee1,1,db74e7e3c5e4c5b75c2424860e160959c2031ee1,,db74e7e3c5e4c5b75c2424860e160959c2031ee1,,0,,3,0,0,0,1,0,0,1,0,0,69,1177,1792.69328802039,51.8266779949023,222.599830076466,0.0,,2012-12-12 14:22:04,2012-12-12 14:22:08,failed,42,"[3628953, 3628952]",115,3628952,ruby,unknown,,ruby,,0.0,,,,,,,,,0
3628999,nov/openid_connect,0.0,,,ruby,,master,2,3edc1bb8e5d5c669b25923ea3dd791638092c65d#d09b39e7a2c8bfd49eebdef3a7626b891a95eea1,build_found,db74e7e3c5e4c5b75c2424860e160959c2031ee1,3628951,2012-12-12 14:25:08,1,d09b39e7a2c8bfd49eebdef3a7626b891a95eea1#3edc1bb8e5d5c669b25923ea3dd791638092c65d,2,d09b39e7a2c8bfd49eebdef3a7626b891a95eea1,,d09b39e7a2c8bfd49eebdef3a7626b891a95eea1,,0,,2,0,0,0,2,0,0,1,0,1,120,1177,1792.69328802039,51.8266779949023,222.599830076466,0.0,,2012-12-12 14:26:03,2012-12-12 14:26:09,failed,51,"[3629001, 3629000]",116,3629001,ruby,unknown,,ruby,,0.0,,,,,,,,,0
3640133,nov/openid_connect,0.0,,,ruby,,master,1,868d3e070831ac3cdce25eabd3a77bfb0fed475a,build_found,d09b39e7a2c8bfd49eebdef3a7626b891a95eea1,3628999,2012-12-13 03:47:24,1,868d3e070831ac3cdce25eabd3a77bfb0fed475a,1,868d3e070831ac3cdce25eabd3a77bfb0fed475a,,868d3e070831ac3cdce25eabd3a77bfb0fed475a,,0,,3,16,0,0,2,0,0,2,0,0,13,1178,1802.20713073005,51.7826825127335,224.957555178268,0.0,,2012-12-13 04:13:39,2012-12-13 04:13:43,failed,43,"[3640134, 3640135]",117,3640135,ruby,unknown,,ruby,,0.0,,,,,,,,,0
4178067,nov/openid_connect,0.0,,,ruby,,master,1,162e6128177bdefa41c52f5821d9ff69b6e6e9a8,build_found,868d3e070831ac3cdce25eabd3a77bfb0fed475a,3640133,2013-01-16 01:52:49,1,162e6128177bdefa41c52f5821d9ff69b6e6e9a8#66753541b3bbdd10d510ce67548cd1cd0ff6d0ff,2,162e6128177bdefa41c52f5821d9ff69b6e6e9a8,,162e6128177bdefa41c52f5821d9ff69b6e6e9a8,,0,,35,0,0,0,2,0,0,2,0,0,71,1184,1793.07432432432,51.5202702702703,223.817567567568,0.0,,2013-01-16 01:53:15,2013-01-16 01:53:30,failed,124,"[4178068, 4178069]",118,4178069,ruby,unknown,,ruby,rspec,1.0,,328,2,330,1,,20.39,,0
4178190,nov/openid_connect,0.0,,,ruby,,master,1,0d54434ba6a4596d5915238725ba20a10bed8bce,build_found,162e6128177bdefa41c52f5821d9ff69b6e6e9a8,4178067,2013-01-16 02:02:29,1,0d54434ba6a4596d5915238725ba20a10bed8bce,1,0d54434ba6a4596d5915238725ba20a10bed8bce,,0d54434ba6a4596d5915238725ba20a10bed8bce,,0,,0,20,0,0,1,0,0,1,0,0,2,1184,1796.4527027027,51.5202702702703,223.817567567568,0.0,,2013-01-16 02:02:42,2013-01-16 02:02:51,passed,116,"[4178191, 4178192]",119,4178192,ruby,unknown,,ruby,rspec,1.0,,330,0,330,1,,18.21,,0
5042821,nov/openid_connect,0.0,,,ruby,,master,1,69ff0808f0a3443f7921ad49865e2b30b4c95c19,build_found,0d54434ba6a4596d5915238725ba20a10bed8bce,4178190,2013-02-25 14:57:40,1,69ff0808f0a3443f7921ad49865e2b30b4c95c19,1,69ff0808f0a3443f7921ad49865e2b30b4c95c19,,69ff0808f0a3443f7921ad49865e2b30b4c95c19,,0,,56,0,0,0,2,0,0,2,0,0,73,1184,1796.4527027027,51.5202702702703,223.817567567568,0.0,,2013-02-25 14:57:27,2013-02-25 15:14:03,passed,145,"[5042823, 5042822]",120,5042823,ruby,ok,,ruby,rspec,1.0,,330,0,330,1,,19.83,,0
5180067,nov/openid_connect,0.0,,,ruby,,master,2,8ea65c73d0f0bc2d171d244d636ce863db866078#b8f0857cd57d773940fbac77491e3a90403893a3,build_found,69ff0808f0a3443f7921ad49865e2b30b4c95c19,5042821,2013-03-02 07:51:14,1,b8f0857cd57d773940fbac77491e3a90403893a3#8ea65c73d0f0bc2d171d244d636ce863db866078,2,b8f0857cd57d773940fbac77491e3a90403893a3,,b8f0857cd57d773940fbac77491e3a90403893a3,,0,,122,151,1,6,9,0,0,14,0,2,142,1137,1790.67722075638,53.6499560246262,221.635883905013,0.0,,2013-03-02 07:57:56,2013-03-02 07:58:09,passed,122,"[5180068, 5180069]",121,5180068,ruby,ok,,ruby,rspec,1.0,,256,0,256,1,,15.9,,0
5180788,nov/openid_connect,0.0,,,ruby,,master,2,e237e5d02694ca5bb83c72c6d4d03ca22227f1c4#0a2b7c1d6da5e1bd1fc98a68e373072cbc367102,build_found,b8f0857cd57d773940fbac77491e3a90403893a3,5180067,2013-03-02 09:21:17,1,0a2b7c1d6da5e1bd1fc98a68e373072cbc367102#e237e5d02694ca5bb83c72c6d4d03ca22227f1c4,2,0a2b7c1d6da5e1bd1fc98a68e373072cbc367102,,0a2b7c1d6da5e1bd1fc98a68e373072cbc367102,,0,,34,6,0,0,4,0,0,3,0,1,137,1147,1778.55274629468,53.1822144725371,222.319093286835,0.0,,2013-03-02 09:22:17,2013-03-02 09:22:30,passed,145,"[5180790, 5180789]",122,5180789,ruby,ok,,ruby,rspec,1.0,,256,0,256,1,,18.57,,0
5196087,nov/openid_connect,0.0,,,ruby,,master,1,40ec5743f44c42c25c848a1d42f3ed884e323f26,build_found,0a2b7c1d6da5e1bd1fc98a68e373072cbc367102,5180788,2013-03-03 02:47:11,1,40ec5743f44c42c25c848a1d42f3ed884e323f26,1,40ec5743f44c42c25c848a1d42f3ed884e323f26,,40ec5743f44c42c25c848a1d42f3ed884e323f26,,0,,130,115,0,0,20,0,0,19,0,1,98,1161,1757.96726959518,52.5409130060293,220.499569336779,0.0,,2013-03-03 02:47:22,2013-03-03 02:47:36,passed,146,"[5196089, 5196088]",123,5196089,ruby,ok,,ruby,rspec,1.0,,256,0,256,1,,21.2,,0
5196676,nov/openid_connect,0.0,,,ruby,,master,3,e737c1392f71f8c7fcdf47a7f72b473884f28ddc#b8c79fc9e6fbed489af2c52832041b0481391965#e06355ff512c58a10ce40721a3eb610e65695b1d,build_found,40ec5743f44c42c25c848a1d42f3ed884e323f26,5196087,2013-03-03 03:09:29,1,e06355ff512c58a10ce40721a3eb610e65695b1d#b8c79fc9e6fbed489af2c52832041b0481391965#e737c1392f71f8c7fcdf47a7f72b473884f28ddc,3,e06355ff512c58a10ce40721a3eb610e65695b1d,,e06355ff512c58a10ce40721a3eb610e65695b1d,,0,,17,0,0,0,4,0,0,3,0,1,95,1168,1747.43150684932,52.2260273972603,219.178082191781,0.0,,2013-03-03 03:32:33,2013-03-03 03:32:47,passed,125,"[5196677, 5196678]",124,5196677,ruby,ok,,ruby,rspec,1.0,,256,0,256,1,,15.49,,0
5196679,nov/openid_connect,0.0,,,ruby,,master,1,0efaaacbe1861da168c49b742593bc1ee1dab062,build_found,e06355ff512c58a10ce40721a3eb610e65695b1d,5196676,2013-03-03 03:33:17,1,0efaaacbe1861da168c49b742593bc1ee1dab062,1,0efaaacbe1861da168c49b742593bc1ee1dab062,,0efaaacbe1861da168c49b742593bc1ee1dab062,,0,,5,0,0,0,1,0,0,1,0,0,77,1168,1747.43150684932,52.2260273972603,219.178082191781,0.0,,2013-03-03 03:33:29,2013-03-03 03:33:42,passed,130,"[5196681, 5196680]",125,5196681,ruby,ok,,ruby,rspec,1.0,,256,0,256,1,,18.17,,0
5197130,nov/openid_connect,0.0,,,ruby,,master,2,90c2b5d3b7b1479a6d931f8b5aa3c45da004ea32#e554732191bdc0d242037ea283d5faf1555cfab3,build_found,0efaaacbe1861da168c49b742593bc1ee1dab062,5196679,2013-03-03 04:09:59,1,e554732191bdc0d242037ea283d5faf1555cfab3#90c2b5d3b7b1479a6d931f8b5aa3c45da004ea32,2,e554732191bdc0d242037ea283d5faf1555cfab3,,e554732191bdc0d242037ea283d5faf1555cfab3,,0,,5,11,0,0,4,0,0,3,0,1,135,1168,1755.13698630137,53.0821917808219,219.178082191781,0.0,,2013-03-03 04:10:31,2013-03-03 04:10:44,passed,134,"[5197131, 5197132]",126,5197132,ruby,ok,,ruby,rspec,1.0,,257,0,257,1,,12.53,,0
5959784,nov/openid_connect,0.0,,,ruby,,master,1,cd315c1fa89b47140828a349ad1061bcbfd9b793,build_found,e554732191bdc0d242037ea283d5faf1555cfab3,5197130,2013-04-01 15:24:52,1,cd315c1fa89b47140828a349ad1061bcbfd9b793,1,cd315c1fa89b47140828a349ad1061bcbfd9b793,,cd315c1fa89b47140828a349ad1061bcbfd9b793,,0,,7,0,0,0,3,0,0,2,0,0,101,1168,1755.13698630137,53.0821917808219,219.178082191781,0.0,,2013-04-01 15:25:13,2013-04-01 15:26:39,passed,105,"[5959785, 5959786]",127,5959785,ruby,ok,,ruby,rspec,1.0,,257,0,257,1,,10.83,,0
8190820,nov/openid_connect,0.0,,,ruby,,master,1,f9288085fc8dd38b2cf29cdaf3ea0301d2bd8704,build_found,cd315c1fa89b47140828a349ad1061bcbfd9b793,5959784,2013-06-18 09:13:00,1,f9288085fc8dd38b2cf29cdaf3ea0301d2bd8704,1,f9288085fc8dd38b2cf29cdaf3ea0301d2bd8704,,f9288085fc8dd38b2cf29cdaf3ea0301d2bd8704,,0,,13,1,0,0,2,0,0,2,0,0,15,1169,1754.49101796407,53.0367835757057,218.990590248075,0.0,,2013-06-18 09:20:01,2013-06-18 09:20:41,passed,112,"[8190821, 8190822]",128,8190822,ruby,ok,,ruby,rspec,1.0,,257,0,257,1,,8.19,,0
8567081,nov/openid_connect,0.0,,,ruby,,master,5,6b526bd49abd473198e68a964d2fc347c99c715e#ead3859f2f989e5aa06e2c457b85662b761697b2#af97a9af1e7d237a4b91f5227b9418b8d3bdc7c2#6a28ab347eada72db5dff375ec5685e7051ac448#234c861072fd5cbb030611ba1c8a1c6390c43282,build_found,5ea546dff7b2a4b0e875488f1a0b7e5284c0071f,8527284,2013-06-29 08:02:29,1,234c861072fd5cbb030611ba1c8a1c6390c43282#6a28ab347eada72db5dff375ec5685e7051ac448#af97a9af1e7d237a4b91f5227b9418b8d3bdc7c2#ead3859f2f989e5aa06e2c457b85662b761697b2#6b526bd49abd473198e68a964d2fc347c99c715e,5,234c861072fd5cbb030611ba1c8a1c6390c43282,,234c861072fd5cbb030611ba1c8a1c6390c43282,,0,,337,260,0,0,8,0,0,8,0,0,107,1080,1792.59259259259,53.7037037037037,225.0,0.0,,2013-06-29 11:42:28,2013-06-29 11:43:04,failed,114,"[8567082, 8567083]",132,8567082,ruby,broken,,ruby,rspec,1.0,,198,50,248,1,,14.72,,0
8567452,nov/openid_connect,0.0,,,ruby,,master,1,19ede40561875868b410be17d32e1eea681bea99,build_found,234c861072fd5cbb030611ba1c8a1c6390c43282,8567081,2013-06-29 12:23:43,1,19ede40561875868b410be17d32e1eea681bea99,1,19ede40561875868b410be17d32e1eea681bea99,,19ede40561875868b410be17d32e1eea681bea99,,0,,76,344,0,0,6,0,0,6,0,0,48,1092,1575.09157509158,27.4725274725275,217.032967032967,0.0,,2013-06-29 12:24:12,2013-06-29 12:24:50,failed,125,"[8567454, 8567453]",133,8567454,ruby,broken,,ruby,rspec,1.0,,199,13,212,2,,11.7,,0
8567725,nov/openid_connect,0.0,,,ruby,,master,2,74eed12593798cd596b1042915e6198ffcb25cc8#d85ee3cb430a95f0dce3f673aa3df2898a1ebbfe,build_found,19ede40561875868b410be17d32e1eea681bea99,8567452,2013-06-29 12:28:37,1,d85ee3cb430a95f0dce3f673aa3df2898a1ebbfe#74eed12593798cd596b1042915e6198ffcb25cc8,2,d85ee3cb430a95f0dce3f673aa3df2898a1ebbfe,,d85ee3cb430a95f0dce3f673aa3df2898a1ebbfe,,0,,12,97,0,2,9,0,0,8,0,3,71,1090,1591.74311926605,26.605504587156,218.348623853211,0.0,,2013-06-29 13:27:45,2013-06-29 13:32:00,failed,165,"[8567735, 8567731]",134,8567735,ruby,broken,,ruby,rspec,1.0,,212,1,213,1,,10.32,,0
8567886,nov/openid_connect,0.0,,,ruby,,master,1,0333bcb13f781bbb1741221cd8fcc9e503b00be0,build_found,d85ee3cb430a95f0dce3f673aa3df2898a1ebbfe,8567725,2013-06-29 13:32:33,1,0333bcb13f781bbb1741221cd8fcc9e503b00be0,1,0333bcb13f781bbb1741221cd8fcc9e503b00be0,,0333bcb13f781bbb1741221cd8fcc9e503b00be0,,0,,3,2,0,0,2,0,0,2,0,0,22,1089,1593.20477502296,26.6299357208448,218.549127640037,0.0,,2013-06-29 13:32:40,2013-06-29 13:33:33,failed,141,"[8567887, 8567888]",135,8567888,ruby,broken,,ruby,rspec,1.0,,212,1,213,1,,10.33,,0
8569312,nov/openid_connect,0.0,,,ruby,,master,2,3e3a4c6ea841d64c571c249e73cf3af0201eccec#6127a550484befc7f12c231f138e4ff4025f4a42,build_found,0333bcb13f781bbb1741221cd8fcc9e503b00be0,8567886,2013-06-29 13:34:11,1,6127a550484befc7f12c231f138e4ff4025f4a42#3e3a4c6ea841d64c571c249e73cf3af0201eccec,2,6127a550484befc7f12c231f138e4ff4025f4a42,,6127a550484befc7f12c231f138e4ff4025f4a42,,0,,124,26,0,5,11,0,0,14,0,2,129,999,1736.73673673674,29.029029029029,238.238238238238,0.0,,2013-06-29 14:11:57,2013-06-29 14:12:42,failed,94,"[8569313, 8569314]",136,8569314,ruby,broken,,ruby,,1.0,,,0,,,,,,0
10107437,nov/openid_connect,0.0,,,ruby,,master,1,9ed505c5c31d469e448dc3edc4095499316ed931,build_found,c0394a4090e07c007cb379a6b24cc369a227d2de,9951819,2013-08-12 09:23:52,1,9ed505c5c31d469e448dc3edc4095499316ed931,1,9ed505c5c31d469e448dc3edc4095499316ed931,,9ed505c5c31d469e448dc3edc4095499316ed931,,0,,2,0,0,0,1,0,0,1,0,0,5,1085,1616.58986175115,26.7281105990783,222.119815668203,1.0,,2013-08-12 09:24:14,2013-08-12 09:24:57,passed,128,"[10107438, 10107439]",144,10107439,ruby,ok,,ruby,rspec,1.0,,215,0,215,1,,9.43,,0
11992044,nov/openid_connect,0.0,,,ruby,,master,1,d1eaafcc5aa588499f9367b1b5fc25418ac8f529,build_found,9ed505c5c31d469e448dc3edc4095499316ed931,10107437,2013-10-01 02:52:04,1,d1eaafcc5aa588499f9367b1b5fc25418ac8f529,1,d1eaafcc5aa588499f9367b1b5fc25418ac8f529,,d1eaafcc5aa588499f9367b1b5fc25418ac8f529,,0,,2,0,0,0,2,0,0,1,0,1,89,1085,1616.58986175115,26.7281105990783,222.119815668203,1.0,,2013-10-01 02:52:23,2013-10-01 02:53:07,passed,132,"[11992045, 11992046]",145,11992046,ruby,ok,,ruby,rspec,1.0,,215,0,215,1,,8.38,,0
12556540,nov/openid_connect,0.0,,,ruby,,master,1,593e5d4696189a305a0e25514e3ed6c9f7d7956d,build_found,d1eaafcc5aa588499f9367b1b5fc25418ac8f529,11992044,2013-10-15 07:31:19,1,593e5d4696189a305a0e25514e3ed6c9f7d7956d,1,593e5d4696189a305a0e25514e3ed6c9f7d7956d,,593e5d4696189a305a0e25514e3ed6c9f7d7956d,,0,,6,2,0,0,5,0,0,3,0,1,32,1087,1613.61545538178,26.6789328426863,221.711131554738,1.0,,2013-10-15 07:31:55,2013-10-15 07:32:21,passed,146,"[12556541, 12556542]",146,12556541,ruby,ok,,ruby,rspec,1.0,,215,0,215,1,,11.04,,0
17264276,nov/openid_connect,0.0,,,ruby,,master,1,5a69adf4e774e0d683bbff90d4867dbe20a170c8,build_found,593e5d4696189a305a0e25514e3ed6c9f7d7956d,12556540,2014-01-20 09:25:25,0,5a69adf4e774e0d683bbff90d4867dbe20a170c8#b30ddfd12813ec2975c7d6628d5140ba01fc0676,2,5a69adf4e774e0d683bbff90d4867dbe20a170c8,,5a69adf4e774e0d683bbff90d4867dbe20a170c8,,0,,176,50,2,5,3,0,0,13,0,0,50,1067,1625.11715089035,27.1790065604499,224.929709465792,1.0,,2014-01-20 09:26:34,2014-01-20 09:27:25,failed,121,"[17264277, 17264278]",148,17264277,ruby,broken,,ruby,,1.0,,,0,,,,,,0
17265675,nov/openid_connect,0.0,,,ruby,,master,1,721d8828708d4033a05cfae9c7fd98e9167a3ee3,build_found,5a69adf4e774e0d683bbff90d4867dbe20a170c8,17264276,2014-01-20 09:57:06,0,721d8828708d4033a05cfae9c7fd98e9167a3ee3,1,721d8828708d4033a05cfae9c7fd98e9167a3ee3,,721d8828708d4033a05cfae9c7fd98e9167a3ee3,,0,,22,2,0,0,4,0,0,3,0,1,41,1069,1620.20579981291,27.1281571562208,222.637979420019,1.0,,2014-01-20 09:57:21,2014-01-20 09:57:59,failed,112,"[17265676, 17265677]",149,17265676,ruby,broken,,ruby,,1.0,,,0,,,,,,0
18328427,nov/openid_connect,0.0,,,ruby,,master,1,576da63b4c41525d23840f2f3ced51316b6a3a2e,build_found,721d8828708d4033a05cfae9c7fd98e9167a3ee3,17265675,2014-02-06 08:32:56,0,576da63b4c41525d23840f2f3ced51316b6a3a2e,1,576da63b4c41525d23840f2f3ced51316b6a3a2e,,576da63b4c41525d23840f2f3ced51316b6a3a2e,,0,,14,6,0,0,3,0,0,3,0,0,32,1069,1623.01216089804,27.1281571562208,222.637979420019,1.0,,2014-02-06 08:33:17,2014-02-06 08:33:52,failed,120,"[18328428, 18328429]",150,18328428,ruby,broken,,ruby,,1.0,,,0,,,,,,0
18397672,nov/openid_connect,0.0,,,ruby,,master,2,cfd282e83cc682a8fd5745c625d7404cd8db0f8d#33377622f2fa14474850d7bfd68cd6135e798185,merge_found,,,2014-02-06 16:50:28,1,33377622f2fa14474850d7bfd68cd6135e798185,1,33377622f2fa14474850d7bfd68cd6135e798185,,33377622f2fa14474850d7bfd68cd6135e798185,,0,,2,0,0,0,1,0,0,1,0,0,9,1069,1623.01216089804,27.1281571562208,222.637979420019,0.0,,2014-02-07 07:53:29,2014-02-07 07:53:58,passed,131,"[18397673, 18397674]",151,18397674,ruby,ok,,ruby,rspec,1.0,,214,0,214,1,,7.11,,0
19544406,nov/openid_connect,0.0,,,ruby,,master,1,6e59ea674cc56ee40fbbcd6e027c5de8de5cfabb,build_found,33377622f2fa14474850d7bfd68cd6135e798185,18397672,2014-02-25 01:11:07,1,6e59ea674cc56ee40fbbcd6e027c5de8de5cfabb,1,6e59ea674cc56ee40fbbcd6e027c5de8de5cfabb,,6e59ea674cc56ee40fbbcd6e027c5de8de5cfabb,,0,,0,0,0,0,1,0,0,0,0,1,70,1069,1623.01216089804,27.1281571562208,222.637979420019,1.0,,2014-02-25 01:11:21,2014-02-25 01:11:51,passed,159,"[19544407, 19544408]",152,19544407,ruby,ok,,ruby,rspec,1.0,,214,0,214,1,,8.93,,0
21991869,nov/openid_connect,0.0,,,ruby,,master,2,419dc4c648a4ec21cf6d4050bea51c37f01cf101#bce9a31fac9cb7cfc0d69e64f4bf138fa8ef7eb9,merge_found,,,2014-04-01 02:05:42,1,bce9a31fac9cb7cfc0d69e64f4bf138fa8ef7eb9,1,bce9a31fac9cb7cfc0d69e64f4bf138fa8ef7eb9,,bce9a31fac9cb7cfc0d69e64f4bf138fa8ef7eb9,,0,,18,10,0,0,3,0,0,2,0,1,99,1069,1629.56033676333,28.0636108512629,223.573433115061,0.0,,2014-04-01 02:33:35,2014-04-01 02:34:20,passed,144,"[21991870, 21991871]",154,21991870,ruby,ok,,ruby,rspec,1.0,,215,0,215,1,,9.76,,0
30514490,nov/openid_connect,0.0,,,ruby,,master,2,6d449fea10b8d3e7ac3de5c4d86e82ec9a137a97#dc3960b3c98bc972c664d764cfb0578c1273e413,build_found,bce9a31fac9cb7cfc0d69e64f4bf138fa8ef7eb9,21991869,2014-07-18 09:33:14,0,dc3960b3c98bc972c664d764cfb0578c1273e413#6d449fea10b8d3e7ac3de5c4d86e82ec9a137a97,2,dc3960b3c98bc972c664d764cfb0578c1273e413,,dc3960b3c98bc972c664d764cfb0578c1273e413,,0,,20,87,0,0,16,0,0,16,0,0,98,1069,1638.91487371375,28.0636108512629,226.379794200187,1.0,,2014-07-22 01:49:10,2014-07-22 01:49:41,passed,86,"[30514493, 30514495]",155,30514495,ruby,ok,,ruby,rspec,1.0,,213,0,213,1,,9.32,,0
30813984,nov/openid_connect,0.0,,,ruby,,master,2,b52ee9cc258640c8aab1c1d25c7a6cfb1cb15d8a#2266777edff8a7f594659b3c9fa5716289af4c74,merge_found,,,2014-07-25 05:30:47,1,2266777edff8a7f594659b3c9fa5716289af4c74,1,2266777edff8a7f594659b3c9fa5716289af4c74,,2266777edff8a7f594659b3c9fa5716289af4c74,,0,,4,0,0,0,1,0,0,1,0,0,32,1069,1638.91487371375,28.0636108512629,226.379794200187,0.0,,2014-07-25 05:36:38,2014-07-25 05:37:14,passed,79,"[30813985, 30813986]",156,30813986,ruby,ok,,ruby,rspec,1.0,,213,0,213,1,,8.9,,0
44823940,nov/openid_connect,0.0,,,ruby,,master,1,b1cac49e08465bbbcd54e937b5738ec82b7ca015,build_found,2266777edff8a7f594659b3c9fa5716289af4c74,30814337,2014-12-22 13:44:53,1,b1cac49e08465bbbcd54e937b5738ec82b7ca015,1,b1cac49e08465bbbcd54e937b5738ec82b7ca015,,b1cac49e08465bbbcd54e937b5738ec82b7ca015,,0,,0,12,0,0,1,0,0,1,0,0,4,1069,1637.04396632367,28.0636108512629,226.379794200187,0.0,,2014-12-22 13:45:07,2014-12-22 13:45:48,passed,62,"[44823941, 44823942]",158,44823941,ruby,ok,0,ruby,rspec,1.0,,213,0,213,1,,10.03,,0
47206060,nov/openid_connect,0.0,,,ruby,,master,1,3944d91efe52fedd0f40a62cc40537015a1f8c8d,build_found,b1cac49e08465bbbcd54e937b5738ec82b7ca015,44823940,2015-01-16 04:45:17,1,3944d91efe52fedd0f40a62cc40537015a1f8c8d,1,3944d91efe52fedd0f40a62cc40537015a1f8c8d,,3944d91efe52fedd0f40a62cc40537015a1f8c8d,,0,,1,0,0,0,1,0,0,1,0,0,33,1070,1635.51401869159,28.0373831775701,226.168224299065,1.0,,2015-01-16 04:45:38,2015-01-16 04:46:15,passed,70,"[47206061, 47206062]",159,47206061,ruby,ok,0,ruby,rspec,1.0,,213,0,213,1,,11.52,,0
47398317,nov/openid_connect,0.0,,,ruby,,master,1,5cd67760231ffea94c48fa11ccb07b0ed86c9e21,build_found,3944d91efe52fedd0f40a62cc40537015a1f8c8d,47206060,2015-01-18 03:35:04,1,5cd67760231ffea94c48fa11ccb07b0ed86c9e21,1,5cd67760231ffea94c48fa11ccb07b0ed86c9e21,,5cd67760231ffea94c48fa11ccb07b0ed86c9e21,,0,,0,0,0,0,1,0,0,0,0,1,73,1070,1635.51401869159,28.0373831775701,226.168224299065,0.0,,2015-01-18 03:35:16,2015-01-18 03:36:09,passed,65,"[47398318, 47398319]",160,47398318,ruby,ok,0,ruby,rspec,1.0,,213,0,213,1,,8.64,,0
50453764,nov/openid_connect,0.0,,,ruby,,master,2,195d3e10c2bd49e122059afe652c96e8eed4fd87#730dd53346d1ea581200dc4d534fb7d1a660d7a5,build_found,5cd67760231ffea94c48fa11ccb07b0ed86c9e21,47398320,2015-02-10 01:42:21,1,730dd53346d1ea581200dc4d534fb7d1a660d7a5#195d3e10c2bd49e122059afe652c96e8eed4fd87,2,730dd53346d1ea581200dc4d534fb7d1a660d7a5,,730dd53346d1ea581200dc4d534fb7d1a660d7a5,,0,,4,0,0,0,2,0,0,1,0,1,92,1070,1635.51401869159,28.0373831775701,226.168224299065,1.0,,2015-02-12 07:21:46,2015-02-12 07:22:13,passed,75,"[50453765, 50453766]",162,50453765,ruby,ok,0,ruby,rspec,1.0,,213,0,213,1,,9.45,,0
68940883,nov/openid_connect,0.0,,,ruby,,master,2,9e9ff731952baa4f129f119a369ae00b635e28f6#b723193e6b35a8540063c841fe7ce09753b33c23,merge_found,,,2015-06-30 08:51:52,0,b723193e6b35a8540063c841fe7ce09753b33c23,1,b723193e6b35a8540063c841fe7ce09753b33c23,,b723193e6b35a8540063c841fe7ce09753b33c23,,0,,0,0,0,0,1,0,0,0,0,0,9,1070,1635.51401869159,28.0373831775701,226.168224299065,0.0,,2015-06-30 08:59:22,2015-06-30 09:01:45,passed,78,"[68940884, 68940885]",164,68940884,ruby,ok,0,ruby,rspec,1.0,,213,0,213,1,,11.44,,0
73327015,nov/openid_connect,0.0,,,ruby,,master,1,e7a5ff0eb21727f7d9f67333301e6745c28cef90,build_found,b723193e6b35a8540063c841fe7ce09753b33c23,68940883,2015-07-30 07:02:55,0,e7a5ff0eb21727f7d9f67333301e6745c28cef90,1,e7a5ff0eb21727f7d9f67333301e6745c28cef90,,e7a5ff0eb21727f7d9f67333301e6745c28cef90,,0,,1,53,0,0,2,0,0,2,0,0,28,1069,1664.17212347989,28.0636108512629,230.121608980355,1.0,,2015-07-30 07:07:35,2015-07-30 07:08:27,passed,67,"[73327016, 73327018]",165,73327018,ruby,ok,0,ruby,rspec,1.0,,217,0,217,1,,9.76,,0
74952960,nov/openid_connect,0.0,,,ruby,,master,1,9828f41695d488bc405dfc13c90f2775c51e1143,build_found,e7a5ff0eb21727f7d9f67333301e6745c28cef90,73327015,2015-08-10 17:28:05,1,9828f41695d488bc405dfc13c90f2775c51e1143,1,9828f41695d488bc405dfc13c90f2775c51e1143,,9828f41695d488bc405dfc13c90f2775c51e1143,,0,,0,1,0,0,1,0,0,1,0,0,30,1069,1665.10757717493,28.0636108512629,231.057062675398,0.0,,2015-08-10 17:28:13,2015-08-10 17:29:14,passed,72,"[74952966, 74952968]",166,74952968,ruby,ok,0,ruby,rspec,1.0,,218,0,218,1,,10.99,,0
75293921,nov/openid_connect,0.0,,,ruby,,master,1,14d9d5dff7e9dce43600597d1e5b24ad321e8364,build_found,9828f41695d488bc405dfc13c90f2775c51e1143,74952960,2015-08-12 16:00:25,1,14d9d5dff7e9dce43600597d1e5b24ad321e8364,1,14d9d5dff7e9dce43600597d1e5b24ad321e8364,,14d9d5dff7e9dce43600597d1e5b24ad321e8364,,0,,10,0,0,0,1,0,0,1,0,0,28,1069,1665.10757717493,28.0636108512629,231.057062675398,0.0,,2015-08-12 16:11:07,2015-08-12 16:12:10,passed,70,"[75293922, 75293923]",167,75293923,ruby,ok,0,ruby,rspec,1.0,,218,0,218,1,,9.52,,0
75294372,nov/openid_connect,0.0,,,ruby,,master,1,a25450caa17740d04f592bf7ddac7c6ae289ac57,build_found,14d9d5dff7e9dce43600597d1e5b24ad321e8364,75293921,2015-08-12 16:12:31,1,a25450caa17740d04f592bf7ddac7c6ae289ac57,1,a25450caa17740d04f592bf7ddac7c6ae289ac57,,a25450caa17740d04f592bf7ddac7c6ae289ac57,,0,,0,0,0,0,1,0,0,0,0,1,75,1069,1665.10757717493,28.0636108512629,231.057062675398,0.0,,2015-08-12 16:13:35,2015-08-12 16:14:33,passed,76,"[75294377, 75294384]",168,75294384,ruby,ok,0,ruby,rspec,1.0,,218,0,218,1,,8.97,,0
75567098,nov/openid_connect,0.0,,,ruby,,master,2,2308f40f03fcfdf0b9b2f19caab1c79808f3e229#5ed2e313cb9b5a35fed847ce4d056ed474365424,build_found,a25450caa17740d04f592bf7ddac7c6ae289ac57,75294402,2015-08-14 08:11:02,1,5ed2e313cb9b5a35fed847ce4d056ed474365424#2308f40f03fcfdf0b9b2f19caab1c79808f3e229,2,5ed2e313cb9b5a35fed847ce4d056ed474365424,,5ed2e313cb9b5a35fed847ce4d056ed474365424,,0,,2,0,0,0,2,0,0,1,0,1,100,1069,1665.10757717493,28.0636108512629,231.057062675398,0.0,,2015-08-14 08:11:37,2015-08-14 08:12:39,passed,75,"[75567099, 75567100]",170,75567100,ruby,ok,0,ruby,rspec,1.0,,218,0,218,1,,10.02,,0
79625960,nov/openid_connect,0.0,,,ruby,,master,1,2f1ff0de697050b1c5cd87fa9159b32f2b4bc5b2,build_found,5ed2e313cb9b5a35fed847ce4d056ed474365424,75567104,2015-09-10 09:40:32,1,2f1ff0de697050b1c5cd87fa9159b32f2b4bc5b2,1,2f1ff0de697050b1c5cd87fa9159b32f2b4bc5b2,,2f1ff0de697050b1c5cd87fa9159b32f2b4bc5b2,,0,,21,41,0,0,3,0,0,3,0,0,72,1058,1653.1190926276,28.3553875236295,230.62381852552,0.0,,2015-09-10 09:41:07,2015-09-10 09:42:10,passed,67,"[79625961, 79625962]",172,79625962,ruby,ok,0,ruby,rspec,1.0,,215,0,215,1,,9.47,,0
80240186,nov/openid_connect,0.0,,,ruby,,master,1,659173361c4c846ea664aa82f2e574e8eea25632,build_found,2f1ff0de697050b1c5cd87fa9159b32f2b4bc5b2,79625960,2015-09-14 13:34:38,1,659173361c4c846ea664aa82f2e574e8eea25632,1,659173361c4c846ea664aa82f2e574e8eea25632,,659173361c4c846ea664aa82f2e574e8eea25632,,0,,3,0,0,0,1,0,0,1,0,0,44,1057,1654.68306527909,28.3822138126774,230.842005676443,0.0,,2015-09-14 13:35:00,2015-09-14 13:40:24,passed,84,"[80240187, 80240188]",173,80240188,ruby,ok,1,ruby,rspec,1.0,,215,0,215,1,,11.85,,0
80241688,nov/openid_connect,0.0,,,ruby,,master,1,85df56df341506b53ad28465ce8a773cc9ce42a8,build_found,659173361c4c846ea664aa82f2e574e8eea25632,80240186,2015-09-14 13:42:56,1,85df56df341506b53ad28465ce8a773cc9ce42a8,1,85df56df341506b53ad28465ce8a773cc9ce42a8,,85df56df341506b53ad28465ce8a773cc9ce42a8,,0,,4,0,0,0,1,0,0,1,0,0,17,1055,1657.81990521327,28.436018957346,231.279620853081,0.0,,2015-09-14 13:43:14,2015-09-14 13:48:52,passed,83,"[80241690, 80241692]",174,80241690,ruby,ok,1,ruby,rspec,1.0,,215,0,215,1,,13.97,,0
80245466,nov/openid_connect,0.0,,,ruby,,master,1,4ce9917d4c20efe0e0e203a3893b15651467c7e8,build_found,85df56df341506b53ad28465ce8a773cc9ce42a8,80241688,2015-09-14 14:06:10,1,4ce9917d4c20efe0e0e203a3893b15651467c7e8,1,4ce9917d4c20efe0e0e203a3893b15651467c7e8,,4ce9917d4c20efe0e0e203a3893b15651467c7e8,,0,,2,0,0,0,1,0,0,1,0,0,31,1055,1657.81990521327,28.436018957346,231.279620853081,0.0,,2015-09-14 14:07:27,2015-09-14 14:14:10,passed,90,"[80245472, 80245477]",175,80245477,ruby,ok,0,ruby,rspec,1.0,,215,0,215,1,,10.76,,0
80245903,nov/openid_connect,0.0,,,ruby,,master,1,e351a063391ace825e9caa6661414d33beed9fdc,build_found,4ce9917d4c20efe0e0e203a3893b15651467c7e8,80245466,2015-09-14 14:09:23,1,e351a063391ace825e9caa6661414d33beed9fdc,1,e351a063391ace825e9caa6661414d33beed9fdc,,e351a063391ace825e9caa6661414d33beed9fdc,,0,,0,0,0,0,1,0,0,0,0,1,77,1055,1657.81990521327,28.436018957346,231.279620853081,0.0,,2015-09-14 14:09:31,2015-09-14 14:13:07,passed,74,"[80245904, 80245905]",176,80245904,ruby,ok,1,ruby,rspec,1.0,,215,0,215,1,,10.37,,0
90043519,nov/openid_connect,0.0,,,ruby,,master,1,566bd0f7add6b7ceaa506dc90f5b2a3b070d5129,build_found,e351a063391ace825e9caa6661414d33beed9fdc,80245910,2015-11-09 07:31:39,1,566bd0f7add6b7ceaa506dc90f5b2a3b070d5129,1,566bd0f7add6b7ceaa506dc90f5b2a3b070d5129,,566bd0f7add6b7ceaa506dc90f5b2a3b070d5129,,0,,16,53,4,0,5,0,0,5,0,4,30,1059,1669.49952785647,28.328611898017,232.294617563739,0.0,,2015-11-09 07:32:15,2015-11-09 07:33:09,passed,70,"[90043520, 90043521]",178,90043521,ruby,ok,1,ruby,rspec,1.0,,217,0,217,1,,11.21,,0
100743955,nov/openid_connect,0.0,,,ruby,,master,,,build_found,566bd0f7add6b7ceaa506dc90f5b2a3b070d5129,90043519,,1,fd2312b42111246805a47a093f365416a4235684,1,fd2312b42111246805a47a093f365416a4235684,,fd2312b42111246805a47a093f365416a4235684,,0,,0,0,0,0,1,0,0,0,0,1,7,1059,1669.49952785647,28.328611898017,232.294617563739,0.0,,,2016-01-07 03:40:56,passed,188,"[100743956, 100743957, 100743958, 100743959, 100743960]",179,100743960,ruby,ok,2,ruby,rspec,1.0,,217,0,217,1,,5.36,,0
100745004,nov/openid_connect,0.0,,,ruby,,master,,,build_found,5b6c16b31be4184d73d3b909066ac44d9f0f0a0e,100744500,,1,3c9d68ce09c93b0fbef4a6e21ec656e5b26fa87d,1,3c9d68ce09c93b0fbef4a6e21ec656e5b26fa87d,,3c9d68ce09c93b0fbef4a6e21ec656e5b26fa87d,,0,,0,0,0,0,1,0,0,0,0,1,9,1059,1669.49952785647,28.328611898017,232.294617563739,0.0,,,2016-01-07 03:54:18,passed,157,"[100745005, 100745006, 100745007, 100745008, 100745009]",182,100745008,ruby,ok,2,ruby,rspec,1.0,,217,0,217,1,,6.11,,0
104824549,nov/openid_connect,0.0,,,ruby,,master,3,9b205097b238c1cbe214e72306e262bd70640adf#08d6a20315964aef2f00d85307044915b7fc053f#3baf59eadc2132826cac3cd5d99780d5541041be,merge_found,,,2016-01-26 05:42:50,1,3baf59eadc2132826cac3cd5d99780d5541041be,1,3baf59eadc2132826cac3cd5d99780d5541041be,,3baf59eadc2132826cac3cd5d99780d5541041be,,0,,69,0,0,0,6,0,0,5,0,1,79,1048,1687.02290076336,28.6259541984733,234.732824427481,0.0,,2016-01-26 05:57:46,2016-01-26 05:59:19,passed,135,"[104824550, 104824551, 104824552, 104824553]",185,104824552,ruby,ok,3,ruby,rspec,1.0,,217,0,217,1,,5.8,,0
104824607,nov/openid_connect,0.0,,,ruby,,master,1,75854ffb6ae4a46d64c34b21fa230930dc617d02,build_found,3baf59eadc2132826cac3cd5d99780d5541041be,104824549,2016-01-26 05:58:19,1,75854ffb6ae4a46d64c34b21fa230930dc617d02,1,75854ffb6ae4a46d64c34b21fa230930dc617d02,,75854ffb6ae4a46d64c34b21fa230930dc617d02,,0,,0,0,0,0,1,0,0,0,0,1,78,1048,1687.02290076336,28.6259541984733,234.732824427481,0.0,,2016-01-26 05:58:31,2016-01-26 06:00:40,passed,139,"[104824608, 104824609, 104824610, 104824611]",186,104824609,ruby,ok,2,ruby,rspec,1.0,,217,0,217,1,,6.05,,0
107969627,nov/openid_connect,0.0,,,ruby,,master,1,514dcc3d68b523d3d50510b1ab7c78843e431d35,build_found,75854ffb6ae4a46d64c34b21fa230930dc617d02,104824612,2016-02-09 08:44:51,1,514dcc3d68b523d3d50510b1ab7c78843e431d35,1,514dcc3d68b523d3d50510b1ab7c78843e431d35,,514dcc3d68b523d3d50510b1ab7c78843e431d35,,0,,0,0,0,0,1,0,0,0,0,0,10,1048,1687.02290076336,28.6259541984733,234.732824427481,0.0,,2016-02-09 08:45:06,2016-02-09 08:46:10,passed,135,"[107969628, 107969629, 107969630, 107969631]",188,107969628,ruby,ok,2,ruby,rspec,1.0,,217,0,217,1,,5.67,,0
126867321,nov/openid_connect,0.0,,,ruby,,master,,,build_found,514dcc3d68b523d3d50510b1ab7c78843e431d35,107969627,,1,2d59654bed1e1b8ea0a8d32635ad941d6f1dcef8#f918fbbd54f5d0bd5893dc3fbc2883bb5727f7e2,2,2d59654bed1e1b8ea0a8d32635ad941d6f1dcef8,,2d59654bed1e1b8ea0a8d32635ad941d6f1dcef8,,0,,5,0,0,0,2,0,0,1,0,1,86,1051,1682.20742150333,28.5442435775452,234.062797335871,0.0,,,2016-04-30 11:46:02,passed,221,"[126867322, 126867323, 126867324, 126867326]",189,126867324,ruby,ok,3,ruby,rspec,1.0,,217,0,217,1,,6.3,,0
126882002,nov/openid_connect,0.0,,,ruby,,master,,,build_found,2d59654bed1e1b8ea0a8d32635ad941d6f1dcef8,126867330,,1,491f4e423bac5bf86a97c31b17490af46668d02c,1,491f4e423bac5bf86a97c31b17490af46668d02c,,491f4e423bac5bf86a97c31b17490af46668d02c,,0,,0,0,0,0,1,0,0,0,0,1,80,1051,1682.20742150333,28.5442435775452,234.062797335871,0.0,,,2016-04-30 14:00:51,passed,214,"[126882003, 126882004, 126882005, 126882006]",191,126882005,ruby,ok,2,ruby,rspec,1.0,,217,0,217,1,,6.89,,0
126891914,nov/openid_connect,0.0,,,ruby,,master,,,build_found,491f4e423bac5bf86a97c31b17490af46668d02c,126882007,,1,cc5d070bd3ba40604bfedbeff0393cc9515ddead,1,cc5d070bd3ba40604bfedbeff0393cc9515ddead,,cc5d070bd3ba40604bfedbeff0393cc9515ddead,,0,,1,0,0,0,1,0,0,1,0,0,8,1052,1680.60836501901,28.5171102661597,233.840304182509,0.0,,,2016-04-30 15:15:22,passed,258,"[126891916, 126891917, 126891918, 126891919]",193,126891918,ruby,ok,3,ruby,rspec,1.0,,217,0,217,1,,8.94,,0
126892070,nov/openid_connect,0.0,,,ruby,,master,,,build_found,cc5d070bd3ba40604bfedbeff0393cc9515ddead,126891914,,1,9b919a948bfe1bd9496dcba600d39fc6b4f2e1be,1,9b919a948bfe1bd9496dcba600d39fc6b4f2e1be,,9b919a948bfe1bd9496dcba600d39fc6b4f2e1be,,0,,0,0,0,0,1,0,0,0,0,1,81,1052,1680.60836501901,28.5171102661597,233.840304182509,0.0,,,2016-04-30 15:16:48,passed,217,"[126892071, 126892072, 126892073, 126892074]",194,126892071,ruby,ok,2,ruby,rspec,1.0,,217,0,217,1,,7.44,,0
138814205,nov/openid_connect,0.0,,,ruby,,master,,,build_found,9b919a948bfe1bd9496dcba600d39fc6b4f2e1be,126892075,,1,0f83adc3ef62e503ebba7565103b335f1aec148a#6322c810fd450568c2de59769d4787a8748a8fcf,2,0f83adc3ef62e503ebba7565103b335f1aec148a,,0f83adc3ef62e503ebba7565103b335f1aec148a,,0,,6,0,0,0,3,0,0,2,0,1,112,1055,1675.82938388626,28.436018957346,233.175355450237,1.0,,,2016-06-20 04:34:57,passed,224,"[138814206, 138814207, 138814208, 138814209]",196,138814207,ruby,ok,2,ruby,rspec,1.0,,217,0,217,1,,6.54,,0
150398935,nov/openid_connect,0.0,,,ruby,,master,,,build_found,0f83adc3ef62e503ebba7565103b335f1aec148a,138814210,,0,88a25ce3122a20cab6a3426e635aec8e7b8210c2#2358696f3b74308a7a60dc8c27b8098a2f451bd2,2,88a25ce3122a20cab6a3426e635aec8e7b8210c2,,88a25ce3122a20cab6a3426e635aec8e7b8210c2,,0,,0,33,0,0,4,0,0,3,0,1,25,1055,1701.42180094787,31.2796208530806,238.862559241706,0.0,,,2016-08-07 10:43:24,passed,208,"[150398936, 150398937, 150398938]",199,150398938,ruby,ok,2,ruby,rspec,1.0,,220,0,220,1,,8.05,,0
