tr_build_id,gh_project_name,gh_is_pr,gh_pr_created_at,gh_pull_req_num,gh_lang,git_merged_with,git_branch,gh_num_commits_in_push,gh_commits_in_push,git_prev_commit_resolution_status,git_prev_built_commit,tr_prev_build,gh_first_commit_created_at,gh_team_size,git_all_built_commits,git_num_all_built_commits,git_trigger_commit,tr_virtual_merged_into,tr_original_commit,gh_num_issue_comments,gh_num_commit_comments,gh_num_pr_comments,git_diff_src_churn,git_diff_test_churn,gh_diff_files_added,gh_diff_files_deleted,gh_diff_files_modified,gh_diff_tests_added,gh_diff_tests_deleted,gh_diff_src_files,gh_diff_doc_files,gh_diff_other_files,gh_num_commits_on_files_touched,gh_sloc,gh_test_lines_per_kloc,gh_test_cases_per_kloc,gh_asserts_cases_per_kloc,gh_by_core_team_member,gh_description_complexity,gh_pushed_at,gh_build_started_at,tr_status,tr_duration,tr_jobs,tr_build_number,tr_job_id,tr_log_lan,tr_log_status,tr_log_setup_time,tr_log_analyzer,tr_log_frameworks,tr_log_bool_tests_ran,tr_log_bool_tests_failed,tr_log_num_tests_ok,tr_log_num_tests_failed,tr_log_num_tests_run,tr_log_num_tests_skipped,tr_log_tests_failed,tr_log_testduration,tr_log_buildduration,build_successful
249683,jsmestad/pivotal-tracker,0.0,,,ruby,,master,,,merge_found,,,,5,ce97c2ae5bb9c6f810d920558e968e1fcc411242,1,ce97c2ae5bb9c6f810d920558e968e1fcc411242,,ce97c2ae5bb9c6f810d920558e968e1fcc411242,,0,,21,0,0,0,1,0,0,1,0,0,17,551,903.811252268603,107.078039927405,145.19056261343,1.0,,,2011-10-24 22:08:52,failed,94,[249684],1,249684,ruby,unknown,,ruby,,1.0,,,0,,,,,,0
683053,jsmestad/pivotal-tracker,0.0,,,ruby,,master,2,3e343c3fb906913e02a2f454745ea6d4904561c3#fe851d5c9f6b39ba986d5f713856bbd6e3a08d2a,merge_found,,,2012-02-13 21:46:24,5,fe851d5c9f6b39ba986d5f713856bbd6e3a08d2a,1,fe851d5c9f6b39ba986d5f713856bbd6e3a08d2a,,fe851d5c9f6b39ba986d5f713856bbd6e3a08d2a,,0,,33,34,0,0,3,0,0,2,0,1,42,578,910.034602076125,107.266435986159,145.328719723183,1.0,,2012-02-15 17:31:05,2012-02-15 17:31:09,failed,89,[683054],2,683054,ruby,unknown,,ruby,,1.0,,,0,,,,,,0
683065,jsmestad/pivotal-tracker,0.0,,,ruby,,master,1,40c1122e259237a799c842d6ee40600183a9dc30,merge_found,,,2012-02-15 17:31:20,5,40c1122e259237a799c842d6ee40600183a9dc30,1,40c1122e259237a799c842d6ee40600183a9dc30,,40c1122e259237a799c842d6ee40600183a9dc30,,0,,1,0,0,0,1,0,0,1,0,0,20,579,908.46286701209,107.081174438687,145.077720207254,1.0,,2012-02-15 17:31:22,2012-02-15 17:31:23,failed,79,[683066],3,683066,ruby,unknown,,ruby,,1.0,,,0,,,,,,0
683068,jsmestad/pivotal-tracker,0.0,,,ruby,,master,1,fb8d5276aa1b60a1af6d17f0c3c5ea040c096b7b,merge_found,,,2012-02-15 17:31:31,5,fb8d5276aa1b60a1af6d17f0c3c5ea040c096b7b,1,fb8d5276aa1b60a1af6d17f0c3c5ea040c096b7b,,fb8d5276aa1b60a1af6d17f0c3c5ea040c096b7b,,0,,16,0,0,0,1,0,0,1,0,0,8,592,888.513513513513,104.72972972973,141.891891891892,1.0,,2012-02-15 17:31:33,2012-02-15 17:31:34,failed,77,[683069],4,683069,ruby,unknown,,ruby,,1.0,,,0,,,,,,0
683071,jsmestad/pivotal-tracker,0.0,,,ruby,,master,1,43e2c1578d28c00f047a4cca82d426eddc64e944,build_found,fb8d5276aa1b60a1af6d17f0c3c5ea040c096b7b,683068,2012-02-15 17:32:17,5,43e2c1578d28c00f047a4cca82d426eddc64e944,1,43e2c1578d28c00f047a4cca82d426eddc64e944,,43e2c1578d28c00f047a4cca82d426eddc64e944,,0,,0,0,0,0,1,0,0,0,0,1,45,592,888.513513513513,104.72972972973,141.891891891892,1.0,,2012-02-15 17:32:18,2012-02-15 17:32:19,failed,95,[683072],5,683072,ruby,unknown,,ruby,,1.0,,,0,,,,,,0
683353,jsmestad/pivotal-tracker,0.0,,,ruby,,master,2,21b856d61b2181795ed603e0226945380ac0372a#978519da38596da184dd4b71ab11411c97b5b34a,build_found,43e2c1578d28c00f047a4cca82d426eddc64e944,683071,2012-02-15 18:52:36,5,978519da38596da184dd4b71ab11411c97b5b34a#21b856d61b2181795ed603e0226945380ac0372a,2,978519da38596da184dd4b71ab11411c97b5b34a,,978519da38596da184dd4b71ab11411c97b5b34a,,0,,61,0,0,0,2,0,0,2,0,0,55,592,888.513513513513,104.72972972973,141.891891891892,1.0,,2012-02-15 18:53:11,2012-02-15 18:53:12,failed,92,[683354],6,683354,ruby,unknown,,ruby,,1.0,,,0,,,,,,0
690052,jsmestad/pivotal-tracker,0.0,,,ruby,,master,1,720b173db0c2ef77dfe5a876ef7d4a7811febda4,merge_found,,,2012-02-17 00:43:49,5,720b173db0c2ef77dfe5a876ef7d4a7811febda4,1,720b173db0c2ef77dfe5a876ef7d4a7811febda4,,720b173db0c2ef77dfe5a876ef7d4a7811febda4,,0,,7,144,4,0,10,0,0,9,0,5,74,594,954.545454545455,107.744107744108,148.148148148148,1.0,,2012-02-17 00:43:51,2012-02-17 00:43:52,failed,109,[690053],7,690053,ruby,unknown,,ruby,,1.0,,,0,,,,,,0
690166,jsmestad/pivotal-tracker,0.0,,,ruby,,master,3,ddbedceb8a991e69156cb372634552b5cc8ea9b9#f6dd02bd3261c188584ba783c3360b879975246a#7567809fab0f4a9d8c98c4bad4f0b824331925a6,build_found,720b173db0c2ef77dfe5a876ef7d4a7811febda4,690052,2012-02-17 01:19:30,5,7567809fab0f4a9d8c98c4bad4f0b824331925a6#f6dd02bd3261c188584ba783c3360b879975246a#ddbedceb8a991e69156cb372634552b5cc8ea9b9,3,7567809fab0f4a9d8c98c4bad4f0b824331925a6,,7567809fab0f4a9d8c98c4bad4f0b824331925a6,,0,,84,49,1,0,7,0,0,6,0,2,120,594,914.141414141414,104.377104377104,141.414141414141,1.0,,2012-02-17 01:20:51,2012-02-17 01:20:52,failed,16,[690167],8,690167,ruby,unknown,,ruby,,0.0,,,,,,,,,0
690174,jsmestad/pivotal-tracker,0.0,,,ruby,,master,1,196bf0ae4eb7ccbe2e7f543ee9b9e22993b1c611,build_found,7567809fab0f4a9d8c98c4bad4f0b824331925a6,690166,2012-02-17 01:23:28,5,196bf0ae4eb7ccbe2e7f543ee9b9e22993b1c611,1,196bf0ae4eb7ccbe2e7f543ee9b9e22993b1c611,,196bf0ae4eb7ccbe2e7f543ee9b9e22993b1c611,,0,,14,0,0,0,2,0,0,2,0,0,21,594,914.141414141414,104.377104377104,141.414141414141,1.0,,2012-02-17 01:23:34,2012-02-17 01:23:35,failed,85,[690175],9,690175,ruby,unknown,,ruby,,1.0,,,0,,,,,,0
690698,jsmestad/pivotal-tracker,0.0,,,ruby,,master,1,3314b9c27f1a23dc6f57756d9f6524c6d19de69a,build_found,196bf0ae4eb7ccbe2e7f543ee9b9e22993b1c611,690174,2012-02-17 07:30:55,6,3314b9c27f1a23dc6f57756d9f6524c6d19de69a,1,3314b9c27f1a23dc6f57756d9f6524c6d19de69a,,3314b9c27f1a23dc6f57756d9f6524c6d19de69a,,0,,0,3,0,0,1,0,0,1,0,0,5,594,915.824915824916,104.377104377104,141.414141414141,1.0,,2012-02-17 07:32:04,2012-02-17 07:32:05,failed,73,[690699],10,690699,ruby,unknown,,ruby,,1.0,,,0,,,,,,0
739283,jsmestad/pivotal-tracker,0.0,,,ruby,,master,1,dfb6ca2a054b0c3964ddbeca18aba1055d8ec659,build_found,3314b9c27f1a23dc6f57756d9f6524c6d19de69a,690698,2012-02-25 06:42:56,7,dfb6ca2a054b0c3964ddbeca18aba1055d8ec659,1,dfb6ca2a054b0c3964ddbeca18aba1055d8ec659,,dfb6ca2a054b0c3964ddbeca18aba1055d8ec659,,0,,14,14,2,0,3,0,0,2,0,3,49,593,935.919055649241,107.925801011804,150.08431703204,0.0,,2012-02-25 06:53:47,2012-02-25 06:53:48,failed,79,[739284],11,739284,ruby,unknown,,ruby,,1.0,,,0,,,,,,0
740325,jsmestad/pivotal-tracker,0.0,,,ruby,,master,2,13362935537c0d114c2e0f2473f302f1edfbc419#0ced970986b0d6ddc09b758e6b3fcff36f300f48,build_found,dfb6ca2a054b0c3964ddbeca18aba1055d8ec659,739283,2012-02-25 11:10:31,7,0ced970986b0d6ddc09b758e6b3fcff36f300f48#13362935537c0d114c2e0f2473f302f1edfbc419,2,0ced970986b0d6ddc09b758e6b3fcff36f300f48,,0ced970986b0d6ddc09b758e6b3fcff36f300f48,,0,,5,4,0,0,2,0,0,2,0,0,11,594,934.343434343434,107.744107744108,149.83164983165,0.0,,2012-02-25 12:43:57,2012-02-25 12:43:59,failed,130,[740326],12,740326,ruby,unknown,,ruby,rspec,1.0,,58,15,73,0,,1.57,,0
886445,jsmestad/pivotal-tracker,0.0,,,ruby,,master,2,e7a16fb7ff43117ea32cca7c27ad42b047256c32#4677e2b03b12c9c9ac879802ecb8dc1fd4813282,merge_found,,,2012-03-17 09:56:21,7,4677e2b03b12c9c9ac879802ecb8dc1fd4813282#e7a16fb7ff43117ea32cca7c27ad42b047256c32#32d6c34d62a191b4619325aea3dc00e656f7c434,3,4677e2b03b12c9c9ac879802ecb8dc1fd4813282,,4677e2b03b12c9c9ac879802ecb8dc1fd4813282,,0,,13,68,0,0,7,0,0,5,0,2,70,598,934.782608695652,110.367892976589,153.846153846154,0.0,,2012-03-17 10:59:01,2012-03-17 10:59:02,failed,50,[886446],15,886446,ruby,unknown,,ruby,rspec,1.0,,64,11,75,0,,1.85,,0
887044,jsmestad/pivotal-tracker,0.0,,,ruby,,master,4,05a6ce572f870406d57d141eb9fd18dd9880a465#cc32710ea1fedd670eab7643c948f2e1f86f9af7#f5f50f18270f2cba2648ae2a40eeb7836ba470e7#1b65016619a2bfe6c4d294a99947dd325b30b457,build_found,4677e2b03b12c9c9ac879802ecb8dc1fd4813282,886445,2012-03-17 13:14:55,7,1b65016619a2bfe6c4d294a99947dd325b30b457#f5f50f18270f2cba2648ae2a40eeb7836ba470e7#cc32710ea1fedd670eab7643c948f2e1f86f9af7#05a6ce572f870406d57d141eb9fd18dd9880a465,4,1b65016619a2bfe6c4d294a99947dd325b30b457,,1b65016619a2bfe6c4d294a99947dd325b30b457,,0,,5,13,8,0,4,0,0,12,0,1,37,598,941.471571906355,110.367892976589,153.846153846154,0.0,,2012-03-17 14:00:29,2012-03-17 14:00:31,failed,67,[887045],16,887045,ruby,unknown,,ruby,rspec,1.0,,64,11,75,0,,1.77,,0
887127,jsmestad/pivotal-tracker,0.0,,,ruby,,master,1,a94dde6e3a9311794c2e2f0625f6c8204a40fdf2,build_found,1b65016619a2bfe6c4d294a99947dd325b30b457,887044,2012-03-17 14:28:32,7,a94dde6e3a9311794c2e2f0625f6c8204a40fdf2,1,a94dde6e3a9311794c2e2f0625f6c8204a40fdf2,,a94dde6e3a9311794c2e2f0625f6c8204a40fdf2,,0,,0,3,0,0,1,0,0,1,0,0,19,598,946.488294314381,110.367892976589,153.846153846154,0.0,,2012-03-17 14:28:42,2012-03-17 14:28:45,failed,73,[887128],17,887128,ruby,unknown,,ruby,rspec,1.0,,70,5,75,0,,1.88,,0
887225,jsmestad/pivotal-tracker,0.0,,,ruby,,master,1,4456d507076ee216b99a42b79fafaf48290d2506,build_found,a94dde6e3a9311794c2e2f0625f6c8204a40fdf2,887127,2012-03-17 15:01:24,7,4456d507076ee216b99a42b79fafaf48290d2506,1,4456d507076ee216b99a42b79fafaf48290d2506,,4456d507076ee216b99a42b79fafaf48290d2506,,0,,0,2,0,0,1,0,0,1,0,0,20,598,946.488294314381,110.367892976589,153.846153846154,0.0,,2012-03-17 15:02:13,2012-03-17 15:02:18,passed,39,[887226],18,887226,ruby,unknown,,ruby,rspec,1.0,,75,0,75,0,,1.52,,0
906613,jsmestad/pivotal-tracker,0.0,,,ruby,,master,1,91d28ab22da77c1cecf96e9cdf00cdc2fc23636f,build_found,4456d507076ee216b99a42b79fafaf48290d2506,887225,2012-03-20 13:52:24,7,91d28ab22da77c1cecf96e9cdf00cdc2fc23636f,1,91d28ab22da77c1cecf96e9cdf00cdc2fc23636f,,91d28ab22da77c1cecf96e9cdf00cdc2fc23636f,,0,,0,0,0,0,1,0,0,0,0,0,21,598,946.488294314381,110.367892976589,153.846153846154,0.0,,2012-03-20 13:52:53,2012-03-20 13:52:57,passed,40,[906614],19,906614,ruby,unknown,,ruby,rspec,1.0,,75,0,75,0,,2.21,,0
948927,jsmestad/pivotal-tracker,0.0,,,ruby,,master,3,fb5173a1744402966a9912705b89044b574c7357#a590a9e8b801e48fc25c3dd786178727aed66e5e#2ca7a21ffb2ac8c6d24ddb9da88979fdcff6b756,build_found,91d28ab22da77c1cecf96e9cdf00cdc2fc23636f,906613,2012-03-21 16:23:55,7,2ca7a21ffb2ac8c6d24ddb9da88979fdcff6b756#a590a9e8b801e48fc25c3dd786178727aed66e5e#fb5173a1744402966a9912705b89044b574c7357,3,2ca7a21ffb2ac8c6d24ddb9da88979fdcff6b756,,2ca7a21ffb2ac8c6d24ddb9da88979fdcff6b756,,0,,28,99,0,0,4,0,0,4,0,0,23,608,1021.38157894737,118.421052631579,161.184210526316,0.0,,2012-03-26 13:49:44,2012-03-26 13:49:45,passed,42,[948928],20,948928,ruby,unknown,,ruby,rspec,1.0,,81,0,81,0,,1.71,,0
949059,jsmestad/pivotal-tracker,0.0,,,ruby,,master,1,96f953c0e0a7ff608df109ceaa1efc60f18baab2,build_found,2ca7a21ffb2ac8c6d24ddb9da88979fdcff6b756,948927,2012-03-26 14:16:25,7,96f953c0e0a7ff608df109ceaa1efc60f18baab2,1,96f953c0e0a7ff608df109ceaa1efc60f18baab2,,96f953c0e0a7ff608df109ceaa1efc60f18baab2,,0,,0,0,0,0,1,0,0,0,0,0,22,608,1021.38157894737,118.421052631579,161.184210526316,0.0,,2012-03-26 14:17:32,2012-03-26 14:17:33,passed,39,[949060],21,949060,ruby,unknown,,ruby,rspec,1.0,,81,0,81,0,,1.85,,0
949144,jsmestad/pivotal-tracker,0.0,,,ruby,,master,2,b5ac1878fe09336998058e7d2e54f60765c608d4#526ef0969ba1b5bd962f5cc36992e208652e3c95,build_found,96f953c0e0a7ff608df109ceaa1efc60f18baab2,949059,2012-03-26 14:26:48,7,526ef0969ba1b5bd962f5cc36992e208652e3c95#b5ac1878fe09336998058e7d2e54f60765c608d4,2,526ef0969ba1b5bd962f5cc36992e208652e3c95,,526ef0969ba1b5bd962f5cc36992e208652e3c95,,0,,28,0,0,0,2,0,0,1,0,1,87,608,1021.38157894737,118.421052631579,161.184210526316,0.0,,2012-03-26 14:27:26,2012-03-26 14:27:29,passed,42,[949145],22,949145,ruby,unknown,,ruby,rspec,1.0,,81,0,81,0,,1.77,,0
996060,jsmestad/pivotal-tracker,0.0,,,ruby,,master,9,a78a66243a9c768574cf6de23b13ffc482e5828e#b88b0b0f4ef5d1e6e1d0f535aafb6e64f5e4566c#4c8fa6e56b95260cddfd749e14f0ef3d17e78783#f2ce744332a64bc228da9cde2755e3ee59fa2a7c#ec4a0a8e9015790dabcfba9dc3a90a12b408a592#46008418ee7bf8f220158a52f61fe63d23281038#9cc24048be41fd9cfbcd65dcd1d1058dabe3d26f#d148ad3794c3db27cc4d2c118cb978b6ba875cc1#9bf3385681c8a8860825bc3adb9adc260b5718e3,merge_found,,,2012-04-01 12:12:53,7,9bf3385681c8a8860825bc3adb9adc260b5718e3,1,9bf3385681c8a8860825bc3adb9adc260b5718e3,,9bf3385681c8a8860825bc3adb9adc260b5718e3,,0,,15,40,1,0,6,0,0,5,0,2,99,617,1059.96758508914,123.176661264182,176.661264181524,1.0,,2012-04-01 21:49:44,2012-04-01 21:49:47,passed,40,[996061],23,996061,ruby,unknown,,ruby,rspec,1.0,,85,0,85,0,,1.79,,0
1034252,jsmestad/pivotal-tracker,0.0,,,ruby,,master,2,af61a314f7e5fed78f629577db7f7497151f6c84#235b6f26ab819a333117aeca0198363f7752d7da,build_found,9bf3385681c8a8860825bc3adb9adc260b5718e3,996060,2012-04-06 20:30:32,7,235b6f26ab819a333117aeca0198363f7752d7da#af61a314f7e5fed78f629577db7f7497151f6c84,2,235b6f26ab819a333117aeca0198363f7752d7da,,235b6f26ab819a333117aeca0198363f7752d7da,,0,,7,0,0,0,2,0,0,1,0,1,89,617,1059.96758508914,123.176661264182,176.661264181524,1.0,,2012-04-06 20:30:59,2012-04-06 20:31:00,passed,66,[1034253],24,1034253,ruby,unknown,,ruby,rspec,1.0,,85,0,85,0,,3.44,,0
1255518,jsmestad/pivotal-tracker,0.0,,,ruby,,master,2,eb36fa6dfdaef4f770b53717f6a6637c7ef9e59b#8234ea3e155594a71c59703f2cce2983a733ce30,merge_found,,,2012-05-01 05:56:15,7,8234ea3e155594a71c59703f2cce2983a733ce30,1,8234ea3e155594a71c59703f2cce2983a733ce30,,8234ea3e155594a71c59703f2cce2983a733ce30,,0,,1,7,0,0,3,0,0,2,0,1,49,618,1066.3430420712,124.595469255663,176.375404530744,1.0,,2012-05-05 23:49:27,2012-05-05 23:49:30,passed,46,[1255519],25,1255519,ruby,unknown,,ruby,rspec,1.0,,86,0,86,0,,2.06,,0
1911140,jsmestad/pivotal-tracker,0.0,,,ruby,,master,2,eb36fa6dfdaef4f770b53717f6a6637c7ef9e59b#8234ea3e155594a71c59703f2cce2983a733ce30,merge_found,,,2012-05-01 05:56:15,5,8234ea3e155594a71c59703f2cce2983a733ce30,1,8234ea3e155594a71c59703f2cce2983a733ce30,,8234ea3e155594a71c59703f2cce2983a733ce30,,0,,1,7,0,0,3,0,0,2,0,1,49,618,1066.3430420712,124.595469255663,176.375404530744,1.0,,2012-05-05 23:49:27,2012-07-20 07:11:12,passed,41,[1911141],26,1911141,ruby,unknown,,ruby,rspec,1.0,,86,0,86,0,,2.11,,0
1911170,jsmestad/pivotal-tracker,0.0,,,ruby,,master,1,6b4d7eb18b86f84454ea6812c0d9520ff322f9a4,build_found,8234ea3e155594a71c59703f2cce2983a733ce30,1911140,2012-07-20 07:18:41,6,6b4d7eb18b86f84454ea6812c0d9520ff322f9a4,1,6b4d7eb18b86f84454ea6812c0d9520ff322f9a4,,6b4d7eb18b86f84454ea6812c0d9520ff322f9a4,,0,,0,0,1,0,0,0,0,0,0,1,0,618,1066.3430420712,124.595469255663,176.375404530744,1.0,,2012-07-20 07:18:55,2012-07-20 07:19:00,failed,205,"[1911175, 1911174, 1911172, 1911173, 1911171]",27,1911173,ruby,unknown,,ruby,rspec,1.0,,86,0,86,0,,1.91,,0
1911176,jsmestad/pivotal-tracker,0.0,,,ruby,,master,1,39046299508378607d8df69aa0a86f2abdf25efc,build_found,6b4d7eb18b86f84454ea6812c0d9520ff322f9a4,1911170,2012-07-20 07:20:20,6,39046299508378607d8df69aa0a86f2abdf25efc,1,39046299508378607d8df69aa0a86f2abdf25efc,,39046299508378607d8df69aa0a86f2abdf25efc,,0,,0,0,0,0,1,0,0,0,0,1,1,618,1066.3430420712,124.595469255663,176.375404530744,1.0,,2012-07-20 07:20:24,2012-07-20 07:20:27,passed,140,"[1911179, 1911177, 1911178]",28,1911178,ruby,unknown,,ruby,rspec,1.0,,86,0,86,0,,1.82,,0
2226146,jsmestad/pivotal-tracker,0.0,,,ruby,,master,2,e51587f0ee757ca1f4c78f0442b814b724b67748#1c0651e70ad9f0bc13c6fbb34996c06317a5eca3,merge_found,,,2012-06-30 08:02:07,6,1c0651e70ad9f0bc13c6fbb34996c06317a5eca3,1,1c0651e70ad9f0bc13c6fbb34996c06317a5eca3,,1c0651e70ad9f0bc13c6fbb34996c06317a5eca3,,0,,7,7,1,0,3,0,0,2,0,2,51,619,1072.69789983845,126.009693053312,177.705977382876,1.0,,2012-08-24 14:06:36,2012-08-24 14:06:39,passed,134,"[2226148, 2226149, 2226147]",29,2226147,ruby,unknown,,ruby,rspec,1.0,,87,0,87,0,,3.29,,0
2226220,jsmestad/pivotal-tracker,0.0,,,ruby,,master,3,b2e5d75c9ccfda1e0612a005c246b2bd89b61d24#e9b7c1b1c562ec018e88f661e77ddc43945eb642#fc0db6931eeda3995c66e9cd3ae4446d0e1269db,build_found,1c0651e70ad9f0bc13c6fbb34996c06317a5eca3,2226146,2012-05-05 23:52:45,6,fc0db6931eeda3995c66e9cd3ae4446d0e1269db#e9b7c1b1c562ec018e88f661e77ddc43945eb642#b2e5d75c9ccfda1e0612a005c246b2bd89b61d24,3,fc0db6931eeda3995c66e9cd3ae4446d0e1269db,,fc0db6931eeda3995c66e9cd3ae4446d0e1269db,,0,,12,0,0,0,2,0,0,1,0,1,91,619,1072.69789983845,126.009693053312,177.705977382876,1.0,,2012-08-24 14:13:36,2012-08-24 14:13:37,failed,132,"[2226223, 2226222, 2226221]",30,2226223,ruby,unknown,,ruby,rspec,1.0,,86,1,87,0,,1.31,,0
2226304,jsmestad/pivotal-tracker,0.0,,,ruby,,master,2,1b49b8bdb59ddf756169f93ce46fbe3195f0bd9c#c56b6f75f03e116dd4d6db5c2b3fc83b5d7a1f43,merge_found,,,2012-07-17 17:42:40,6,c56b6f75f03e116dd4d6db5c2b3fc83b5d7a1f43,1,c56b6f75f03e116dd4d6db5c2b3fc83b5d7a1f43,,c56b6f75f03e116dd4d6db5c2b3fc83b5d7a1f43,,0,,1,11,0,0,7,0,0,2,0,5,23,620,1085.48387096774,127.41935483871,180.645161290323,1.0,,2012-08-24 14:19:18,2012-08-24 14:19:28,passed,128,"[2226306, 2226307, 2226305]",31,2226305,ruby,unknown,,ruby,rspec,1.0,,88,0,88,0,,2.59,,0
2226329,jsmestad/pivotal-tracker,0.0,,,ruby,,master,1,cec9e74d71ac7f889e2e734c341a24953500f93a,build_found,c56b6f75f03e116dd4d6db5c2b3fc83b5d7a1f43,2226304,2012-08-24 14:20:07,6,cec9e74d71ac7f889e2e734c341a24953500f93a,1,cec9e74d71ac7f889e2e734c341a24953500f93a,,cec9e74d71ac7f889e2e734c341a24953500f93a,,0,,0,0,0,0,1,0,0,0,0,1,51,620,1085.48387096774,127.41935483871,180.645161290323,1.0,,2012-08-24 14:20:54,2012-08-24 14:21:01,passed,121,"[2226331, 2226332, 2226330]",32,2226331,ruby,unknown,,ruby,rspec,1.0,,88,0,88,0,,1.85,,0
2966262,jsmestad/pivotal-tracker,0.0,,,ruby,,master,,,build_found,cec9e74d71ac7f889e2e734c341a24953500f93a,2226329,,6,45129522c100920bdb9f2cfa0c782e20ea0fefff#fe01400547baca7dd3b9e9867f7008b9535b484a#b1d873e39494564bfa7ae70d1c855b2dd0f31df4,3,45129522c100920bdb9f2cfa0c782e20ea0fefff,,45129522c100920bdb9f2cfa0c782e20ea0fefff,,0,,57,4,0,0,7,0,0,6,0,1,158,620,1085.48387096774,127.41935483871,180.645161290323,0.0,,,2012-10-28 21:24:58,failed,150,"[2966264, 2966263, 2966265]",36,2966263,ruby,unknown,,ruby,rspec,1.0,,88,0,88,0,,4.42,,0
3181663,jsmestad/pivotal-tracker,1.0,2012-11-13 14:56:21,65,ruby,merge_button,master,,,build_found,45129522c100920bdb9f2cfa0c782e20ea0fefff,2966262,,6,8b8a9442f3e38ede9ae46ba3a502935942dc91d0#404eb1f36a569500cdb9c6a07a2b92e748838e9c,2,8b8a9442f3e38ede9ae46ba3a502935942dc91d0,45129522c100920bdb9f2cfa0c782e20ea0fefff,ac910911c1c28aec5b18c0d27a4e0b0deb988fc2,0,0,0,11,8,0,0,4,0,0,4,0,0,114,620,1095.16129032258,130.645161290323,183.870967741935,1.0,39,,2012-11-13 16:31:48,passed,184,"[3181665, 3181666, 3181664]",38,3181665,ruby,unknown,,ruby,rspec,1.0,,90,0,90,0,,2.47,,0
3345987,jsmestad/pivotal-tracker,0.0,,,ruby,,master,,,merge_found,,,,6,f275cc5301e93a9ee7d34c202952bcd6537eea41,1,f275cc5301e93a9ee7d34c202952bcd6537eea41,,f275cc5301e93a9ee7d34c202952bcd6537eea41,,0,,11,8,0,0,4,0,0,4,0,0,116,620,1095.16129032258,130.645161290323,183.870967741935,1.0,,,2012-11-25 00:48:14,failed,130,"[3345989, 3345990, 3345988]",39,3345989,ruby,unknown,,ruby,rspec,1.0,,89,1,90,0,,2.22,,0
3346142,jsmestad/pivotal-tracker,0.0,,,ruby,,master,,,merge_found,,,,6,869effb019c38d25401c9ae7f5236c9ac5212329,1,869effb019c38d25401c9ae7f5236c9ac5212329,,869effb019c38d25401c9ae7f5236c9ac5212329,,0,,11,8,0,0,4,0,0,4,0,0,118,620,1095.16129032258,130.645161290323,183.870967741935,1.0,,,2012-11-25 01:03:24,passed,128,"[3346145, 3346144, 3346143]",40,3346144,ruby,unknown,,ruby,rspec,1.0,,90,0,90,0,,2.48,,0
3346171,jsmestad/pivotal-tracker,0.0,,,ruby,,master,,,build_found,869effb019c38d25401c9ae7f5236c9ac5212329,3346142,,6,2453856f0cf31325c74ecff05b49821c9edfc860,1,2453856f0cf31325c74ecff05b49821c9edfc860,,2453856f0cf31325c74ecff05b49821c9edfc860,,0,,45,0,0,0,2,0,0,2,0,0,27,620,1095.16129032258,130.645161290323,183.870967741935,1.0,,,2012-11-25 01:08:33,passed,132,"[3346173, 3346174, 3346172]",41,3346172,ruby,unknown,,ruby,rspec,1.0,,90,0,90,0,,2.85,,0
3346177,jsmestad/pivotal-tracker,0.0,,,ruby,,master,,,build_found,2453856f0cf31325c74ecff05b49821c9edfc860,3346171,,6,b32bbe5d349f6452eccb7b35e699c18a4f31711b#faec7136cf7538e9a3474391f24b05d333fcaeec,2,b32bbe5d349f6452eccb7b35e699c18a4f31711b,,b32bbe5d349f6452eccb7b35e699c18a4f31711b,,0,,2,0,0,0,2,0,0,1,0,1,103,620,1095.16129032258,130.645161290323,183.870967741935,1.0,,,2012-11-25 01:10:00,passed,146,"[3346180, 3346178, 3346179]",42,3346178,ruby,unknown,,ruby,rspec,1.0,,90,0,90,0,,3.18,,0
3366155,jsmestad/pivotal-tracker,1.0,2012-10-03 10:40:58,63,ruby,merge_button,master,4,123f2424030faab430a869c0c5adac56466e163f#15dc131455ab73e144e35491daba292959fae871#a2347e35030101be3938ec2564f3681c961c392c#d5e5fb9f0e8d3c5e9323cefcebccf38774091df7,build_found,cec9e74d71ac7f889e2e734c341a24953500f93a,2226329,2012-10-03 12:40:49,6,a2347e35030101be3938ec2564f3681c961c392c#15dc131455ab73e144e35491daba292959fae871#123f2424030faab430a869c0c5adac56466e163f,3,a2347e35030101be3938ec2564f3681c961c392c,b32bbe5d349f6452eccb7b35e699c18a4f31711b,c73fee987c4403f97fcd5fac4c18d8cb74fa441f,4,0,0,2,11,0,0,2,0,0,2,0,0,54,620,1093.54838709677,129.032258064516,182.258064516129,0.0,18,2013-01-30 14:50:55,2012-11-26 16:27:35,passed,130,"[3366158, 3366156, 3366157]",44,3366157,ruby,unknown,,ruby,rspec,1.0,,91,0,91,0,,3.15,,0
4476495,jsmestad/pivotal-tracker,0.0,,,ruby,,master,4,123f2424030faab430a869c0c5adac56466e163f#15dc131455ab73e144e35491daba292959fae871#a2347e35030101be3938ec2564f3681c961c392c#d5e5fb9f0e8d3c5e9323cefcebccf38774091df7,merge_found,,,2012-10-03 12:40:49,5,d5e5fb9f0e8d3c5e9323cefcebccf38774091df7,1,d5e5fb9f0e8d3c5e9323cefcebccf38774091df7,,d5e5fb9f0e8d3c5e9323cefcebccf38774091df7,,0,,2,9,0,0,2,0,0,2,0,0,61,620,1103.22580645161,132.258064516129,185.483870967742,1.0,,2013-01-30 14:50:55,2013-01-30 14:55:54,passed,145,"[4476498, 4476497, 4476496]",48,4476498,ruby,unknown,,ruby,rspec,1.0,,91,0,91,0,,2.31,,0
4476506,jsmestad/pivotal-tracker,0.0,,,ruby,,master,2,fb88d6ba70ad2da03b334d759c1acd8a2306990a#c074191bf2e5f2f463692333168253bd42c79d99,merge_found,,,2013-01-11 15:05:55,5,c074191bf2e5f2f463692333168253bd42c79d99,1,c074191bf2e5f2f463692333168253bd42c79d99,,c074191bf2e5f2f463692333168253bd42c79d99,,0,,0,0,0,0,1,0,0,0,0,0,24,620,1103.22580645161,132.258064516129,185.483870967742,1.0,,2013-01-30 14:51:12,2013-01-30 14:56:19,passed,122,"[4476509, 4476508, 4476507]",49,4476507,ruby,unknown,,ruby,rspec,1.0,,91,0,91,0,,3.12,,0
4476603,jsmestad/pivotal-tracker,0.0,,,ruby,,master,1,62c44f0ad9f088c41683f6f569128b966edda5c3,build_found,c074191bf2e5f2f463692333168253bd42c79d99,4476506,2013-01-30 14:55:37,5,62c44f0ad9f088c41683f6f569128b966edda5c3,1,62c44f0ad9f088c41683f6f569128b966edda5c3,,62c44f0ad9f088c41683f6f569128b966edda5c3,,0,,0,0,0,0,1,0,0,0,0,1,56,620,1103.22580645161,132.258064516129,185.483870967742,1.0,,2013-01-30 14:57:20,2013-01-30 15:00:18,passed,122,"[4476606, 4476604, 4476605]",50,4476605,ruby,unknown,,ruby,rspec,1.0,,91,0,91,0,,2.07,,0
10953595,jsmestad/pivotal-tracker,1.0,2013-09-03 20:29:35,89,ruby,merge_button,master,3,4c3d094c4e505b7939310e45b5e48470415ef506#76a621bd825b5c33d11ef956bd748af6da9df1f0#e9ed2c7da6a990c010e6b71bf65c243efaea1e93,build_found,62c44f0ad9f088c41683f6f569128b966edda5c3,4476603,2013-09-03 22:08:16,4,76a621bd825b5c33d11ef956bd748af6da9df1f0#4c3d094c4e505b7939310e45b5e48470415ef506,2,76a621bd825b5c33d11ef956bd748af6da9df1f0,62c44f0ad9f088c41683f6f569128b966edda5c3,c57086d4961e867df7178bbe9c38e6cde87e5b2e,1,0,0,2,0,0,0,2,0,0,1,0,1,15,620,1103.22580645161,132.258064516129,185.483870967742,1.0,,2013-09-04 15:41:17,2013-09-03 22:30:09,passed,234,"[10953598, 10953596, 10953599, 10953597]",71,10953598,ruby,ok,,ruby,rspec,1.0,,91,0,91,0,,1.93,,0
10980236,jsmestad/pivotal-tracker,0.0,,,ruby,,master,3,4c3d094c4e505b7939310e45b5e48470415ef506#76a621bd825b5c33d11ef956bd748af6da9df1f0#e9ed2c7da6a990c010e6b71bf65c243efaea1e93,merge_found,,,2013-09-03 22:08:16,5,e9ed2c7da6a990c010e6b71bf65c243efaea1e93,1,e9ed2c7da6a990c010e6b71bf65c243efaea1e93,,e9ed2c7da6a990c010e6b71bf65c243efaea1e93,,0,,2,0,0,0,2,0,0,1,0,1,17,620,1103.22580645161,132.258064516129,185.483870967742,1.0,,2013-09-04 15:41:17,2013-09-04 15:41:49,passed,231,"[10980237, 10980239, 10980238, 10980240]",72,10980240,ruby,ok,,ruby,rspec,1.0,,91,0,91,0,,1.65,,0
10980368,jsmestad/pivotal-tracker,0.0,,,ruby,,master,6,609381274083f7a1c2e288124ccba7f128f9e1e9#f755cfa3b9e6e96fe1af0d0816db4ea7237a434f#8d36c855c06956028e81fff0eb71a804db65b9ca#049ec0ae717cab36b9feeefb37e4f76883c588a7#7298947fd5db2998767a49bf7a8da1dd03d913f2#b8b67c99e0c4c74c14be901797fd91a12a1bbaa5,merge_found,,,2013-02-05 16:36:46,5,b8b67c99e0c4c74c14be901797fd91a12a1bbaa5,1,b8b67c99e0c4c74c14be901797fd91a12a1bbaa5,,b8b67c99e0c4c74c14be901797fd91a12a1bbaa5,,0,,11,41,0,1,4,0,0,4,0,1,106,620,1146.77419354839,135.483870967742,198.387096774194,1.0,,2013-09-04 15:44:07,2013-09-04 15:44:49,passed,270,"[10980372, 10980370, 10980371, 10980369]",73,10980371,ruby,ok,,ruby,rspec,1.0,,93,0,93,0,,2.1,,0
10980484,jsmestad/pivotal-tracker,0.0,,,ruby,,master,2,c7b327de982daad3986c250c472c75c4212e2003#a0f9aaabb172642a03299eb3606d2bb83c10a0fb,merge_found,,,2013-05-13 20:03:05,5,a0f9aaabb172642a03299eb3606d2bb83c10a0fb,1,a0f9aaabb172642a03299eb3606d2bb83c10a0fb,,a0f9aaabb172642a03299eb3606d2bb83c10a0fb,,0,,4,0,0,0,1,0,0,1,0,0,55,622,1143.08681672026,135.048231511254,197.749196141479,1.0,,2013-09-04 15:46:49,2013-09-04 15:47:55,passed,248,"[10980485, 10980487, 10980486, 10980488]",74,10980486,ruby,ok,,ruby,rspec,1.0,,93,0,93,0,,2.7,,0
10989999,jsmestad/pivotal-tracker,0.0,,,ruby,,master,3,f7b9b5ec2771a500b0dab74353eabfcbecc69eab#a2873b1e71b30e089bd54ad920133faa42d8f568#7254655d2f1eef1642e5b783683299fd88176f0e,build_found,a0f9aaabb172642a03299eb3606d2bb83c10a0fb,10980484,2013-09-04 19:37:48,5,7254655d2f1eef1642e5b783683299fd88176f0e#a2873b1e71b30e089bd54ad920133faa42d8f568#f7b9b5ec2771a500b0dab74353eabfcbecc69eab,3,7254655d2f1eef1642e5b783683299fd88176f0e,,7254655d2f1eef1642e5b783683299fd88176f0e,,0,,10,0,0,0,2,0,0,1,0,1,108,622,1143.08681672026,135.048231511254,197.749196141479,1.0,,2013-09-04 20:05:43,2013-09-04 20:07:04,passed,254,"[10990001, 10990002, 10990003, 10990000]",75,10990002,ruby,ok,,ruby,rspec,1.0,,93,0,93,0,,2.33,,0
30888029,jsmestad/pivotal-tracker,1.0,2014-07-17 21:52:51,98,ruby,commits_in_master,master,15,b77eb28a9fdf3e4363475fef24dc58438ffc6a7f#8f4d8833d9f80f8b19b1728dc4754379c91e96b6#6cabb9357e7567c9dc08ead117cc2351992b1eff#7d306db655e2e31c6f511a190907fb492a242ef3#21fa46cf8e62373cf6f4b7484eeba7dbf8cfecee#2dd27045d3bcad903a5aeb66c6b806f490cc9ab4#8c1f7c705fa644f6b2ed145936d53324da6c2bad#e7caea25396a441563f4310e11dd5c7f5921d8b0#7031f728aa0c2f4e1c939a0f99c0e4e6d2acbd0a#a95fd578ff6681d53877c340419472fbe2240069#a8e433f237314235320df62fc559b12583a456fe#fa59e81339b154f3db2d68f1c59ad6ab1e5181d0#a62dda01c18a2826f1f8c1d2e097523eb979b4d4#a9d8e6dbdd0815f455d5b825945f1dc74a0f6e1c#fd43dba00c7e9f6a2d14fb2c2e9cea78ccc751c5,build_found,e7caea25396a441563f4310e11dd5c7f5921d8b0,30224307,2014-07-14 17:28:46,4,a9d8e6dbdd0815f455d5b825945f1dc74a0f6e1c#a62dda01c18a2826f1f8c1d2e097523eb979b4d4#fa59e81339b154f3db2d68f1c59ad6ab1e5181d0#a8e433f237314235320df62fc559b12583a456fe#a95fd578ff6681d53877c340419472fbe2240069#7031f728aa0c2f4e1c939a0f99c0e4e6d2acbd0a,6,a9d8e6dbdd0815f455d5b825945f1dc74a0f6e1c,605e8a1cd60c56fb333ff215e600696f2686954c,786b437c1b7743d9ae570024f2a1a99a679516c8,0,0,0,102,16,0,0,7,0,0,6,0,0,151,628,1149.68152866242,136.942675159236,200.636942675159,1.0,14,2015-03-02 20:33:35,2014-07-25 23:00:44,passed,129,"[30888030, 30888031, 30888032, 30888033]",96,30888033,ruby,ok,,ruby,rspec,1.0,,95,0,95,0,,1.8,,0
34254195,jsmestad/pivotal-tracker,1.0,2014-09-03 02:37:31,101,ruby,commits_in_master,master,3,fdf62f57446eb270af1655cb8bbc23b4988d2b06#f25b2b0906fd99945ecf6a8f2d3adbbaa60d9ff6#90cd3d1d65d3dc026dddb5ea8ccacf6fe7f0e812,build_found,605e8a1cd60c56fb333ff215e600696f2686954c,19273269,2014-08-31 18:33:05,4,f25b2b0906fd99945ecf6a8f2d3adbbaa60d9ff6#fdf62f57446eb270af1655cb8bbc23b4988d2b06,2,f25b2b0906fd99945ecf6a8f2d3adbbaa60d9ff6,605e8a1cd60c56fb333ff215e600696f2686954c,8e44f52cf8284da2e7b76af522ecf498315185f6,0,0,0,2,0,0,0,2,0,0,1,0,1,18,622,1143.08681672026,135.048231511254,197.749196141479,0.0,18,2015-03-02 20:33:59,2014-09-03 04:37:58,passed,128,"[34254196, 34254197, 34254198, 34254199, 34254200]",97,34254197,ruby,ok,,ruby,rspec,1.0,,93,0,93,0,,1.91,,0
35320321,jsmestad/pivotal-tracker,1.0,2014-09-15 08:23:30,102,ruby,commits_in_master,master,2,803cc31ee3e38856c612aeac04241015736ae5d5#181b20441556ff3e3ab9839438d9738bbfb01c1a,build_found,605e8a1cd60c56fb333ff215e600696f2686954c,19273269,2014-09-15 10:24:46,4,803cc31ee3e38856c612aeac04241015736ae5d5,1,803cc31ee3e38856c612aeac04241015736ae5d5,605e8a1cd60c56fb333ff215e600696f2686954c,3b3b98862fb57a3329c69fa546f148e7d9863198,0,0,0,2,0,0,0,1,0,0,1,0,0,15,622,1143.08681672026,135.048231511254,197.749196141479,1.0,44,2015-03-02 20:32:22,2014-09-15 10:26:28,passed,97,"[35320322, 35320323, 35320324, 35320325]",99,35320324,ruby,ok,,ruby,rspec,1.0,,93,0,93,0,,1.86,,0
52797932,jsmestad/pivotal-tracker,0.0,,,ruby,,master,2,803cc31ee3e38856c612aeac04241015736ae5d5#181b20441556ff3e3ab9839438d9738bbfb01c1a,merge_found,,,2014-09-15 10:24:46,5,181b20441556ff3e3ab9839438d9738bbfb01c1a,1,181b20441556ff3e3ab9839438d9738bbfb01c1a,,181b20441556ff3e3ab9839438d9738bbfb01c1a,,0,,2,0,0,0,1,0,0,1,0,0,16,622,1143.08681672026,135.048231511254,197.749196141479,1.0,,2015-03-02 20:32:22,2015-03-02 20:33:14,failed,133,"[52797933, 52797934, 52797935, 52797936]",101,52797936,ruby,broken,0,ruby,rspec,1.0,,92,1,93,0,,2.22,,0
52798046,jsmestad/pivotal-tracker,0.0,,,ruby,,master,15,b77eb28a9fdf3e4363475fef24dc58438ffc6a7f#8f4d8833d9f80f8b19b1728dc4754379c91e96b6#6cabb9357e7567c9dc08ead117cc2351992b1eff#7d306db655e2e31c6f511a190907fb492a242ef3#21fa46cf8e62373cf6f4b7484eeba7dbf8cfecee#2dd27045d3bcad903a5aeb66c6b806f490cc9ab4#8c1f7c705fa644f6b2ed145936d53324da6c2bad#e7caea25396a441563f4310e11dd5c7f5921d8b0#7031f728aa0c2f4e1c939a0f99c0e4e6d2acbd0a#a95fd578ff6681d53877c340419472fbe2240069#a8e433f237314235320df62fc559b12583a456fe#fa59e81339b154f3db2d68f1c59ad6ab1e5181d0#a62dda01c18a2826f1f8c1d2e097523eb979b4d4#a9d8e6dbdd0815f455d5b825945f1dc74a0f6e1c#fd43dba00c7e9f6a2d14fb2c2e9cea78ccc751c5,merge_found,,,2014-07-14 17:28:46,5,fd43dba00c7e9f6a2d14fb2c2e9cea78ccc751c5,1,fd43dba00c7e9f6a2d14fb2c2e9cea78ccc751c5,,fd43dba00c7e9f6a2d14fb2c2e9cea78ccc751c5,,0,,143,58,1,0,10,0,0,9,0,1,168,628,1149.68152866242,136.942675159236,200.636942675159,1.0,,2015-03-02 20:33:35,2015-03-02 20:35:35,failed,139,"[52798047, 52798048, 52798049, 52798050]",102,52798048,ruby,broken,0,ruby,rspec,1.0,,94,1,95,0,,2.62,,0
52798096,jsmestad/pivotal-tracker,0.0,,,ruby,,master,3,fdf62f57446eb270af1655cb8bbc23b4988d2b06#f25b2b0906fd99945ecf6a8f2d3adbbaa60d9ff6#90cd3d1d65d3dc026dddb5ea8ccacf6fe7f0e812,merge_found,,,2014-08-31 18:33:05,5,90cd3d1d65d3dc026dddb5ea8ccacf6fe7f0e812,1,90cd3d1d65d3dc026dddb5ea8ccacf6fe7f0e812,,90cd3d1d65d3dc026dddb5ea8ccacf6fe7f0e812,,0,,0,0,0,0,1,0,0,0,0,1,5,628,1149.68152866242,136.942675159236,200.636942675159,1.0,,2015-03-02 20:33:59,2015-03-02 20:36:48,failed,152,"[52798097, 52798098, 52798099, 52798100, 52798101]",103,52798098,ruby,broken,0,ruby,rspec,1.0,,94,1,95,0,,1.69,,0
52803398,jsmestad/pivotal-tracker,0.0,,,ruby,,master,1,04be7c40ad3982dca44ea7fcb7727ee247d87429,build_found,c71f8bfec6f3c407b9ad3b0a9926c838798c73fd,52799812,2015-03-02 21:04:30,5,04be7c40ad3982dca44ea7fcb7727ee247d87429,1,04be7c40ad3982dca44ea7fcb7727ee247d87429,,04be7c40ad3982dca44ea7fcb7727ee247d87429,,0,,9,56,0,0,6,0,0,6,0,0,151,633,1135.86097946288,135.860979462875,199.052132701422,1.0,,2015-03-02 21:04:35,2015-03-02 21:06:17,failed,695,"[52803399, 52803401, 52803402, 52803403]",105,52803401,ruby,ok,22,ruby,rspec,1.0,,95,0,95,9,,6.69,,0
52803743,jsmestad/pivotal-tracker,0.0,,,ruby,,master,1,008351a06632cf6a401ab9fbd619c3b91786dee8,build_found,04be7c40ad3982dca44ea7fcb7727ee247d87429,52803398,2015-03-02 21:06:12,5,008351a06632cf6a401ab9fbd619c3b91786dee8,1,008351a06632cf6a401ab9fbd619c3b91786dee8,,008351a06632cf6a401ab9fbd619c3b91786dee8,,0,,10,0,1,0,0,0,0,1,0,0,0,633,1135.86097946288,135.860979462875,199.052132701422,1.0,,2015-03-02 21:06:16,2015-03-02 21:07:21,passed,681,"[52803744, 52803745, 52803746, 52803747]",106,52803744,ruby,ok,7,ruby,rspec,1.0,,95,0,95,9,,0.63,,0
52803822,jsmestad/pivotal-tracker,0.0,,,ruby,,master,1,31efab6656caced8e687a26ce1c00c06980a34a1,build_found,008351a06632cf6a401ab9fbd619c3b91786dee8,52803743,2015-03-02 21:06:37,5,31efab6656caced8e687a26ce1c00c06980a34a1,1,31efab6656caced8e687a26ce1c00c06980a34a1,,31efab6656caced8e687a26ce1c00c06980a34a1,,0,,0,0,0,0,1,0,0,0,0,0,3,633,1135.86097946288,135.860979462875,199.052132701422,1.0,,2015-03-02 21:06:46,2015-03-02 21:12:03,passed,735,"[52803823, 52803824, 52803825, 52803826]",107,52803826,ruby,ok,29,ruby,rspec,1.0,,95,0,95,9,,8.32,,0
52804427,jsmestad/pivotal-tracker,0.0,,,ruby,,master,1,8ad9bb0fbe13ab52a2be8cea022d1e94cc2146cf,build_found,31efab6656caced8e687a26ce1c00c06980a34a1,52803822,2015-03-02 21:11:46,5,8ad9bb0fbe13ab52a2be8cea022d1e94cc2146cf,1,8ad9bb0fbe13ab52a2be8cea022d1e94cc2146cf,,8ad9bb0fbe13ab52a2be8cea022d1e94cc2146cf,,0,,47,0,0,0,0,0,0,1,0,0,0,633,1135.86097946288,135.860979462875,199.052132701422,1.0,,2015-03-02 21:12:09,2015-03-02 21:15:09,passed,587,"[52804429, 52804430, 52804431, 52804432]",108,52804432,ruby,ok,17,ruby,rspec,1.0,,95,0,95,9,,6.42,,0
55984296,jsmestad/pivotal-tracker,0.0,,,ruby,,master,2,1fd05976d15421d7baaffd5ce87727bfea80b38c#a14018f96631838726885c49388f36d416b9e84f,merge_found,,,2015-03-26 17:20:31,5,a14018f96631838726885c49388f36d416b9e84f,1,a14018f96631838726885c49388f36d416b9e84f,,a14018f96631838726885c49388f36d416b9e84f,,0,,2,0,0,0,1,0,0,1,0,0,78,633,1135.86097946288,135.860979462875,199.052132701422,1.0,,2015-03-26 17:35:47,2015-03-26 17:49:10,failed,595,"[55984297, 55984298, 55984299, 55984300]",110,55984297,ruby,ok,8,ruby,rspec,1.0,,95,0,95,9,,0.6,,0
55984469,jsmestad/pivotal-tracker,0.0,,,ruby,,master,1,c2a412baea6ca7c40591bb8bb9010c54249f49ec,build_found,a14018f96631838726885c49388f36d416b9e84f,55984296,2015-03-26 17:36:57,5,c2a412baea6ca7c40591bb8bb9010c54249f49ec,1,c2a412baea6ca7c40591bb8bb9010c54249f49ec,,c2a412baea6ca7c40591bb8bb9010c54249f49ec,,0,,2,0,0,0,1,0,0,1,0,0,1,633,1135.86097946288,135.860979462875,199.052132701422,1.0,,2015-03-26 17:37:01,2015-03-26 17:50:43,failed,657,"[55984471, 55984473, 55984475, 55984477]",111,55984473,ruby,broken,22,ruby,,1.0,,,0,,,,,,0
64334782,jsmestad/pivotal-tracker,0.0,,,ruby,,master,2,4cffc6eb1ae605a47c4dfa61972d351e9304e983#5518c5029e96bfd48239340bbdf112bfe920584c,merge_found,,,2015-05-27 22:20:17,5,5518c5029e96bfd48239340bbdf112bfe920584c,1,5518c5029e96bfd48239340bbdf112bfe920584c,,5518c5029e96bfd48239340bbdf112bfe920584c,,0,,4,0,0,0,1,0,0,1,0,0,2,633,1135.86097946288,135.860979462875,199.052132701422,1.0,,2015-05-27 22:38:48,2015-05-27 23:11:51,passed,693,"[64334783, 64334784, 64334785, 64334786]",114,64334785,ruby,ok,5,ruby,rspec,1.0,,95,0,95,9,,0.69,,0
83032267,jsmestad/pivotal-tracker,1.0,2015-09-30 21:51:11,113,ruby,commits_in_master,master,2,b9f52cb8c51a551c05897df532da270c274919f3#1647cbc82e4a605ff23b5c0848e0348281349ebe,build_found,5518c5029e96bfd48239340bbdf112bfe920584c,64334782,2015-09-30 23:49:59,4,b9f52cb8c51a551c05897df532da270c274919f3,1,b9f52cb8c51a551c05897df532da270c274919f3,5518c5029e96bfd48239340bbdf112bfe920584c,e8b5c9f070d4ed91847161d272741e2caaff936c,1,0,0,3,10,0,0,2,0,0,2,0,0,67,634,1146.68769716088,138.801261829653,205.047318611987,0.0,18,2015-10-23 17:46:47,2015-09-30 23:52:08,failed,503,"[83032268, 83032269, 83032271, 83032273]",115,83032269,ruby,broken,16,ruby,,1.0,,,0,,,,,,0
87082069,jsmestad/pivotal-tracker,0.0,,,ruby,,master,2,b9f52cb8c51a551c05897df532da270c274919f3#1647cbc82e4a605ff23b5c0848e0348281349ebe,merge_found,,,2015-09-30 23:49:59,5,1647cbc82e4a605ff23b5c0848e0348281349ebe,1,1647cbc82e4a605ff23b5c0848e0348281349ebe,,1647cbc82e4a605ff23b5c0848e0348281349ebe,,0,,3,10,0,0,2,0,0,2,0,0,68,634,1146.68769716088,138.801261829653,205.047318611987,1.0,,2015-10-23 17:46:47,2015-10-23 17:47:41,failed,554,"[87082070, 87082071, 87082072, 87082073]",116,87082070,ruby,ok,8,ruby,rspec,1.0,,97,0,97,9,,0.78,,0
108752470,jsmestad/pivotal-tracker,1.0,2016-02-12 10:15:06,117,ruby,commits_in_master,master,,,build_found,1647cbc82e4a605ff23b5c0848e0348281349ebe,87082069,,4,d49867083de2d3daa429472e68547310a966ddf4,1,d49867083de2d3daa429472e68547310a966ddf4,1647cbc82e4a605ff23b5c0848e0348281349ebe,41adcbd89f76aa69410647e0179ce1de0f44f31e,0,0,0,56,0,0,0,1,0,0,1,0,0,3,634,1146.68769716088,138.801261829653,205.047318611987,0.0,7,,2016-02-12 13:49:25,failed,1115,"[108752471, 108752472, 108752473, 108752474]",118,108752473,ruby,broken,3,ruby,,1.0,,,0,,,,,,0
