tr_build_id,gh_project_name,gh_is_pr,gh_pr_created_at,gh_pull_req_num,gh_lang,git_merged_with,git_branch,gh_num_commits_in_push,gh_commits_in_push,git_prev_commit_resolution_status,git_prev_built_commit,tr_prev_build,gh_first_commit_created_at,gh_team_size,git_all_built_commits,git_num_all_built_commits,git_trigger_commit,tr_virtual_merged_into,tr_original_commit,gh_num_issue_comments,gh_num_commit_comments,gh_num_pr_comments,git_diff_src_churn,git_diff_test_churn,gh_diff_files_added,gh_diff_files_deleted,gh_diff_files_modified,gh_diff_tests_added,gh_diff_tests_deleted,gh_diff_src_files,gh_diff_doc_files,gh_diff_other_files,gh_num_commits_on_files_touched,gh_sloc,gh_test_lines_per_kloc,gh_test_cases_per_kloc,gh_asserts_cases_per_kloc,gh_by_core_team_member,gh_description_complexity,gh_pushed_at,gh_build_started_at,tr_status,tr_duration,tr_jobs,tr_build_number,tr_job_id,tr_log_lan,tr_log_status,tr_log_setup_time,tr_log_analyzer,tr_log_frameworks,tr_log_bool_tests_ran,tr_log_bool_tests_failed,tr_log_num_tests_ok,tr_log_num_tests_failed,tr_log_num_tests_run,tr_log_num_tests_skipped,tr_log_tests_failed,tr_log_testduration,tr_log_buildduration,build_successful
20095115,privly/privly-web,1.0,2014-02-28 20:08:34,116,ruby,commits_in_master,master,2,6426746676c3e55d5206791cb4f6e6b3b2c4894d#1accd07f067304fe25e349549966c6b53f04503b,merge_found,,,2014-02-28 23:28:07,5,6426746676c3e55d5206791cb4f6e6b3b2c4894d#e325368d27d0e46b22eb850c009ad6ff6ec9f406,2,6426746676c3e55d5206791cb4f6e6b3b2c4894d,e325368d27d0e46b22eb850c009ad6ff6ec9f406,a790f40d2add4c99f8daf05e5116b82d6b7de6c5,2,0,3,48,41,4,0,2,0,0,3,0,2,69,1955,618.414322250639,0.51150895140665,182.097186700767,1.0,12,2014-03-05 02:02:43,2014-03-04 23:30:12,passed,137,[20095116],19,20095116,ruby,ok,,ruby,,0.0,,,,,,,,,0
20102148,privly/privly-web,0.0,,,ruby,,master,2,6426746676c3e55d5206791cb4f6e6b3b2c4894d#1accd07f067304fe25e349549966c6b53f04503b,build_found,6426746676c3e55d5206791cb4f6e6b3b2c4894d,20095115,2014-02-28 23:28:07,5,1accd07f067304fe25e349549966c6b53f04503b,1,1accd07f067304fe25e349549966c6b53f04503b,,1accd07f067304fe25e349549966c6b53f04503b,,0,,25,0,0,0,1,0,0,1,0,0,1,1954,618.730808597748,0.511770726714432,182.190378710338,1.0,,2014-03-05 02:02:43,2014-03-05 02:03:37,passed,131,[20102149],20,20102149,ruby,ok,,ruby,,0.0,,,,,,,,,0
20105538,privly/privly-web,0.0,,,ruby,,master,3,9508e018b35c99d4a20dabe06a7fcec115802a75#4b1bc3a5905cab766252279810ad3fb670ea6c9e#216b323800c1b507a55b70a0a79800baf241058f,merge_found,,,2014-02-09 22:43:37,5,216b323800c1b507a55b70a0a79800baf241058f#4b1bc3a5905cab766252279810ad3fb670ea6c9e,2,216b323800c1b507a55b70a0a79800baf241058f,,216b323800c1b507a55b70a0a79800baf241058f,,0,,0,0,0,0,1,0,0,0,0,0,29,1954,618.730808597748,0.511770726714432,182.190378710338,1.0,,2014-03-05 03:26:22,2014-03-05 03:27:07,passed,143,[20105539],21,20105539,ruby,ok,,ruby,,0.0,,,,,,,,,0
20231120,privly/privly-web,1.0,2014-03-06 18:25:39,118,ruby,merge_button,master,1,1479c4b102ced7db89a4c3b8e023a782d7b3ec5f,build_found,216b323800c1b507a55b70a0a79800baf241058f,20105538,2014-03-06 19:04:23,5,1479c4b102ced7db89a4c3b8e023a782d7b3ec5f,1,1479c4b102ced7db89a4c3b8e023a782d7b3ec5f,216b323800c1b507a55b70a0a79800baf241058f,55dee5159c8e9668ab430a7a86b2f97530c699a6,0,0,0,1,0,0,0,1,0,0,1,0,0,3,1955,618.414322250639,0.51150895140665,182.097186700767,1.0,7,2014-03-07 02:38:41,2014-03-06 19:26:27,passed,161,[20231121],22,20231121,ruby,ok,,ruby,,0.0,,,,,,,,,0
20256120,privly/privly-web,0.0,,,ruby,,master,1,1479c4b102ced7db89a4c3b8e023a782d7b3ec5f,build_found,216b323800c1b507a55b70a0a79800baf241058f,20105538,2014-03-06 19:04:23,5,1479c4b102ced7db89a4c3b8e023a782d7b3ec5f,1,1479c4b102ced7db89a4c3b8e023a782d7b3ec5f,,1479c4b102ced7db89a4c3b8e023a782d7b3ec5f,,0,,1,0,0,0,1,0,0,1,0,0,3,1955,618.414322250639,0.51150895140665,182.097186700767,1.0,,2014-03-07 02:38:41,2014-03-07 02:39:22,passed,130,[20256121],23,20256121,ruby,ok,,ruby,,0.0,,,,,,,,,0
21550155,privly/privly-web,1.0,2014-03-25 21:48:17,122,ruby,commits_in_master,master,2,86b2e1a570cdd99eb23fe6f780021705d969a732#f8795b71c31b00c655b6ca6843754206afcca35f,build_found,1479c4b102ced7db89a4c3b8e023a782d7b3ec5f,20256120,2014-03-25 22:38:59,5,86b2e1a570cdd99eb23fe6f780021705d969a732,1,86b2e1a570cdd99eb23fe6f780021705d969a732,1479c4b102ced7db89a4c3b8e023a782d7b3ec5f,fe7235718be1dd2a1fbd33575cbf27489acf93e9,0,0,0,61,18,0,0,8,0,0,6,1,1,100,1937,631.905007743934,0.516262261228704,185.338151781105,1.0,69,2014-04-06 00:14:54,2014-03-25 22:55:52,passed,143,[21550156],28,21550156,ruby,ok,,ruby,,0.0,,,,,,,,,0
21564040,privly/privly-web,1.0,2014-03-26 03:32:52,123,ruby,commits_in_master,master,2,b3f7dc7b848e3ac50560d7263f01d665365c9aab#5a50d9d27e06bb034ba8cc6726b2869494dcc44c,build_found,1479c4b102ced7db89a4c3b8e023a782d7b3ec5f,20256120,2014-03-26 04:29:05,5,b3f7dc7b848e3ac50560d7263f01d665365c9aab,1,b3f7dc7b848e3ac50560d7263f01d665365c9aab,1479c4b102ced7db89a4c3b8e023a782d7b3ec5f,b24c474b06197ac158e1dd6648b60c69ef649b04,0,0,0,39,6,0,0,5,0,0,4,0,1,28,1960,616.836734693878,0.510204081632653,181.632653061225,1.0,68,2014-04-06 00:40:36,2014-03-26 04:33:31,passed,158,[21564041],29,21564041,ruby,ok,,ruby,,0.0,,,,,,,,,0
22362761,privly/privly-web,0.0,,,ruby,,master,2,86b2e1a570cdd99eb23fe6f780021705d969a732#f8795b71c31b00c655b6ca6843754206afcca35f,merge_found,,,2014-03-25 22:38:59,5,f8795b71c31b00c655b6ca6843754206afcca35f,1,f8795b71c31b00c655b6ca6843754206afcca35f,,f8795b71c31b00c655b6ca6843754206afcca35f,,0,,61,18,0,0,8,0,0,6,1,1,101,1937,631.905007743934,0.516262261228704,185.338151781105,1.0,,2014-04-06 00:14:54,2014-04-06 00:17:26,passed,110,[22362762],30,22362762,ruby,ok,,ruby,,0.0,,,,,,,,,0
22363514,privly/privly-web,0.0,,,ruby,,master,2,b3f7dc7b848e3ac50560d7263f01d665365c9aab#5a50d9d27e06bb034ba8cc6726b2869494dcc44c,merge_found,,,2014-03-26 04:29:05,5,5a50d9d27e06bb034ba8cc6726b2869494dcc44c,1,5a50d9d27e06bb034ba8cc6726b2869494dcc44c,,5a50d9d27e06bb034ba8cc6726b2869494dcc44c,,0,,39,6,0,0,5,0,0,4,0,1,31,1942,630.278063851699,0.514933058702369,184.86096807415,1.0,,2014-04-06 00:40:36,2014-04-06 00:41:12,passed,117,[22363515],31,22363515,ruby,ok,,ruby,,0.0,,,,,,,,,0
22471157,privly/privly-web,0.0,,,ruby,,master,2,24a8a7b67fc18641d1dc2ffd677c0d70a9d9aac4#bf09b7b0da1f9393071380421af180bec7b0d8a3,merge_found,,,2014-04-07 18:51:20,5,bf09b7b0da1f9393071380421af180bec7b0d8a3,1,bf09b7b0da1f9393071380421af180bec7b0d8a3,,bf09b7b0da1f9393071380421af180bec7b0d8a3,,0,,100,24,0,0,10,0,0,8,1,1,110,1942,630.278063851699,0.514933058702369,184.86096807415,1.0,,2014-04-07 19:15:19,2014-04-07 19:24:09,passed,213,[22471158],32,22471158,ruby,ok,,ruby,,0.0,,,,,,,,,0
24837333,privly/privly-web,1.0,2014-05-09 21:15:57,124,ruby,commits_in_master,master,2,92742ee0869d07ac251f55b527d2a4fa88684183#7a831089a5dd673711234458b46912aa14cf0c11,build_found,bf09b7b0da1f9393071380421af180bec7b0d8a3,22471157,2014-04-30 19:10:52,5,92742ee0869d07ac251f55b527d2a4fa88684183,1,92742ee0869d07ac251f55b527d2a4fa88684183,bf09b7b0da1f9393071380421af180bec7b0d8a3,9e2ee772fca5c2e42502afd04bb4139333361d30,0,0,0,47,18,0,0,2,0,0,2,0,0,85,1948,636.550308008214,0.513347022587269,186.344969199179,1.0,55,2014-05-21 00:33:31,2014-05-09 23:16:37,passed,169,[24837334],38,24837334,ruby,ok,,ruby,,0.0,,,,,,,,,0
24837861,privly/privly-web,1.0,2014-05-09 21:33:58,125,ruby,commits_in_master,master,5,40ac0d6878ce05f8450a0008c03026cd1c39385d#7dae5c9342579d3a976e41b82a035a65778bee64#5b9963008bd69de030a9f15b1b2eaa7b965ed14c#fcdea46677d73240a8d0352cb5229dba526a78cf#fa493dc1d466f141a04bf3327cb640043e722f8b,build_found,92742ee0869d07ac251f55b527d2a4fa88684183,24837333,2014-05-09 23:07:33,5,7dae5c9342579d3a976e41b82a035a65778bee64#40ac0d6878ce05f8450a0008c03026cd1c39385d,2,7dae5c9342579d3a976e41b82a035a65778bee64,bf09b7b0da1f9393071380421af180bec7b0d8a3,fe25bde11fa453f8149950632e492efa053b8056,0,0,0,1472,766,2,21,16,0,0,27,9,3,234,1702,399.529964747356,0.587544065804935,92.8319623971798,1.0,269,2014-05-21 01:12:35,2014-05-09 23:34:44,failed,108,[24837862],39,24837862,ruby,broken,,ruby,,0.0,,,,,,,,,0
24838525,privly/privly-web,1.0,2014-05-09 21:33:58,125,ruby,commits_in_master,master,5,40ac0d6878ce05f8450a0008c03026cd1c39385d#7dae5c9342579d3a976e41b82a035a65778bee64#5b9963008bd69de030a9f15b1b2eaa7b965ed14c#fcdea46677d73240a8d0352cb5229dba526a78cf#fa493dc1d466f141a04bf3327cb640043e722f8b,build_found,7dae5c9342579d3a976e41b82a035a65778bee64,24837861,2014-05-09 23:07:33,5,5b9963008bd69de030a9f15b1b2eaa7b965ed14c,1,5b9963008bd69de030a9f15b1b2eaa7b965ed14c,bf09b7b0da1f9393071380421af180bec7b0d8a3,28376cb3eaa9ad2ddb1e8babd5c6539572acd049,0,0,0,59,0,0,0,1,0,0,1,0,0,2,1704,399.06103286385,0.586854460093897,92.7230046948357,1.0,269,2014-05-21 01:12:35,2014-05-09 23:52:31,passed,185,[24838527],40,24838527,ruby,ok,,ruby,,0.0,,,,,,,,,0
25653658,privly/privly-web,0.0,,,ruby,,master,2,92742ee0869d07ac251f55b527d2a4fa88684183#7a831089a5dd673711234458b46912aa14cf0c11,merge_found,,,2014-04-30 19:10:52,5,7a831089a5dd673711234458b46912aa14cf0c11,1,7a831089a5dd673711234458b46912aa14cf0c11,,7a831089a5dd673711234458b46912aa14cf0c11,,0,,47,18,0,0,2,0,0,2,0,0,86,1948,636.550308008214,0.513347022587269,186.344969199179,1.0,,2014-05-21 00:33:31,2014-05-21 00:34:24,passed,181,[25653659],41,25653659,ruby,ok,,ruby,,0.0,,,,,,,,,0
25655408,privly/privly-web,0.0,,,ruby,,master,5,40ac0d6878ce05f8450a0008c03026cd1c39385d#7dae5c9342579d3a976e41b82a035a65778bee64#5b9963008bd69de030a9f15b1b2eaa7b965ed14c#fcdea46677d73240a8d0352cb5229dba526a78cf#fa493dc1d466f141a04bf3327cb640043e722f8b,merge_found,,,2014-05-09 23:07:33,5,fa493dc1d466f141a04bf3327cb640043e722f8b,1,fa493dc1d466f141a04bf3327cb640043e722f8b,,fa493dc1d466f141a04bf3327cb640043e722f8b,,0,,1542,754,2,21,18,0,0,28,10,3,240,1705,398.826979472141,0.586510263929619,92.6686217008798,1.0,,2014-05-21 01:12:35,2014-05-21 01:13:21,passed,145,[25655409],43,25655409,ruby,ok,,ruby,,0.0,,,,,,,,,0
25944976,privly/privly-web,0.0,,,ruby,,master,2,0fdbbbf473cc17c1ac159c8edf1010155d74bd2d#905aaf78047199688d0a2b8769732fc3cdc3acbe,merge_found,,,2014-05-21 00:51:10,5,905aaf78047199688d0a2b8769732fc3cdc3acbe,1,905aaf78047199688d0a2b8769732fc3cdc3acbe,,905aaf78047199688d0a2b8769732fc3cdc3acbe,,0,,18,0,1,0,1,0,0,2,0,0,26,1713,396.964389959136,0.583771161704612,92.2358435493287,1.0,,2014-05-24 15:26:08,2014-05-24 15:26:40,passed,130,[25944977],45,25944977,ruby,ok,,ruby,,0.0,,,,,,,,,0
25945431,privly/privly-web,1.0,2014-05-24 13:35:55,129,ruby,merge_button,master,3,666c320cea447df7c3e3429f6031ea007bb217ff#92c56fd1ffe0a21726705e39191f06de33f46751#96adccb33e1ca9e4bb2299a1bb321dc4c849d51c,merge_found,,,2014-05-24 15:27:28,5,92c56fd1ffe0a21726705e39191f06de33f46751,1,92c56fd1ffe0a21726705e39191f06de33f46751,905aaf78047199688d0a2b8769732fc3cdc3acbe,f87922ef7d88519a61d3b21fdc8d7d51dc3e22f2,0,0,0,18,0,1,0,1,0,0,2,0,0,27,1713,396.964389959136,0.583771161704612,92.2358435493287,1.0,34,2014-05-24 15:41:35,2014-05-24 15:36:51,passed,161,[25945432],46,25945432,ruby,ok,,ruby,,0.0,,,,,,,,,0
25945727,privly/privly-web,0.0,,,ruby,,master,3,666c320cea447df7c3e3429f6031ea007bb217ff#92c56fd1ffe0a21726705e39191f06de33f46751#96adccb33e1ca9e4bb2299a1bb321dc4c849d51c,merge_found,,,2014-05-24 15:27:28,5,96adccb33e1ca9e4bb2299a1bb321dc4c849d51c,1,96adccb33e1ca9e4bb2299a1bb321dc4c849d51c,,96adccb33e1ca9e4bb2299a1bb321dc4c849d51c,,0,,0,0,0,0,1,0,0,0,0,1,12,1713,396.964389959136,0.583771161704612,92.2358435493287,1.0,,2014-05-24 15:41:35,2014-05-24 15:42:33,passed,119,[25945728],47,25945728,ruby,ok,,ruby,,0.0,,,,,,,,,0
26149760,privly/privly-web,0.0,,,ruby,,master,4,6680c89189e977cd900584db4c25d1c2b570200c#3c1335b84a6d9a15e5cdb63c1230292ee48066d3#7612c6722a5da4ab9bd2486dcd699eb801e23f28#4703020579478685f72e0e9b5fff39e21d5ab0a7,merge_found,,,2014-05-27 17:25:40,5,4703020579478685f72e0e9b5fff39e21d5ab0a7,1,4703020579478685f72e0e9b5fff39e21d5ab0a7,,4703020579478685f72e0e9b5fff39e21d5ab0a7,,0,,23,40,0,0,3,0,0,2,0,1,105,1701,409.171075837742,0.587889476778366,92.8865373309818,1.0,,2014-05-27 17:34:42,2014-05-27 17:41:03,passed,200,[26149761],49,26149761,ruby,ok,,ruby,,0.0,,,,,,,,,0
30488253,privly/privly-web,0.0,,,ruby,,master,,,merge_found,,,,4,1a5a587d09c6fae14c43e5a9265ab1cd78e7baa0,1,1a5a587d09c6fae14c43e5a9265ab1cd78e7baa0,,1a5a587d09c6fae14c43e5a9265ab1cd78e7baa0,,0,,14,15,0,0,3,0,0,3,0,0,27,1705,411.143695014663,0.586510263929619,94.4281524926686,1.0,,,2014-07-21 19:09:10,passed,113,[30488254],51,30488254,ruby,ok,,ruby,,0.0,,,,,,,,,0
30990662,privly/privly-web,0.0,,,ruby,,master,1,994cd290d562d926284ce938a077edcb78059798,build_found,1a5a587d09c6fae14c43e5a9265ab1cd78e7baa0,30488253,2014-07-27 20:37:32,4,994cd290d562d926284ce938a077edcb78059798,1,994cd290d562d926284ce938a077edcb78059798,,994cd290d562d926284ce938a077edcb78059798,,0,,350,0,0,0,1,0,0,1,0,0,13,1923,364.534581383255,0.520020800832033,83.7233489339574,1.0,,2014-07-27 20:39:16,2014-07-27 20:39:56,passed,96,[30990663],52,30990663,ruby,ok,,ruby,,0.0,,,,,,,,,0
31004046,privly/privly-web,0.0,,,ruby,,master,2,181994fd2707508e7315d72399ae4a0480ba9f5a#f720b60041fd97ca16dd83ee66e5ed26c4bb2d8f,merge_found,,,2014-07-27 20:39:35,4,f720b60041fd97ca16dd83ee66e5ed26c4bb2d8f,1,f720b60041fd97ca16dd83ee66e5ed26c4bb2d8f,,f720b60041fd97ca16dd83ee66e5ed26c4bb2d8f,,0,,84,0,0,0,1,0,0,1,0,0,39,1923,364.534581383255,0.520020800832033,83.7233489339574,1.0,,2014-07-28 01:24:11,2014-07-28 01:24:39,passed,89,[31004047],54,31004047,ruby,ok,,ruby,,0.0,,,,,,,,,0
39913600,privly/privly-web,1.0,2014-11-04 04:39:55,136,ruby,commits_in_master,master,11,d4d42f8c4641df6416e1d97c21ea588788af5ea3#fc0d01319cff8d83a8cc593231749d9413bc4e0a#f7f0260417ea813ff9da4a59aadaf0c9efe4677f#e47bf23a67f3a7e2bc20a7d47c5cb807998e0b14#aaefcd474f2f4f7e0c48248efbc7a4b6f145e80e#0d50ebb76d07dcef1c4e56f8f3d61a789cf191de#1e7922752970e7a653fb058d1965420544307892#254232febfa131a26ea6c23475bdf13380ed8a53#a7703d2a2a245785c777c46b73d775baaa3f2082#6b23d056efcaf902a3e6fe5c87f8ec2d67ed1c53#c281c89f05f00d875b1338be2745546de9fd64e2,build_found,1e4b50b73e2de964e1beaa693628f2c340185255,39897737,2014-11-04 04:39:53,4,0d50ebb76d07dcef1c4e56f8f3d61a789cf191de#aaefcd474f2f4f7e0c48248efbc7a4b6f145e80e#e47bf23a67f3a7e2bc20a7d47c5cb807998e0b14#f7f0260417ea813ff9da4a59aadaf0c9efe4677f#fc0d01319cff8d83a8cc593231749d9413bc4e0a#d4d42f8c4641df6416e1d97c21ea588788af5ea3,6,0d50ebb76d07dcef1c4e56f8f3d61a789cf191de,1e4b50b73e2de964e1beaa693628f2c340185255,044afa3408f7d74d06f318ff0df9d3194dbfd94e,0,0,0,0,0,0,0,4,0,0,0,0,4,28,1923,364.534581383255,0.520020800832033,83.7233489339574,1.0,53,2014-11-10 23:50:12,2014-11-04 05:40:56,failed,226,[39913601],57,39913601,ruby,broken,0,ruby,,0.0,,,,,,,,,0
40606525,privly/privly-web,0.0,,,ruby,,master,1,a5e0ea12b96df8f22c8e68fbe9d6c7dc5ad1136e,build_found,d76d6422fec4d0bab93560901680a6078e3333dc,40604968,2014-11-11 00:16:50,4,a5e0ea12b96df8f22c8e68fbe9d6c7dc5ad1136e,1,a5e0ea12b96df8f22c8e68fbe9d6c7dc5ad1136e,,a5e0ea12b96df8f22c8e68fbe9d6c7dc5ad1136e,,0,,0,0,0,0,1,0,0,0,0,1,14,1922,364.724245577523,0.520291363163372,83.7669094693028,1.0,,2014-11-11 00:16:51,2014-11-11 00:18:10,passed,503,[40606526],63,40606526,ruby,unknown,0,ruby,,0.0,,,,,,,,,0
41132593,privly/privly-web,1.0,2014-11-16 02:17:58,138,ruby,commits_in_master,master,5,ee4324a27fadcb5f39a2679bf869f6d595c28150#47c3a0bdf5cd94b8f53842e74a6ba3493f6e7015#42f942deabc10ffcf7cdc0e1220ea4d74b751013#6f3d591c7d8124405c43195c7810d9dc5ed492fb#e53d56e39be6e89e39e0a7c825e5a23452ec2e52,build_found,0d50ebb76d07dcef1c4e56f8f3d61a789cf191de,39913600,2014-11-16 03:12:41,4,47c3a0bdf5cd94b8f53842e74a6ba3493f6e7015#ee4324a27fadcb5f39a2679bf869f6d595c28150#6b23d056efcaf902a3e6fe5c87f8ec2d67ed1c53#a7703d2a2a245785c777c46b73d775baaa3f2082#254232febfa131a26ea6c23475bdf13380ed8a53#1e7922752970e7a653fb058d1965420544307892,6,47c3a0bdf5cd94b8f53842e74a6ba3493f6e7015,a5e0ea12b96df8f22c8e68fbe9d6c7dc5ad1136e,5b643b503a92e4fad6b4410e739a12c1ded9b6ab,1,0,0,90,0,0,1,6,0,0,2,4,1,109,1919,365.29442417926,0.521104742053153,83.8978634705576,1.0,11,2014-11-16 05:11:04,2014-11-16 03:18:56,failed,208,[41132594],64,41132594,ruby,broken,0,ruby,,0.0,,,,,,,,,0
41136603,privly/privly-web,0.0,,,ruby,,master,5,ee4324a27fadcb5f39a2679bf869f6d595c28150#47c3a0bdf5cd94b8f53842e74a6ba3493f6e7015#42f942deabc10ffcf7cdc0e1220ea4d74b751013#6f3d591c7d8124405c43195c7810d9dc5ed492fb#e53d56e39be6e89e39e0a7c825e5a23452ec2e52,merge_found,,,2014-11-16 03:12:41,4,e53d56e39be6e89e39e0a7c825e5a23452ec2e52,1,e53d56e39be6e89e39e0a7c825e5a23452ec2e52,,e53d56e39be6e89e39e0a7c825e5a23452ec2e52,,0,,22,0,0,0,4,0,0,2,0,2,55,1926,363.966770508827,0.519210799584631,83.5929387331256,1.0,,2014-11-16 05:11:04,2014-11-16 05:11:55,passed,410,[41136604],67,41136604,ruby,unknown,0,ruby,,0.0,,,,,,,,,0
41176888,privly/privly-web,1.0,2014-11-16 09:39:33,139,ruby,commits_in_master,master,3,1ea771cd59e82505bb95ec3e76e1a4bb8e4d4074#967a5a505a534f174610b134f2a59e31830f341a#c5a83bcf663d5291d7c16cfba30ef2b0ae3540fc,build_found,e53d56e39be6e89e39e0a7c825e5a23452ec2e52,41136603,2014-11-16 10:36:43,4,967a5a505a534f174610b134f2a59e31830f341a#1ea771cd59e82505bb95ec3e76e1a4bb8e4d4074,2,967a5a505a534f174610b134f2a59e31830f341a,e53d56e39be6e89e39e0a7c825e5a23452ec2e52,48699c5f366823389b36513214ff79bc8e046678,0,0,0,42,0,0,0,3,0,0,1,0,2,53,1923,364.534581383255,0.520020800832033,83.7233489339574,1.0,34,2014-11-16 19:09:47,2014-11-16 18:58:35,passed,204,[41176889],69,41176889,ruby,ok,0,ruby,,0.0,,,,,,,,,0
41177849,privly/privly-web,0.0,,,ruby,,master,2,49f794667a0b12c15fec4d13916e2e3e5c8c0da7#56d980b20de164d2bd2d0295be251391c432c21b,merge_found,,,2014-11-16 19:03:44,4,56d980b20de164d2bd2d0295be251391c432c21b,1,56d980b20de164d2bd2d0295be251391c432c21b,,56d980b20de164d2bd2d0295be251391c432c21b,,0,,0,0,0,0,1,0,0,0,0,0,5,1923,364.534581383255,0.520020800832033,83.7233489339574,1.0,,2014-11-16 19:10:32,2014-11-16 19:11:20,passed,396,[41177850],72,41177850,ruby,unknown,0,ruby,,0.0,,,,,,,,,0
41181685,privly/privly-web,0.0,,,ruby,,master,1,5209bbc68c32a35e8cfeb07b52d77fb841cfa6a4,build_found,56d980b20de164d2bd2d0295be251391c432c21b,41177849,2014-11-16 20:01:35,4,5209bbc68c32a35e8cfeb07b52d77fb841cfa6a4,1,5209bbc68c32a35e8cfeb07b52d77fb841cfa6a4,,5209bbc68c32a35e8cfeb07b52d77fb841cfa6a4,,0,,0,0,0,0,1,0,0,0,0,0,31,1923,364.534581383255,0.520020800832033,83.7233489339574,1.0,,2014-11-16 20:01:37,2014-11-16 20:02:32,passed,424,[41181690],73,41181690,ruby,unknown,0,ruby,,0.0,,,,,,,,,0
41667513,privly/privly-web,0.0,,,ruby,,master,6,55460ed96c7ff0ce12f74d14116be3827e00c3fb#a7c3802b43b4a05d1e2a415b402b071bb5c5c9b2#c3950ae831df639da71b84b19d64f976b1ccedc5#bd0d3bd44672abf4fd83caa14db105de232f3ed1#0fb200556130a6f68937999dfeedae50c1b1a442#1f890d416f5299ee2701d353c1d43003862c73a8,merge_found,,,2014-11-20 23:12:19,4,1f890d416f5299ee2701d353c1d43003862c73a8,1,1f890d416f5299ee2701d353c1d43003862c73a8,,1f890d416f5299ee2701d353c1d43003862c73a8,,0,,74,2,0,0,5,0,0,3,0,1,106,1923,365.574622984919,0.520020800832033,83.7233489339574,1.0,,2014-11-21 00:45:22,2014-11-21 00:46:19,passed,401,[41667514],75,41667514,ruby,unknown,0,ruby,,0.0,,,,,,,,,0
46228608,privly/privly-web,0.0,,,ruby,,master,5,1ac564139c1203557a3b838cddf61f3fb1685c58#6bf4144bc713c85e9d2c1ae16b5f5fb192029690#dc43a9dbec7d15d18901e03eb8207abc8c844cfa#26f8941755e00ad0dbddfd7b097c3782a1d55124#18924e296773cbd5c1db61abfb418ab0cf4d5acc,merge_found,,,2015-01-04 20:39:54,4,18924e296773cbd5c1db61abfb418ab0cf4d5acc,1,18924e296773cbd5c1db61abfb418ab0cf4d5acc,,18924e296773cbd5c1db61abfb418ab0cf4d5acc,,0,,29,0,0,0,4,0,0,2,0,2,100,1923,365.574622984919,0.520020800832033,83.7233489339574,1.0,,2015-01-07 19:00:08,2015-01-07 19:03:25,passed,501,[46228609],77,46228609,ruby,unknown,1,ruby,,0.0,,,,,,,,,0
47616562,privly/privly-web,0.0,,,ruby,,master,3,3682acce99babad0bd46675c175a619d989bc25b#d841a94d82b820575fc680031c3e8b22a52fc96d#1fd933346ef5d281f79b9711c69f35677cc30eec,merge_found,,,2015-01-20 07:41:02,4,1fd933346ef5d281f79b9711c69f35677cc30eec,1,1fd933346ef5d281f79b9711c69f35677cc30eec,,1fd933346ef5d281f79b9711c69f35677cc30eec,,0,,0,0,0,0,1,0,0,0,0,1,34,1923,365.574622984919,0.520020800832033,83.7233489339574,1.0,,2015-01-20 07:58:46,2015-01-20 07:59:35,passed,422,[47616563],79,47616563,ruby,unknown,0,ruby,,0.0,,,,,,,,,0
51922005,privly/privly-web,1.0,2015-02-24 01:20:04,146,ruby,commits_in_master,master,2,fa198a5d6bb9fe81281f1e3571e157f5f1fe8824#7b35e7856497f082a93f531a79b5c26509492808,build_found,1fd933346ef5d281f79b9711c69f35677cc30eec,47616562,2015-02-24 02:17:51,4,fa198a5d6bb9fe81281f1e3571e157f5f1fe8824,1,fa198a5d6bb9fe81281f1e3571e157f5f1fe8824,1fd933346ef5d281f79b9711c69f35677cc30eec,645106f362b864c94069c73489e419aeb1f4d42e,0,0,0,64,0,0,0,1,0,0,1,0,0,48,1923,365.574622984919,0.520020800832033,83.7233489339574,1.0,11,2015-02-24 02:26:43,2015-02-24 02:20:54,passed,192,[51922006],80,51922006,ruby,ok,0,ruby,,0.0,,,,,,,,,0
51922518,privly/privly-web,0.0,,,ruby,,master,2,fa198a5d6bb9fe81281f1e3571e157f5f1fe8824#7b35e7856497f082a93f531a79b5c26509492808,merge_found,,,2015-02-24 02:17:51,4,7b35e7856497f082a93f531a79b5c26509492808,1,7b35e7856497f082a93f531a79b5c26509492808,,7b35e7856497f082a93f531a79b5c26509492808,,0,,64,0,0,0,1,0,0,1,0,0,49,1923,365.574622984919,0.520020800832033,83.7233489339574,1.0,,2015-02-24 02:26:43,2015-02-24 02:44:16,passed,479,[51922519],81,51922519,ruby,unknown,0,ruby,,0.0,,,,,,,,,0
52079847,privly/privly-web,0.0,,,ruby,,master,2,04400309b0ead5ac9e0a68e02f2e1add07756dae#b2603eddff1fec4d0b9531f506733e137db9422d,merge_found,,,2015-02-25 02:39:12,4,b2603eddff1fec4d0b9531f506733e137db9422d,1,b2603eddff1fec4d0b9531f506733e137db9422d,,b2603eddff1fec4d0b9531f506733e137db9422d,,0,,4,0,0,0,1,0,0,1,0,0,51,1923,365.574622984919,0.520020800832033,83.7233489339574,1.0,,2015-02-25 02:50:37,2015-02-25 02:51:15,passed,399,[52079848],83,52079848,ruby,unknown,0,ruby,,0.0,,,,,,,,,0
52508802,privly/privly-web,0.0,,,ruby,,master,2,e117cdccec7e40ba6394c86a407ffe0e2ed2fd78#b9feea48887283bde149ebde57f8cc45d101e54d,merge_found,,,2015-02-28 02:29:33,4,b9feea48887283bde149ebde57f8cc45d101e54d,1,b9feea48887283bde149ebde57f8cc45d101e54d,,b9feea48887283bde149ebde57f8cc45d101e54d,,0,,4,0,0,0,1,0,0,1,0,0,11,1923,365.574622984919,0.520020800832033,83.7233489339574,1.0,,2015-02-28 03:32:53,2015-02-28 03:33:36,passed,422,[52508803],85,52508803,ruby,unknown,0,ruby,,0.0,,,,,,,,,0
52688452,privly/privly-web,0.0,,,ruby,,master,3,0bbd862cba8cfacfe7c5df0b47ad01fa0e17b94a#fd3897dfd8f310f7b95966c4443c7f71c53a6a2e#0fd1c5292d57034a513b65cc74a5f0d752707635,merge_found,,,2015-03-01 19:45:02,4,0fd1c5292d57034a513b65cc74a5f0d752707635,1,0fd1c5292d57034a513b65cc74a5f0d752707635,,0fd1c5292d57034a513b65cc74a5f0d752707635,,0,,0,0,0,0,4,0,0,0,4,0,16,1923,365.574622984919,0.520020800832033,83.7233489339574,1.0,,2015-03-02 02:42:47,2015-03-02 02:43:18,passed,425,[52688453],89,52688453,ruby,unknown,0,ruby,,0.0,,,,,,,,,0
52698577,privly/privly-web,0.0,,,ruby,,master,1,7211c29e5a4c5bbbcd4d831d466f2954882ab77b,build_found,40e2107f2fb16da6a4449ec23839089b6c574d9f,52696957,2015-03-02 05:29:21,4,7211c29e5a4c5bbbcd4d831d466f2954882ab77b,1,7211c29e5a4c5bbbcd4d831d466f2954882ab77b,,7211c29e5a4c5bbbcd4d831d466f2954882ab77b,,0,,0,0,0,0,1,0,0,0,0,1,4,1923,365.574622984919,0.520020800832033,83.7233489339574,1.0,,2015-03-02 05:29:27,2015-03-02 05:29:55,passed,467,[52698578],91,52698578,ruby,unknown,0,ruby,,0.0,,,,,,,,,0
52815040,privly/privly-web,0.0,,,ruby,,master,1,29ffbf68b1eb1ec553049c251852a735c577ab63,build_found,7211c29e5a4c5bbbcd4d831d466f2954882ab77b,52698577,2015-03-02 22:20:37,4,29ffbf68b1eb1ec553049c251852a735c577ab63,1,29ffbf68b1eb1ec553049c251852a735c577ab63,,29ffbf68b1eb1ec553049c251852a735c577ab63,,0,,0,0,0,0,2,0,0,0,2,0,17,1923,365.574622984919,0.520020800832033,83.7233489339574,1.0,,2015-03-02 22:20:43,2015-03-02 22:22:59,passed,556,[52815041],92,52815041,ruby,unknown,2,ruby,,0.0,,,,,,,,,0
53748081,privly/privly-web,0.0,,,ruby,,master,1,3051937123f734656547374b05eff6ebcc718413,build_found,29ffbf68b1eb1ec553049c251852a735c577ab63,52815040,2015-03-10 02:55:01,4,3051937123f734656547374b05eff6ebcc718413,1,3051937123f734656547374b05eff6ebcc718413,,3051937123f734656547374b05eff6ebcc718413,,0,,21,0,0,0,1,0,0,1,0,0,2,1923,365.574622984919,0.520020800832033,83.7233489339574,1.0,,2015-03-10 02:55:10,2015-03-10 05:31:57,passed,418,[53748082],93,53748082,ruby,ok,0,ruby,,0.0,,,,,,,,,0
55852094,privly/privly-web,1.0,2015-03-25 18:59:47,152,ruby,commits_in_master,master,2,ddda74cb6917d44b8379305fb9424e4da9a28c9f#51e9f66fd030377e06b08ce0fdaeca3ea532829a,build_found,3051937123f734656547374b05eff6ebcc718413,53748081,2015-03-25 19:58:32,4,ddda74cb6917d44b8379305fb9424e4da9a28c9f,1,ddda74cb6917d44b8379305fb9424e4da9a28c9f,3051937123f734656547374b05eff6ebcc718413,7f49470ec17d5a67b0d02a3e53315a22595da223,0,0,0,0,0,0,0,1,0,0,0,0,0,34,1923,365.574622984919,0.520020800832033,83.7233489339574,0.0,2,2015-03-25 20:42:58,2015-03-25 20:13:58,passed,279,[55852095],94,55852095,ruby,ok,0,ruby,,0.0,,,,,,,,,0
55857689,privly/privly-web,0.0,,,ruby,,master,2,ddda74cb6917d44b8379305fb9424e4da9a28c9f#51e9f66fd030377e06b08ce0fdaeca3ea532829a,merge_found,,,2015-03-25 19:58:32,4,51e9f66fd030377e06b08ce0fdaeca3ea532829a,1,51e9f66fd030377e06b08ce0fdaeca3ea532829a,,51e9f66fd030377e06b08ce0fdaeca3ea532829a,,0,,0,0,0,0,1,0,0,0,0,0,35,1923,365.574622984919,0.520020800832033,83.7233489339574,1.0,,2015-03-25 20:42:58,2015-03-25 20:53:46,passed,456,[55857690],95,55857690,ruby,ok,0,ruby,,0.0,,,,,,,,,0
58935378,privly/privly-web,0.0,,,ruby,,master,2,d574080af2e1224ea02b8f415a4e4b5430a6e6c3#db0f4445fbba2e82ba4115ec916330cb8f30b499,merge_found,,,2015-04-17 15:48:30,4,db0f4445fbba2e82ba4115ec916330cb8f30b499,1,db0f4445fbba2e82ba4115ec916330cb8f30b499,,db0f4445fbba2e82ba4115ec916330cb8f30b499,,0,,46,0,0,0,2,0,0,2,0,0,62,1923,365.574622984919,0.520020800832033,83.7233489339574,1.0,,2015-04-17 16:31:42,2015-04-17 16:36:01,passed,845,[58935379],97,58935379,ruby,unknown,0,ruby,,0.0,,,,,,,,,0
62971204,privly/privly-web,1.0,2015-05-18 04:04:23,154,ruby,commits_in_master,master,7,4240c9af9c9725ff5797afc38d8b2bbdd6c22755#99ead2297806af7e32e4854fad474ed0f5b4a575#0ce5a45005c3d7263331da1b4a8fd7bcd024075e#5ec09f89ba7287cce1884bc0a8de7979fd53d649#92a67692e6864f8b4521b989fc5d1a61877e1709#f68453e5a71f927179fb11511fa53a289e6a5ebb#fcc783f69f80268630a73297569808c74bbc84c8,build_found,51e9f66fd030377e06b08ce0fdaeca3ea532829a,55857689,2015-05-18 04:56:38,4,4240c9af9c9725ff5797afc38d8b2bbdd6c22755#d574080af2e1224ea02b8f415a4e4b5430a6e6c3,2,4240c9af9c9725ff5797afc38d8b2bbdd6c22755,db0f4445fbba2e82ba4115ec916330cb8f30b499,61805eecf0ba74d210e4834fd9e7d31826d5fb33,0,0,0,77,0,0,0,2,0,0,2,0,0,61,1923,365.574622984919,0.520020800832033,83.7233489339574,1.0,15,2015-05-27 07:03:32,2015-05-18 06:06:41,passed,269,[62971207],99,62971207,ruby,ok,0,ruby,,0.0,,,,,,,,,0
64043527,privly/privly-web,1.0,2015-05-18 04:04:23,154,ruby,commits_in_master,master,2,99ead2297806af7e32e4854fad474ed0f5b4a575#0ce5a45005c3d7263331da1b4a8fd7bcd024075e,build_found,4240c9af9c9725ff5797afc38d8b2bbdd6c22755,62971204,2015-05-26 05:35:41,4,0ce5a45005c3d7263331da1b4a8fd7bcd024075e#99ead2297806af7e32e4854fad474ed0f5b4a575,2,0ce5a45005c3d7263331da1b4a8fd7bcd024075e,db0f4445fbba2e82ba4115ec916330cb8f30b499,af2ac7e51bda50bd461ee73d7a74c57d6b4a63fa,0,0,0,2,0,0,0,2,0,0,1,0,1,41,1923,365.574622984919,0.520020800832033,83.7233489339574,1.0,15,2015-05-26 05:50:17,2015-05-26 05:52:56,passed,276,[64043528],101,64043528,ruby,ok,0,ruby,,0.0,,,,,,,,,0
64054285,privly/privly-web,1.0,2015-05-18 04:04:23,154,ruby,commits_in_master,master,7,4240c9af9c9725ff5797afc38d8b2bbdd6c22755#99ead2297806af7e32e4854fad474ed0f5b4a575#0ce5a45005c3d7263331da1b4a8fd7bcd024075e#5ec09f89ba7287cce1884bc0a8de7979fd53d649#92a67692e6864f8b4521b989fc5d1a61877e1709#f68453e5a71f927179fb11511fa53a289e6a5ebb#fcc783f69f80268630a73297569808c74bbc84c8,build_found,0ce5a45005c3d7263331da1b4a8fd7bcd024075e,64043527,2015-05-18 04:56:38,4,5ec09f89ba7287cce1884bc0a8de7979fd53d649,1,5ec09f89ba7287cce1884bc0a8de7979fd53d649,db0f4445fbba2e82ba4115ec916330cb8f30b499,9b7de7c1280595a382c29884a459299a4c9e157a,0,0,0,0,0,0,0,1,0,0,0,0,1,37,1923,365.574622984919,0.520020800832033,83.7233489339574,1.0,15,2015-05-27 07:03:32,2015-05-26 08:06:33,passed,251,[64054286],103,64054286,ruby,ok,0,ruby,,0.0,,,,,,,,,0
64199867,privly/privly-web,1.0,2015-05-18 04:04:23,154,ruby,commits_in_master,master,2,92a67692e6864f8b4521b989fc5d1a61877e1709#f68453e5a71f927179fb11511fa53a289e6a5ebb,build_found,5ec09f89ba7287cce1884bc0a8de7979fd53d649,64054285,2015-05-27 04:03:12,4,f68453e5a71f927179fb11511fa53a289e6a5ebb#92a67692e6864f8b4521b989fc5d1a61877e1709,2,f68453e5a71f927179fb11511fa53a289e6a5ebb,db0f4445fbba2e82ba4115ec916330cb8f30b499,82f762f2b291f07bb4a23c6c135b8f1e5d8cb3c6,0,0,0,0,0,0,0,1,0,0,0,0,1,38,1923,365.574622984919,0.520020800832033,83.7233489339574,1.0,15,2015-05-27 04:41:19,2015-05-27 04:42:14,passed,254,[64199868],105,64199868,ruby,ok,0,ruby,,0.0,,,,,,,,,0
64209567,privly/privly-web,0.0,,,ruby,,master,7,4240c9af9c9725ff5797afc38d8b2bbdd6c22755#99ead2297806af7e32e4854fad474ed0f5b4a575#0ce5a45005c3d7263331da1b4a8fd7bcd024075e#5ec09f89ba7287cce1884bc0a8de7979fd53d649#92a67692e6864f8b4521b989fc5d1a61877e1709#f68453e5a71f927179fb11511fa53a289e6a5ebb#fcc783f69f80268630a73297569808c74bbc84c8,merge_found,,,2015-05-18 04:56:38,4,fcc783f69f80268630a73297569808c74bbc84c8,1,fcc783f69f80268630a73297569808c74bbc84c8,,fcc783f69f80268630a73297569808c74bbc84c8,,0,,33,0,0,0,4,0,0,3,0,1,105,1923,365.574622984919,0.520020800832033,83.7233489339574,1.0,,2015-05-27 07:03:32,2015-05-27 07:05:47,passed,546,[64209568],106,64209568,ruby,ok,0,ruby,,0.0,,,,,,,,,0
67427424,privly/privly-web,0.0,,,ruby,,master,3,90cb4d93f162f0dd865b17168b37ba386ba2598c#11c56369783780888266b9252c5a0cc561dc9c9e#01466f8dc568a9aca5543c68c42c5e8a44c38219,merge_found,,,2015-06-18 02:01:08,4,01466f8dc568a9aca5543c68c42c5e8a44c38219,1,01466f8dc568a9aca5543c68c42c5e8a44c38219,,01466f8dc568a9aca5543c68c42c5e8a44c38219,,0,,64,0,0,0,1,0,0,1,0,0,58,1923,365.574622984919,0.520020800832033,83.7233489339574,1.0,,2015-06-18 20:16:42,2015-06-18 20:30:36,passed,540,[67427425],111,67427425,ruby,ok,0,ruby,,0.0,,,,,,,,,0
78507621,privly/privly-web,0.0,,,ruby,,master,5,7ca9a3a6ce17b686b803a83517b5777b11e0b31c#d2beef26719c2e25da45a3dca854be631dc3ed60#b19bfdd7d675a3aa442d92c824b933ef4fa7da52#33d3f81a4a99f2568e49e60bc57ffb0d8ba7f001#e52f738e37dbc1e39a905d907bace5438ad37f29,merge_found,,,2015-09-02 03:02:37,3,e52f738e37dbc1e39a905d907bace5438ad37f29,1,e52f738e37dbc1e39a905d907bace5438ad37f29,,e52f738e37dbc1e39a905d907bace5438ad37f29,,0,,34,0,0,0,1,0,0,1,0,0,62,1923,365.574622984919,0.520020800832033,83.7233489339574,1.0,,2015-09-03 02:08:48,2015-09-03 02:09:41,passed,515,[78507622],117,78507622,ruby,ok,0,ruby,,0.0,,,,,,,,,0
98803584,privly/privly-web,1.0,2015-12-25 19:44:29,162,ruby,commits_in_master,master,2,f5f97635f1aefaf87bbf71f8c07e8400a45844fb#f98dad8955f95e6f10175bf81b38902a875ad208,build_found,189564f3067ab8dd9939961b92c68f2c6208fe42,98255998,2015-12-25 19:20:20,3,f5f97635f1aefaf87bbf71f8c07e8400a45844fb,1,f5f97635f1aefaf87bbf71f8c07e8400a45844fb,e52f738e37dbc1e39a905d907bace5438ad37f29,44f78ba1f67d13ee76d18635176be12affc861c7,0,0,0,0,0,0,0,4,0,0,0,4,0,19,1933,360.062079668908,0.0,82.77289187791,1.0,53,2015-12-25 20:15:00,2015-12-25 19:45:28,passed,141,[98803585],121,98803585,ruby,ok,1,ruby,testunit,1.0,,63,0,63,0,,9.41,,0
99204845,privly/privly-web,0.0,,,ruby,,master,2,57e5e8f19fc25f9a4fb5e0d23be755db54632f99#e915bd8e8de211e36b6b6488556c5537fbe0aa83,merge_found,,,2015-12-29 03:51:51,4,57e5e8f19fc25f9a4fb5e0d23be755db54632f99,1,57e5e8f19fc25f9a4fb5e0d23be755db54632f99,,57e5e8f19fc25f9a4fb5e0d23be755db54632f99,,0,,1115,27,12,3,39,0,0,40,5,8,360,1941,358.578052550232,0.0,82.4317362184441,1.0,,2015-12-29 04:06:51,2015-12-29 03:52:51,passed,368,[99204846],134,99204846,ruby,ok,1,ruby,testunit,1.0,,69,0,69,0,,205.89,,0
99206238,privly/privly-web,0.0,,,ruby,,master,2,57e5e8f19fc25f9a4fb5e0d23be755db54632f99#e915bd8e8de211e36b6b6488556c5537fbe0aa83,build_found,57e5e8f19fc25f9a4fb5e0d23be755db54632f99,99204845,2015-12-29 03:51:51,4,e915bd8e8de211e36b6b6488556c5537fbe0aa83,1,e915bd8e8de211e36b6b6488556c5537fbe0aa83,,e915bd8e8de211e36b6b6488556c5537fbe0aa83,,0,,0,0,0,0,1,0,0,0,0,0,38,1941,358.578052550232,0.0,82.4317362184441,1.0,,2015-12-29 04:06:51,2015-12-29 04:14:32,passed,378,[99206239],136,99206239,ruby,ok,1,ruby,testunit,1.0,,69,0,69,0,,213.41,,0
99981184,privly/privly-web,0.0,,,ruby,,master,4,a6a65919457defafdc0eafd56987053685e4f1e1#fc954dbe131176eeff7455bafa4958a222ca87b5#9ab6892feb0b885ff93255dd6f3714d157aca1ac#5c6c028b165931c7459172086e1200d7597ca070,merge_found,,,2016-01-03 05:48:15,4,5c6c028b165931c7459172086e1200d7597ca070,1,5c6c028b165931c7459172086e1200d7597ca070,,5c6c028b165931c7459172086e1200d7597ca070,,0,,4,0,0,0,3,0,0,2,0,1,114,1941,358.578052550232,0.0,82.4317362184441,1.0,,2016-01-03 18:29:54,2016-01-03 18:48:22,failed,691,[99981185],142,99981185,ruby,broken,1,ruby,testunit,1.0,,66,3,69,0,TestNew,524.9,,0
103961240,privly/privly-web,0.0,,,ruby,,master,2,5c6c028b165931c7459172086e1200d7597ca070#1999599d0ba2cf6fdb5344a0ab10d73f439d3435,merge_found,,,2016-01-03 18:29:51,4,1999599d0ba2cf6fdb5344a0ab10d73f439d3435,1,1999599d0ba2cf6fdb5344a0ab10d73f439d3435,,1999599d0ba2cf6fdb5344a0ab10d73f439d3435,,0,,0,0,0,0,0,0,0,0,0,0,0,1941,358.578052550232,0.0,82.4317362184441,1.0,,2016-01-21 22:07:25,2016-01-21 22:13:36,passed,381,[103961241],148,103961241,ruby,ok,1,ruby,testunit,1.0,,63,0,63,0,,208.08,,0
106814236,privly/privly-web,0.0,,,ruby,,master,2,96086c0319877b7257b23abdfd5e60e3615301c8#95f4bf0fe0ec3c9671a151a4c75a752a3f540880,merge_found,,,2016-02-03 18:41:53,4,95f4bf0fe0ec3c9671a151a4c75a752a3f540880,1,95f4bf0fe0ec3c9671a151a4c75a752a3f540880,,95f4bf0fe0ec3c9671a151a4c75a752a3f540880,,0,,82,0,0,0,1,0,0,1,0,0,79,1941,358.578052550232,0.0,82.4317362184441,1.0,,2016-02-03 19:03:04,2016-02-03 19:06:43,passed,360,[106814237],150,106814237,ruby,ok,1,ruby,testunit,1.0,,63,0,63,0,,194.72,,0
