tr_build_id,gh_project_name,gh_is_pr,gh_pr_created_at,gh_pull_req_num,gh_lang,git_merged_with,git_branch,gh_num_commits_in_push,gh_commits_in_push,git_prev_commit_resolution_status,git_prev_built_commit,tr_prev_build,gh_first_commit_created_at,gh_team_size,git_all_built_commits,git_num_all_built_commits,git_trigger_commit,tr_virtual_merged_into,tr_original_commit,gh_num_issue_comments,gh_num_commit_comments,gh_num_pr_comments,git_diff_src_churn,git_diff_test_churn,gh_diff_files_added,gh_diff_files_deleted,gh_diff_files_modified,gh_diff_tests_added,gh_diff_tests_deleted,gh_diff_src_files,gh_diff_doc_files,gh_diff_other_files,gh_num_commits_on_files_touched,gh_sloc,gh_test_lines_per_kloc,gh_test_cases_per_kloc,gh_asserts_cases_per_kloc,gh_by_core_team_member,gh_description_complexity,gh_pushed_at,gh_build_started_at,tr_status,tr_duration,tr_jobs,tr_build_number,tr_job_id,tr_log_lan,tr_log_status,tr_log_setup_time,tr_log_analyzer,tr_log_frameworks,tr_log_bool_tests_ran,tr_log_bool_tests_failed,tr_log_num_tests_ok,tr_log_num_tests_failed,tr_log_num_tests_run,tr_log_num_tests_skipped,tr_log_tests_failed,tr_log_testduration,tr_log_buildduration,build_successful
1177837,cyu/rack-cors,0.0,,,ruby,,master,1,ae096faeb337659172dce0d321a2c408d3d6b100,merge_found,,,2012-04-26 02:45:27,5,ae096faeb337659172dce0d321a2c408d3d6b100#c512151a6650e9fa64b824f4f16bd66cb39b7c39,2,ae096faeb337659172dce0d321a2c408d3d6b100,,ae096faeb337659172dce0d321a2c408d3d6b100,,0,,7,8,0,0,5,0,0,4,0,1,36,185,735.135135135135,86.4864864864865,232.432432432432,1.0,,2012-04-26 02:45:46,2012-04-26 02:45:49,failed,16,[1177838],1,1177838,ruby,unknown,,ruby,,0.0,,,,,,,,,0
1177881,cyu/rack-cors,0.0,,,ruby,,master,1,a2a3c080c2147a362be85b30d4f706487ec8156f,build_found,ae096faeb337659172dce0d321a2c408d3d6b100,1177837,2012-04-26 02:59:36,5,a2a3c080c2147a362be85b30d4f706487ec8156f,1,a2a3c080c2147a362be85b30d4f706487ec8156f,,a2a3c080c2147a362be85b30d4f706487ec8156f,,0,,2,0,0,0,1,0,0,1,0,0,12,185,735.135135135135,86.4864864864865,232.432432432432,1.0,,2012-04-26 02:59:52,2012-04-26 02:59:54,failed,22,[1177882],2,1177882,ruby,unknown,,ruby,,0.0,,,,,,,,,0
1177884,cyu/rack-cors,0.0,,,ruby,,master,1,6fc9b91d91f53ab9dcd21c23ed8ff788744f8fd6,build_found,a2a3c080c2147a362be85b30d4f706487ec8156f,1177881,2012-04-26 03:00:04,5,6fc9b91d91f53ab9dcd21c23ed8ff788744f8fd6,1,6fc9b91d91f53ab9dcd21c23ed8ff788744f8fd6,,6fc9b91d91f53ab9dcd21c23ed8ff788744f8fd6,,0,,44,0,0,0,1,0,0,1,0,0,13,185,735.135135135135,86.4864864864865,232.432432432432,1.0,,2012-04-26 03:00:06,2012-04-26 03:00:07,failed,16,[1177885],3,1177885,ruby,unknown,,ruby,,0.0,,,,,,,,,0
1177913,cyu/rack-cors,0.0,,,ruby,,master,1,62d5f5e37fa27c861d15ed89a1243537c878f9d0,build_found,6fc9b91d91f53ab9dcd21c23ed8ff788744f8fd6,1177884,2012-04-26 03:07:36,5,62d5f5e37fa27c861d15ed89a1243537c878f9d0,1,62d5f5e37fa27c861d15ed89a1243537c878f9d0,,62d5f5e37fa27c861d15ed89a1243537c878f9d0,,0,,4,0,0,0,2,0,0,2,0,0,17,185,735.135135135135,86.4864864864865,232.432432432432,1.0,,2012-04-26 03:07:49,2012-04-26 03:07:50,failed,15,[1177914],4,1177914,ruby,unknown,,ruby,,0.0,,,,,,,,,0
1177916,cyu/rack-cors,0.0,,,ruby,,master,1,4c92f7d76bd5d6019649c5025c96d334b17e65dd,build_found,62d5f5e37fa27c861d15ed89a1243537c878f9d0,1177913,2012-04-26 03:11:43,5,4c92f7d76bd5d6019649c5025c96d334b17e65dd,1,4c92f7d76bd5d6019649c5025c96d334b17e65dd,,4c92f7d76bd5d6019649c5025c96d334b17e65dd,,0,,2,0,0,0,1,0,0,1,0,0,6,185,735.135135135135,86.4864864864865,232.432432432432,1.0,,2012-04-26 03:11:51,2012-04-26 03:11:54,failed,17,[1177917],5,1177917,ruby,unknown,,ruby,,0.0,,,,,,,,,0
1177930,cyu/rack-cors,0.0,,,ruby,,master,1,a2cdb6f375e3069ae5bbbc74db10149f9fb4fc26,build_found,4c92f7d76bd5d6019649c5025c96d334b17e65dd,1177916,2012-04-26 03:14:28,5,a2cdb6f375e3069ae5bbbc74db10149f9fb4fc26,1,a2cdb6f375e3069ae5bbbc74db10149f9fb4fc26,,a2cdb6f375e3069ae5bbbc74db10149f9fb4fc26,,0,,1,0,0,0,1,0,0,1,0,0,7,185,735.135135135135,86.4864864864865,232.432432432432,1.0,,2012-04-26 03:14:40,2012-04-26 03:14:43,failed,21,[1177931],6,1177931,ruby,unknown,,ruby,,0.0,,,,,,,,,0
1177936,cyu/rack-cors,0.0,,,ruby,,master,1,0322a89bf4cb9c7f29ac7a52eae8e896cbe44a2c,build_found,a2cdb6f375e3069ae5bbbc74db10149f9fb4fc26,1177930,2012-04-26 03:16:09,5,0322a89bf4cb9c7f29ac7a52eae8e896cbe44a2c,1,0322a89bf4cb9c7f29ac7a52eae8e896cbe44a2c,,0322a89bf4cb9c7f29ac7a52eae8e896cbe44a2c,,0,,6,0,0,0,1,0,0,1,0,0,15,185,735.135135135135,86.4864864864865,232.432432432432,1.0,,2012-04-26 03:16:37,2012-04-26 03:16:40,passed,15,[1177937],7,1177937,ruby,unknown,,ruby,,0.0,,,,,,,,,0
1185551,cyu/rack-cors,0.0,,,ruby,,master,1,7e3cef6b53838798e1191bfb720cc1b16a4e20b6,build_found,0322a89bf4cb9c7f29ac7a52eae8e896cbe44a2c,1177936,2012-04-26 22:07:09,5,7e3cef6b53838798e1191bfb720cc1b16a4e20b6,1,7e3cef6b53838798e1191bfb720cc1b16a4e20b6,,7e3cef6b53838798e1191bfb720cc1b16a4e20b6,,0,,99,0,4,0,3,0,0,6,0,0,21,185,735.135135135135,86.4864864864865,232.432432432432,1.0,,2012-04-26 22:08:38,2012-04-26 22:24:18,passed,27,[1185552],8,1185552,ruby,unknown,,ruby,,0.0,,,,,,,,,0
1185557,cyu/rack-cors,0.0,,,ruby,,master,1,b2103a8aeba8ebe3eba71866cc71d1258b788af9,build_found,7e3cef6b53838798e1191bfb720cc1b16a4e20b6,1185551,2012-04-26 22:08:58,5,b2103a8aeba8ebe3eba71866cc71d1258b788af9,1,b2103a8aeba8ebe3eba71866cc71d1258b788af9,,b2103a8aeba8ebe3eba71866cc71d1258b788af9,,0,,6,0,0,0,1,0,0,1,0,0,17,185,735.135135135135,86.4864864864865,232.432432432432,1.0,,2012-04-26 22:09:01,2012-04-26 22:24:45,passed,24,[1185558],9,1185558,ruby,unknown,,ruby,,0.0,,,,,,,,,0
1185571,cyu/rack-cors,0.0,,,ruby,,master,2,c43f616bc5de3b93c6134de10b2a68d6ad79f19d#86ac6b8f30f2e7501f6579d529ed62ccea7f92c9,build_found,b2103a8aeba8ebe3eba71866cc71d1258b788af9,1185557,2012-04-26 22:10:32,5,86ac6b8f30f2e7501f6579d529ed62ccea7f92c9#c43f616bc5de3b93c6134de10b2a68d6ad79f19d,2,86ac6b8f30f2e7501f6579d529ed62ccea7f92c9,,86ac6b8f30f2e7501f6579d529ed62ccea7f92c9,,0,,2,0,0,0,2,0,0,1,0,1,24,185,735.135135135135,86.4864864864865,232.432432432432,1.0,,2012-04-26 22:10:55,2012-04-26 22:25:09,passed,21,[1185572],10,1185572,ruby,unknown,,ruby,,0.0,,,,,,,,,0
1554069,cyu/rack-cors,0.0,,,ruby,,master,2,e8e0aeca7109fe64f5bbb92006ed9b1eef8b7e46#3692aca3346f9fbf0f6136a88ff68daa68326f52,merge_found,,,2012-06-05 13:55:43,5,3692aca3346f9fbf0f6136a88ff68daa68326f52,1,3692aca3346f9fbf0f6136a88ff68daa68326f52,,3692aca3346f9fbf0f6136a88ff68daa68326f52,,0,,8,14,0,0,2,0,0,2,0,0,21,191,774.869109947644,94.2408376963351,267.015706806283,1.0,,2012-06-07 03:22:18,2012-06-07 03:22:20,passed,24,[1554070],11,1554070,ruby,unknown,,ruby,,0.0,,,,,,,,,0
1554092,cyu/rack-cors,0.0,,,ruby,,master,2,be1a6eb6ab72c1499f99a097145e60a357f7e5cf#fe078cffee8d7cb524c7332be33f1907646d72fb,build_found,3692aca3346f9fbf0f6136a88ff68daa68326f52,1554069,2012-06-07 03:28:25,5,fe078cffee8d7cb524c7332be33f1907646d72fb#be1a6eb6ab72c1499f99a097145e60a357f7e5cf,2,fe078cffee8d7cb524c7332be33f1907646d72fb,,fe078cffee8d7cb524c7332be33f1907646d72fb,,0,,6,0,0,0,2,0,0,1,0,1,26,191,774.869109947644,94.2408376963351,267.015706806283,1.0,,2012-06-07 03:30:07,2012-06-07 03:30:09,passed,21,[1554093],12,1554093,ruby,unknown,,ruby,,0.0,,,,,,,,,0
2073166,cyu/rack-cors,0.0,,,ruby,,master,2,1dc58cd7a07ba093c9766c9bc2995bfc3b2c821e#82a44e611ad7745f3b9b351f36666244bb8a5be2,merge_found,,,2012-08-08 08:13:53,5,82a44e611ad7745f3b9b351f36666244bb8a5be2,1,82a44e611ad7745f3b9b351f36666244bb8a5be2,,82a44e611ad7745f3b9b351f36666244bb8a5be2,,0,,0,0,0,0,1,0,0,0,0,0,8,191,774.869109947644,94.2408376963351,267.015706806283,1.0,,2012-08-09 04:20:05,2012-08-09 04:20:08,passed,24,[2073167],13,2073167,ruby,unknown,,ruby,,0.0,,,,,,,,,0
3576766,cyu/rack-cors,0.0,,,ruby,,master,3,76806b94b311b75f12ace484fafd6dd833ef5823#d592de2af78de046011c437b1c8f79a3edcb5cb0#b54d2aa5a2b207e8da48b4ed1bb97d70a229abd7,merge_found,,,2012-11-05 20:13:52,6,b54d2aa5a2b207e8da48b4ed1bb97d70a229abd7,1,b54d2aa5a2b207e8da48b4ed1bb97d70a229abd7,,b54d2aa5a2b207e8da48b4ed1bb97d70a229abd7,,0,,31,25,0,0,5,0,0,5,0,0,25,199,819.095477386935,95.4773869346734,291.457286432161,1.0,,2012-12-09 13:47:10,2012-12-09 13:47:13,passed,24,[3576767],16,3576767,ruby,unknown,,ruby,,0.0,,,,,,,,,0
3576855,cyu/rack-cors,0.0,,,ruby,,master,2,4c1dd9f000e65a547fe03a38b3c8cdef6ec04895#b49d3efd0121db0fd189f0758927a609afb279fd,build_found,b54d2aa5a2b207e8da48b4ed1bb97d70a229abd7,3576766,2012-10-22 12:18:20,6,b49d3efd0121db0fd189f0758927a609afb279fd#4c1dd9f000e65a547fe03a38b3c8cdef6ec04895,2,b49d3efd0121db0fd189f0758927a609afb279fd,,b49d3efd0121db0fd189f0758927a609afb279fd,,0,,11,17,0,0,4,0,0,4,0,0,25,205,868.292682926829,102.439024390244,307.317073170732,1.0,,2012-12-09 13:59:02,2012-12-09 13:59:06,passed,29,[3576856],17,3576856,ruby,unknown,,ruby,,0.0,,,,,,,,,0
3577389,cyu/rack-cors,0.0,,,ruby,,master,1,68a7e3b7a18c25df636db40a1e4f9a61f9be4b0c,build_found,b49d3efd0121db0fd189f0758927a609afb279fd,3576855,2012-12-09 15:01:32,6,68a7e3b7a18c25df636db40a1e4f9a61f9be4b0c,1,68a7e3b7a18c25df636db40a1e4f9a61f9be4b0c,,68a7e3b7a18c25df636db40a1e4f9a61f9be4b0c,,0,,13,24,0,0,4,0,0,4,0,0,46,208,942.307692307692,110.576923076923,322.115384615385,1.0,,2012-12-09 15:02:08,2012-12-09 15:02:11,passed,27,[3577390],18,3577390,ruby,unknown,,ruby,,0.0,,,,,,,,,0
3578033,cyu/rack-cors,0.0,,,ruby,,master,2,d98524610631c603c9f157bff1b89e3e3ca024a8#13782d90ebdaacd6cd12de46ff060d76c8842b3b,merge_found,,,2012-12-03 23:48:36,6,13782d90ebdaacd6cd12de46ff060d76c8842b3b,1,13782d90ebdaacd6cd12de46ff060d76c8842b3b,,13782d90ebdaacd6cd12de46ff060d76c8842b3b,,0,,10,0,0,0,1,0,0,1,0,0,28,210,933.333333333333,109.52380952381,319.047619047619,1.0,,2012-12-09 16:21:37,2012-12-09 16:21:41,passed,29,[3578034],19,3578034,ruby,unknown,,ruby,,0.0,,,,,,,,,0
6260570,cyu/rack-cors,1.0,2013-04-11 17:37:40,21,ruby,merge_button,master,2,f16a37f01675a6d53ec11ad603a6896b3a31ed49#6d00ab7452c6c215983c2b6135cae4242ba709e6,build_found,13782d90ebdaacd6cd12de46ff060d76c8842b3b,3578033,2013-04-11 19:37:07,4,f16a37f01675a6d53ec11ad603a6896b3a31ed49,1,f16a37f01675a6d53ec11ad603a6896b3a31ed49,13782d90ebdaacd6cd12de46ff060d76c8842b3b,c74e7bde422b6f32b8e52cb35277290e7f961acd,0,0,0,4,0,0,0,1,0,0,1,0,0,29,210,933.333333333333,109.52380952381,319.047619047619,1.0,21,2013-06-08 13:43:15,2013-04-11 19:39:21,passed,28,[6260571],20,6260571,ruby,ok,,ruby,,0.0,,,,,,,,,0
6695237,cyu/rack-cors,1.0,2013-04-28 01:59:18,22,ruby,merge_button,master,2,d19f44cf9f7db5f18a7b2618255c52ffb01841cc#cf978b55413592f5e17e549ee4016db540a16766,build_found,13782d90ebdaacd6cd12de46ff060d76c8842b3b,3578033,2013-04-28 03:58:44,4,d19f44cf9f7db5f18a7b2618255c52ffb01841cc,1,d19f44cf9f7db5f18a7b2618255c52ffb01841cc,13782d90ebdaacd6cd12de46ff060d76c8842b3b,cce3e33b23680dda479efec3119d2e35c81e49e5,0,0,0,0,0,0,0,1,0,0,0,0,1,10,210,933.333333333333,109.52380952381,319.047619047619,0.0,31,2013-05-31 06:01:34,2013-04-28 04:00:02,passed,24,[6695238],21,6695238,ruby,ok,,ruby,,0.0,,,,,,,,,0
7655007,cyu/rack-cors,0.0,,,ruby,,master,2,d19f44cf9f7db5f18a7b2618255c52ffb01841cc#cf978b55413592f5e17e549ee4016db540a16766,merge_found,,,2013-04-28 03:58:44,5,cf978b55413592f5e17e549ee4016db540a16766,1,cf978b55413592f5e17e549ee4016db540a16766,,cf978b55413592f5e17e549ee4016db540a16766,,0,,0,0,0,0,1,0,0,0,0,1,11,210,933.333333333333,109.52380952381,319.047619047619,1.0,,2013-05-31 06:01:34,2013-05-31 06:02:08,passed,26,[7655008],22,7655008,ruby,ok,,ruby,,0.0,,,,,,,,,0
7655070,cyu/rack-cors,0.0,,,ruby,,master,1,04dc4e4e510d075304080e69ff8b0a03951d576e,build_found,cf978b55413592f5e17e549ee4016db540a16766,7655007,2013-05-31 06:04:48,5,04dc4e4e510d075304080e69ff8b0a03951d576e,1,04dc4e4e510d075304080e69ff8b0a03951d576e,,04dc4e4e510d075304080e69ff8b0a03951d576e,,0,,12,0,0,0,1,0,0,1,0,0,21,210,933.333333333333,109.52380952381,319.047619047619,1.0,,2013-05-31 06:04:53,2013-05-31 06:05:23,passed,27,[7655071],23,7655071,ruby,ok,,ruby,,0.0,,,,,,,,,0
7821623,cyu/rack-cors,1.0,2013-06-05 19:45:34,25,ruby,merge_button,master,2,077a629074cdc27cb4b1fcb5c2f7eafe3a834e79#a1c43d0e027fbb94325638ee8a6ee2b92f47dc73,build_found,04dc4e4e510d075304080e69ff8b0a03951d576e,7655070,2013-06-05 21:43:19,5,077a629074cdc27cb4b1fcb5c2f7eafe3a834e79,1,077a629074cdc27cb4b1fcb5c2f7eafe3a834e79,04dc4e4e510d075304080e69ff8b0a03951d576e,a5afcece4dc9e1bb9b4e6b6acb494753c99fddb2,0,0,0,0,0,0,0,1,0,0,0,0,0,9,210,933.333333333333,109.52380952381,319.047619047619,1.0,4,2013-06-07 11:20:00,2013-06-05 21:46:13,passed,29,[7821624],24,7821624,ruby,ok,,ruby,,0.0,,,,,,,,,0
7873014,cyu/rack-cors,0.0,,,ruby,,master,2,077a629074cdc27cb4b1fcb5c2f7eafe3a834e79#a1c43d0e027fbb94325638ee8a6ee2b92f47dc73,merge_found,,,2013-06-05 21:43:19,5,a1c43d0e027fbb94325638ee8a6ee2b92f47dc73,1,a1c43d0e027fbb94325638ee8a6ee2b92f47dc73,,a1c43d0e027fbb94325638ee8a6ee2b92f47dc73,,0,,0,0,0,0,1,0,0,0,0,0,10,210,933.333333333333,109.52380952381,319.047619047619,1.0,,2013-06-07 11:20:00,2013-06-07 11:20:28,passed,35,[7873015],25,7873015,ruby,ok,,ruby,,0.0,,,,,,,,,0
7904343,cyu/rack-cors,0.0,,,ruby,,master,2,f16a37f01675a6d53ec11ad603a6896b3a31ed49#6d00ab7452c6c215983c2b6135cae4242ba709e6,merge_found,,,2013-04-11 19:37:07,5,6d00ab7452c6c215983c2b6135cae4242ba709e6,1,6d00ab7452c6c215983c2b6135cae4242ba709e6,,6d00ab7452c6c215983c2b6135cae4242ba709e6,,0,,4,0,0,0,1,0,0,1,0,0,30,210,933.333333333333,109.52380952381,319.047619047619,1.0,,2013-06-08 13:43:15,2013-06-08 13:43:44,passed,26,[7904344],26,7904344,ruby,ok,,ruby,,0.0,,,,,,,,,0
7924293,cyu/rack-cors,0.0,,,ruby,,master,1,228d39344bb660adc857d9d8a7195bcf24399181,build_found,6d00ab7452c6c215983c2b6135cae4242ba709e6,7904343,2013-06-09 12:55:13,5,228d39344bb660adc857d9d8a7195bcf24399181,1,228d39344bb660adc857d9d8a7195bcf24399181,,228d39344bb660adc857d9d8a7195bcf24399181,,0,,21,12,0,0,4,0,0,3,0,0,39,214,962.616822429907,112.14953271028,345.794392523364,1.0,,2013-06-09 12:58:55,2013-06-09 12:59:37,passed,23,[7924294],27,7924294,ruby,ok,,ruby,,0.0,,,,,,,,,0
9064399,cyu/rack-cors,0.0,,,ruby,,master,1,44f0d9189016619f7be3ff1662bf0dfb9f4d0002,build_found,228d39344bb660adc857d9d8a7195bcf24399181,7924293,2013-07-14 13:56:24,5,44f0d9189016619f7be3ff1662bf0dfb9f4d0002,1,44f0d9189016619f7be3ff1662bf0dfb9f4d0002,,44f0d9189016619f7be3ff1662bf0dfb9f4d0002,,0,,12,4,0,0,4,0,0,4,0,0,30,214,971.96261682243,112.14953271028,345.794392523364,1.0,,2013-07-14 13:56:46,2013-07-14 13:58:08,passed,51,[9064400],31,9064400,ruby,ok,,ruby,,0.0,,,,,,,,,0
9098629,cyu/rack-cors,0.0,,,ruby,,master,1,910f6dfd21d54da15ab08888569e3ddba1de41af,build_found,44f0d9189016619f7be3ff1662bf0dfb9f4d0002,9064399,2013-07-14 13:57:34,5,910f6dfd21d54da15ab08888569e3ddba1de41af,1,910f6dfd21d54da15ab08888569e3ddba1de41af,,910f6dfd21d54da15ab08888569e3ddba1de41af,,0,,3,17,0,0,3,0,0,3,0,0,34,214,967.289719626168,112.14953271028,341.121495327103,1.0,,2013-07-15 14:45:37,2013-07-15 14:46:56,passed,49,[9098630],33,9098630,ruby,ok,,ruby,,0.0,,,,,,,,,0
9382342,cyu/rack-cors,0.0,,,ruby,,master,4,854a52d5092311677200b3fa4d2e0a61e3cbb59b#65423b99b2ad7ac43e4bcf90f49240666121f016#5c95a7b87ec4391f96bc31cfbd16287dc120f9fd#0a101dce2188306d54fa3ea43a251dbd9ed42815,build_found,910f6dfd21d54da15ab08888569e3ddba1de41af,9098629,2013-07-23 06:23:17,5,0a101dce2188306d54fa3ea43a251dbd9ed42815#5c95a7b87ec4391f96bc31cfbd16287dc120f9fd#65423b99b2ad7ac43e4bcf90f49240666121f016#854a52d5092311677200b3fa4d2e0a61e3cbb59b,4,0a101dce2188306d54fa3ea43a251dbd9ed42815,,0a101dce2188306d54fa3ea43a251dbd9ed42815,,0,,1955,25,58,1,7,0,0,31,7,22,39,312,705.128205128205,80.1282051282051,233.974358974359,1.0,,2013-07-23 07:24:34,2013-07-23 07:25:12,passed,29,[9382343],34,9382343,ruby,ok,,ruby,,0.0,,,,,,,,,0
9392259,cyu/rack-cors,0.0,,,ruby,,master,1,6c13953e7a51d52e5cba3d8f0c0f53f9447982fe,build_found,0a101dce2188306d54fa3ea43a251dbd9ed42815,9382342,2013-07-23 13:10:26,5,6c13953e7a51d52e5cba3d8f0c0f53f9447982fe,1,6c13953e7a51d52e5cba3d8f0c0f53f9447982fe,,6c13953e7a51d52e5cba3d8f0c0f53f9447982fe,,0,,26,0,0,0,4,0,0,3,0,1,6,313,702.875399361022,79.8722044728434,233.226837060703,1.0,,2013-07-23 13:10:47,2013-07-23 13:11:24,passed,27,[9392260],35,9392260,ruby,ok,,ruby,,0.0,,,,,,,,,0
13838551,cyu/rack-cors,0.0,,,ruby,,master,1,deeaa03a6debf97ff1d9f22ac2fa21e7e1096def,build_found,6c13953e7a51d52e5cba3d8f0c0f53f9447982fe,9392259,2013-11-12 02:56:49,5,deeaa03a6debf97ff1d9f22ac2fa21e7e1096def,1,deeaa03a6debf97ff1d9f22ac2fa21e7e1096def,,deeaa03a6debf97ff1d9f22ac2fa21e7e1096def,,0,,2,0,0,0,1,0,0,1,0,0,1,313,702.875399361022,79.8722044728434,233.226837060703,1.0,,2013-11-12 02:57:01,2013-11-12 02:57:33,passed,29,[13838552],36,13838552,ruby,ok,,ruby,,0.0,,,,,,,,,0
19832094,cyu/rack-cors,1.0,2014-02-28 20:02:33,43,ruby,commits_in_master,master,2,dae40ee7c36a6096980ace3b8c5344c7b097d633#afd82ffab74372f2f8aa1818366897e817cea876,build_found,deeaa03a6debf97ff1d9f22ac2fa21e7e1096def,13838653,2014-02-28 20:56:22,4,dae40ee7c36a6096980ace3b8c5344c7b097d633,1,dae40ee7c36a6096980ace3b8c5344c7b097d633,deeaa03a6debf97ff1d9f22ac2fa21e7e1096def,c64e721b5150e6e0b00b6f2becabd39b5062133c,0,0,0,2,0,0,0,1,0,0,1,0,0,33,313,702.875399361022,79.8722044728434,233.226837060703,0.0,44,2014-05-07 15:08:01,2014-02-28 21:03:38,passed,41,[19832095],40,19832095,ruby,ok,,ruby,,0.0,,,,,,,,,0
22157124,cyu/rack-cors,1.0,2014-04-03 01:57:38,45,ruby,merge_button,master,2,282d5979dbb6c3cfb4d86faf8602fcc81ddb5ba8#39d64f8431c49b4e4440ad7c4e679d9700852fb3,build_found,deeaa03a6debf97ff1d9f22ac2fa21e7e1096def,13838653,2014-04-03 03:57:34,5,282d5979dbb6c3cfb4d86faf8602fcc81ddb5ba8,1,282d5979dbb6c3cfb4d86faf8602fcc81ddb5ba8,deeaa03a6debf97ff1d9f22ac2fa21e7e1096def,d98a49ac47f7cb634929561245a3cb0e97ce8f4b,1,0,0,0,0,0,0,1,0,0,0,0,0,12,313,702.875399361022,79.8722044728434,233.226837060703,1.0,12,2014-04-03 05:04:17,2014-04-03 03:58:19,passed,43,[22157125],41,22157125,ruby,ok,,ruby,,0.0,,,,,,,,,0
22159379,cyu/rack-cors,0.0,,,ruby,,master,2,282d5979dbb6c3cfb4d86faf8602fcc81ddb5ba8#39d64f8431c49b4e4440ad7c4e679d9700852fb3,merge_found,,,2014-04-03 03:57:34,5,39d64f8431c49b4e4440ad7c4e679d9700852fb3,1,39d64f8431c49b4e4440ad7c4e679d9700852fb3,,39d64f8431c49b4e4440ad7c4e679d9700852fb3,,0,,0,0,0,0,1,0,0,0,0,0,13,313,702.875399361022,79.8722044728434,233.226837060703,1.0,,2014-04-03 05:04:17,2014-04-03 05:04:47,passed,40,[22159380],42,22159380,ruby,ok,,ruby,,0.0,,,,,,,,,0
24632983,cyu/rack-cors,0.0,,,ruby,,master,2,dae40ee7c36a6096980ace3b8c5344c7b097d633#afd82ffab74372f2f8aa1818366897e817cea876,merge_found,,,2014-02-28 20:56:22,5,afd82ffab74372f2f8aa1818366897e817cea876,1,afd82ffab74372f2f8aa1818366897e817cea876,,afd82ffab74372f2f8aa1818366897e817cea876,,0,,2,0,0,0,1,0,0,1,0,0,34,313,702.875399361022,79.8722044728434,233.226837060703,1.0,,2014-05-07 15:08:01,2014-05-07 15:12:44,failed,90,[24632984],43,24632984,ruby,broken,,ruby,,0.0,,,,,,,,,0
24633435,cyu/rack-cors,0.0,,,ruby,,master,1,85a8ea681b844d2483b0a799d4b76180e303f8e0,build_found,afd82ffab74372f2f8aa1818366897e817cea876,24632983,2014-05-07 15:06:56,5,85a8ea681b844d2483b0a799d4b76180e303f8e0,1,85a8ea681b844d2483b0a799d4b76180e303f8e0,,85a8ea681b844d2483b0a799d4b76180e303f8e0,,0,,31,73,0,0,2,0,0,2,0,0,37,327,770.642201834862,85.6269113149847,241.590214067278,1.0,,2014-05-07 15:12:29,2014-05-07 15:16:09,failed,51,[24633436],44,24633436,ruby,broken,,ruby,,0.0,,,,,,,,,0
24636938,cyu/rack-cors,0.0,,,ruby,,master,1,9851d59089971e9a1c28a6b68e3b9359f7005535,build_found,85a8ea681b844d2483b0a799d4b76180e303f8e0,24633435,2014-05-07 15:46:56,5,9851d59089971e9a1c28a6b68e3b9359f7005535,1,9851d59089971e9a1c28a6b68e3b9359f7005535,,9851d59089971e9a1c28a6b68e3b9359f7005535,,0,,2,165,0,0,3,0,0,3,0,0,34,327,758.409785932722,88.6850152905199,149.847094801223,1.0,,2014-05-07 15:47:39,2014-05-07 15:57:10,passed,66,[24636939],45,24636939,ruby,ok,,ruby,testunit,1.0,,28,0,28,0,,0.07,,0
25177714,cyu/rack-cors,0.0,,,ruby,,master,1,cd5464a2d3f2f5c5d5451fd66bc5cb6dc02dc430,build_found,9851d59089971e9a1c28a6b68e3b9359f7005535,24636938,2014-05-14 17:59:41,5,cd5464a2d3f2f5c5d5451fd66bc5cb6dc02dc430,1,cd5464a2d3f2f5c5d5451fd66bc5cb6dc02dc430,,cd5464a2d3f2f5c5d5451fd66bc5cb6dc02dc430,,0,,2,0,0,0,1,0,0,1,0,0,2,327,758.409785932722,88.6850152905199,149.847094801223,1.0,,2014-05-14 18:00:02,2014-05-14 18:01:08,passed,30,[25177715],46,25177715,ruby,ok,,ruby,testunit,1.0,,28,0,28,0,,0.07,,0
28462719,cyu/rack-cors,0.0,,,ruby,,master,1,a5cad8b509112a9237001b22d73851fbd5c88e6e,build_found,cd5464a2d3f2f5c5d5451fd66bc5cb6dc02dc430,25177714,2014-06-26 01:16:47,5,a5cad8b509112a9237001b22d73851fbd5c88e6e,1,a5cad8b509112a9237001b22d73851fbd5c88e6e,,a5cad8b509112a9237001b22d73851fbd5c88e6e,,0,,0,0,0,0,1,0,0,0,0,0,14,327,758.409785932722,88.6850152905199,149.847094801223,1.0,,2014-06-26 01:16:48,2014-06-26 01:17:32,passed,13,[28462720],47,28462720,ruby,ok,,ruby,testunit,1.0,,28,0,28,0,,0.15,,0
30287903,cyu/rack-cors,1.0,2014-07-18 15:05:39,49,ruby,commits_in_master,master,2,04ed29e6ac8a822b0bdd034b68113c47b03ea57d#5fbe64da44db18f1c3a8f28e934e38a9b543698a,build_found,a5cad8b509112a9237001b22d73851fbd5c88e6e,28462719,2014-07-18 17:02:40,5,04ed29e6ac8a822b0bdd034b68113c47b03ea57d,1,04ed29e6ac8a822b0bdd034b68113c47b03ea57d,a5cad8b509112a9237001b22d73851fbd5c88e6e,b073111e8c44d882cac5431d2e3576880706e00c,0,0,0,7,0,0,0,1,0,0,1,0,0,36,331,749.244712990936,87.6132930513595,148.036253776435,1.0,60,2014-08-13 21:01:49,2014-07-18 17:12:12,failed,10,[30287904],48,30287904,ruby,broken,,ruby,testunit,1.0,,27,1,28,0,Rack::Cors::logging,0.08,,0
32478605,cyu/rack-cors,0.0,,,ruby,,master,2,04ed29e6ac8a822b0bdd034b68113c47b03ea57d#5fbe64da44db18f1c3a8f28e934e38a9b543698a,merge_found,,,2014-07-18 17:02:40,5,5fbe64da44db18f1c3a8f28e934e38a9b543698a,1,5fbe64da44db18f1c3a8f28e934e38a9b543698a,,5fbe64da44db18f1c3a8f28e934e38a9b543698a,,0,,7,0,0,0,1,0,0,1,0,0,37,331,749.244712990936,87.6132930513595,148.036253776435,1.0,,2014-08-13 21:01:49,2014-08-13 21:06:15,passed,8,[32478606],49,32478606,ruby,ok,,ruby,testunit,1.0,,28,0,28,0,,0.05,,0
34614602,cyu/rack-cors,0.0,,,ruby,,master,1,05e13ac6c1a4e4b84f5b26b88db8ddb5fa891257,build_found,5fbe64da44db18f1c3a8f28e934e38a9b543698a,32478605,2014-09-07 02:12:12,5,05e13ac6c1a4e4b84f5b26b88db8ddb5fa891257#2251fe25923e7b5fc232dde481f71474d401de68#b9951e4f01a6b81c25b0d2b899a77b64683ffabe,3,05e13ac6c1a4e4b84f5b26b88db8ddb5fa891257,,05e13ac6c1a4e4b84f5b26b88db8ddb5fa891257,,0,,708,10,60,0,2,0,0,28,5,26,5,416,610.576923076923,69.7115384615385,117.788461538462,1.0,,2014-09-07 03:20:29,2014-09-07 03:21:01,failed,9,[34614603],52,34614603,ruby,broken,,ruby,testunit,1.0,,27,1,28,0,Rack::Cors::logging,0.04,,0
34614632,cyu/rack-cors,0.0,,,ruby,,master,1,2ea11cd7f0ee9ab83aac2e4ba658f7852458884b,build_found,05e13ac6c1a4e4b84f5b26b88db8ddb5fa891257,34614602,2014-09-07 03:20:52,5,2ea11cd7f0ee9ab83aac2e4ba658f7852458884b,1,2ea11cd7f0ee9ab83aac2e4ba658f7852458884b,,2ea11cd7f0ee9ab83aac2e4ba658f7852458884b,,0,,19,0,0,0,4,0,0,4,0,0,5,416,610.576923076923,69.7115384615385,117.788461538462,1.0,,2014-09-07 03:21:04,2014-09-07 03:21:56,passed,11,[34614633],53,34614633,ruby,ok,,ruby,testunit,1.0,,28,0,28,0,,0.04,,0
34814266,cyu/rack-cors,0.0,,,ruby,,master,2,4ff8368ec85119d7fed2fb6af21a437476736542#8456a39b51b1d15be6e192568e7df88b52b39df2,build_found,2ea11cd7f0ee9ab83aac2e4ba658f7852458884b,34614632,2014-09-07 14:38:56,5,8456a39b51b1d15be6e192568e7df88b52b39df2#4ff8368ec85119d7fed2fb6af21a437476736542,2,8456a39b51b1d15be6e192568e7df88b52b39df2,,8456a39b51b1d15be6e192568e7df88b52b39df2,,0,,131,0,0,0,12,0,0,12,0,0,48,435,583.908045977012,66.6666666666667,112.64367816092,1.0,,2014-09-09 13:39:54,2014-09-09 13:41:08,failed,15,[34814267],54,34814267,ruby,broken,,ruby,testunit,1.0,,24,4,28,0,Rack::Cors#Rack::Cors::logging,0.05,,0
35009600,cyu/rack-cors,0.0,,,ruby,,master,1,efbed09b71e9ef935c41a65ffa4b3a2aac0b0062,build_found,8456a39b51b1d15be6e192568e7df88b52b39df2,34814266,2014-09-11 12:35:07,5,efbed09b71e9ef935c41a65ffa4b3a2aac0b0062,1,efbed09b71e9ef935c41a65ffa4b3a2aac0b0062,,efbed09b71e9ef935c41a65ffa4b3a2aac0b0062,,0,,6,0,0,0,1,0,0,1,0,0,39,435,583.908045977012,66.6666666666667,112.64367816092,1.0,,2014-09-11 12:36:02,2014-09-11 12:36:50,failed,9,[35009601],56,35009601,ruby,broken,,ruby,testunit,1.0,,24,4,28,0,Rack::Cors#Rack::Cors::logging,0.05,,0
36071879,cyu/rack-cors,1.0,2014-09-23 15:43:39,54,ruby,merge_button,master,2,654749efae3cc1801585244e8b67e4938abced42#0e204127f3367438bfc893a3b9bd35f1aceb99fd,build_found,2ea11cd7f0ee9ab83aac2e4ba658f7852458884b,34614632,2014-09-23 17:27:53,5,654749efae3cc1801585244e8b67e4938abced42#4ff8368ec85119d7fed2fb6af21a437476736542,2,654749efae3cc1801585244e8b67e4938abced42,efbed09b71e9ef935c41a65ffa4b3a2aac0b0062,2e2644ac5277df43646bbf010320cede3cec6327,1,0,0,83,6,0,0,13,0,0,13,0,0,51,418,619.617224880383,71.7703349282297,122.00956937799,1.0,68,2014-09-23 19:15:47,2014-09-23 17:45:55,failed,74,[36071880],57,36071880,ruby,broken,,ruby,testunit,1.0,,25,4,29,0,Rack::Cors,0.05,,0
36080768,cyu/rack-cors,0.0,,,ruby,,master,2,654749efae3cc1801585244e8b67e4938abced42#0e204127f3367438bfc893a3b9bd35f1aceb99fd,merge_found,,,2014-09-23 17:27:53,5,0e204127f3367438bfc893a3b9bd35f1aceb99fd,1,0e204127f3367438bfc893a3b9bd35f1aceb99fd,,0e204127f3367438bfc893a3b9bd35f1aceb99fd,,0,,8,6,0,0,2,0,0,2,0,0,44,435,595.402298850575,68.9655172413793,117.241379310345,1.0,,2014-09-23 19:15:47,2014-09-23 19:20:28,failed,15,[36080769],58,36080769,ruby,broken,,ruby,testunit,1.0,,25,4,29,0,Rack::Cors#Rack::Cors::logging,0.09,,0
37513769,cyu/rack-cors,1.0,2014-10-09 13:44:38,56,ruby,commits_in_master,master,2,ba7daaa8d53899f79edbe589b3fca300a8059836#7ee8ac203809e0d1cedeb1932ed049db033bfa7b,build_found,0e204127f3367438bfc893a3b9bd35f1aceb99fd,36080768,2014-10-09 15:43:57,5,ba7daaa8d53899f79edbe589b3fca300a8059836,1,ba7daaa8d53899f79edbe589b3fca300a8059836,0e204127f3367438bfc893a3b9bd35f1aceb99fd,39b4f035e59ce4a8bfd1cc0e047a464efb2b831b,1,0,0,4,0,0,0,1,0,0,1,0,0,25,435,595.402298850575,68.9655172413793,117.241379310345,1.0,24,2014-10-09 16:49:48,2014-10-09 15:47:13,failed,10,[37513770],59,37513770,ruby,broken,,ruby,testunit,1.0,,25,4,29,0,Rack::Cors,0.06,,0
37520435,cyu/rack-cors,0.0,,,ruby,,master,2,ba7daaa8d53899f79edbe589b3fca300a8059836#7ee8ac203809e0d1cedeb1932ed049db033bfa7b,merge_found,,,2014-10-09 15:43:57,5,7ee8ac203809e0d1cedeb1932ed049db033bfa7b,1,7ee8ac203809e0d1cedeb1932ed049db033bfa7b,,7ee8ac203809e0d1cedeb1932ed049db033bfa7b,,0,,4,0,0,0,1,0,0,1,0,0,26,435,595.402298850575,68.9655172413793,117.241379310345,1.0,,2014-10-09 16:49:48,2014-10-09 16:51:35,failed,10,[37520436],60,37520436,ruby,broken,,ruby,testunit,1.0,,25,4,29,0,Rack::Cors#Rack::Cors::logging,0.04,,0
38393327,cyu/rack-cors,0.0,,,ruby,,master,3,3314573a4aad86a80aae2d8b0129a66a494eb72b#4dd1854fc9aef054cc6a7f8cbe1f3798418692a1#80ec3ee543ffe36583f7f99f96a7de6c459c5ddd,build_found,7ee8ac203809e0d1cedeb1932ed049db033bfa7b,37520435,2014-10-19 05:28:08,5,80ec3ee543ffe36583f7f99f96a7de6c459c5ddd#4dd1854fc9aef054cc6a7f8cbe1f3798418692a1#3314573a4aad86a80aae2d8b0129a66a494eb72b,3,80ec3ee543ffe36583f7f99f96a7de6c459c5ddd,,80ec3ee543ffe36583f7f99f96a7de6c459c5ddd,,0,,18,9,0,0,2,0,0,2,0,0,45,440,590.909090909091,68.1818181818182,115.909090909091,1.0,,2014-10-19 05:51:42,2014-10-19 05:52:36,failed,8,[38393328],61,38393328,ruby,broken,,ruby,testunit,1.0,,28,1,29,0,Rack::Cors::logging,0.04,,0
38415145,cyu/rack-cors,0.0,,,ruby,,master,2,49d63c19c84a07b077573f386c7a48642eb5ea37#e2a08d49266f12eee2e2db94aa9fcf16ae1caf05,build_found,80ec3ee543ffe36583f7f99f96a7de6c459c5ddd,38393327,2014-10-19 13:31:26,5,e2a08d49266f12eee2e2db94aa9fcf16ae1caf05#49d63c19c84a07b077573f386c7a48642eb5ea37,2,e2a08d49266f12eee2e2db94aa9fcf16ae1caf05,,e2a08d49266f12eee2e2db94aa9fcf16ae1caf05,,0,,23,20,2,0,2,0,0,3,0,1,48,441,614.512471655329,70.2947845804989,115.646258503401,1.0,,2014-10-19 14:30:22,2014-10-19 14:31:04,passed,12,[38415146],62,38415146,ruby,ok,,ruby,testunit,1.0,,30,0,30,0,,0.05,,0
38457574,cyu/rack-cors,0.0,,,ruby,,master,1,40df6db9920a33d73325432ff2880133fa6da798,build_found,e2a08d49266f12eee2e2db94aa9fcf16ae1caf05,38415145,2014-10-20 02:10:19,5,40df6db9920a33d73325432ff2880133fa6da798,1,40df6db9920a33d73325432ff2880133fa6da798,,40df6db9920a33d73325432ff2880133fa6da798,,0,,112,41,0,0,4,0,0,4,0,0,50,498,580.321285140562,66.2650602409639,114.457831325301,1.0,,2014-10-20 03:30:21,2014-10-20 03:31:19,passed,7,[38457575],64,38457575,ruby,ok,,ruby,testunit,1.0,,32,0,32,0,,0.04,,0
39719858,cyu/rack-cors,1.0,2014-11-01 09:28:03,60,ruby,commits_in_master,master,2,cc7488f16377012d26f6463b076cd44af5c3ce94#89486486395865740236fc3382f596c95463262d,build_found,40df6db9920a33d73325432ff2880133fa6da798,38457574,2014-11-01 10:23:11,6,cc7488f16377012d26f6463b076cd44af5c3ce94,1,cc7488f16377012d26f6463b076cd44af5c3ce94,40df6db9920a33d73325432ff2880133fa6da798,42ba8953c853793124ec0acd21359f9d22bd2ac6,1,0,2,18,0,0,0,3,0,0,1,0,0,3,498,580.321285140562,66.2650602409639,114.457831325301,1.0,45,2014-11-15 15:32:18,2014-11-02 00:31:11,passed,9,[39719859],67,39719859,ruby,ok,,ruby,testunit,1.0,,32,0,32,0,,0.04,,0
41096479,cyu/rack-cors,0.0,,,ruby,,master,2,cc7488f16377012d26f6463b076cd44af5c3ce94#89486486395865740236fc3382f596c95463262d,merge_found,,,2014-11-01 10:23:11,6,89486486395865740236fc3382f596c95463262d,1,89486486395865740236fc3382f596c95463262d,,89486486395865740236fc3382f596c95463262d,,0,,18,0,0,0,3,0,0,1,0,0,4,498,580.321285140562,66.2650602409639,114.457831325301,1.0,,2014-11-15 15:32:18,2014-11-15 15:33:14,passed,9,[41096480],68,41096480,ruby,ok,0,ruby,testunit,1.0,,32,0,32,0,,0.06,,0
41101840,cyu/rack-cors,0.0,,,ruby,,master,1,1b4aa7fe9d23bf6dfa1a5c8ddf6e3ce5b01dc291,build_found,89486486395865740236fc3382f596c95463262d,41096479,2014-11-15 16:51:07,6,1b4aa7fe9d23bf6dfa1a5c8ddf6e3ce5b01dc291,1,1b4aa7fe9d23bf6dfa1a5c8ddf6e3ce5b01dc291,,1b4aa7fe9d23bf6dfa1a5c8ddf6e3ce5b01dc291,,0,,50,0,0,1,3,0,0,3,0,0,24,498,580.321285140562,66.2650602409639,114.457831325301,1.0,,2014-11-15 17:01:27,2014-11-15 17:02:08,passed,10,[41101842],69,41101842,ruby,ok,0,ruby,testunit,1.0,,32,0,32,0,,0.05,,0
41603069,cyu/rack-cors,0.0,,,ruby,,master,1,f5d17c5fe9912ec98ba7997bd8082e8d30ad950b,build_found,1b4aa7fe9d23bf6dfa1a5c8ddf6e3ce5b01dc291,41101840,2014-11-20 14:03:42,6,f5d17c5fe9912ec98ba7997bd8082e8d30ad950b,1,f5d17c5fe9912ec98ba7997bd8082e8d30ad950b,,f5d17c5fe9912ec98ba7997bd8082e8d30ad950b,,0,,4,0,0,0,1,0,0,1,0,0,4,498,580.321285140562,66.2650602409639,114.457831325301,1.0,,2014-11-20 14:04:13,2014-11-20 14:05:20,passed,8,[41603070],70,41603070,ruby,ok,0,ruby,testunit,1.0,,32,0,32,0,,0.05,,0
42166436,cyu/rack-cors,0.0,,,ruby,,master,2,b71bc57b6e04c58ffae34ab350c49b1c1662b2d7#470a0f92d4a971f1f2d9a7839cdab772c845591a,merge_found,,,2014-11-25 14:03:25,6,470a0f92d4a971f1f2d9a7839cdab772c845591a,1,470a0f92d4a971f1f2d9a7839cdab772c845591a,,470a0f92d4a971f1f2d9a7839cdab772c845591a,,0,,2,0,0,0,1,0,0,1,0,0,6,498,580.321285140562,66.2650602409639,114.457831325301,1.0,,2014-11-26 06:43:52,2014-11-26 06:44:23,passed,8,[42166437],72,42166437,ruby,ok,0,ruby,testunit,1.0,,32,0,32,0,,0.05,,0
43781941,cyu/rack-cors,1.0,2014-12-11 23:04:20,66,ruby,merge_button,master,2,ea6f56e5f1d5ce7ef4ea1b6672572bb04e99802c#7fa594b9823da8761284f71f2a51b525c395565d,build_found,470a0f92d4a971f1f2d9a7839cdab772c845591a,42166436,2014-12-12 00:04:18,6,ea6f56e5f1d5ce7ef4ea1b6672572bb04e99802c,1,ea6f56e5f1d5ce7ef4ea1b6672572bb04e99802c,470a0f92d4a971f1f2d9a7839cdab772c845591a,58d54269b60d5b430cb65217bd5bcb44d32bbfa0,0,0,0,2,0,0,0,1,0,0,1,0,0,7,498,580.321285140562,66.2650602409639,114.457831325301,1.0,4,2014-12-12 04:36:26,2014-12-12 00:07:05,passed,10,[43781942],73,43781942,ruby,ok,0,ruby,testunit,1.0,,32,0,32,0,,0.05,,0
43797627,cyu/rack-cors,0.0,,,ruby,,master,2,ea6f56e5f1d5ce7ef4ea1b6672572bb04e99802c#7fa594b9823da8761284f71f2a51b525c395565d,merge_found,,,2014-12-12 00:04:18,6,7fa594b9823da8761284f71f2a51b525c395565d,1,7fa594b9823da8761284f71f2a51b525c395565d,,7fa594b9823da8761284f71f2a51b525c395565d,,0,,2,0,0,0,1,0,0,1,0,0,8,498,580.321285140562,66.2650602409639,114.457831325301,1.0,,2014-12-12 04:36:26,2014-12-12 04:36:57,passed,8,[43797628],74,43797628,ruby,ok,0,ruby,testunit,1.0,,32,0,32,0,,0.05,,0
44749890,cyu/rack-cors,0.0,,,ruby,,master,1,74ded653c711f8e74e7ab137b5208bb5823f2a28,build_found,7fa594b9823da8761284f71f2a51b525c395565d,43797627,2014-12-21 17:11:53,6,74ded653c711f8e74e7ab137b5208bb5823f2a28,1,74ded653c711f8e74e7ab137b5208bb5823f2a28,,74ded653c711f8e74e7ab137b5208bb5823f2a28,,0,,2,0,0,0,1,0,0,1,0,0,9,498,580.321285140562,66.2650602409639,114.457831325301,1.0,,2014-12-21 17:12:26,2014-12-21 17:13:14,passed,10,[44749891],75,44749891,ruby,ok,0,ruby,testunit,1.0,,32,0,32,0,,0.05,,0
45237940,cyu/rack-cors,0.0,,,ruby,,master,2,c62a3f263eaed18d894da40d05c13a62bd0526ae#0708b5ce899d7a4c99994687b777daf979d53334,build_found,74ded653c711f8e74e7ab137b5208bb5823f2a28,44750006,2014-12-27 20:33:54,6,0708b5ce899d7a4c99994687b777daf979d53334#c62a3f263eaed18d894da40d05c13a62bd0526ae,2,0708b5ce899d7a4c99994687b777daf979d53334,,0708b5ce899d7a4c99994687b777daf979d53334,,0,,4,0,0,0,3,0,0,2,0,1,49,498,580.321285140562,66.2650602409639,114.457831325301,1.0,,2014-12-27 20:35:45,2014-12-27 20:36:20,passed,9,[45237941],77,45237941,ruby,ok,0,ruby,testunit,1.0,,32,0,32,0,,0.06,,0
47219678,cyu/rack-cors,1.0,2015-01-16 07:51:10,69,ruby,commits_in_master,master,2,5817eb217e6e6301b615359cff02e10a9cf9c2d1#a947f655fd138b7aa56a9535618eea04c053cdd8,build_found,0708b5ce899d7a4c99994687b777daf979d53334,45239514,2015-01-16 08:51:01,6,5817eb217e6e6301b615359cff02e10a9cf9c2d1,1,5817eb217e6e6301b615359cff02e10a9cf9c2d1,0708b5ce899d7a4c99994687b777daf979d53334,7a3a8fab7b581ba962d24494133171ddad6d103b,0,0,0,2,0,0,0,1,0,0,1,0,0,10,498,580.321285140562,66.2650602409639,114.457831325301,0.0,7,2015-01-16 11:46:01,2015-01-16 08:51:44,passed,9,[47219679],79,47219679,ruby,ok,0,ruby,testunit,1.0,,32,0,32,0,,0.05,,0
47234297,cyu/rack-cors,0.0,,,ruby,,master,2,5817eb217e6e6301b615359cff02e10a9cf9c2d1#a947f655fd138b7aa56a9535618eea04c053cdd8,merge_found,,,2015-01-16 08:51:01,6,a947f655fd138b7aa56a9535618eea04c053cdd8,1,a947f655fd138b7aa56a9535618eea04c053cdd8,,a947f655fd138b7aa56a9535618eea04c053cdd8,,0,,2,0,0,0,1,0,0,1,0,0,11,498,580.321285140562,66.2650602409639,114.457831325301,1.0,,2015-01-16 11:46:01,2015-01-16 11:47:29,passed,9,[47234298],80,47234298,ruby,ok,0,ruby,testunit,1.0,,32,0,32,0,,0.05,,0
50278846,cyu/rack-cors,1.0,2015-02-10 22:34:03,71,ruby,commits_in_master,master,2,9caa1fe57810679aff61d4a98d8189b760ea51b5#f6c2e55c620471a5b10c669bcd8e60c99aebc232,build_found,a947f655fd138b7aa56a9535618eea04c053cdd8,47234297,2015-02-10 20:18:52,5,9caa1fe57810679aff61d4a98d8189b760ea51b5,1,9caa1fe57810679aff61d4a98d8189b760ea51b5,a947f655fd138b7aa56a9535618eea04c053cdd8,16694525c35b2e0779587e831dff5f3905cce62a,0,0,0,17,13,0,0,2,0,0,2,0,0,52,499,589.178356713427,68.1362725450902,118.236472945892,0.0,115,2015-02-13 15:01:19,2015-02-10 23:35:02,passed,12,[50278847],81,50278847,ruby,ok,0,ruby,testunit,1.0,,33,0,33,0,,0.05,,0
50642225,cyu/rack-cors,0.0,,,ruby,,master,2,9caa1fe57810679aff61d4a98d8189b760ea51b5#f6c2e55c620471a5b10c669bcd8e60c99aebc232,merge_found,,,2015-02-10 20:18:52,5,f6c2e55c620471a5b10c669bcd8e60c99aebc232,1,f6c2e55c620471a5b10c669bcd8e60c99aebc232,,f6c2e55c620471a5b10c669bcd8e60c99aebc232,,0,,17,13,0,0,2,0,0,2,0,0,53,499,589.178356713427,68.1362725450902,118.236472945892,1.0,,2015-02-13 15:01:19,2015-02-13 15:02:01,passed,11,[50642226],82,50642226,ruby,ok,0,ruby,testunit,1.0,,33,0,33,0,,0.06,,0
51639815,cyu/rack-cors,0.0,,,ruby,,master,2,39744e94f1d1d71e72a2ebaa7c202617f1e0a540#1614734909e81c6bb55d60223879a4697f2fea57,merge_found,,,2015-02-20 23:34:39,5,1614734909e81c6bb55d60223879a4697f2fea57,1,1614734909e81c6bb55d60223879a4697f2fea57,,1614734909e81c6bb55d60223879a4697f2fea57,,0,,14,5,0,0,3,0,0,3,0,0,55,499,597.194388777555,70.1402805611222,120.240480961924,1.0,,2015-02-21 15:47:18,2015-02-21 15:47:48,passed,8,[51639816],87,51639816,ruby,ok,0,ruby,testunit,1.0,,34,0,34,0,,0.05,,0
51640059,cyu/rack-cors,0.0,,,ruby,,master,1,ccbd700ccee7052c98bde64eb836dd844cbb3007,build_found,1614734909e81c6bb55d60223879a4697f2fea57,51639815,2015-02-21 15:49:36,5,ccbd700ccee7052c98bde64eb836dd844cbb3007,1,ccbd700ccee7052c98bde64eb836dd844cbb3007,,ccbd700ccee7052c98bde64eb836dd844cbb3007,,0,,2,0,0,0,1,0,0,1,0,0,51,499,597.194388777555,70.1402805611222,120.240480961924,1.0,,2015-02-21 15:49:50,2015-02-21 15:50:39,passed,10,[51640060],88,51640060,ruby,ok,0,ruby,testunit,1.0,,34,0,34,0,,0.07,,0
51661739,cyu/rack-cors,0.0,,,ruby,,master,1,105166d41f27b943cc6dd091b5f4c989e565de15,build_found,ccbd700ccee7052c98bde64eb836dd844cbb3007,51640059,2015-02-21 20:26:22,5,105166d41f27b943cc6dd091b5f4c989e565de15,1,105166d41f27b943cc6dd091b5f4c989e565de15,,105166d41f27b943cc6dd091b5f4c989e565de15,,0,,35,13,0,0,3,0,0,3,0,0,57,509,603.143418467584,72.6915520628684,119.842829076621,1.0,,2015-02-21 20:28:05,2015-02-21 20:28:46,passed,8,[51661740],89,51661740,ruby,ok,0,ruby,testunit,1.0,,36,0,36,0,,0.06,,0
51664058,cyu/rack-cors,0.0,,,ruby,,master,1,85f756d3ba3e6b8debbc1d9a52ac2dfd3059748c,build_found,105166d41f27b943cc6dd091b5f4c989e565de15,51661739,2015-02-21 20:57:16,5,85f756d3ba3e6b8debbc1d9a52ac2dfd3059748c,1,85f756d3ba3e6b8debbc1d9a52ac2dfd3059748c,,85f756d3ba3e6b8debbc1d9a52ac2dfd3059748c,,0,,38,5,0,0,3,0,0,3,0,0,58,522,595.785440613027,72.7969348659004,118.773946360153,1.0,,2015-02-21 20:58:51,2015-02-21 20:59:31,passed,8,[51664059],90,51664059,ruby,ok,0,ruby,testunit,1.0,,37,0,37,0,,0.05,,0
51664752,cyu/rack-cors,0.0,,,ruby,,master,1,c4ef55f47fe24bdea848d48c09d60363fd1ffcc9,build_found,85f756d3ba3e6b8debbc1d9a52ac2dfd3059748c,51664058,2015-02-21 21:08:01,5,c4ef55f47fe24bdea848d48c09d60363fd1ffcc9,1,c4ef55f47fe24bdea848d48c09d60363fd1ffcc9,,c4ef55f47fe24bdea848d48c09d60363fd1ffcc9,,0,,4,0,0,0,1,0,0,1,0,0,12,522,595.785440613027,72.7969348659004,118.773946360153,1.0,,2015-02-21 21:08:17,2015-02-21 21:08:54,passed,10,[51664753],91,51664753,ruby,ok,0,ruby,testunit,1.0,,37,0,37,0,,0.07,,0
52130928,cyu/rack-cors,1.0,2015-02-25 12:08:14,72,ruby,commits_in_master,master,2,7f5269c73bfbeee5c5ff4a4feb321051f893ba9e#e26a164cca1872235a677646b57a80690b5f9489,build_found,c4ef55f47fe24bdea848d48c09d60363fd1ffcc9,51664752,2015-02-25 13:07:37,5,7f5269c73bfbeee5c5ff4a4feb321051f893ba9e,1,7f5269c73bfbeee5c5ff4a4feb321051f893ba9e,c4ef55f47fe24bdea848d48c09d60363fd1ffcc9,7080fccd9c3235dafc76e22124a83549181ce32c,0,0,0,2,0,0,0,1,0,0,1,0,0,13,522,595.785440613027,72.7969348659004,118.773946360153,1.0,5,2015-11-06 14:17:59,2015-02-25 13:09:05,passed,9,[52130929],92,52130929,ruby,ok,0,ruby,testunit,1.0,,37,0,37,0,,0.06,,0
55958459,cyu/rack-cors,0.0,,,ruby,,master,2,309757e47113fe2185f77f017d04d2a8f1afcee0#8e9bba24229ccbfb08e139d9522c4bd9538bbf4e,merge_found,,,2015-03-26 03:08:02,5,8e9bba24229ccbfb08e139d9522c4bd9538bbf4e,1,8e9bba24229ccbfb08e139d9522c4bd9538bbf4e,,8e9bba24229ccbfb08e139d9522c4bd9538bbf4e,,0,,4,15,0,0,3,0,0,3,0,0,60,523,619.502868068834,74.5697896749522,120.458891013384,1.0,,2015-03-26 14:39:26,2015-03-26 14:45:31,passed,10,[55958462],95,55958462,ruby,ok,0,ruby,testunit,1.0,,38,0,38,0,,0.11,,0
58588811,cyu/rack-cors,1.0,2015-04-15 10:27:24,77,ruby,commits_in_master,master,2,44f035a3bfeb81baab5fb182b32aafc83f721dca#a84585acdee67f771d9d2858300205df5f590707,build_found,8e9bba24229ccbfb08e139d9522c4bd9538bbf4e,55958459,2015-04-15 12:26:40,5,44f035a3bfeb81baab5fb182b32aafc83f721dca,1,44f035a3bfeb81baab5fb182b32aafc83f721dca,8e9bba24229ccbfb08e139d9522c4bd9538bbf4e,51b6afca128367a1591ba40e02f08a88fc200f98,4,0,0,6,0,0,0,1,0,0,1,0,0,56,523,619.502868068834,74.5697896749522,120.458891013384,0.0,43,2015-04-15 12:37:23,2015-04-15 12:34:00,passed,11,[58588815],96,58588815,ruby,ok,0,ruby,testunit,1.0,,38,0,38,0,,0.11,,0
58590114,cyu/rack-cors,0.0,,,ruby,,master,2,44f035a3bfeb81baab5fb182b32aafc83f721dca#a84585acdee67f771d9d2858300205df5f590707,merge_found,,,2015-04-15 12:26:40,5,a84585acdee67f771d9d2858300205df5f590707,1,a84585acdee67f771d9d2858300205df5f590707,,a84585acdee67f771d9d2858300205df5f590707,,0,,6,0,0,0,1,0,0,1,0,0,57,523,619.502868068834,74.5697896749522,120.458891013384,1.0,,2015-04-15 12:37:23,2015-04-15 12:38:49,passed,11,[58590115],97,58590115,ruby,ok,0,ruby,testunit,1.0,,38,0,38,0,,0.09,,0
58593907,cyu/rack-cors,0.0,,,ruby,,master,1,ee69256d67c3e24d2ed37f5f4f48e8168592ec01,build_found,a84585acdee67f771d9d2858300205df5f590707,58590114,2015-04-15 13:08:09,5,ee69256d67c3e24d2ed37f5f4f48e8168592ec01,1,ee69256d67c3e24d2ed37f5f4f48e8168592ec01,,ee69256d67c3e24d2ed37f5f4f48e8168592ec01,,0,,2,0,0,0,2,0,0,1,0,1,6,523,619.502868068834,74.5697896749522,120.458891013384,1.0,,2015-04-15 13:08:24,2015-04-15 13:10:01,passed,10,[58593909],98,58593909,ruby,ok,0,ruby,testunit,1.0,,38,0,38,0,,0.11,,0
66646032,cyu/rack-cors,1.0,2015-06-13 07:05:57,84,ruby,commits_in_master,master,2,7444ebf7f2337b4a481160616823e49630cb9aa1#2876bb440625071fb524858b596a129031eb93d3,build_found,ee69256d67c3e24d2ed37f5f4f48e8168592ec01,58593915,2015-06-13 09:05:33,5,7444ebf7f2337b4a481160616823e49630cb9aa1,1,7444ebf7f2337b4a481160616823e49630cb9aa1,ee69256d67c3e24d2ed37f5f4f48e8168592ec01,e122b81dedf997146958a713b921e8bb9612d7a4,0,0,0,2,0,0,0,1,0,0,1,0,0,13,523,619.502868068834,74.5697896749522,120.458891013384,0.0,4,2015-06-13 14:48:36,2015-06-13 09:07:13,passed,9,[66646033],104,66646033,ruby,ok,0,ruby,testunit,1.0,,38,0,38,0,,0.08,,0
66666475,cyu/rack-cors,0.0,,,ruby,,master,2,7444ebf7f2337b4a481160616823e49630cb9aa1#2876bb440625071fb524858b596a129031eb93d3,merge_found,,,2015-06-13 09:05:33,5,2876bb440625071fb524858b596a129031eb93d3,1,2876bb440625071fb524858b596a129031eb93d3,,2876bb440625071fb524858b596a129031eb93d3,,0,,2,0,0,0,1,0,0,1,0,0,14,523,619.502868068834,74.5697896749522,120.458891013384,1.0,,2015-06-13 14:48:36,2015-06-13 14:51:48,passed,8,[66666476],105,66666476,ruby,ok,0,ruby,testunit,1.0,,38,0,38,0,,0.08,,0
71708075,cyu/rack-cors,1.0,2015-07-20 01:09:43,87,ruby,commits_in_master,master,2,4267a38ccd57c6f302aecf31266d8479ba545d40#01bcda189d238b54a1ec9632a8d39fd27a1e68f1,build_found,2876bb440625071fb524858b596a129031eb93d3,66666475,2015-07-20 03:09:11,5,4267a38ccd57c6f302aecf31266d8479ba545d40,1,4267a38ccd57c6f302aecf31266d8479ba545d40,2876bb440625071fb524858b596a129031eb93d3,e4243848d7adfe069226fc43df80e9c1e01b226f,0,0,0,2,0,0,0,1,0,0,1,0,0,4,523,619.502868068834,74.5697896749522,120.458891013384,0.0,5,2015-10-07 13:51:57,2015-07-20 03:10:40,passed,9,[71708076],106,71708076,ruby,ok,0,ruby,testunit,1.0,,38,0,38,0,,0.09,,0
