tr_build_id,gh_project_name,gh_is_pr,gh_pr_created_at,gh_pull_req_num,gh_lang,git_merged_with,git_branch,gh_num_commits_in_push,gh_commits_in_push,git_prev_commit_resolution_status,git_prev_built_commit,tr_prev_build,gh_first_commit_created_at,gh_team_size,git_all_built_commits,git_num_all_built_commits,git_trigger_commit,tr_virtual_merged_into,tr_original_commit,gh_num_issue_comments,gh_num_commit_comments,gh_num_pr_comments,git_diff_src_churn,git_diff_test_churn,gh_diff_files_added,gh_diff_files_deleted,gh_diff_files_modified,gh_diff_tests_added,gh_diff_tests_deleted,gh_diff_src_files,gh_diff_doc_files,gh_diff_other_files,gh_num_commits_on_files_touched,gh_sloc,gh_test_lines_per_kloc,gh_test_cases_per_kloc,gh_asserts_cases_per_kloc,gh_by_core_team_member,gh_description_complexity,gh_pushed_at,gh_build_started_at,tr_status,tr_duration,tr_jobs,tr_build_number,tr_job_id,tr_log_lan,tr_log_status,tr_log_setup_time,tr_log_analyzer,tr_log_frameworks,tr_log_bool_tests_ran,tr_log_bool_tests_failed,tr_log_num_tests_ok,tr_log_num_tests_failed,tr_log_num_tests_run,tr_log_num_tests_skipped,tr_log_tests_failed,tr_log_testduration,tr_log_buildduration,build_successful
2235898,ruby-rdf/rdf,0.0,,,ruby,,master,2,77aae4a87845751af5279bbb5072bf15b2725d8e#8174ec641254376f5236dd1a0cbb3c03f2d1340f,merge_found,,,2012-08-10 18:14:57,2,8174ec641254376f5236dd1a0cbb3c03f2d1340f,1,8174ec641254376f5236dd1a0cbb3c03f2d1340f,,8174ec641254376f5236dd1a0cbb3c03f2d1340f,,0,,16,0,0,0,1,0,0,1,0,0,30,4821,815.598423563576,79.236672889442,147.479775980087,1.0,,2012-08-10 19:08:35,2012-08-25 16:48:19,failed,15,[2235899],1,2235899,ruby,unknown,,ruby,,0.0,,,,,,,,,0
2236616,ruby-rdf/rdf,0.0,,,ruby,,master,1,6845493dda153137f201e4033b3c98d28407659d,build_found,8174ec641254376f5236dd1a0cbb3c03f2d1340f,2235898,2012-08-25 18:59:59,2,6845493dda153137f201e4033b3c98d28407659d,1,6845493dda153137f201e4033b3c98d28407659d,,6845493dda153137f201e4033b3c98d28407659d,,0,,31,2,0,0,3,0,0,3,0,0,20,4821,815.390997718316,79.236672889442,147.479775980087,1.0,,2012-08-25 19:00:10,2012-08-25 19:00:11,failed,19,[2236617],2,2236617,ruby,unknown,,ruby,,1.0,,,0,,,,,,0
2236655,ruby-rdf/rdf,0.0,,,ruby,,master,1,6efb241f7d035b93523f8cdeb7844c771ec85a58,build_found,6845493dda153137f201e4033b3c98d28407659d,2236616,2012-08-25 19:03:59,2,6efb241f7d035b93523f8cdeb7844c771ec85a58,1,6efb241f7d035b93523f8cdeb7844c771ec85a58,,6efb241f7d035b93523f8cdeb7844c771ec85a58,,0,,10,0,0,0,1,0,0,1,0,0,9,4821,815.390997718316,79.236672889442,147.479775980087,1.0,,2012-08-25 19:04:07,2012-08-25 19:04:08,failed,50,[2236656],3,2236656,ruby,unknown,,ruby,rspec,1.0,,1894,5,1899,45,,27.15,,0
2236674,ruby-rdf/rdf,0.0,,,ruby,,master,1,a82860947c8fa7e769c5b5e8d57b1f247c96f31e,build_found,6efb241f7d035b93523f8cdeb7844c771ec85a58,2236655,2012-08-25 19:07:15,2,a82860947c8fa7e769c5b5e8d57b1f247c96f31e,1,a82860947c8fa7e769c5b5e8d57b1f247c96f31e,,a82860947c8fa7e769c5b5e8d57b1f247c96f31e,,0,,13,0,0,0,2,0,0,2,0,0,9,4821,815.390997718316,79.236672889442,147.479775980087,1.0,,2012-08-25 19:07:20,2012-08-25 19:07:23,failed,615,[2236675],4,2236675,ruby,unknown,,ruby,,0.0,,,,,,,,,0
2236870,ruby-rdf/rdf,0.0,,,ruby,,master,1,0561c2e8520e3b3b8c80fd19144533879931d14c,build_found,a82860947c8fa7e769c5b5e8d57b1f247c96f31e,2236674,2012-08-25 19:32:58,2,0561c2e8520e3b3b8c80fd19144533879931d14c,1,0561c2e8520e3b3b8c80fd19144533879931d14c,,0561c2e8520e3b3b8c80fd19144533879931d14c,,0,,14,0,1,0,3,0,0,3,0,1,20,4821,815.390997718316,79.236672889442,147.479775980087,1.0,,2012-08-25 19:33:07,2012-08-25 19:33:10,failed,603,"[2236876, 2236872, 2236871, 2236877, 2236875, 2236873, 2236874]",5,2236877,ruby,unknown,,ruby,rspec,1.0,,1899,0,1899,45,,25.26,,0
2236939,ruby-rdf/rdf,0.0,,,ruby,,master,1,f6ef9db03204e8339a469beb14231a2a0f8ee1b7,build_found,0561c2e8520e3b3b8c80fd19144533879931d14c,2236870,2012-08-25 19:43:13,2,f6ef9db03204e8339a469beb14231a2a0f8ee1b7,1,f6ef9db03204e8339a469beb14231a2a0f8ee1b7,,f6ef9db03204e8339a469beb14231a2a0f8ee1b7,,0,,18,0,0,0,3,0,0,3,0,0,23,4821,815.390997718316,79.236672889442,147.479775980087,1.0,,2012-08-25 19:43:20,2012-08-25 19:43:21,failed,563,"[2236945, 2236946, 2236942, 2236940, 2236944, 2236943, 2236941]",6,2236942,ruby,unknown,,ruby,rspec,1.0,,1899,0,1899,45,,27.53,,0
2237102,ruby-rdf/rdf,0.0,,,ruby,,master,2,afe9d45d46646d5249db396a560ad4779937c90d#c6cb2be3430f926654cd57055466f82299ef1c8a,build_found,f6ef9db03204e8339a469beb14231a2a0f8ee1b7,2236939,2012-08-25 20:08:36,2,c6cb2be3430f926654cd57055466f82299ef1c8a#afe9d45d46646d5249db396a560ad4779937c90d,2,c6cb2be3430f926654cd57055466f82299ef1c8a,,c6cb2be3430f926654cd57055466f82299ef1c8a,,0,,8,62,0,0,3,0,0,3,0,0,60,4821,805.0197054553,79.236672889442,146.442646753786,1.0,,2012-08-25 20:10:40,2012-08-25 20:10:43,failed,466,"[2237106, 2237107, 2237104, 2237103, 2237105, 2237109, 2237108]",7,2237109,ruby,unknown,,ruby,rspec,1.0,,1849,0,1849,39,,42.51,,0
2242803,ruby-rdf/rdf,0.0,,,ruby,,master,2,cf9bf598f4a7802793bb1ee7b61b4d3df4dfae08#4bfdbbc129777915f920099320a3ef6a0f3431e3,build_found,c6cb2be3430f926654cd57055466f82299ef1c8a,2237102,2012-08-26 16:34:19,2,4bfdbbc129777915f920099320a3ef6a0f3431e3#cf9bf598f4a7802793bb1ee7b61b4d3df4dfae08,2,4bfdbbc129777915f920099320a3ef6a0f3431e3,,4bfdbbc129777915f920099320a3ef6a0f3431e3,,0,,57,0,0,0,4,0,0,3,0,1,168,4821,805.0197054553,79.236672889442,146.442646753786,1.0,,2012-08-26 16:40:22,2012-08-26 16:40:23,failed,625,"[2242809, 2242808, 2242804, 2242807, 2242805, 2242810, 2242806]",8,2242808,ruby,unknown,,ruby,,1.0,,,0,,,,,,0
2244268,ruby-rdf/rdf,0.0,,,ruby,,master,1,eb6e2d4944a2bca0277d9bf16e8770d706ed4314,build_found,4bfdbbc129777915f920099320a3ef6a0f3431e3,2242803,2012-08-26 20:08:23,3,eb6e2d4944a2bca0277d9bf16e8770d706ed4314,1,eb6e2d4944a2bca0277d9bf16e8770d706ed4314,,eb6e2d4944a2bca0277d9bf16e8770d706ed4314,,0,,0,0,0,0,1,0,0,0,0,1,1,4821,805.0197054553,79.236672889442,146.442646753786,1.0,,2012-08-26 20:08:30,2012-08-26 20:08:34,passed,570,"[2244269, 2244274, 2244271, 2244270, 2244273, 2244272]",9,2244271,ruby,unknown,,ruby,rspec,1.0,,1849,0,1849,39,,31.17,,0
2337540,ruby-rdf/rdf,0.0,,,ruby,,master,1,7145c47ece33643ede402feea60be9a63f292a87,build_found,eb6e2d4944a2bca0277d9bf16e8770d706ed4314,2244268,2012-09-04 22:14:38,3,7145c47ece33643ede402feea60be9a63f292a87,1,7145c47ece33643ede402feea60be9a63f292a87,,7145c47ece33643ede402feea60be9a63f292a87,,0,,46,0,0,0,1,0,0,1,0,0,80,4821,805.0197054553,79.236672889442,146.442646753786,1.0,,2012-09-04 22:14:46,2012-09-04 22:14:47,passed,518,"[2337545, 2337543, 2337542, 2337541, 2337546, 2337544]",10,2337543,ruby,unknown,,ruby,rspec,1.0,,1849,0,1849,39,,52.72,,0
2628159,ruby-rdf/rdf,0.0,,,ruby,,master,2,f76282421577e6506a7786fa61670b21f4ec2983#0696b96aac0d6969102afcd7af611340b79e8301,merge_found,,,2012-10-01 19:18:25,3,0696b96aac0d6969102afcd7af611340b79e8301,1,0696b96aac0d6969102afcd7af611340b79e8301,,0696b96aac0d6969102afcd7af611340b79e8301,,0,,3,0,0,0,1,0,0,1,0,0,60,4822,804.852758191622,79.2202405640813,146.412277063459,1.0,,2012-10-01 19:57:52,2012-10-01 20:02:15,passed,546,"[2628164, 2628165, 2628161, 2628162, 2628160, 2628163]",12,2628163,ruby,unknown,,ruby,rspec,1.0,,1842,0,1842,41,,0.01,,0
3073658,ruby-rdf/rdf,0.0,,,ruby,,master,,,merge_found,,,,3,324e7aa4e2f7e76933a217122aa0b0366aeade4e#0a52482b143a2be436bd2e436907a70f0c00441b,2,324e7aa4e2f7e76933a217122aa0b0366aeade4e,,324e7aa4e2f7e76933a217122aa0b0366aeade4e,,0,,15,0,0,0,2,0,0,2,0,0,72,4884,825.757575757576,78.8288288288288,147.420147420147,1.0,,,2012-11-05 22:12:22,failed,663,"[3073663, 3073660, 3073662, 3073659, 3073661, 3073664]",13,3073660,ruby,unknown,,ruby,rspec,1.0,,1854,2,1856,48,,43.87,,0
3074398,ruby-rdf/rdf,0.0,,,ruby,,master,,,build_found,324e7aa4e2f7e76933a217122aa0b0366aeade4e,3073658,,3,3970fad10f282cba3958afe275de36e9054c88c8,1,3970fad10f282cba3958afe275de36e9054c88c8,,3970fad10f282cba3958afe275de36e9054c88c8,,0,,2,2,0,0,2,0,0,2,0,0,42,4884,825.757575757576,78.8288288288288,147.420147420147,1.0,,,2012-11-05 22:55:48,failed,580,"[3074400, 3074403, 3074399, 3074402, 3074401, 3074404]",14,3074401,ruby,unknown,,ruby,rspec,1.0,,1895,0,1895,50,,35.89,,0
3075057,ruby-rdf/rdf,0.0,,,ruby,,master,,,build_found,3970fad10f282cba3958afe275de36e9054c88c8,3074398,,3,47b6e48630c375d27bd4739850753d56ba421ea6,1,47b6e48630c375d27bd4739850753d56ba421ea6,,47b6e48630c375d27bd4739850753d56ba421ea6,,0,,2,0,0,0,1,0,0,1,0,0,25,4884,825.757575757576,78.8288288288288,147.420147420147,1.0,,,2012-11-05 23:35:19,passed,649,"[3075060, 3075062, 3075058, 3075063, 3075061, 3075059]",15,3075061,ruby,unknown,,ruby,rspec,1.0,,1856,0,1856,48,,0.14,,0
3090910,ruby-rdf/rdf,0.0,,,ruby,,master,,,build_found,47b6e48630c375d27bd4739850753d56ba421ea6,3075057,,3,64b039bc3a7fd1d312a945fbe808c5dd0e2b88c1,1,64b039bc3a7fd1d312a945fbe808c5dd0e2b88c1,,64b039bc3a7fd1d312a945fbe808c5dd0e2b88c1,,0,,71,2,0,0,2,0,0,2,0,0,54,4892,824.407195421096,78.6999182338512,147.179067865904,1.0,,,2012-11-07 00:49:57,passed,527,"[3090911, 3090916, 3090915, 3090914, 3090913, 3090912]",16,3090913,ruby,unknown,,ruby,rspec,1.0,,1895,0,1895,50,,43.65,,0
3091076,ruby-rdf/rdf,0.0,,,ruby,,master,,,build_found,64b039bc3a7fd1d312a945fbe808c5dd0e2b88c1,3090910,,3,864cb94867fc8b1640dbd0ee6c895a668bec039e,1,864cb94867fc8b1640dbd0ee6c895a668bec039e,,864cb94867fc8b1640dbd0ee6c895a668bec039e,,0,,6,12,0,0,2,0,0,2,0,0,55,4888,825.69558101473,78.7643207855974,147.299509001637,1.0,,,2012-11-07 01:06:29,passed,524,"[3091077, 3091079, 3091078, 3091080, 3091081, 3091082]",17,3091081,ruby,unknown,,ruby,rspec,1.0,,1899,0,1899,50,,56.88,,0
3317112,ruby-rdf/rdf,0.0,,,ruby,,master,,,merge_found,,,,3,8fca6c0f42c430a4265379e56ad88a36dedec28c#24f1ff2922b55a5d8b24e33d1e0d64d9f1084214,2,8fca6c0f42c430a4265379e56ad88a36dedec28c,,8fca6c0f42c430a4265379e56ad88a36dedec28c,,0,,231,171,0,0,18,0,0,17,0,1,373,4890,827.19836400818,78.7321063394683,147.648261758691,1.0,,,2012-11-22 17:06:52,failed,719,"[3317117, 3317116, 3317118, 3317113, 3317114, 3317115]",18,3317118,ruby,unknown,,ruby,rspec,1.0,,1941,0,1941,37,,56.45,,0
3329500,ruby-rdf/rdf,0.0,,,ruby,,master,,,build_found,8fca6c0f42c430a4265379e56ad88a36dedec28c,3317112,,3,a71012556bd88819e478c5b3b5553e801cc4c2e5,1,a71012556bd88819e478c5b3b5553e801cc4c2e5,,a71012556bd88819e478c5b3b5553e801cc4c2e5,,0,,4,0,0,0,2,0,0,2,0,0,48,4890,827.19836400818,78.7321063394683,147.648261758691,1.0,,,2012-11-23 16:33:18,passed,730,"[3329506, 3329505, 3329503, 3329504, 3329502, 3329501]",19,3329504,ruby,unknown,,ruby,rspec,1.0,,1941,0,1941,58,,0.37,,0
3374101,ruby-rdf/rdf,0.0,,,ruby,,master,,,build_found,a71012556bd88819e478c5b3b5553e801cc4c2e5,3329500,,3,8587975559e7666a1d8bdb613109a353d3129037,1,8587975559e7666a1d8bdb613109a353d3129037,,8587975559e7666a1d8bdb613109a353d3129037,,0,,38,0,1,0,0,0,0,1,0,0,0,4908,824.164629176854,78.4433577832111,147.106764466178,1.0,,,2012-11-27 01:23:02,passed,651,"[3374107, 3374106, 3374105, 3374104, 3374103, 3374102]",20,3374107,ruby,unknown,,ruby,rspec,1.0,,1941,0,1941,37,,4.28,,0
3428399,ruby-rdf/rdf,0.0,,,ruby,,master,4,71f30653790f685d3f6eed0424227805f144bd6f#d6888bbc5ca04b7e757aa76eb257179ce967b1c9#96c4f36abf5a58294638102447ef73154b7f6210#512c267a996aa77e3ab2184132c0ab9693c7339b,build_found,8587975559e7666a1d8bdb613109a353d3129037,3374101,2012-11-29 02:52:25,3,512c267a996aa77e3ab2184132c0ab9693c7339b#96c4f36abf5a58294638102447ef73154b7f6210#d6888bbc5ca04b7e757aa76eb257179ce967b1c9#71f30653790f685d3f6eed0424227805f144bd6f,4,512c267a996aa77e3ab2184132c0ab9693c7339b,,512c267a996aa77e3ab2184132c0ab9693c7339b,,0,,113,0,0,0,21,0,0,19,0,2,475,4921,821.987400934769,78.2361308677098,146.718146718147,1.0,,2012-11-30 01:59:07,2012-11-30 01:59:08,passed,620,"[3428404, 3428403, 3428402, 3428405, 3428401, 3428400]",21,3428402,ruby,unknown,,ruby,rspec,1.0,,1950,0,1950,37,,4.86,,0
3464433,ruby-rdf/rdf,0.0,,,ruby,,master,1,93f8ea73ca419efd30115d182b2e101929bd2522,build_found,512c267a996aa77e3ab2184132c0ab9693c7339b,3428399,2012-12-02 18:59:48,3,93f8ea73ca419efd30115d182b2e101929bd2522,1,93f8ea73ca419efd30115d182b2e101929bd2522,,93f8ea73ca419efd30115d182b2e101929bd2522,,0,,14,0,0,0,1,0,0,1,0,0,7,4921,821.987400934769,78.2361308677098,146.718146718147,1.0,,2012-12-02 18:59:53,2012-12-02 18:59:55,passed,594,"[3464437, 3464438, 3464436, 3464439, 3464434, 3464435]",22,3464434,ruby,unknown,,ruby,rspec,1.0,,1943,0,1943,39,,34.33,,0
3464480,ruby-rdf/rdf,0.0,,,ruby,,master,1,8a9c24176cf1532041c2c22bbecdfe39e76deb0f,build_found,93f8ea73ca419efd30115d182b2e101929bd2522,3464433,2012-12-02 19:02:38,3,8a9c24176cf1532041c2c22bbecdfe39e76deb0f,1,8a9c24176cf1532041c2c22bbecdfe39e76deb0f,,8a9c24176cf1532041c2c22bbecdfe39e76deb0f,,0,,5,0,0,0,1,0,0,1,0,0,8,4921,821.987400934769,78.2361308677098,146.718146718147,1.0,,2012-12-02 19:02:43,2012-12-02 19:02:46,passed,576,"[3464486, 3464485, 3464484, 3464482, 3464483, 3464481]",23,3464483,ruby,unknown,,ruby,rspec,1.0,,1950,0,1950,37,,42.06,,0
3464505,ruby-rdf/rdf,0.0,,,ruby,,master,1,8671f547f28579fe6acdf44e6463fdec1e9180f5,build_found,8a9c24176cf1532041c2c22bbecdfe39e76deb0f,3464480,2012-12-02 19:06:05,3,8671f547f28579fe6acdf44e6463fdec1e9180f5,1,8671f547f28579fe6acdf44e6463fdec1e9180f5,,8671f547f28579fe6acdf44e6463fdec1e9180f5,,0,,4,0,0,0,1,0,0,1,0,0,9,4921,821.987400934769,78.2361308677098,146.718146718147,1.0,,2012-12-02 19:06:09,2012-12-02 19:06:14,passed,545,"[3464507, 3464506, 3464508, 3464510, 3464509, 3464511]",24,3464506,ruby,unknown,,ruby,rspec,1.0,,1943,0,1943,39,,32.24,,0
3836534,ruby-rdf/rdf,0.0,,,ruby,,master,1,9ebede6b36b856b5be4e41d9f0a4d175428207aa,build_found,8671f547f28579fe6acdf44e6463fdec1e9180f5,3464505,2012-12-27 07:02:19,3,9ebede6b36b856b5be4e41d9f0a4d175428207aa,1,9ebede6b36b856b5be4e41d9f0a4d175428207aa,,9ebede6b36b856b5be4e41d9f0a4d175428207aa,,0,,2,15,0,0,2,0,0,2,0,0,58,4921,823.003454582402,78.2361308677098,146.718146718147,1.0,,2012-12-27 07:02:34,2012-12-27 07:03:06,passed,721,"[3836540, 3836539, 3836538, 3836535, 3836536, 3836537]",25,3836538,ruby,unknown,,ruby,rspec,1.0,,1947,0,1947,60,,7.42,,0
4088741,ruby-rdf/rdf,0.0,,,ruby,,master,1,6f9b267c0bbf1b1a0532349b9b24d762123b2aa4,build_found,9ebede6b36b856b5be4e41d9f0a4d175428207aa,3836534,2013-01-11 12:26:27,4,6f9b267c0bbf1b1a0532349b9b24d762123b2aa4,1,6f9b267c0bbf1b1a0532349b9b24d762123b2aa4,,6f9b267c0bbf1b1a0532349b9b24d762123b2aa4,,0,,0,0,0,0,3,0,0,0,0,3,33,4921,823.003454582402,78.2361308677098,146.718146718147,0.0,,2013-01-11 12:27:23,2013-01-11 12:27:26,passed,622,"[4088747, 4088744, 4088743, 4088742, 4088746, 4088745]",27,4088742,ruby,unknown,,ruby,rspec,1.0,,1947,0,1947,39,,34.22,,0
4105146,ruby-rdf/rdf,0.0,,,ruby,,master,2,8508ec0f1e2e827f1c1c5539e38494d1a1a32b8f#5f742d3005084a7283c64e5e954d5c855e027d03,merge_found,,,2013-01-11 17:30:53,4,5f742d3005084a7283c64e5e954d5c855e027d03,1,5f742d3005084a7283c64e5e954d5c855e027d03,,5f742d3005084a7283c64e5e954d5c855e027d03,,0,,78,5,1,0,1,0,0,2,0,0,11,4996,811.449159327462,77.2618094475581,144.915932746197,1.0,,2013-01-12 08:10:29,2013-01-12 08:10:48,passed,541,"[4105148, 4105152, 4105150, 4105151, 4105147, 4105149]",29,4105148,ruby,unknown,,ruby,rspec,1.0,,1948,0,1948,39,,44.61,,0
4182221,ruby-rdf/rdf,0.0,,,ruby,,master,2,2eb7d6f39c9a23d3574daff09932c61938a6ad50#8dae66776fcf4b245d7a5a8515fded091f1cee68,merge_found,,,2013-01-16 03:12:20,4,8dae66776fcf4b245d7a5a8515fded091f1cee68,1,8dae66776fcf4b245d7a5a8515fded091f1cee68,,8dae66776fcf4b245d7a5a8515fded091f1cee68,,0,,41,0,0,1,1,0,0,1,0,1,20,4996,811.449159327462,77.2618094475581,144.915932746197,1.0,,2013-01-16 08:33:51,2013-01-16 08:33:54,passed,588,"[4182226, 4182227, 4182225, 4182223, 4182222, 4182224]",31,4182227,ruby,unknown,,ruby,rspec,1.0,,1955,0,1955,37,,44.36,,0
4205524,ruby-rdf/rdf,0.0,,,ruby,,master,3,3f5ba79308918f20b71b793c47357f27f0789f5f#702e41786194884716a277c844cac642f1628799#4a964f3785fb6c2834de115176f3d802a0b4c2b3,merge_found,,,2013-01-17 05:50:36,5,4a964f3785fb6c2834de115176f3d802a0b4c2b3,1,4a964f3785fb6c2834de115176f3d802a0b4c2b3,,4a964f3785fb6c2834de115176f3d802a0b4c2b3,,0,,1,5,0,0,2,0,0,2,0,0,20,4996,812.249799839872,77.2618094475581,144.915932746197,1.0,,2013-01-17 09:10:13,2013-01-17 09:11:03,passed,694,"[4205530, 4205529, 4205528, 4205527, 4205525, 4205526]",34,4205526,ruby,unknown,,ruby,rspec,1.0,,1948,0,1948,39,,59.95,,0
4205586,ruby-rdf/rdf,0.0,,,ruby,,master,1,edf6c013a8356c12f3d8a98cf28b5ee7d9b04199,build_found,4a964f3785fb6c2834de115176f3d802a0b4c2b3,4205524,2013-01-17 09:14:21,5,edf6c013a8356c12f3d8a98cf28b5ee7d9b04199,1,edf6c013a8356c12f3d8a98cf28b5ee7d9b04199,,edf6c013a8356c12f3d8a98cf28b5ee7d9b04199,,0,,0,2,0,0,1,0,0,1,0,0,16,4996,812.249799839872,77.2618094475581,144.915932746197,1.0,,2013-01-17 09:14:27,2013-01-17 09:14:40,passed,737,"[4205591, 4205592, 4205590, 4205588, 4205589, 4205587]",35,4205592,ruby,unknown,,ruby,rspec,1.0,,1955,0,1955,37,,40.31,,0
4217736,ruby-rdf/rdf,0.0,,,ruby,,master,2,5d3cf806203070f6789baf32ce27e6b7239d895e#395f1d1bba1d09c589bfbcf83c8adbd9adf3edd8,merge_found,,,2013-01-17 21:08:45,5,395f1d1bba1d09c589bfbcf83c8adbd9adf3edd8,1,395f1d1bba1d09c589bfbcf83c8adbd9adf3edd8,,395f1d1bba1d09c589bfbcf83c8adbd9adf3edd8,,0,,0,0,0,0,1,0,0,0,0,1,3,4996,812.249799839872,77.2618094475581,144.915932746197,1.0,,2013-01-17 21:14:12,2013-01-18 01:00:05,passed,802,"[4217744, 4217743, 4217741, 4217739, 4217742, 4217740, 4217737, 4217738]",37,4217738,ruby,unknown,,ruby,rspec,1.0,,1948,0,1948,39,,41.11,,0
4653066,ruby-rdf/rdf,0.0,,,ruby,,master,2,a413c4bdd1eeb9d9e02afe8d982af9930646e193#22898adbfdf3a69fe46640ab33116824e7608969,merge_found,,,2013-02-07 22:24:56,5,22898adbfdf3a69fe46640ab33116824e7608969,1,22898adbfdf3a69fe46640ab33116824e7608969,,22898adbfdf3a69fe46640ab33116824e7608969,,0,,196,81,2,0,3,0,0,4,0,1,154,5112,816.118935837246,76.8779342723005,143.974960876369,1.0,,2013-02-07 22:25:21,2013-02-07 22:47:40,failed,594,"[4653073, 4653072, 4653071, 4653069, 4653067, 4653070, 4653068]",38,4653068,ruby,unknown,,ruby,rspec,1.0,,1966,0,1966,38,,31.51,,0
4656776,ruby-rdf/rdf,0.0,,,ruby,,master,1,dabd55a4a7c66bfcdf3b9f8ea4fd44e2f5b2024d,build_found,22898adbfdf3a69fe46640ab33116824e7608969,4653066,2013-02-08 01:37:32,5,dabd55a4a7c66bfcdf3b9f8ea4fd44e2f5b2024d,1,dabd55a4a7c66bfcdf3b9f8ea4fd44e2f5b2024d,,dabd55a4a7c66bfcdf3b9f8ea4fd44e2f5b2024d,,0,,4,0,0,0,1,0,0,1,0,0,63,5112,816.118935837246,76.8779342723005,143.974960876369,1.0,,2013-02-08 01:37:36,2013-02-08 01:37:52,passed,664,"[4656781, 4656780, 4656777, 4656783, 4656782, 4656778, 4656779]",39,4656778,ruby,unknown,,ruby,rspec,1.0,,1966,0,1966,38,,53.97,,0
4676254,ruby-rdf/rdf,0.0,,,ruby,,master,1,082a398e05a26729591fa8030bbf09aea54362c0,build_found,dabd55a4a7c66bfcdf3b9f8ea4fd44e2f5b2024d,4656776,2013-02-08 22:16:32,5,082a398e05a26729591fa8030bbf09aea54362c0,1,082a398e05a26729591fa8030bbf09aea54362c0,,082a398e05a26729591fa8030bbf09aea54362c0,,0,,0,0,0,0,1,0,0,0,0,1,51,5112,816.118935837246,76.8779342723005,143.974960876369,1.0,,2013-02-08 22:19:43,2013-02-08 22:19:58,passed,678,"[4676261, 4676260, 4676259, 4676258, 4676257, 4676255, 4676256]",40,4676255,ruby,unknown,,ruby,rspec,1.0,,1959,0,1959,40,,47.29,,0
4993085,ruby-rdf/rdf,0.0,,,ruby,,master,2,f22eac9c3e3768657e9512c45e9cf674edeeb8f1#bc5e1bf9b25e84485938b6cac34684f94b257e14,build_found,082a398e05a26729591fa8030bbf09aea54362c0,4676254,2013-02-22 23:01:23,5,bc5e1bf9b25e84485938b6cac34684f94b257e14#f22eac9c3e3768657e9512c45e9cf674edeeb8f1,2,bc5e1bf9b25e84485938b6cac34684f94b257e14,,bc5e1bf9b25e84485938b6cac34684f94b257e14,,0,,2,2,0,0,3,0,0,2,0,1,126,5112,816.510172143975,76.8779342723005,143.974960876369,1.0,,2013-02-22 23:12:04,2013-02-22 23:41:28,passed,674,"[4993092, 4993090, 4993087, 4993086, 4993091, 4993089, 4993088]",41,4993089,ruby,ok,,ruby,rspec,1.0,,1961,0,1961,38,,34.56,,0
5080199,ruby-rdf/rdf,0.0,,,ruby,,master,3,ee5d2e27e5304cb4a828c8031142de4dc61192d3#56e28e58eb5c75a3b06a9c0d8aff7e2bd89ee26c#9acfa5611267ecf343c56518ed912724a4667e06,build_found,bc5e1bf9b25e84485938b6cac34684f94b257e14,4993085,2013-02-26 03:11:11,5,9acfa5611267ecf343c56518ed912724a4667e06#56e28e58eb5c75a3b06a9c0d8aff7e2bd89ee26c#ee5d2e27e5304cb4a828c8031142de4dc61192d3,3,9acfa5611267ecf343c56518ed912724a4667e06,,9acfa5611267ecf343c56518ed912724a4667e06,,0,,21,47,0,0,5,0,0,5,0,0,126,5117,823.333984756693,77.1936681649404,145.397693961305,1.0,,2013-02-26 19:10:53,2013-02-26 19:16:40,failed,805,"[5080204, 5080206, 5080200, 5080205, 5080202, 5080201, 5080203]",43,5080205,java,broken,,java-ant,,0.0,,,,,,,,,0
5081810,ruby-rdf/rdf,0.0,,,ruby,,master,1,34e3534f7c8d6f2f4a630e73b9a94dd83155438d,build_found,9acfa5611267ecf343c56518ed912724a4667e06,5080199,2013-02-26 20:03:25,5,34e3534f7c8d6f2f4a630e73b9a94dd83155438d,1,34e3534f7c8d6f2f4a630e73b9a94dd83155438d,,34e3534f7c8d6f2f4a630e73b9a94dd83155438d,,0,,2,4,0,0,3,0,0,3,0,0,14,5117,823.333984756693,77.1936681649404,145.397693961305,1.0,,2013-02-26 20:04:06,2013-02-26 20:04:43,failed,752,"[5081817, 5081811, 5081814, 5081815, 5081816, 5081813, 5081812]",44,5081817,ruby,broken,,ruby,rspec,1.0,,1976,2,1978,38,,51.97,,0
5082180,ruby-rdf/rdf,0.0,,,ruby,,master,2,aca1f49fe39b41780062f884f0333dea98a747c9#807fee1457e147777aebdea166b5c46b8e5b0b96,build_found,34e3534f7c8d6f2f4a630e73b9a94dd83155438d,5081810,2013-02-26 20:14:23,5,807fee1457e147777aebdea166b5c46b8e5b0b96#aca1f49fe39b41780062f884f0333dea98a747c9,2,807fee1457e147777aebdea166b5c46b8e5b0b96,,807fee1457e147777aebdea166b5c46b8e5b0b96,,0,,0,6,0,0,2,0,0,2,0,0,18,5117,823.333984756693,77.1936681649404,145.397693961305,1.0,,2013-02-26 20:15:10,2013-02-26 20:16:51,failed,650,"[5082187, 5082184, 5082185, 5082186, 5082181, 5082183, 5082182]",45,5082181,ruby,broken,,ruby,rspec,1.0,,1936,35,1971,33,,28.71,,0
5082459,ruby-rdf/rdf,0.0,,,ruby,,master,,,build_found,807fee1457e147777aebdea166b5c46b8e5b0b96,5082180,,5,a48eed212088d4c5e0bd411cc1074e9d8466edbb,1,a48eed212088d4c5e0bd411cc1074e9d8466edbb,,a48eed212088d4c5e0bd411cc1074e9d8466edbb,,0,,1,0,0,0,1,0,0,1,0,0,6,5118,823.173114497851,77.178585384916,145.369284876905,1.0,,,2013-02-26 20:26:48,failed,761,"[5082463, 5082464, 5082466, 5082465, 5082462, 5082461, 5082460]",46,5082462,ruby,ok,,ruby,rspec,1.0,,1971,0,1971,31,,1.72,,0
5082668,ruby-rdf/rdf,0.0,,,ruby,,master,1,b76c562f3ac7ed3eea3662eed445d467f3ef872b,build_found,a48eed212088d4c5e0bd411cc1074e9d8466edbb,5082459,2013-02-26 20:33:51,5,b76c562f3ac7ed3eea3662eed445d467f3ef872b,1,b76c562f3ac7ed3eea3662eed445d467f3ef872b,,b76c562f3ac7ed3eea3662eed445d467f3ef872b,,0,,8,0,0,0,1,0,0,1,0,0,7,5121,822.690880687366,77.1333723882054,145.284124194493,1.0,,2013-02-26 20:34:04,2013-02-26 20:35:57,failed,794,"[5082672, 5082675, 5082674, 5082673, 5082670, 5082671, 5082669]",47,5082675,ruby,ok,,ruby,rspec,1.0,,1978,0,1978,31,,38.59,,0
5082973,ruby-rdf/rdf,0.0,,,ruby,,master,1,2fca677c2b18b84c7b9d5f4f6ec36a6805002f75,build_found,b76c562f3ac7ed3eea3662eed445d467f3ef872b,5082668,2013-02-26 20:44:12,5,2fca677c2b18b84c7b9d5f4f6ec36a6805002f75,1,2fca677c2b18b84c7b9d5f4f6ec36a6805002f75,,2fca677c2b18b84c7b9d5f4f6ec36a6805002f75,,0,,0,2,0,0,1,0,0,1,0,0,4,5121,822.690880687366,77.1333723882054,145.284124194493,1.0,,2013-02-26 20:44:17,2013-02-26 20:46:05,failed,753,"[5082977, 5082976, 5082975, 5082980, 5082978, 5082979, 5082974]",48,5082978,java,ok,,java-ant,,0.0,,,,,,,,,0
5083205,ruby-rdf/rdf,0.0,,,ruby,,master,1,08b3c2a3a15a6d9082c94c84e933797483fdacc2,build_found,2fca677c2b18b84c7b9d5f4f6ec36a6805002f75,5082973,2013-02-26 20:51:11,5,08b3c2a3a15a6d9082c94c84e933797483fdacc2,1,08b3c2a3a15a6d9082c94c84e933797483fdacc2,,08b3c2a3a15a6d9082c94c84e933797483fdacc2,,0,,0,28,0,0,1,0,0,1,0,0,16,5121,821.128685803554,77.1333723882054,145.284124194493,1.0,,2013-02-26 20:51:29,2013-02-26 20:55:36,passed,745,"[5083207, 5083206, 5083212, 5083211, 5083209, 5083208, 5083210]",49,5083208,ruby,ok,,ruby,rspec,1.0,,1971,0,1971,31,,28.2,,0
5083454,ruby-rdf/rdf,0.0,,,ruby,,master,1,61f6e79cfb3a040d895c8f5c29df266d025cc2aa,build_found,08b3c2a3a15a6d9082c94c84e933797483fdacc2,5083205,2013-02-26 21:00:41,5,61f6e79cfb3a040d895c8f5c29df266d025cc2aa,1,61f6e79cfb3a040d895c8f5c29df266d025cc2aa,,61f6e79cfb3a040d895c8f5c29df266d025cc2aa,,0,,0,0,0,0,1,0,0,0,0,1,53,5121,821.128685803554,77.1333723882054,145.284124194493,1.0,,2013-02-26 21:03:22,2013-02-26 21:03:56,passed,669,"[5083458, 5083459, 5083455, 5083456, 5083457, 5083461, 5083460]",50,5083455,ruby,ok,,ruby,rspec,1.0,,1971,0,1971,41,,39.43,,0
5579972,ruby-rdf/rdf,0.0,,,ruby,,master,1,867e02ee8aa2c0fc06770dd257bd43b7ac86fb18,build_found,61f6e79cfb3a040d895c8f5c29df266d025cc2aa,5083454,2013-03-17 22:38:30,5,867e02ee8aa2c0fc06770dd257bd43b7ac86fb18,1,867e02ee8aa2c0fc06770dd257bd43b7ac86fb18,,867e02ee8aa2c0fc06770dd257bd43b7ac86fb18,,0,,1,0,0,0,1,0,0,1,0,0,89,5121,821.128685803554,77.1333723882054,145.284124194493,0.0,,2013-03-17 22:39:22,2013-03-17 22:39:57,passed,591,"[5579979, 5579978, 5579973, 5579977, 5579976, 5579975, 5579974]",51,5579977,java,ok,,java-ant,,0.0,,,,,,,,,0
5642895,ruby-rdf/rdf,0.0,,,ruby,,master,7,9bbfe5e820d2e2f92e480230ed100058ee0f311f#487ba6408329c5a951dfa009325c349ceb9088d5#9768c7550ac0c8ff3f1aa74f7faaa375e24e7660#58f757fa177ec176d2d86c877871d7e41e2dc805#b9aa1e4ca5f799921790b704d9c5e7b1a9593153#0cdefd772936f1de31cd7e6b74ac5bba1aaf009a#60303046215b0e35f121eecd8a1d846b1cd47fde,build_found,867e02ee8aa2c0fc06770dd257bd43b7ac86fb18,5579972,2013-03-18 21:06:31,5,60303046215b0e35f121eecd8a1d846b1cd47fde#0cdefd772936f1de31cd7e6b74ac5bba1aaf009a#b9aa1e4ca5f799921790b704d9c5e7b1a9593153#58f757fa177ec176d2d86c877871d7e41e2dc805#9768c7550ac0c8ff3f1aa74f7faaa375e24e7660#487ba6408329c5a951dfa009325c349ceb9088d5#9bbfe5e820d2e2f92e480230ed100058ee0f311f,7,60303046215b0e35f121eecd8a1d846b1cd47fde,,60303046215b0e35f121eecd8a1d846b1cd47fde,,0,,123,0,0,0,6,0,0,6,0,0,192,5134,819.049474094273,76.9380599922088,144.916244643553,1.0,,2013-03-19 23:40:18,2013-03-19 23:40:55,passed,514,"[5642902, 5642901, 5642896, 5642898, 5642900, 5642899, 5642897]",55,5642896,ruby,ok,,ruby,rspec,1.0,,1971,0,1971,41,,49.88,,0
5648386,ruby-rdf/rdf,0.0,,,ruby,,master,4,ab8b3453b85315fe60a6a2a9e21c69486f73d716#e0ccf20aff6e50af5787a6c1edefb642a48ebf8d#a76efbdd7f69218adc2bc49271584c2f491666a1#3ff7ee9650f36ef5f86766b116c831419c8a680e,build_found,60303046215b0e35f121eecd8a1d846b1cd47fde,5642895,2013-03-20 00:01:45,5,3ff7ee9650f36ef5f86766b116c831419c8a680e#a76efbdd7f69218adc2bc49271584c2f491666a1#e0ccf20aff6e50af5787a6c1edefb642a48ebf8d#ab8b3453b85315fe60a6a2a9e21c69486f73d716,4,3ff7ee9650f36ef5f86766b116c831419c8a680e,,3ff7ee9650f36ef5f86766b116c831419c8a680e,,0,,152,55,0,0,13,0,0,13,0,0,256,5166,823.461091753775,77.4293457220287,145.760743321719,1.0,,2013-03-20 05:43:42,2013-03-20 05:45:55,failed,508,"[5648393, 5648392, 5648391, 5648387, 5648389, 5648388, 5648390]",56,5648391,java,broken,,java-ant,,0.0,,,,,,,,,0
5648733,ruby-rdf/rdf,0.0,,,ruby,,master,3,e5eafeae52a4e003c483cf7aef71a04282e8beca#a18220eab21844c4a75939d86354ee195d6e289e#5b42115267088303eeb17dc2618c4e0986489778,build_found,3ff7ee9650f36ef5f86766b116c831419c8a680e,5648386,2013-03-19 00:32:22,5,5b42115267088303eeb17dc2618c4e0986489778#a18220eab21844c4a75939d86354ee195d6e289e#e5eafeae52a4e003c483cf7aef71a04282e8beca,3,5b42115267088303eeb17dc2618c4e0986489778,,5b42115267088303eeb17dc2618c4e0986489778,,0,,61,2,0,0,2,0,0,2,0,0,43,5179,821.587178992083,77.2349874493145,145.394863873335,1.0,,2013-03-20 06:15:07,2013-03-20 06:15:52,passed,539,"[5648740, 5648739, 5648734, 5648735, 5648738, 5648736, 5648737]",57,5648735,ruby,ok,,ruby,rspec,1.0,,2119,0,2119,31,,42.54,,0
5729689,ruby-rdf/rdf,0.0,,,ruby,,master,4,309ae4b54fa78e11f13a58ef744055ecbfdac8b8#85e19ecae20aa737394cedd302b581e900b10dcc#6984baea677d4b9d6645b9286bafe7a1b1bb8bee#d9d92083abb4146ae37b781b5fa2dd44d93ea0d5,build_found,5b42115267088303eeb17dc2618c4e0986489778,5648733,2013-03-22 22:26:41,5,d9d92083abb4146ae37b781b5fa2dd44d93ea0d5#6984baea677d4b9d6645b9286bafe7a1b1bb8bee#85e19ecae20aa737394cedd302b581e900b10dcc#309ae4b54fa78e11f13a58ef744055ecbfdac8b8,4,d9d92083abb4146ae37b781b5fa2dd44d93ea0d5,,d9d92083abb4146ae37b781b5fa2dd44d93ea0d5,,0,,221,48,0,0,15,0,0,13,0,2,287,5259,814.413386575394,77.0108385624644,144.133865753946,1.0,,2013-03-22 23:13:46,2013-03-22 23:14:21,failed,554,"[5729696, 5729695, 5729690, 5729691, 5729694, 5729693, 5729692]",58,5729694,java,ok,,java-ant,,0.0,,,,,,,,,0
5730084,ruby-rdf/rdf,0.0,,,ruby,,master,1,fa5c6499ea8df770f7a3340c7047299c31f3d647,build_found,d9d92083abb4146ae37b781b5fa2dd44d93ea0d5,5729689,2013-03-22 23:31:41,5,fa5c6499ea8df770f7a3340c7047299c31f3d647,1,fa5c6499ea8df770f7a3340c7047299c31f3d647,,fa5c6499ea8df770f7a3340c7047299c31f3d647,,0,,16,0,0,0,2,0,0,2,0,0,51,5257,814.723226174624,77.0401369602435,144.188700779912,1.0,,2013-03-22 23:33:42,2013-03-22 23:34:15,passed,511,"[5730091, 5730090, 5730089, 5730085, 5730086, 5730087, 5730088]",59,5730089,java,ok,,java-ant,,0.0,,,,,,,,,0
5730936,ruby-rdf/rdf,0.0,,,ruby,,master,2,4f55c9e9bd97c247580e9e6c759b2a01ee90afc6#ecd078e00ffd51b43b515e6fc7920821fe7837b0,build_found,fa5c6499ea8df770f7a3340c7047299c31f3d647,5730084,2013-03-23 00:23:12,5,ecd078e00ffd51b43b515e6fc7920821fe7837b0#4f55c9e9bd97c247580e9e6c759b2a01ee90afc6,2,ecd078e00ffd51b43b515e6fc7920821fe7837b0,,ecd078e00ffd51b43b515e6fc7920821fe7837b0,,0,,8,0,0,0,3,0,0,2,0,1,106,5257,814.723226174624,77.0401369602435,144.188700779912,1.0,,2013-03-23 00:28:51,2013-03-23 00:39:18,passed,540,"[5730941, 5730943, 5730942, 5730940, 5730939, 5730937, 5730938]",62,5730943,ruby,ok,,ruby,rspec,1.0,,2130,0,2130,31,,3.28,,0
5945190,ruby-rdf/rdf,0.0,,,ruby,,master,3,acbf5e8c75fc637dcf97ef414217e82c72b544ef#86ba44d965fac24f985ef8d753cd24159cec14d0#0ff1b4506d3d7dd28cc5d356ab494b5d08181294,build_found,469cc3a7851f247ee21fba3c8fe37fd80cbf0aba,5748744,2013-03-31 19:35:20,5,0ff1b4506d3d7dd28cc5d356ab494b5d08181294#86ba44d965fac24f985ef8d753cd24159cec14d0#acbf5e8c75fc637dcf97ef414217e82c72b544ef,3,0ff1b4506d3d7dd28cc5d356ab494b5d08181294,,0ff1b4506d3d7dd28cc5d356ab494b5d08181294,,0,,51,148,0,0,7,0,0,7,0,0,199,5271,817.681654335041,77.0252324037185,144.944033390249,1.0,,2013-03-31 21:57:00,2013-03-31 21:57:40,failed,464,"[5945197, 5945196, 5945193, 5945195, 5945192, 5945194, 5945191]",66,5945191,ruby,broken,,ruby,,1.0,,,0,,,,,,0
5945487,ruby-rdf/rdf,0.0,,,ruby,,master,1,113eb51390c138fe4059a546fe817bfb6620f770,build_found,0ff1b4506d3d7dd28cc5d356ab494b5d08181294,5945190,2013-03-31 22:11:30,5,113eb51390c138fe4059a546fe817bfb6620f770,1,113eb51390c138fe4059a546fe817bfb6620f770,,113eb51390c138fe4059a546fe817bfb6620f770,,0,,4,41,0,0,2,0,0,2,0,0,76,5271,818.250806298615,77.4046670461013,144.944033390249,1.0,,2013-03-31 22:11:34,2013-03-31 22:12:16,passed,541,"[5945494, 5945493, 5945488, 5945490, 5945492, 5945491, 5945489]",67,5945492,java,ok,,java-ant,,0.0,,,,,,,,,0
5946733,ruby-rdf/rdf,0.0,,,ruby,,master,1,24a2acc0b2a8f3f2ceb12373f5728363ef71c519,build_found,113eb51390c138fe4059a546fe817bfb6620f770,5945487,2013-03-31 23:27:02,5,24a2acc0b2a8f3f2ceb12373f5728363ef71c519,1,24a2acc0b2a8f3f2ceb12373f5728363ef71c519,,24a2acc0b2a8f3f2ceb12373f5728363ef71c519,,0,,13,0,0,0,1,0,0,1,0,0,67,5271,818.250806298615,77.4046670461013,144.944033390249,1.0,,2013-03-31 23:27:10,2013-03-31 23:27:44,passed,560,"[5946740, 5946739, 5946736, 5946738, 5946734, 5946737, 5946735]",68,5946737,ruby,ok,,ruby,rspec,1.0,,2122,0,2122,31,,36.06,,0
5996653,ruby-rdf/rdf,0.0,,,ruby,,master,1,1c819b4b150f3f959dbefb36abfe9df020caa091,build_found,24a2acc0b2a8f3f2ceb12373f5728363ef71c519,5946733,2013-04-02 20:05:37,5,1c819b4b150f3f959dbefb36abfe9df020caa091,1,1c819b4b150f3f959dbefb36abfe9df020caa091,,1c819b4b150f3f959dbefb36abfe9df020caa091,,0,,14,0,0,0,1,0,0,1,0,0,68,5271,818.250806298615,77.4046670461013,144.944033390249,1.0,,2013-04-02 20:06:15,2013-04-02 20:06:59,passed,615,"[5996660, 5996659, 5996658, 5996656, 5996654, 5996655, 5996657]",69,5996656,ruby,ok,,ruby,rspec,1.0,,2122,0,2122,31,,39.28,,0
6002076,ruby-rdf/rdf,0.0,,,ruby,,master,1,2cd4bdcd3706d6c72ea00e85ce5819a0aece3955,build_found,1c819b4b150f3f959dbefb36abfe9df020caa091,5996653,2013-04-02 23:48:42,5,2cd4bdcd3706d6c72ea00e85ce5819a0aece3955,1,2cd4bdcd3706d6c72ea00e85ce5819a0aece3955,,2cd4bdcd3706d6c72ea00e85ce5819a0aece3955,,0,,0,0,0,0,1,0,0,0,0,1,55,5271,818.250806298615,77.4046670461013,144.944033390249,1.0,,2013-04-02 23:49:03,2013-04-03 00:11:11,passed,814,"[6002081, 6002083, 6002077, 6002078, 6002082, 6002079, 6002080]",70,6002077,ruby,ok,,ruby,rspec,1.0,,2122,0,2122,41,,3.77,,0
6005403,ruby-rdf/rdf,0.0,,,ruby,,master,2,43f3a42d3c56c0bc616ce5772b1284675f13cd7d#6181226b72df93881eeb6c06c813518d9adfa0fd,build_found,2cd4bdcd3706d6c72ea00e85ce5819a0aece3955,6002076,2013-04-03 03:40:49,5,6181226b72df93881eeb6c06c813518d9adfa0fd#43f3a42d3c56c0bc616ce5772b1284675f13cd7d,2,6181226b72df93881eeb6c06c813518d9adfa0fd,,6181226b72df93881eeb6c06c813518d9adfa0fd,,0,,8,0,0,0,2,0,0,2,0,0,87,5277,817.320447223801,77.3166571915861,144.77923062346,1.0,,2013-04-03 03:41:27,2013-04-03 03:42:16,passed,671,"[6005410, 6005409, 6005408, 6005405, 6005404, 6005407, 6005406]",72,6005410,ruby,ok,,ruby,rspec,1.0,,2136,0,2136,31,,16.89,,0
6066839,ruby-rdf/rdf,0.0,,,ruby,,master,3,382bd27c3df0cb79a35b1a20269a3edf01164024#cefc1242bfeebb4c7463d67e8172056807bb29fc#f27f5d9734cc0950d1ef8e0236e23e3d956b62ec,build_found,6181226b72df93881eeb6c06c813518d9adfa0fd,6005403,2013-04-04 20:36:37,5,f27f5d9734cc0950d1ef8e0236e23e3d956b62ec#cefc1242bfeebb4c7463d67e8172056807bb29fc#382bd27c3df0cb79a35b1a20269a3edf01164024,3,f27f5d9734cc0950d1ef8e0236e23e3d956b62ec,,f27f5d9734cc0950d1ef8e0236e23e3d956b62ec,,0,,33,282,2,0,3,0,0,4,0,1,150,5289,830.969937606353,77.7084515031197,145.207033465684,1.0,,2013-04-04 23:48:04,2013-04-04 23:48:55,passed,558,"[6066846, 6066845, 6066844, 6066843, 6066842, 6066840, 6066841]",74,6066842,ruby,ok,,ruby,rspec,1.0,,2148,0,2148,31,,43.55,,0
6120904,ruby-rdf/rdf,0.0,,,ruby,,master,3,e36abc13def8274711526ed88756d5a34a186e63#cac2cec6a32b8d1e77023beb8335e4d04a40380e#9e3c4f5dbb094d676588d4c27bb0de2292a86e03,merge_found,,,2013-04-06 00:15:55,5,9e3c4f5dbb094d676588d4c27bb0de2292a86e03#cac2cec6a32b8d1e77023beb8335e4d04a40380e#e36abc13def8274711526ed88756d5a34a186e63#1e072ea7aed74421485902dc47b5c6b6ec80a57e,4,9e3c4f5dbb094d676588d4c27bb0de2292a86e03,,9e3c4f5dbb094d676588d4c27bb0de2292a86e03,,0,,809,383,0,0,6,0,0,6,0,0,268,5637,809.473124002129,73.265921589498,136.597480929572,1.0,,2013-04-07 06:02:06,2013-04-07 06:07:52,failed,436,"[6120911, 6120910, 6120907, 6120908, 6120905, 6120906, 6120909]",77,6120906,ruby,broken,,ruby,rspec,1.0,,2244,1,2245,27,,29.08,,0
6121006,ruby-rdf/rdf,0.0,,,ruby,,master,1,6b98f96a6bc798a80728bc97e4264f6d4cb495e6,build_found,9e3c4f5dbb094d676588d4c27bb0de2292a86e03,6120904,2013-04-07 06:19:12,5,6b98f96a6bc798a80728bc97e4264f6d4cb495e6,1,6b98f96a6bc798a80728bc97e4264f6d4cb495e6,,6b98f96a6bc798a80728bc97e4264f6d4cb495e6,,0,,0,2,0,0,1,0,0,1,0,0,6,5637,809.473124002129,73.265921589498,136.597480929572,1.0,,2013-04-07 06:19:20,2013-04-07 06:20:00,failed,436,"[6121013, 6121012, 6121007, 6121009, 6121010, 6121008, 6121011]",78,6121013,ruby,ok,,ruby,rspec,1.0,,2245,0,2245,27,,47.98,,0
6121399,ruby-rdf/rdf,0.0,,,ruby,,master,2,62cf0796bb1c1a9fdf8ded57b62fca2aa143489c#629fdc53bde57b637c617b04e69d0371f226e0f8,build_found,f27f5d9734cc0950d1ef8e0236e23e3d956b62ec,6066839,2013-04-07 06:19:12,5,629fdc53bde57b637c617b04e69d0371f226e0f8#62cf0796bb1c1a9fdf8ded57b62fca2aa143489c#48425c63605724c76bafa29a9b67fd4984f7754a,3,629fdc53bde57b637c617b04e69d0371f226e0f8,,629fdc53bde57b637c617b04e69d0371f226e0f8,,0,,10,6,0,0,2,0,0,2,0,0,54,5289,830.969937606353,77.7084515031197,145.207033465684,1.0,,2013-04-07 07:01:54,2013-04-07 07:02:43,passed,560,"[6121406, 6121405, 6121400, 6121401, 6121402, 6121403, 6121404]",80,6121401,ruby,ok,,ruby,rspec,1.0,,2162,0,2162,31,,44.4,,0
6135088,ruby-rdf/rdf,0.0,,,ruby,,master,1,4e29319c1f81b760f3dce27fe335da7b636bffe4,build_found,629fdc53bde57b637c617b04e69d0371f226e0f8,6121399,2013-04-07 21:01:10,5,4e29319c1f81b760f3dce27fe335da7b636bffe4,1,4e29319c1f81b760f3dce27fe335da7b636bffe4,,4e29319c1f81b760f3dce27fe335da7b636bffe4,,0,,0,0,0,0,1,0,0,0,0,1,6,5289,830.969937606353,77.7084515031197,145.207033465684,1.0,,2013-04-07 21:01:21,2013-04-07 21:02:13,passed,423,"[6135093, 6135090, 6135092, 6135091, 6135089]",82,6135091,ruby,ok,,ruby,rspec,1.0,,2146,0,2146,31,,37.4,,0
6136861,ruby-rdf/rdf,0.0,,,ruby,,master,2,d8925eeb4fcffae1390591396546bcf4a393be62#db491e3ac083e6da04a0c5c64f87cb951dbb41af,build_found,4e29319c1f81b760f3dce27fe335da7b636bffe4,6135088,2013-04-07 21:36:53,5,db491e3ac083e6da04a0c5c64f87cb951dbb41af#d8925eeb4fcffae1390591396546bcf4a393be62,2,db491e3ac083e6da04a0c5c64f87cb951dbb41af,,db491e3ac083e6da04a0c5c64f87cb951dbb41af,,0,,61,0,0,0,6,0,0,6,0,0,160,5290,830.812854442344,77.6937618147448,145.179584120983,1.0,,2013-04-07 22:13:04,2013-04-07 22:13:43,passed,404,"[6136869, 6136867, 6136863, 6136862, 6136864]",83,6136869,ruby,ok,,ruby,rspec,1.0,,2162,0,2162,31,,3.33,,0
6423820,ruby-rdf/rdf,0.0,,,ruby,,master,2,40823ae147e7b252f428379d67b6321510dd7aa2#2d3a714c2c5da247cba483a3390a66fef4ff90d8,build_found,db491e3ac083e6da04a0c5c64f87cb951dbb41af,6136861,2013-04-17 18:49:17,5,2d3a714c2c5da247cba483a3390a66fef4ff90d8#40823ae147e7b252f428379d67b6321510dd7aa2,2,2d3a714c2c5da247cba483a3390a66fef4ff90d8,,2d3a714c2c5da247cba483a3390a66fef4ff90d8,,0,,11,29,0,0,3,0,0,3,0,0,124,5293,834.876251653127,77.8386548271302,145.664084640091,1.0,,2013-04-17 18:58:33,2013-04-17 18:59:04,passed,429,"[6423825, 6423824, 6423821, 6423823, 6423822]",89,6423823,ruby,ok,,ruby,rspec,1.0,,2153,0,2153,31,,44.92,,0
6433665,ruby-rdf/rdf,0.0,,,ruby,,master,1,a6350a042c928a108e1fe91c1a5a4cebb2d190de,build_found,2d3a714c2c5da247cba483a3390a66fef4ff90d8,6423820,2013-04-18 02:12:19,4,a6350a042c928a108e1fe91c1a5a4cebb2d190de,1,a6350a042c928a108e1fe91c1a5a4cebb2d190de,,a6350a042c928a108e1fe91c1a5a4cebb2d190de,,0,,4,0,0,0,1,0,0,1,0,0,92,5293,834.876251653127,77.8386548271302,145.664084640091,1.0,,2013-04-18 02:14:00,2013-04-18 02:15:45,passed,433,"[6433676, 6433675, 6433673, 6433670, 6433666]",91,6433673,ruby,ok,,ruby,rspec,1.0,,2153,0,2153,31,,35.34,,0
6458173,ruby-rdf/rdf,0.0,,,ruby,,master,1,7b10cdd4bebba2966ba0737a31cad3b0c9d5ee39,build_found,a6350a042c928a108e1fe91c1a5a4cebb2d190de,6433665,2013-04-18 22:28:34,4,7b10cdd4bebba2966ba0737a31cad3b0c9d5ee39,1,7b10cdd4bebba2966ba0737a31cad3b0c9d5ee39,,7b10cdd4bebba2966ba0737a31cad3b0c9d5ee39,,0,,2,0,0,0,1,0,0,1,0,0,50,5293,834.876251653127,77.8386548271302,145.664084640091,1.0,,2013-04-18 22:28:38,2013-04-19 08:10:06,passed,402,"[6458178, 6458177, 6458176, 6458175, 6458174]",92,6458176,ruby,ok,,ruby,rspec,1.0,,2153,0,2153,31,,39.96,,0
6458709,ruby-rdf/rdf,0.0,,,ruby,,master,1,d831995a28523065b9ebe6f33bb8dd3464da22f7,build_found,7b10cdd4bebba2966ba0737a31cad3b0c9d5ee39,6458173,2013-04-18 22:58:37,4,d831995a28523065b9ebe6f33bb8dd3464da22f7,1,d831995a28523065b9ebe6f33bb8dd3464da22f7,,d831995a28523065b9ebe6f33bb8dd3464da22f7,,0,,2,0,0,0,1,0,0,1,0,0,93,5293,834.876251653127,77.8386548271302,145.664084640091,1.0,,2013-04-18 22:58:43,2013-04-19 08:38:34,passed,398,"[6458714, 6458713, 6458712, 6458711, 6458710]",93,6458711,ruby,ok,,ruby,rspec,1.0,,2153,0,2153,31,,41.64,,0
6648786,ruby-rdf/rdf,0.0,,,ruby,,master,,,build_found,d831995a28523065b9ebe6f33bb8dd3464da22f7,6458709,,4,c0b5c377da27951f0c8cd54e0cbde58493df29af#1088b3c0de64ab4f323cb4b25ecf5466847f0101#de14cb099cecb4e20bfc2b81e14ba7dd4c01ba6c,3,c0b5c377da27951f0c8cd54e0cbde58493df29af,,c0b5c377da27951f0c8cd54e0cbde58493df29af,,0,,161,1086,0,0,9,0,0,9,0,0,187,5345,854.817586529467,77.2684752104771,146.117867165575,1.0,,,2013-04-26 02:24:11,passed,396,"[6648791, 6648790, 6648789, 6648788, 6648787]",96,6648791,ruby,ok,,ruby,rspec,1.0,,2258,0,2258,31,,6.85,,0
6711261,ruby-rdf/rdf,0.0,,,ruby,,master,1,6b333a003116ec8ed23d2b8e3659e559b0c2b3f9,build_found,c0b5c377da27951f0c8cd54e0cbde58493df29af,6648786,2013-04-28 00:32:48,4,6b333a003116ec8ed23d2b8e3659e559b0c2b3f9,1,6b333a003116ec8ed23d2b8e3659e559b0c2b3f9,,6b333a003116ec8ed23d2b8e3659e559b0c2b3f9,,0,,0,6,0,0,3,0,0,2,0,1,65,5345,854.44340505145,77.2684752104771,146.117867165575,1.0,,2013-04-28 21:36:36,2013-04-28 21:37:15,passed,321,"[6711269, 6711267, 6711263, 6711264, 6711262]",97,6711264,ruby,ok,,ruby,rspec,1.0,,2125,0,2125,32,,19.36,,0
6714355,ruby-rdf/rdf,0.0,,,ruby,,master,1,5a6d5af3d284a20578ef810e5ea7ede7a86ce648,build_found,6b333a003116ec8ed23d2b8e3659e559b0c2b3f9,6711261,2013-04-29 00:49:54,4,5a6d5af3d284a20578ef810e5ea7ede7a86ce648,1,5a6d5af3d284a20578ef810e5ea7ede7a86ce648,,5a6d5af3d284a20578ef810e5ea7ede7a86ce648,,0,,2,4,0,0,3,0,0,3,0,0,22,5345,854.44340505145,77.2684752104771,146.117867165575,1.0,,2013-04-29 00:51:24,2013-04-29 00:51:50,passed,304,"[6714360, 6714359, 6714357, 6714358, 6714356]",98,6714360,ruby,ok,,ruby,rspec,1.0,,2313,0,2313,32,,29.68,,0
6805140,ruby-rdf/rdf,0.0,,,ruby,,master,1,c96f77d9a34902e87164a35d42c7c01b59b074cd,build_found,5a6d5af3d284a20578ef810e5ea7ede7a86ce648,6714355,2013-05-02 00:14:00,4,c96f77d9a34902e87164a35d42c7c01b59b074cd#21e8e4b6056ea0d50f7ccf22348a536f615e5fe6#8e80312ff68b4c8ba41a54c690e20321bf64a6fa#ec9779d1e373888e42957d5d75f9b7cfa96e98e4#3995140e5e123b9f5baa7b80595832f2499bc39e#04f80b4a658d8621dc4ce398c4048ad9cb7f772e#7cfbbc408d906c71735a5a672b5fe2396ec1f4fd#2b6ee9288cbb24f369528ab1211ef4f133d58243#93e6f13d12b35b33a9b89154b9fc2d78c5d7bfee,9,c96f77d9a34902e87164a35d42c7c01b59b074cd,,c96f77d9a34902e87164a35d42c7c01b59b074cd,,0,,135,3317,2,0,32,0,0,32,0,1,523,5349,997.195737521032,94.2232192933259,171.246962048981,1.0,,2013-05-02 00:14:36,2013-05-02 00:15:06,passed,366,"[6805145, 6805144, 6805142, 6805143, 6805141]",103,6805142,ruby,ok,,ruby,rspec,1.0,,2445,0,2445,44,,22.44,,0
6805867,ruby-rdf/rdf,0.0,,,ruby,,master,1,444d37a6db49920634746126a7e471cf4a1c4fe8,build_found,c96f77d9a34902e87164a35d42c7c01b59b074cd,6805140,2013-05-02 00:52:49,4,444d37a6db49920634746126a7e471cf4a1c4fe8,1,444d37a6db49920634746126a7e471cf4a1c4fe8,,444d37a6db49920634746126a7e471cf4a1c4fe8,,0,,53,0,0,0,6,0,0,5,0,1,135,5355,996.078431372549,94.1176470588235,171.055088702148,1.0,,2013-05-02 00:53:15,2013-05-02 00:53:44,passed,357,"[6805872, 6805871, 6805870, 6805869, 6805868]",106,6805868,ruby,ok,,ruby,rspec,1.0,,2457,0,2457,44,,18.56,,0
6809550,ruby-rdf/rdf,0.0,,,ruby,,master,1,210420179d550aeb9e4ebd57259bedffa9296bc7,build_found,444d37a6db49920634746126a7e471cf4a1c4fe8,6805867,2013-05-02 01:59:10,4,210420179d550aeb9e4ebd57259bedffa9296bc7,1,210420179d550aeb9e4ebd57259bedffa9296bc7,,210420179d550aeb9e4ebd57259bedffa9296bc7,,0,,14,0,0,0,1,0,0,1,0,0,54,5360,995.149253731343,94.0298507462687,170.89552238806,1.0,,2013-05-02 05:14:01,2013-05-02 05:14:27,passed,354,"[6809555, 6809554, 6809553, 6809552, 6809551]",107,6809554,java,ok,,java-ant,,0.0,,,,,,,,,0
7268801,ruby-rdf/rdf,1.0,2013-05-17 23:58:30,120,ruby,merge_button,master,5,3b014713c6eef652c80455e59a50e1c1797e87a9#bdf1bcbf4e668f6eb6bb007a6d630ab65a132e9d#1bd53a9501689f4f732f9139aaddbce354cd21d8#89a72b9336ad75f02203db76d568dc1be0becd94#64ec1d7262336bd665edf4d96ee9ab81ecd99394,build_found,210420179d550aeb9e4ebd57259bedffa9296bc7,6809550,2013-05-17 17:35:08,4,89a72b9336ad75f02203db76d568dc1be0becd94#1bd53a9501689f4f732f9139aaddbce354cd21d8#bdf1bcbf4e668f6eb6bb007a6d630ab65a132e9d#3b014713c6eef652c80455e59a50e1c1797e87a9,4,89a72b9336ad75f02203db76d568dc1be0becd94,210420179d550aeb9e4ebd57259bedffa9296bc7,42dea85521173004c249043397d6d95325f30570,2,0,0,85,54,0,0,5,0,0,3,0,2,38,5399,989.998147805149,93.9062789405445,170.216706797555,0.0,66,2013-05-19 16:16:56,2013-05-18 01:58:59,passed,388,"[7268806, 7268805, 7268802, 7268804, 7268803]",108,7268806,ruby,ok,,ruby,rspec,1.0,,2464,0,2464,42,,0.0,,0
7269286,ruby-rdf/rdf,1.0,2013-05-17 23:58:30,120,ruby,merge_button,master,5,3b014713c6eef652c80455e59a50e1c1797e87a9#bdf1bcbf4e668f6eb6bb007a6d630ab65a132e9d#1bd53a9501689f4f732f9139aaddbce354cd21d8#89a72b9336ad75f02203db76d568dc1be0becd94#64ec1d7262336bd665edf4d96ee9ab81ecd99394,build_found,210420179d550aeb9e4ebd57259bedffa9296bc7,6809550,2013-05-17 17:35:08,4,89a72b9336ad75f02203db76d568dc1be0becd94#1bd53a9501689f4f732f9139aaddbce354cd21d8#bdf1bcbf4e668f6eb6bb007a6d630ab65a132e9d#3b014713c6eef652c80455e59a50e1c1797e87a9,4,89a72b9336ad75f02203db76d568dc1be0becd94,210420179d550aeb9e4ebd57259bedffa9296bc7,42dea85521173004c249043397d6d95325f30570,2,0,0,85,54,0,0,5,0,0,3,0,2,38,5399,989.998147805149,93.9062789405445,170.216706797555,0.0,66,2013-05-19 16:16:56,2013-05-18 02:41:31,passed,430,"[7269291, 7269290, 7269288, 7269287, 7269289]",109,7269289,ruby,ok,,ruby,rspec,1.0,,2448,0,2448,41,,20.6,,0
7301672,ruby-rdf/rdf,0.0,,,ruby,,master,5,3b014713c6eef652c80455e59a50e1c1797e87a9#bdf1bcbf4e668f6eb6bb007a6d630ab65a132e9d#1bd53a9501689f4f732f9139aaddbce354cd21d8#89a72b9336ad75f02203db76d568dc1be0becd94#64ec1d7262336bd665edf4d96ee9ab81ecd99394,merge_found,,,2013-05-17 17:35:08,4,64ec1d7262336bd665edf4d96ee9ab81ecd99394,1,64ec1d7262336bd665edf4d96ee9ab81ecd99394,,64ec1d7262336bd665edf4d96ee9ab81ecd99394,,0,,81,52,0,0,5,0,0,3,0,2,42,5399,989.998147805149,93.9062789405445,170.216706797555,1.0,,2013-05-19 16:16:56,2013-05-19 16:17:23,passed,436,"[7301677, 7301676, 7301673, 7301674, 7301675]",110,7301673,ruby,ok,,ruby,rspec,1.0,,2460,0,2460,41,,19.5,,0
7301708,ruby-rdf/rdf,0.0,,,ruby,,master,1,a1802271001d470703b29be3501c3d3fbd4054b3,build_found,64ec1d7262336bd665edf4d96ee9ab81ecd99394,7301672,2013-05-19 16:21:06,4,a1802271001d470703b29be3501c3d3fbd4054b3,1,a1802271001d470703b29be3501c3d3fbd4054b3,,a1802271001d470703b29be3501c3d3fbd4054b3,,0,,1,0,0,0,3,0,0,1,0,2,99,5399,989.998147805149,93.9062789405445,170.216706797555,1.0,,2013-05-19 16:21:18,2013-05-19 16:21:44,passed,383,"[7301713, 7301712, 7301710, 7301709, 7301711]",111,7301709,ruby,ok,,ruby,rspec,1.0,,2460,0,2460,41,,20.55,,0
7332228,ruby-rdf/rdf,0.0,,,ruby,,master,1,fa5fd9674f9a35f5cff20b5c0a28745c09576906,build_found,a1802271001d470703b29be3501c3d3fbd4054b3,7301708,2013-05-20 19:01:00,4,fa5fd9674f9a35f5cff20b5c0a28745c09576906,1,fa5fd9674f9a35f5cff20b5c0a28745c09576906,,fa5fd9674f9a35f5cff20b5c0a28745c09576906,,0,,2,0,0,0,1,0,0,1,0,0,14,5399,989.998147805149,93.9062789405445,170.216706797555,1.0,,2013-05-20 19:01:13,2013-05-20 19:01:59,passed,400,"[7332233, 7332231, 7332232, 7332230, 7332229]",113,7332229,ruby,ok,,ruby,rspec,1.0,,2460,0,2460,41,,23.31,,0
7584736,ruby-rdf/rdf,0.0,,,ruby,,master,1,0e441dce089118c3f5e085ab008a376601fba085,build_found,fa5fd9674f9a35f5cff20b5c0a28745c09576906,7332228,2013-05-29 01:09:24,4,0e441dce089118c3f5e085ab008a376601fba085,1,0e441dce089118c3f5e085ab008a376601fba085,,0e441dce089118c3f5e085ab008a376601fba085,,0,,8,63,0,0,2,0,0,2,0,0,18,5397,992.588475078747,93.941078376876,170.465073188809,1.0,,2013-05-29 01:22:26,2013-05-29 01:24:13,passed,374,"[7584741, 7584740, 7584739, 7584738, 7584737]",115,7584739,ruby,ok,,ruby,rspec,1.0,,2449,0,2449,41,,19.39,,0
7585332,ruby-rdf/rdf,0.0,,,ruby,,master,1,b5839e72fbe71e9e6d16a3e9b7997fde7c339633,build_found,0e441dce089118c3f5e085ab008a376601fba085,7584736,2013-05-29 01:59:01,4,b5839e72fbe71e9e6d16a3e9b7997fde7c339633,1,b5839e72fbe71e9e6d16a3e9b7997fde7c339633,,b5839e72fbe71e9e6d16a3e9b7997fde7c339633,,0,,3,5,0,0,2,0,0,2,0,0,19,5398,992.960355687292,93.9236754353464,170.618747684328,1.0,,2013-05-29 02:00:09,2013-05-29 02:00:40,passed,401,"[7585339, 7585337, 7585336, 7585334, 7585333]",116,7585333,ruby,ok,,ruby,rspec,1.0,,2461,0,2461,41,,20.01,,0
7618268,ruby-rdf/rdf,0.0,,,ruby,,master,1,4a798f3b2a921fe2f949523c7fce8bf58188a0fb,build_found,b5839e72fbe71e9e6d16a3e9b7997fde7c339633,7585332,2013-05-30 01:08:08,4,4a798f3b2a921fe2f949523c7fce8bf58188a0fb,1,4a798f3b2a921fe2f949523c7fce8bf58188a0fb,,4a798f3b2a921fe2f949523c7fce8bf58188a0fb,,0,,14,5,0,0,2,0,0,2,0,0,20,5393,994.622659002411,94.0107546819952,170.776933061376,1.0,,2013-05-30 01:08:37,2013-05-30 01:09:01,passed,566,"[7618272, 7618273, 7618270, 7618269, 7618271]",117,7618273,ruby,ok,,ruby,rspec,1.0,,2466,0,2466,42,,30.67,,0
7648161,ruby-rdf/rdf,0.0,,,ruby,,master,1,1e4bd9a92deda37002cad4374b779017e993dcfc,build_found,4a798f3b2a921fe2f949523c7fce8bf58188a0fb,7618268,2013-05-30 22:31:57,4,1e4bd9a92deda37002cad4374b779017e993dcfc,1,1e4bd9a92deda37002cad4374b779017e993dcfc,,1e4bd9a92deda37002cad4374b779017e993dcfc,,0,,0,0,0,0,1,0,0,0,0,1,57,5393,994.622659002411,94.0107546819952,170.776933061376,1.0,,2013-05-30 22:32:20,2013-06-04 00:55:20,passed,413,"[7648166, 7648164, 7648165, 7648163, 7648162]",119,7648164,ruby,ok,,ruby,rspec,1.0,,2450,0,2450,41,,24.86,,0
8122710,ruby-rdf/rdf,0.0,,,ruby,,master,1,ba17419cda59b6c524116a0faebadeafbc8fc04b,build_found,7b6d10d53314de6f8ccd9d4e7d8b73ddb0ffdfb9,8092981,2013-06-15 21:25:46,4,ba17419cda59b6c524116a0faebadeafbc8fc04b#952a7375e74633a9c9925b751b3333f728d77285,2,ba17419cda59b6c524116a0faebadeafbc8fc04b,,ba17419cda59b6c524116a0faebadeafbc8fc04b,,0,,2,2,0,0,3,0,0,2,0,1,22,5405,1026.45698427382,93.9870490286771,172.802960222017,1.0,,2013-06-15 21:27:58,2013-06-15 21:29:53,passed,923,"[8122717, 8122716, 8122715, 8122714, 8122712]",127,8122716,java,ok,,java-ant,,0.0,,,,,,,,,0
8516748,ruby-rdf/rdf,0.0,,,ruby,,master,1,642be3a98058fa16a66dadaebffe3612ddd06ab8,build_found,450ccd8e317159ca510294101dfc6ee31dbf038f,8515305,2013-06-27 19:35:59,3,642be3a98058fa16a66dadaebffe3612ddd06ab8,1,642be3a98058fa16a66dadaebffe3612ddd06ab8,,642be3a98058fa16a66dadaebffe3612ddd06ab8,,0,,17,0,0,0,7,0,0,4,0,3,159,5424,1023.04572271386,93.6578171091445,172.197640117994,1.0,,2013-06-27 19:46:00,2013-06-27 19:46:46,passed,855,"[8516752, 8516749, 8516750, 8516751]",134,8516749,ruby,ok,,ruby,rspec,1.0,,2482,0,2482,41,,26.01,,0
8551220,ruby-rdf/rdf,0.0,,,ruby,,master,2,d5a3602f4b4573e8361240d40bdb310b31fcba2f#4054b13ce81e3ea71b3adcfde2873b30493f76b9,merge_found,,,2013-06-28 19:12:51,3,4054b13ce81e3ea71b3adcfde2873b30493f76b9,1,4054b13ce81e3ea71b3adcfde2873b30493f76b9,,4054b13ce81e3ea71b3adcfde2873b30493f76b9,,0,,6,4,0,0,3,0,0,3,0,0,131,5424,1023.04572271386,93.6578171091445,172.197640117994,1.0,,2013-06-28 19:22:08,2013-06-28 19:22:55,passed,803,"[8551221, 8551224, 8551222, 8551223]",137,8551222,ruby,ok,,ruby,rspec,1.0,,2470,0,2470,41,,19.78,,0
8661034,ruby-rdf/rdf,1.0,2013-07-02 13:26:20,125,ruby,merge_button,master,2,8ab88b515fdba705d467572b0fd5a238abdee639#d329351bfc6dcb1c3df36c831f33bdc9dcf07267,build_found,4054b13ce81e3ea71b3adcfde2873b30493f76b9,8551220,2013-07-02 15:21:03,4,8ab88b515fdba705d467572b0fd5a238abdee639,1,8ab88b515fdba705d467572b0fd5a238abdee639,4054b13ce81e3ea71b3adcfde2873b30493f76b9,cbaaa279c24946e0436d4eacc69b38e9ef9dbe17,0,0,0,4,0,0,0,1,0,0,1,0,0,22,5424,1023.04572271386,93.6578171091445,172.197640117994,1.0,18,2013-07-03 22:23:18,2013-07-02 15:27:41,passed,1075,"[8661038, 8661035, 8661036, 8661037]",138,8661036,ruby,ok,,ruby,rspec,1.0,,2470,0,2470,41,,25.05,,0
8715533,ruby-rdf/rdf,0.0,,,ruby,,master,2,8ab88b515fdba705d467572b0fd5a238abdee639#d329351bfc6dcb1c3df36c831f33bdc9dcf07267,merge_found,,,2013-07-02 15:21:03,4,d329351bfc6dcb1c3df36c831f33bdc9dcf07267,1,d329351bfc6dcb1c3df36c831f33bdc9dcf07267,,d329351bfc6dcb1c3df36c831f33bdc9dcf07267,,0,,4,0,0,0,1,0,0,1,0,0,23,5424,1023.04572271386,93.6578171091445,172.197640117994,1.0,,2013-07-03 22:23:18,2013-07-03 22:23:47,passed,799,"[8715537, 8715536, 8715535, 8715534]",139,8715537,ruby,ok,,ruby,rspec,1.0,,2486,0,2486,42,,29.49,,0
8851279,ruby-rdf/rdf,0.0,,,ruby,,master,1,38fe7c76095d8fda0d47d168d39292c455897699,build_found,d329351bfc6dcb1c3df36c831f33bdc9dcf07267,8715533,2013-07-08 15:12:08,4,38fe7c76095d8fda0d47d168d39292c455897699,1,38fe7c76095d8fda0d47d168d39292c455897699,,38fe7c76095d8fda0d47d168d39292c455897699,,0,,2,268,0,0,21,0,0,21,0,0,270,5424,1023.04572271386,93.6578171091445,171.27581120944,1.0,,2013-07-08 15:13:19,2013-07-08 15:14:23,passed,1054,"[8851284, 8851282, 8851281, 8851280]",143,8851281,ruby,ok,,ruby,rspec,1.0,,2470,0,2470,41,,22.3,,0
8944659,ruby-rdf/rdf,0.0,,,ruby,,master,2,47d3c8a3a96445d440b2a2b530d3f0c75a601d01#2c2abe85996fddcaa98cb0395ab9830633abc596,merge_found,,,2013-07-09 16:16:43,4,2c2abe85996fddcaa98cb0395ab9830633abc596,1,2c2abe85996fddcaa98cb0395ab9830633abc596,,2c2abe85996fddcaa98cb0395ab9830633abc596,,0,,2,11,0,0,2,0,0,2,0,0,51,5424,1024.88938053097,93.6578171091445,171.828908554572,1.0,,2013-07-10 22:00:16,2013-07-10 22:12:01,passed,887,"[8944663, 8944661, 8944662, 8944660]",147,8944662,java,ok,,java-ant,,0.0,,,,,,,,,0
9016588,ruby-rdf/rdf,0.0,,,ruby,,master,1,520491f3bf5fda286cf15fce15eeb3c1c05f4943,build_found,aead7d43dd5e80ae369c1d188f438439efadc106,8982665,2013-07-12 17:14:08,4,520491f3bf5fda286cf15fce15eeb3c1c05f4943,1,520491f3bf5fda286cf15fce15eeb3c1c05f4943,,520491f3bf5fda286cf15fce15eeb3c1c05f4943,,0,,28,0,0,0,1,0,0,1,0,0,28,5434,1026.13176297387,94.0375414059625,172.800883327199,1.0,,2013-07-12 17:14:44,2013-07-12 17:26:44,passed,981,"[9016592, 9016589, 9016590, 9016591]",153,9016589,ruby,ok,,ruby,rspec,1.0,,2486,0,2486,40,,19.79,,0
10998198,ruby-rdf/rdf,0.0,,,ruby,,master,5,066e7d0f707e63504dde4f0e9fa2480de3e371be#0cdc89d9906a68b4731e50b170e19fd984c81c47#eb1b5bbfdd3bc0cc0274f8f9879fc056e146f517#972d1ec7487f7d8f4992f5f9c06c680133f4b798#753f54747e5360ab799e5a8eecbc05c86ccf62ad,merge_found,,,2013-07-16 21:33:19,4,753f54747e5360ab799e5a8eecbc05c86ccf62ad,1,753f54747e5360ab799e5a8eecbc05c86ccf62ad,,753f54747e5360ab799e5a8eecbc05c86ccf62ad,,0,,126,818,0,0,14,0,0,13,0,1,370,5461,1044.49734480864,90.6427394250137,170.481596777147,1.0,,2013-09-05 00:10:33,2013-09-05 00:14:07,passed,902,"[10998202, 10998200, 10998201, 10998199]",160,10998200,ruby,ok,,ruby,rspec,1.0,,2593,0,2593,40,,22.65,,0
12329251,ruby-rdf/rdf,1.0,2013-10-09 14:45:19,129,ruby,commits_in_master,master,5,753f54747e5360ab799e5a8eecbc05c86ccf62ad#804acdfe48f460ebd358a141b6129c66d9683f22#275729f96441307d379b2f64fae4871f3cb97a4b#ec548b5c3dd24153ad190592dfd8e480950616ea#7c63b65af2daa3649ff2cd1a8c304da70fe3f7e1,build_found,753f54747e5360ab799e5a8eecbc05c86ccf62ad,10998198,2013-09-05 00:10:30,4,275729f96441307d379b2f64fae4871f3cb97a4b#804acdfe48f460ebd358a141b6129c66d9683f22,2,275729f96441307d379b2f64fae4871f3cb97a4b,753f54747e5360ab799e5a8eecbc05c86ccf62ad,c1629eebd85fe951ec6e6232ee1961d20453e4ae,3,0,0,66,0,0,0,2,0,0,2,0,0,116,5471,1042.5881922866,90.4770608663864,170.169987205264,1.0,27,2013-10-09 20:08:31,2013-10-09 16:46:16,passed,866,"[12329252, 12329253, 12329254, 12329255]",162,12329255,ruby,ok,,ruby,rspec,1.0,,2609,0,2609,41,,29.57,,0
12333541,ruby-rdf/rdf,1.0,2013-10-09 14:45:19,129,ruby,commits_in_master,master,5,753f54747e5360ab799e5a8eecbc05c86ccf62ad#804acdfe48f460ebd358a141b6129c66d9683f22#275729f96441307d379b2f64fae4871f3cb97a4b#ec548b5c3dd24153ad190592dfd8e480950616ea#7c63b65af2daa3649ff2cd1a8c304da70fe3f7e1,build_found,275729f96441307d379b2f64fae4871f3cb97a4b,12329251,2013-09-05 00:10:30,4,ec548b5c3dd24153ad190592dfd8e480950616ea,1,ec548b5c3dd24153ad190592dfd8e480950616ea,753f54747e5360ab799e5a8eecbc05c86ccf62ad,006b4a79dea996035973807d62874623e944c022,2,0,0,1,0,0,0,2,0,0,1,0,1,96,5471,1042.5881922866,90.4770608663864,170.169987205264,1.0,27,2013-10-09 20:08:31,2013-10-09 18:33:28,passed,989,"[12333542, 12333543, 12333544, 12333545]",163,12333542,ruby,ok,,ruby,rspec,1.0,,2605,0,2605,40,,18.16,,0
12466415,ruby-rdf/rdf,0.0,,,ruby,,master,14,56b713bc5fc5a5a867ba66bbe8e2c7a0321a4560#804acdfe48f460ebd358a141b6129c66d9683f22#275729f96441307d379b2f64fae4871f3cb97a4b#ec548b5c3dd24153ad190592dfd8e480950616ea#7c63b65af2daa3649ff2cd1a8c304da70fe3f7e1#3d0e96b16607df999dc8b300c59294a28f6de484#e04c011034cb498c47c8c897247f3a6277e70015#3c500178131d8b995554e7d3253e487b446ce380#6643a4d633e1b9f20edbefd635507a22a4a1ca11#13f375b84cf745497705345dfa6da5dcb4a6e935#f692cd505efb8169ede6c99e4d7d0b58fe013d4b#6e01ceafe512a64e347eba0d5e8e5d4426d97ec2#a5d94377904548c479edbd9a84f57c4347ea735b#a5f0cecf7e8eca26d6004a96267548dac9728be3,merge_found,,,2013-09-05 00:10:30,4,a5f0cecf7e8eca26d6004a96267548dac9728be3,1,a5f0cecf7e8eca26d6004a96267548dac9728be3,,a5f0cecf7e8eca26d6004a96267548dac9728be3,,0,,826,1372,2,0,34,0,0,34,0,2,569,6142,925.105828720287,80.5926408336047,149.951155975252,1.0,,2013-10-12 19:57:55,2013-10-12 19:58:41,passed,804,"[12466418, 12466423, 12466425, 12466427]",173,12466423,ruby,ok,,ruby,rspec,1.0,,2623,0,2623,40,,21.42,,0
13185480,ruby-rdf/rdf,0.0,,,ruby,,master,12,73a4c1f60aca45716784056b838df8525a117a9b#30dde5a00a723790a1664f41acb8010329f51bb1#c795871a94d01a2205f7b95e40c0ef695f949939#3acb0c320c843f1d6955d980eaf65769e1c7401e#0611c1807b96bfacd2cca320850f35a176820421#9fc9c796b9e945563dccbce700c2b92f52dd137f#e675562d23856f694e34a69dad219469fae1af9c#53b09746c1f5e96b2ba9226689528172c3a017c2#9475715f6cd9646eaf5e01de3ad641d1fe3eb829#8ca654d25d236bd058171bb608335dbfe6c844be#3eafa9a6936d5f58cd1bb68452a0fd56d112ca08#a5ef31557475f74905d2a8f28a95f8c728a2a0d2,merge_found,,,2013-10-12 19:57:52,4,a5ef31557475f74905d2a8f28a95f8c728a2a0d2,1,a5ef31557475f74905d2a8f28a95f8c728a2a0d2,,a5ef31557475f74905d2a8f28a95f8c728a2a0d2,,0,,69,90,0,0,13,0,0,12,0,1,410,6159,930.183471342751,80.857282026303,149.699626562754,1.0,,2013-10-29 00:30:44,2013-10-29 00:31:28,passed,730,"[13185482, 13185484, 13185486, 13185487]",183,13185482,ruby,ok,,ruby,rspec,1.0,,2652,0,2652,40,,17.12,,0
15055244,ruby-rdf/rdf,0.0,,,ruby,,master,11,a5f0cecf7e8eca26d6004a96267548dac9728be3#a5ef31557475f74905d2a8f28a95f8c728a2a0d2#c078de464da1b83d3067963582444d996b00a773#594e69fe333fbdb6020fa8db40ed964626a08114#b824b2054f11f3363cc09e16cbe27351ef4d8be2#c31259b6c4aa701bddb0c951e9e8145ae5e05ca1#0d5246ed84bdd13e3e73ce8c372aa9dc85dec778#581f8f9468643b14ca65fc0c772a7ee33fff63da#b24fa659302fb4f036d3e518df18a7c0728b9089#d987919236033c6a429f7a045d8230b4791ceb13#c2d9575ce7da6737a9253605aa7c0a0657c8cb7e,merge_found,,,2013-10-12 19:57:51,4,c078de464da1b83d3067963582444d996b00a773,1,c078de464da1b83d3067963582444d996b00a773,,c078de464da1b83d3067963582444d996b00a773,,0,,8706,1573,13,2,74,0,0,81,0,8,1091,14774,436.645458237444,36.9568160281576,67.5511032895627,1.0,,2014-05-04 15:17:43,2013-12-06 19:18:35,passed,1073,"[15055245, 15055246, 15055248, 15055250]",238,15055245,ruby,ok,,ruby,rspec,1.0,,3336,0,3336,19,,41.54,,0
15297192,ruby-rdf/rdf,0.0,,,ruby,,master,4,1aba06654d6f52f806fbcbeeb135b4251274a107#cfdac6460175b93ef690ff22e342d2f9b687da91#beeb0012a2d16b9417aa4f11e93d2d8afa2727b9#594e69fe333fbdb6020fa8db40ed964626a08114,merge_found,,,2013-12-10 18:49:40,4,594e69fe333fbdb6020fa8db40ed964626a08114,1,594e69fe333fbdb6020fa8db40ed964626a08114,,594e69fe333fbdb6020fa8db40ed964626a08114,,0,,10,0,0,0,5,0,0,4,0,1,264,14774,436.645458237444,36.9568160281576,67.5511032895627,1.0,,2013-12-11 17:37:23,2013-12-11 17:39:48,passed,1313,"[15297193, 15297194, 15297195, 15297196]",242,15297195,ruby,ok,,ruby,rspec,1.0,,3336,0,3336,47,,39.42,,0
15858652,ruby-rdf/rdf,0.0,,,ruby,,master,5,96d36de70b2732f3545708f7cd514d3430cfad90#c29271141cb42b1fd205778f40c32464148330c0#17992b5bf7f15cb385b8e9c0add9cd9549a92614#675d53966656da41c1b33b4c4a83f7589d844210#b824b2054f11f3363cc09e16cbe27351ef4d8be2,merge_found,,,2013-12-11 17:37:20,4,b824b2054f11f3363cc09e16cbe27351ef4d8be2,1,b824b2054f11f3363cc09e16cbe27351ef4d8be2,,b824b2054f11f3363cc09e16cbe27351ef4d8be2,,0,,41,67,0,0,5,0,0,4,0,1,275,14784,439.596861471861,36.9318181818182,67.573051948052,1.0,,2013-12-22 19:38:04,2013-12-22 19:38:45,passed,1008,"[15858653, 15858654, 15858655, 15858656]",247,15858655,ruby,ok,,ruby,rspec,1.0,,3345,0,3345,47,,28.68,,0
16003965,ruby-rdf/rdf,0.0,,,ruby,,master,4,e6004129195e6ff1c58f4e426100706b025a0156#8696966221297f1bdd7c6e4dae51b166a6d32994#d12c6dceb290a8f7a1e66a8a116950b1e2843213#c31259b6c4aa701bddb0c951e9e8145ae5e05ca1,merge_found,,,2013-12-22 19:38:01,4,c31259b6c4aa701bddb0c951e9e8145ae5e05ca1,1,c31259b6c4aa701bddb0c951e9e8145ae5e05ca1,,c31259b6c4aa701bddb0c951e9e8145ae5e05ca1,,0,,2,0,0,0,2,0,0,1,0,1,163,14784,439.596861471861,36.9318181818182,67.573051948052,1.0,,2013-12-26 20:25:40,2013-12-26 20:26:18,passed,943,"[16003966, 16003967, 16003968, 16003969]",251,16003969,ruby,ok,,ruby,rspec,1.0,,3348,0,3348,25,,37.21,,0
17013990,ruby-rdf/rdf,0.0,,,ruby,,master,11,04010a05881f9e5df823817e67b8d90331738a80#bfb943d2776ef7ca0a0dce42817dc481fe4b6c1d#33ad2b0d814ffd887651b28df51809d0d00c97b7#7461fd3a8c4a14249e60793e64797cfc00c4014f#b441d01df1924c40595ed0618d5f84ff214f6b6d#e3c93d5980692ec4bf0a5b41062a5f19f62ad0fa#2f3168b68f52a444ca3fd448d65bfd66d1240f02#a6d14dfddfff83c24fab8043f010ebe54274db18#95c8d67470670f320345bfe39cdbf038ae3974ce#1076e0d4c47fd12e18502dc02ca89d62056d1720#0d5246ed84bdd13e3e73ce8c372aa9dc85dec778,merge_found,,,2013-12-26 20:25:37,3,0d5246ed84bdd13e3e73ce8c372aa9dc85dec778,1,0d5246ed84bdd13e3e73ce8c372aa9dc85dec778,,0d5246ed84bdd13e3e73ce8c372aa9dc85dec778,,0,,87,34,0,0,10,0,0,8,0,2,316,14788,441.371382201785,37.1923180957533,67.8252637273465,1.0,,2014-01-15 18:37:41,2014-01-15 18:47:23,passed,1737,"[17013991, 17013992, 17013993, 17013994, 17013995]",265,17013993,ruby,ok,,ruby,rspec,1.0,,3352,0,3352,19,,25.84,,0
17045689,ruby-rdf/rdf,0.0,,,ruby,,master,5,168b5982df7d22284a789161be3a286757f5675c#97f665dec447f4f92a2a1293fb26885365f9c08b#85e4842976b412f786ae7d15025cf01746197308#952c15c78bef07cb51b6412d50f46a3e23bcf342#581f8f9468643b14ca65fc0c772a7ee33fff63da,merge_found,,,2014-01-15 18:37:37,3,581f8f9468643b14ca65fc0c772a7ee33fff63da,1,581f8f9468643b14ca65fc0c772a7ee33fff63da,,581f8f9468643b14ca65fc0c772a7ee33fff63da,,0,,67,40,0,0,3,0,0,2,0,1,126,14797,441.711157667095,37.2372778265865,68.257079137663,1.0,,2014-01-16 07:05:57,2014-01-16 07:07:56,passed,1287,"[17045690, 17045691, 17045692, 17045693, 17045694]",270,17045690,ruby,ok,,ruby,rspec,1.0,,3350,0,3350,19,,33.43,,0
22404057,ruby-rdf/rdf,0.0,,,ruby,,master,18,6c20d1fcab4fd6e69865e1e83682368a856cb057#c40c924594503b9ff57fe660c1dfb51fd5c158a5#8a9c36612aa53fe7180ee6447bf9e70587d14e61#5713da6bc2d37a3a0ea16b851172ef07b3490edb#8e3a5e7ab12f1a9376662ad43bf73ce1015a110c#a43b91d254ed4ebccd4a4c6b7d1e123b34d423d8#00d8e45a8f472d95ca07fae1362050d1f7838cad#460322310111d368813913033a1d830a2379d5fd#f8551d4363f61c0fc9324e8754a113d6d864be47#8f8620afa98421925b5f21c640ae2295342716a2#8c81c0ba184c1bac1d81acd0f5f57ff4f8f08c24#15375ce5255661120c1de2c5197635f43386283a#914da4c623ed2b6d27423a8984f5c433a683f87f#d85fbfbb040872131e5710aed52ce902d2c0232d#7eaefcebb4805eb5024d2a0f132bffa9deef38c4#cdb574a79c50ea8101940425bfdb001ed2f3f3bb#b04178edd9b2d9744ce82d96065d3dde8d1d84af#b24fa659302fb4f036d3e518df18a7c0728b9089,merge_found,,,2014-01-16 07:05:54,4,b24fa659302fb4f036d3e518df18a7c0728b9089,1,b24fa659302fb4f036d3e518df18a7c0728b9089,,b24fa659302fb4f036d3e518df18a7c0728b9089,,0,,1325,15,2,2,10,0,0,11,0,2,409,15950,410.470219435737,34.6081504702194,63.5736677115988,1.0,,2014-04-06 21:17:38,2014-04-06 21:18:25,passed,1635,"[22404058, 22404059, 22404060, 22404061, 22404062, 22404063]",284,22404059,ruby,ok,,ruby,rspec,1.0,,3355,0,3355,19,,30.43,,0
24391803,ruby-rdf/rdf,0.0,,,ruby,,master,2,09b18225303d9ca5e5b6ed367a131037f003bdd5#4e7d5a3a9ffe410985c94c07bc6afcd73179a0a7,merge_found,,,2014-05-04 15:40:07,4,4e7d5a3a9ffe410985c94c07bc6afcd73179a0a7,1,4e7d5a3a9ffe410985c94c07bc6afcd73179a0a7,,4e7d5a3a9ffe410985c94c07bc6afcd73179a0a7,,0,,0,0,0,0,1,0,0,0,0,1,27,15950,410.470219435737,34.6081504702194,63.5736677115988,1.0,,2014-05-04 15:41:14,2014-05-04 15:41:43,failed,1419,"[24391804, 24391805, 24391806, 24391807, 24391808]",292,24391807,java,broken,,java-ant,,0.0,,,,,,,,,0
26533193,ruby-rdf/rdf,0.0,,,ruby,,master,20,4e7d5a3a9ffe410985c94c07bc6afcd73179a0a7#4d306f8ffb34e5ddad67d2ebcb8dc697676b4458#7097de6d399ed3c8ffe489b1362b24414861ec76#7aa5248ac8f8c9dbd59061f6f9ec8742edf13ccf#78b3b7a4c5cac0494c709b45de889ed4ae8cb5e5#0a6065ee1ac6d56db988a5b07c9ea835ab3217bc#f7b2ae5636fc0d778d1f0a53be546ddb2171a5f3#278f42450176828751dc858d330d9f68b1f305d6#91ebca69cb6ba5f157d1e417e6606e52cae81417#c0190b91b7c05f4e6fc15b4a2f373b33ba7a2bd6#15e227115f2352ff50af1a69fff7a86cae6b219a#bc6654fbc5045f4d8ce3323ded183948a8369646#4aa2b1b92db6a66203963f85bf3cc4bcd3af64ed#775df3207cdd3b31ec36adaa0ac2bd16f6b45f28#039679f7efd11d668f6d74bc282063df298ef458#9349bb6b7e35f0c019f247d5582283c3af231f67#65db39dfaf28b744c7417abef3a8b75a88407e3a#7b9677f4852537df90144aa86ece01f5ee474444#ad69ce1ab0a6ff46922e42886a3dbd29ae96ae60#c54cf29034d4cb06549f16b548ec0252dc08f634,merge_found,,,2014-05-04 15:41:09,5,4d306f8ffb34e5ddad67d2ebcb8dc697676b4458,1,4d306f8ffb34e5ddad67d2ebcb8dc697676b4458,,4d306f8ffb34e5ddad67d2ebcb8dc697676b4458,,0,,13853,413,5,2,55,0,0,57,0,5,736,28241,240.46598916469,20.6083353988881,37.3570340993591,1.0,,2015-06-08 20:49:36,2014-06-01 22:29:13,passed,1438,"[26533195, 26533196, 26533197, 26533198, 26533199]",318,26533196,ruby,ok,,ruby,rspec,1.0,,3493,0,3493,15,,7.65,,0
27703307,ruby-rdf/rdf,0.0,,,ruby,,master,15,ae447b3993a1494aba842bcf792d9508b5c43a5f#6e03998209e34ff544bfe9941df152f64744c169#035550244c061b408bcddd19670990b100bb3fb2#00df7d0bea0bbf6e94c80faef981650d3ba16c29#8bedb1681930bf2ad670800e87e14d26b4ad1950#b0b54184250e43010294f456ec72d4edc8c71640#57285d7f8d1936308a45642c47ccad9f5b275a1d#920bfffa009667567fb3ab85f15c31560d04d2de#1b6bcecbc7e9c499db32c006bb3a075aac6d2309#828985db77e71204e3247a1e2563fd5985f51b97#9221acb6b593b0230cf59e1806c1c36fb62153bd#c52516d94feafc5d595d3287d69c1b14f33f42d8#54dce6eb554979a8917f5c148150635cc1fedfe8#9c2ce9f8e194b4d7e879dfdf82dae62ddd094edc#7097de6d399ed3c8ffe489b1362b24414861ec76,merge_found,,,2014-06-01 22:19:37,5,7097de6d399ed3c8ffe489b1362b24414861ec76,1,7097de6d399ed3c8ffe489b1362b24414861ec76,,7097de6d399ed3c8ffe489b1362b24414861ec76,,0,,2322,178,4,0,49,0,0,50,0,3,548,29206,233.958775594056,19.9274121755804,36.1911935903581,1.0,,2014-06-16 17:48:33,2014-06-16 17:52:51,passed,2279,"[27703308, 27703309, 27703310, 27703311, 27703312]",332,27703309,ruby,ok,,ruby,rspec,1.0,,3505,0,3505,13,,35.91,,0
29456857,ruby-rdf/rdf,0.0,,,ruby,,master,9,dab6ad5167668af8bf157be968dc31aa8156b200#67c88816775bb24123a6f6103b6dc72914b7025e#e84c7e75c17a92748ff67182a06954ee57bb1c98#7b97490d5adb01c475a361ea3781a7997eb13a08#3557930a11818c9909b7e58d4cea90424529d22d#2d8df99c02b9d68338f66b51dd8cf289f4246493#e0d198a032dea5ab616fa396aa888cebb397c1ab#6847269b1a7a9e8a91d416c97c4bd21f91239ac6#7aa5248ac8f8c9dbd59061f6f9ec8742edf13ccf,merge_found,,,2014-06-16 17:48:30,4,7aa5248ac8f8c9dbd59061f6f9ec8742edf13ccf,1,7aa5248ac8f8c9dbd59061f6f9ec8742edf13ccf,,7aa5248ac8f8c9dbd59061f6f9ec8742edf13ccf,,0,,192,0,0,0,37,0,0,36,0,1,294,29243,233.662756899087,19.9021988168109,36.1454023185036,1.0,,2014-07-08 22:01:50,2014-07-08 22:02:15,failed,1440,"[29456858, 29456859, 29456860, 29456861, 29456862]",339,29456860,ruby,broken,,ruby,rspec,1.0,,3504,1,3505,13,,19.3,,0
31096772,ruby-rdf/rdf,0.0,,,ruby,,master,8,0cf0bb436a8aa515f1df1a26e4f9ef397f62dc96#560b5118fe5b545692751a9beced3b217abc7b51#345850e1bcd38e20e561abb6af93b0dc24da2b4d#aa2ada6ee6e1cafcd65c3c392895a10f70135cfb#fc8beb573ac31a4ad6472cde644ea061b1bbb188#f39bd465d61ec909e6628d11931a1de4e24bf402#52cf2f51b0779ed7722d4dd9d69a43e0afa6724b#78b3b7a4c5cac0494c709b45de889ed4ae8cb5e5,merge_found,,,2014-07-08 22:01:48,4,78b3b7a4c5cac0494c709b45de889ed4ae8cb5e5,1,78b3b7a4c5cac0494c709b45de889ed4ae8cb5e5,,78b3b7a4c5cac0494c709b45de889ed4ae8cb5e5,,0,,157,0,0,0,4,0,0,3,0,1,169,29279,233.37545681205,19.8777280644831,36.1009597322313,1.0,,2014-07-29 00:20:30,2014-07-29 00:21:19,passed,1421,"[31096773, 31096774, 31096775, 31096776, 31096777]",345,31096775,ruby,ok,,ruby,rspec,1.0,,3505,0,3505,13,,40.1,,0
33456183,ruby-rdf/rdf,0.0,,,ruby,,master,7,a84d0b0395d28cc49da41d0b1678b6f04a934be7#44f2f7987f94ec3198dca3e355c2769dd6899b8c#2d5d6a8671e09f829397422cf721a78cd2320585#943ecd8baa8dafa14bd57d385b0e606015a8e2da#a535a1e1f0b31818a355d7455dd982fca0063905#efebd008dbec2e5c95a1444cf7ceedb3a35c2d22#0a6065ee1ac6d56db988a5b07c9ea835ab3217bc,merge_found,,,2014-07-29 00:20:28,4,0a6065ee1ac6d56db988a5b07c9ea835ab3217bc,1,0a6065ee1ac6d56db988a5b07c9ea835ab3217bc,,0a6065ee1ac6d56db988a5b07c9ea835ab3217bc,,0,,235,308,0,0,18,0,0,17,0,1,477,29400,234.149659863946,19.6258503401361,36.530612244898,1.0,,2014-08-25 01:54:28,2014-08-25 01:54:56,passed,1140,"[33456184, 33456185, 33456186, 33456187, 33456188]",352,33456184,ruby,ok,,ruby,rspec,1.0,,3504,0,3504,13,,28.35,,0
33638338,ruby-rdf/rdf,0.0,,,ruby,,master,4,5699223afd0669d2e6e87a128d07c4c29ea5a33c#b54fc2fc4352b494a7e1ed99b19a09cfb9f18e9d#b33f748addff8af3d929edd27a7f6e2aebbc8874#f7b2ae5636fc0d778d1f0a53be546ddb2171a5f3,merge_found,,,2014-08-25 01:54:24,4,f7b2ae5636fc0d778d1f0a53be546ddb2171a5f3,1,f7b2ae5636fc0d778d1f0a53be546ddb2171a5f3,,f7b2ae5636fc0d778d1f0a53be546ddb2171a5f3,,0,,11,79,0,0,4,0,0,3,0,1,189,29400,236.360544217687,19.6938775510204,36.6326530612245,1.0,,2014-08-26 21:35:27,2014-08-26 21:39:11,passed,1524,"[33638339, 33638342, 33638345, 33638347, 33638349]",356,33638349,ruby,ok,,ruby,rspec,1.0,,3517,0,3517,13,,45.42,,0
35424337,ruby-rdf/rdf,0.0,,,ruby,,master,11,0cf69b14baea8fa28153901beb1a7a2dd667c352#10c04d41173f1d06596ee094f7cc23f4f9d412a5#d5d5353b8520a4b2ca7362f5e4ffe47782e64039#19917be8173a5b9a4eaa797829d3af7a70a8f3b2#babe642ec4022cf7c3fdef866564f92cd014884b#56bfcdb002a5e870a2f9ff136b6d2323c837fcd7#3cbd5adc06da377144952ecf6d13ace965f2e581#c0a92d5445a7435db658d966704a6aa66623d96f#2ef99120a2cfabf3d431cac977caa9f5575711f2#962d9891cabc4974894357637473f9ff492d7b3d#278f42450176828751dc858d330d9f68b1f305d6,merge_found,,,2014-08-26 21:35:25,4,278f42450176828751dc858d330d9f68b1f305d6,1,278f42450176828751dc858d330d9f68b1f305d6,,278f42450176828751dc858d330d9f68b1f305d6,,0,,294,360,0,0,11,0,0,9,0,2,407,29504,237.730477223427,19.6583514099783,36.7407809110629,1.0,,2014-09-16 11:18:36,2014-09-16 11:19:13,failed,1077,"[35424338, 35424339, 35424340, 35424341, 35424342]",365,35424341,ruby,broken,,ruby,rspec,1.0,,136,0,136,2,,1.28,,0
43791566,ruby-rdf/rdf,0.0,,,ruby,,master,14,96b40d11993644f5e8d0bf09b65d10b5230cec3a#cfcb2c2405439777d69ccf10d05a608d715abd1d#de3cd4ea031465ab70e7434f53912567251b99cc#4c9b24e20d0b2b8b8af61eeb2c997a87b4c7bf0d#7dd3a59a0f1bfb3aabce4f738ada09cdc8743df6#c54a6f1d1c2b8eebaab6ef73b3c5836ffe5a4c0a#2bb2e6a1bda7ecc845fedd981fb1cdfdc25f5489#ea14cba21b85c5809873b4449f5fde2771d11bf2#4874f533dbc36fc3f917effadaec2c84df220786#ebaf2ba54a1a3ba846d5eeaa10e40da3f89de9a1#89d1b7bac84f601c40bc5bae94f863528e753e48#718e1a79801c339cc5627a54c475074d436521bf#e3ea0c93848571b8d50bb74feb2baa59ad35b273#91ebca69cb6ba5f157d1e417e6606e52cae81417,merge_found,,,2014-09-16 11:18:35,3,91ebca69cb6ba5f157d1e417e6606e52cae81417,1,91ebca69cb6ba5f157d1e417e6606e52cae81417,,91ebca69cb6ba5f157d1e417e6606e52cae81417,,0,,261,323,0,0,8,0,0,7,0,1,351,30281,234.932796142796,19.3190449456755,36.3924573164691,1.0,,2014-12-12 02:34:27,2014-12-12 02:35:03,passed,1196,"[43791567, 43791568, 43791569, 43791570, 43791571]",380,43791568,ruby,ok,1,ruby,rspec,1.0,,3615,0,3615,13,,35.36,,0
49904823,ruby-rdf/rdf,0.0,,,ruby,,master,20,0abc857e274ab2a608f4951025ddfcd72989a943#149b9e051ebfa2c066a30669c20c10f974f09317#3f48666a3419a5fd016395fe47b805bf6b130817#7798820d84eae3e74f1c6fdaf3eecf9f54d806e2#dc6874a9068f144f9e6c756c595f7e7cc1d9447c#1be8ef69b3d96192aed630b891f35101dcf43cfd#6638f735cf5444aa6ad527ad17dedcc9f6c732ff#1d65a2ff844ab4b004b393478b1506c8dd2a3d0a#91b9a8f03f643e59f6f8ed8c5c1a889c99db145b#cf61141750faefea9db9f4cb816305b83bafd6ae#005eb360e544a81b317712f19d06471b95bf901a#c2a2cf5cdce7ddb83c16e4e7f338da09b2f1b06d#88b3738076129b6c504275cf6b948ccc134e7b02#45a3a6f328074f4ea1f408ab1c2b72ef1bf5598f#617abad7f64e832369a11597a346caadb540ea52#5f3239deb32200249fc88b85fe1f8642801b5ae3#307f12f4de5f89cacf1b96182a249ef539c3f709#ce3ccdad7a69bf32b18edbf2d9e5887efb01a717#d0913501958fc525acb52cf49818afdc26e95c3c#c0190b91b7c05f4e6fc15b4a2f373b33ba7a2bd6,merge_found,,,2014-12-12 02:34:26,3,c0190b91b7c05f4e6fc15b4a2f373b33ba7a2bd6,1,c0190b91b7c05f4e6fc15b4a2f373b33ba7a2bd6,,c0190b91b7c05f4e6fc15b4a2f373b33ba7a2bd6,,0,,874,34,2,0,18,0,0,18,0,2,667,30671,232.369339115125,19.1059958918848,35.9623096736331,1.0,,2015-02-08 00:23:22,2015-02-08 00:27:32,passed,1163,"[49904824, 49904825, 49904826, 49904827, 49904828, 49904829]",394,49904824,ruby,ok,0,ruby,rspec,1.0,,3614,0,3614,13,,10.6,,0
52211065,ruby-rdf/rdf,0.0,,,ruby,,master,7,023dda0b683ed83948387f27aae1cf025fdcf26b#f574ba2aa2cf8e21957af6a8ab38ab2a93e6fa7c#8f395d0248d966306e5fd0f534dfe02e9bf0f09a#31f07e73af514b78a01f9498d8913e870a446762#28b27acd7ad68844fd21c27553ae0777122e0dea#fa0acf30fcca8254e39bbe313c3e8dfe58557595#15e227115f2352ff50af1a69fff7a86cae6b219a,merge_found,,,2015-02-08 00:23:20,3,15e227115f2352ff50af1a69fff7a86cae6b219a,1,15e227115f2352ff50af1a69fff7a86cae6b219a,,15e227115f2352ff50af1a69fff7a86cae6b219a,,0,,600,0,0,0,14,0,0,12,0,2,399,30801,231.388591279504,19.0253563196,35.8105256322847,1.0,,2015-02-26 00:17:09,2015-02-26 00:33:56,passed,1326,"[52211066, 52211067, 52211068, 52211069, 52211070, 52211071]",400,52211066,ruby,ok,0,ruby,rspec,1.0,,3614,0,3614,13,,39.56,,0
55239039,ruby-rdf/rdf,0.0,,,ruby,,master,8,226207ed8dc23fcd58f1b689478263cbd1bef388#7166d05aa57247af119e0df65aeb367b166007ba#f0b1701c20812f357375ad81e8abc25734449e9a#d6c593ce8390ccc8deaf8c1a49b4a5371dd4c463#39adae7f29a9966b06c48b76c91ed7b458965d3a#8519381b458d0cd3ec7572d361e1a97133926a15#283371fc9f1eda52908993ff78d05c178e4b969c#bc6654fbc5045f4d8ce3323ded183948a8369646,merge_found,,,2015-02-26 00:17:07,3,bc6654fbc5045f4d8ce3323ded183948a8369646,1,bc6654fbc5045f4d8ce3323ded183948a8369646,,bc6654fbc5045f4d8ce3323ded183948a8369646,,0,,28,79,0,0,7,0,0,7,0,1,381,30809,232.237333246779,19.020416112175,35.9635171540784,1.0,,2015-03-20 22:04:23,2015-03-20 22:08:03,passed,1663,"[55239040, 55239041, 55239042, 55239043, 55239044, 55239045]",407,55239044,ruby,broken,0,ruby,rspec,1.0,,136,0,136,2,,1.35,,0
57275214,ruby-rdf/rdf,0.0,,,ruby,,master,20,4e7d5a3a9ffe410985c94c07bc6afcd73179a0a7#4d306f8ffb34e5ddad67d2ebcb8dc697676b4458#7097de6d399ed3c8ffe489b1362b24414861ec76#7aa5248ac8f8c9dbd59061f6f9ec8742edf13ccf#78b3b7a4c5cac0494c709b45de889ed4ae8cb5e5#0a6065ee1ac6d56db988a5b07c9ea835ab3217bc#f7b2ae5636fc0d778d1f0a53be546ddb2171a5f3#278f42450176828751dc858d330d9f68b1f305d6#91ebca69cb6ba5f157d1e417e6606e52cae81417#c0190b91b7c05f4e6fc15b4a2f373b33ba7a2bd6#15e227115f2352ff50af1a69fff7a86cae6b219a#bc6654fbc5045f4d8ce3323ded183948a8369646#4aa2b1b92db6a66203963f85bf3cc4bcd3af64ed#775df3207cdd3b31ec36adaa0ac2bd16f6b45f28#039679f7efd11d668f6d74bc282063df298ef458#9349bb6b7e35f0c019f247d5582283c3af231f67#65db39dfaf28b744c7417abef3a8b75a88407e3a#7b9677f4852537df90144aa86ece01f5ee474444#ad69ce1ab0a6ff46922e42886a3dbd29ae96ae60#c54cf29034d4cb06549f16b548ec0252dc08f634,merge_found,,,2014-05-04 15:41:09,3,4aa2b1b92db6a66203963f85bf3cc4bcd3af64ed,1,4aa2b1b92db6a66203963f85bf3cc4bcd3af64ed,,4aa2b1b92db6a66203963f85bf3cc4bcd3af64ed,,0,,947,454,0,0,42,0,0,41,0,1,471,30806,232.35733298708,18.7625787184315,35.0256443549958,1.0,,2015-06-08 20:49:36,2015-04-05 21:01:27,passed,1177,"[57275216, 57275217, 57275218, 57275219, 57275220, 57275221]",425,57275220,ruby,broken,0,ruby,rspec,1.0,,3606,0,3606,13,,46.64,,0
61081606,ruby-rdf/rdf,0.0,,,ruby,,master,12,025c3906698ef621459dfe5679a4a8fbde66aeb7#e128cfc537d5f588266f716a07982ebc6de879ef#1bf777b3f35ce9ded65ade8404f299d740c0e0fe#789f816e03b7a82dbd053129130e1448e6dae6a4#e317d1ab9470c58a0034aa0055d2a62f0347fc79#053467931a1e1af3aaa6beb9a3d88028bb9d33ad#5793510fb2fa55b95fac94fd9449b40af51b391e#0a2f8ec9dcd5cd11ed3d9bf38adfdefcb01b6137#a4f166b204170e46891fdca2d5c556b6e2c9a05a#3ddf258169eb7d1de381f141243858ac5ca82a7c#eef1c1fd4021aff34198068ca4a981e264fa2d8d#775df3207cdd3b31ec36adaa0ac2bd16f6b45f28,merge_found,,,2015-04-05 21:00:24,4,775df3207cdd3b31ec36adaa0ac2bd16f6b45f28,1,775df3207cdd3b31ec36adaa0ac2bd16f6b45f28,,775df3207cdd3b31ec36adaa0ac2bd16f6b45f28,,0,,85,331,0,0,9,0,0,8,0,1,424,30828,227.033865317244,18.230180355521,34.0599455040872,1.0,,2015-05-03 23:07:17,2015-05-03 23:08:12,passed,1448,"[61081607, 61081609, 61081611, 61081612, 61081613, 61081614]",446,61081614,ruby,ok,0,ruby,rspec,1.0,,3655,0,3655,13,,17.53,,0
62330680,ruby-rdf/rdf,0.0,,,ruby,,master,14,ba42e36220abe6c8ac73e8e1728188b9647880e5#3e47ee4fb20a4af28532bafbce69693eed3898b7#0d3beeabf1f2165565481fcc5e871155b297e5c1#e9fc15087366d55b5a8a92feb5535a6752bc1e99#24c0d9677f42f184d634690998b798f8bb81a4b4#bfd713583965f331956b0f3a7333b0a44a591680#df2d6dbcdc33fd45dc11962f739344a50d356e48#f18c8adc3b9a2da47648785b27f91cd8abd481fe#42c1d62c7ce4b682bbf013af6723aa125a75523e#acdbcdafa04c85074a880d80fdc618bd85c25a3d#6bcffbe5f3abfb46e3acd6bdbebf55f50eb393e4#a50f66a03059f80499c549309e5f150337305f8c#653c699adc912c8a99942b93b544f976610ee252#039679f7efd11d668f6d74bc282063df298ef458,merge_found,,,2015-05-03 23:07:14,5,039679f7efd11d668f6d74bc282063df298ef458,1,039679f7efd11d668f6d74bc282063df298ef458,,039679f7efd11d668f6d74bc282063df298ef458,,0,,58,894,0,0,30,0,0,28,0,2,740,30838,229.068032946365,18.353978857254,34.0813282314028,1.0,,2015-05-13 01:45:13,2015-05-13 01:51:06,passed,1377,"[62330681, 62330682, 62330683, 62330684, 62330685, 62330686]",469,62330683,ruby,ok,1,ruby,rspec,1.0,,3622,0,3622,11,,31.59,,0
65953485,ruby-rdf/rdf,0.0,,,ruby,,master,12,af140e3dc9e48dd2d138b22b6c60da2936f33cb1#5958c494756202d973cb8cc601a29dc3a40b2580#9349bb6b7e35f0c019f247d5582283c3af231f67#65db39dfaf28b744c7417abef3a8b75a88407e3a#7b9677f4852537df90144aa86ece01f5ee474444#ad69ce1ab0a6ff46922e42886a3dbd29ae96ae60#c54cf29034d4cb06549f16b548ec0252dc08f634#0e543dde944bdb8cc71e6b9938921184f028d91a#622c3230379e15cc19af2c8e8310998dd83588d8#d3b9578e2c7d410858f583d5a6e39ae56156c85f#796ba2e5f14ac3f912171f2138f711fa757a755b#b4ce1f7e24090becf5a2983afa601d9de3374ae5,merge_found,,,2015-05-13 01:45:11,5,b4ce1f7e24090becf5a2983afa601d9de3374ae5,1,b4ce1f7e24090becf5a2983afa601d9de3374ae5,,b4ce1f7e24090becf5a2983afa601d9de3374ae5,,0,,15,27,1,0,9,0,0,9,0,2,479,31582,224.020011398898,17.9532645177633,33.4051041732632,1.0,,2015-06-08 20:44:09,2015-06-08 20:53:52,passed,1876,"[65953488, 65953490, 65953491, 65953492, 65953493, 65953494]",483,65953490,ruby,ok,1,ruby,rspec,1.0,,3707,0,3707,11,,5.53,,0
76929450,ruby-rdf/rdf,0.0,,,ruby,,master,20,5e7d794c3ffa4128fb5c033207bf0c7f046ba770#f27c0a7770aa666fa39e78117423b91328828487#4bdbb71d9c8d43d3be0f83924f0554486e6ce883#bdd36a0b83118c081e651047d5a80fe1e0e513b6#b009df84c5d892080fb3fc26ba187c2858b7bdac#e27d00d8b78d36cf85397777268164a9f2689cd2#1eb3b3cbfeca258513e22047b396bed6f74bc0b7#9479141b931389b2b123d8b2bc5994942b1ca4d1#34091787e8173138c4b75bfdb6666af1982c92b9#24bf82278685bdc0bf2c4623749a985b4e00f493#17a1114ed275ade51105214246dd4bcffade97e0#9a485164c38ff0eee6244536bd69dda790651e20#e34ee1330830a18df6f65cd114713af579e96abd#19229640daf5a9dabd99f89b51f111621891b36a#2fbd2db2936fdb3e11e4f2b81fdb13f90293a71d#ccbcd5b872a3e0bc57fa5fbbfac6c539e777581f#4b6940ecdf7d63dcf5b5465f9a41cc43862e9233#41812b18a605ebfc3939201cfa4a5092a421c6e2#c890919eb7a357b2093254be4ad1b566da735da2#35a6a054c8d0ba5d881898732ccaaaac30ab79ec,merge_found,,,2015-06-08 20:44:06,3,35a6a054c8d0ba5d881898732ccaaaac30ab79ec,1,35a6a054c8d0ba5d881898732ccaaaac30ab79ec,,35a6a054c8d0ba5d881898732ccaaaac30ab79ec,,0,,383,274,0,0,17,0,0,15,0,2,473,31740,227.662255828607,18.3994959042218,33.8374291115312,1.0,,2015-08-24 05:39:44,2015-08-24 05:39:51,passed,1255,"[76929451, 76929452, 76929453, 76929454, 76929455, 76929456]",508,76929453,ruby,ok,2,ruby,rspec,1.0,,3749,0,3749,8,,34.77,,0
81055529,ruby-rdf/rdf,0.0,,,ruby,,master,7,b7f5ddaad09fd536bd1c85db9e0868a13cb10e86#43164d37db65c63b98afbb2846c2067f22cf93f6#4c994827472df55d2a8cc79999c7dd299cf4f90f#a95e80a3a28f6cdeba9a38131008db37bc7e353e#6b4f301c9fd37589b3b8f531814e29b4253f802b#9af2404a8e82e02ae7e28091274ce550173bb078#2ff480b7e878bd89d8485ae3b3957ea0585a066c,merge_found,,,2015-08-24 05:39:41,4,2ff480b7e878bd89d8485ae3b3957ea0585a066c,1,2ff480b7e878bd89d8485ae3b3957ea0585a066c,,2ff480b7e878bd89d8485ae3b3957ea0585a066c,,0,,15,18,0,0,7,0,0,6,0,1,374,31738,227.960173924003,18.4006553658075,33.8395614090365,1.0,,2015-09-18 17:32:56,2015-09-18 17:33:07,passed,752,"[81055530, 81055531, 81055532, 81055533, 81055534, 81055535]",517,81055535,ruby,ok,1,ruby,rspec,1.0,,3758,0,3758,8,,9.7,,0
82312868,ruby-rdf/rdf,0.0,,,ruby,,master,3,58173f5f82f2a46b7579fa2e55f372a958332a55#d1cda4a446794fbb9746787a27274143aec30d6f#7c3cdc7d6cfc58b88222ab5b71085d03c122aefa,merge_found,,,2015-09-25 16:04:00,4,7c3cdc7d6cfc58b88222ab5b71085d03c122aefa,1,7c3cdc7d6cfc58b88222ab5b71085d03c122aefa,,7c3cdc7d6cfc58b88222ab5b71085d03c122aefa,,0,,67,0,1,0,5,0,0,4,0,2,268,31749,227.881193108444,18.3942801348074,33.8278370972314,1.0,,2015-09-26 16:14:35,2015-09-26 16:18:57,passed,826,"[82312869, 82312870, 82312871, 82312872, 82312873, 82312874]",520,82312870,ruby,ok,1,ruby,rspec,1.0,,3758,0,3758,8,,42.43,,0
82934172,ruby-rdf/rdf,1.0,2015-09-30 11:54:18,213,ruby,commits_in_master,master,20,41812b18a605ebfc3939201cfa4a5092a421c6e2#c890919eb7a357b2093254be4ad1b566da735da2#b7f5ddaad09fd536bd1c85db9e0868a13cb10e86#35a6a054c8d0ba5d881898732ccaaaac30ab79ec#43164d37db65c63b98afbb2846c2067f22cf93f6#4c994827472df55d2a8cc79999c7dd299cf4f90f#a95e80a3a28f6cdeba9a38131008db37bc7e353e#6b4f301c9fd37589b3b8f531814e29b4253f802b#9af2404a8e82e02ae7e28091274ce550173bb078#2ff480b7e878bd89d8485ae3b3957ea0585a066c#58173f5f82f2a46b7579fa2e55f372a958332a55#d1cda4a446794fbb9746787a27274143aec30d6f#77b3f199c0c50237cb93384e995be384d5a4baed#7c3cdc7d6cfc58b88222ab5b71085d03c122aefa#53489decde42e11f6d6973cda8365841d2550fe7#9df75c00bea9a2319d7f3577ac20fdc2fa2103cb#4fa92459a99f2449f5ae14c5e47857576f767556#6ca1f3f45a4d717fbf9dfc2d296c7e303a70837f#a3c55917e2db713a130143a9703c07159fecf137#192aae1a2d2cb6ac21e45dbc777523013095f303,build_found,77b3f199c0c50237cb93384e995be384d5a4baed,82312875,2015-08-22 02:35:55,4,6ca1f3f45a4d717fbf9dfc2d296c7e303a70837f#4fa92459a99f2449f5ae14c5e47857576f767556#9df75c00bea9a2319d7f3577ac20fdc2fa2103cb#53489decde42e11f6d6973cda8365841d2550fe7,4,6ca1f3f45a4d717fbf9dfc2d296c7e303a70837f,7c3cdc7d6cfc58b88222ab5b71085d03c122aefa,ae8fe084333ffaab356ba93e2554549a6be066f9,1,0,0,161,0,1,0,13,0,0,13,0,1,517,31770,227.730563424614,18.3821214982688,33.805476864967,0.0,223,2015-10-02 18:33:48,2015-09-30 13:54:38,passed,808,"[82934173, 82934174, 82934176, 82934177, 82934178, 82934179]",523,82934179,ruby,ok,1,ruby,rspec,1.0,,3758,0,3758,8,,6.39,,0
84378869,ruby-rdf/rdf,0.0,,,ruby,,master,9,77b3f199c0c50237cb93384e995be384d5a4baed#53489decde42e11f6d6973cda8365841d2550fe7#9df75c00bea9a2319d7f3577ac20fdc2fa2103cb#4fa92459a99f2449f5ae14c5e47857576f767556#6ca1f3f45a4d717fbf9dfc2d296c7e303a70837f#a3c55917e2db713a130143a9703c07159fecf137#f5022d3de3c7bb5c256d5bf6d7c69280e122fb06#85a4cf9e428a6e225dc5ed7264cbac79fab7e738#8447bc71f52090bd6fd949edd6e1e641c2530a25,merge_found,,,2015-09-26 16:14:32,4,8447bc71f52090bd6fd949edd6e1e641c2530a25,1,8447bc71f52090bd6fd949edd6e1e641c2530a25,,8447bc71f52090bd6fd949edd6e1e641c2530a25,,0,,161,0,1,0,15,0,0,14,0,2,671,31770,227.730563424614,18.3821214982688,33.805476864967,1.0,,2015-10-08 20:11:10,2015-10-08 20:11:36,passed,801,"[84378870, 84378871, 84378872, 84378873, 84378874, 84378875]",533,84378875,ruby,ok,1,ruby,rspec,1.0,,3750,0,3750,8,,51.87,,0
84593148,ruby-rdf/rdf,0.0,,,ruby,,master,5,33c57d4e2b342831168981bcfb5ee6e0bf75375c#1373b3ac42ed4390e3508c4e3e1ad5e225629289#7fbfc17c774d2fae79fc4522b3363dc7f0418a69#45d75b775373a021d681343739b9e368860a725d#20dc5f6813dea4f12f828d229fdbb45626629e9c,merge_found,,,2015-10-08 20:11:07,4,20dc5f6813dea4f12f828d229fdbb45626629e9c,1,20dc5f6813dea4f12f828d229fdbb45626629e9c,,20dc5f6813dea4f12f828d229fdbb45626629e9c,,0,,9,0,0,0,2,0,0,1,0,1,208,31770,227.730563424614,18.3821214982688,33.805476864967,1.0,,2015-10-09 21:51:30,2015-10-09 21:51:50,passed,919,"[84593149, 84593150, 84593151, 84593152, 84593153, 84593154]",540,84593153,ruby,ok,1,ruby,rspec,1.0,,3747,0,3747,8,,4.8,,0
88451864,ruby-rdf/rdf,0.0,,,ruby,,master,,,merge_found,,,,5,bd7afc9b2a49a350e2963a8e99434bdd91ac2447,1,bd7afc9b2a49a350e2963a8e99434bdd91ac2447,,bd7afc9b2a49a350e2963a8e99434bdd91ac2447,,0,,1347,2328,0,0,66,0,0,65,0,1,1372,31932,228.297632468997,18.1635976449956,32.6631592133283,1.0,,,2015-10-30 22:58:13,passed,801,"[88451865, 88451866, 88451867, 88451868, 88451871, 88451873]",610,88451867,ruby,ok,1,ruby,rspec,1.0,,4007,0,4007,7,,25.7,,0
111037991,ruby-rdf/rdf,0.0,,,ruby,,master,,,merge_found,,,,5,e767c33b47146a7ccba8ac6c68052dfa3edae1b6,1,e767c33b47146a7ccba8ac6c68052dfa3edae1b6,,e767c33b47146a7ccba8ac6c68052dfa3edae1b6,,0,,7037,0,8,37,42,0,0,111,0,6,1622,7854,1085.81614463967,88.9992360580596,160.809778456837,1.0,,,2016-02-22 20:27:06,passed,1385,"[111037992, 111037993, 111037994, 111037995, 111037996, 111037997]",845,111037995,ruby,ok,1,ruby,rspec,1.0,,5054,0,5054,3,,36.5,,0
111266564,ruby-rdf/rdf,0.0,,,ruby,,master,3,474a3c9bd84bb6ad8828d1a83ddfad9c2da447f7#4f2eb55f1d2300ab7da09d544df5b7ef7542360a#b525150a7f3771abf92bc705f03d0d7969fec93d,merge_found,,,2016-02-22 23:28:35,5,b525150a7f3771abf92bc705f03d0d7969fec93d,1,b525150a7f3771abf92bc705f03d0d7969fec93d,,b525150a7f3771abf92bc705f03d0d7969fec93d,,0,,42,0,0,1,2,0,0,2,0,1,163,7854,1085.81614463967,88.9992360580596,160.809778456837,1.0,,2016-02-23 17:30:44,2016-02-23 17:31:54,passed,880,"[111266565, 111266566, 111266567, 111266568, 111266569, 111266570]",847,111266569,ruby,ok,2,ruby,rspec,1.0,,5054,0,5054,3,,58.35,,0
121306230,ruby-rdf/rdf,0.0,,,ruby,,master,,,merge_found,,,,4,b4cb770956d1588781b9268caab90a4f9b9ba070,1,b4cb770956d1588781b9268caab90a4f9b9ba070,,b4cb770956d1588781b9268caab90a4f9b9ba070,,0,,839,116,2,2,26,0,0,27,0,3,884,7909,1083.70211151852,88.7596409154128,160.82943482109,1.0,,,2016-04-07 00:16:29,passed,1372,"[121306232, 121306233, 121306234, 121306235, 121306236, 121306237]",887,121306237,ruby,broken,1,ruby,rspec,1.0,,4790,288,5078,2,,51.56,,0
122366187,ruby-rdf/rdf,0.0,,,ruby,,master,,,merge_found,,,,4,50f2a64628e31630571831a31b6625a4166d7c66,1,50f2a64628e31630571831a31b6625a4166d7c66,,50f2a64628e31630571831a31b6625a4166d7c66,,0,,86,15,0,0,9,0,0,8,0,1,428,7898,1084.83160293745,88.8832615852114,160.800202582932,1.0,,,2016-04-11 21:38:32,passed,796,"[122366188, 122366189, 122366190, 122366191, 122366192, 122366193]",893,122366192,ruby,ok,1,ruby,rspec,1.0,,5076,0,5076,2,,45.79,,0
126760629,ruby-rdf/rdf,0.0,,,ruby,,master,,,merge_found,,,,4,78b2de6a6c9e0e769f8f88bb68be7d301eaa59a7,1,78b2de6a6c9e0e769f8f88bb68be7d301eaa59a7,,78b2de6a6c9e0e769f8f88bb68be7d301eaa59a7,,0,,203,114,0,0,13,0,0,10,0,3,610,7875,1095.11111111111,89.1428571428572,161.269841269841,1.0,,,2016-04-29 20:31:43,passed,903,"[126760630, 126760631, 126760632, 126760633, 126760634, 126760635]",911,126760631,ruby,ok,1,ruby,rspec,1.0,,5130,0,5130,2,,30.1,,0
152241304,ruby-rdf/rdf,0.0,,,ruby,,master,,,merge_found,,,,4,aeb042e5984412f524dc9153f1a665400f36a912,1,aeb042e5984412f524dc9153f1a665400f36a912,,aeb042e5984412f524dc9153f1a665400f36a912,,0,,0,0,0,0,1,0,0,0,0,1,174,7880,1097.58883248731,89.5939086294416,162.56345177665,1.0,,,2016-08-14 18:47:50,passed,730,"[152241305, 152241306, 152241307, 152241308]",953,152241308,ruby,ok,1,ruby,rspec,1.0,,5135,0,5135,2,,51.69,,0
