tr_build_id,gh_project_name,gh_is_pr,gh_pr_created_at,gh_pull_req_num,gh_lang,git_merged_with,git_branch,gh_num_commits_in_push,gh_commits_in_push,git_prev_commit_resolution_status,git_prev_built_commit,tr_prev_build,gh_first_commit_created_at,gh_team_size,git_all_built_commits,git_num_all_built_commits,git_trigger_commit,tr_virtual_merged_into,tr_original_commit,gh_num_issue_comments,gh_num_commit_comments,gh_num_pr_comments,git_diff_src_churn,git_diff_test_churn,gh_diff_files_added,gh_diff_files_deleted,gh_diff_files_modified,gh_diff_tests_added,gh_diff_tests_deleted,gh_diff_src_files,gh_diff_doc_files,gh_diff_other_files,gh_num_commits_on_files_touched,gh_sloc,gh_test_lines_per_kloc,gh_test_cases_per_kloc,gh_asserts_cases_per_kloc,gh_by_core_team_member,gh_description_complexity,gh_pushed_at,gh_build_started_at,tr_status,tr_duration,tr_jobs,tr_build_number,tr_job_id,tr_log_lan,tr_log_status,tr_log_setup_time,tr_log_analyzer,tr_log_frameworks,tr_log_bool_tests_ran,tr_log_bool_tests_failed,tr_log_num_tests_ok,tr_log_num_tests_failed,tr_log_num_tests_run,tr_log_num_tests_skipped,tr_log_tests_failed,tr_log_testduration,tr_log_buildduration,build_successful
109103249,celluloid/reel,0.0,,,ruby,,master,2,37fcdd3e092e2d440c2d6cfdf9d2144b94f5fda1#e9ddeb89031c06a84e1588e539bded329ff7d1d9,merge_found,,,2016-02-14 02:55:35,1,e9ddeb89031c06a84e1588e539bded329ff7d1d9,1,e9ddeb89031c06a84e1588e539bded329ff7d1d9,,e9ddeb89031c06a84e1588e539bded329ff7d1d9,,0,,4,0,0,0,1,0,0,1,0,0,23,1312,670.731707317073,35.0609756097561,90.7012195121951,1.0,,2016-02-14 02:56:00,2016-02-14 02:56:51,passed,416,"[109103250, 109103251, 109103252, 109103253, 109103254]",679,109103252,ruby,ok,1,ruby,rspec,1.0,,47,0,47,2,,0.33,,0
111030288,celluloid/reel,0.0,,,ruby,,master,6,de30b45616d9c3ce90446e71952c8f2be41e5baf#b5c32b2c6c8cc3a08906bdd75c7fca8081f114fc#3f0268fdad13c903f093a227ce3aab6e0a2d675a#afc8116ab2c31713fd462b438d890d3f359cf0c4#c8424d0a19faccc4fe08f7e04a3fc8e403388571#c0e83206b20cd72462cde63dda162b99fd46e3a7,merge_found,,,2015-04-08 20:24:32,1,c0e83206b20cd72462cde63dda162b99fd46e3a7,1,c0e83206b20cd72462cde63dda162b99fd46e3a7,,c0e83206b20cd72462cde63dda162b99fd46e3a7,,0,,37,14,0,0,3,0,0,3,0,0,119,1315,676.80608365019,35.7414448669201,91.254752851711,1.0,,2016-02-22 18:57:47,2016-02-22 18:58:23,passed,526,"[111030289, 111030290, 111030291, 111030292, 111030293]",681,111030292,ruby,ok,2,ruby,rspec,1.0,,48,0,48,2,,0.34,,0
116046946,celluloid/reel,0.0,,,ruby,,master,1,f706b0a1c9e73b5f8546c68c1f419eeaf8c39422,build_found,c0e83206b20cd72462cde63dda162b99fd46e3a7,111030288,2016-03-15 05:27:48,1,f706b0a1c9e73b5f8546c68c1f419eeaf8c39422,1,f706b0a1c9e73b5f8546c68c1f419eeaf8c39422,,f706b0a1c9e73b5f8546c68c1f419eeaf8c39422,,0,,62,0,0,0,1,0,0,1,0,0,27,1315,676.80608365019,35.7414448669201,91.254752851711,1.0,,2016-03-15 05:29:22,2016-03-15 05:31:02,passed,594,"[116046947, 116046948, 116046949, 116046950, 116046951]",684,116046951,ruby,ok,0,ruby,rspec,1.0,,48,0,48,2,,1.29,,0
118276597,celluloid/reel,0.0,,,ruby,,master,,,merge_found,,,,2,4cbb938551db03b2f932d21a7e28d9ff19756718,1,4cbb938551db03b2f932d21a7e28d9ff19756718,,4cbb938551db03b2f932d21a7e28d9ff19756718,,0,,4,0,0,0,1,0,0,1,0,0,83,1315,676.80608365019,35.7414448669201,91.254752851711,1.0,,,2016-03-24 16:31:44,passed,514,"[118276598, 118276599, 118276600, 118276601, 118276602]",686,118276600,ruby,ok,1,ruby,rspec,1.0,,48,0,48,2,,0.34,,0
136400786,celluloid/reel,0.0,,,ruby,,master,,,build_found,4cbb938551db03b2f932d21a7e28d9ff19756718,118276597,,2,15042269fceddd35c1a4ffc7252dcafdd34d4304,1,15042269fceddd35c1a4ffc7252dcafdd34d4304,,15042269fceddd35c1a4ffc7252dcafdd34d4304,,0,,0,0,0,0,1,0,0,0,0,1,23,1315,676.80608365019,35.7414448669201,91.254752851711,1.0,,,2016-06-09 11:26:09,failed,5652,"[136400787, 136400788, 136400789, 136400790, 136400791, 136400792, 136400793, 136400794, 136400795, 136400796, 136400797, 136400798, 136400799, 136400800, 136400801, 136400802, 136400803, 136400804, 136400805, 136400806, 136400807, 136400808, 136400809, 136400810, 136400811, 136400812, 136400813, 136400814, 136400815, 136400816, 136400817, 136400818, 136400819, 136400820, 136400821, 136400822, 136400823, 136400824, 136400825, 136400826, 136400827, 136400828, 136400829, 136400830, 136400831]",689,136400788,ruby,broken,0,ruby,,1.0,,,0,,,,,,0
138522630,celluloid/reel,0.0,,,ruby,,master,,,merge_found,,,,1,e3cd7bf75937acf66a8cd73a5e5f9a0b484ee095,1,e3cd7bf75937acf66a8cd73a5e5f9a0b484ee095,,e3cd7bf75937acf66a8cd73a5e5f9a0b484ee095,,0,,0,6,0,0,1,0,0,1,0,0,45,1315,675.285171102662,35.7414448669201,91.254752851711,1.0,,,2016-06-18 02:27:28,failed,5035,"[138522631, 138522632, 138522633, 138522634, 138522635, 138522636, 138522637, 138522638, 138522639, 138522640, 138522641, 138522642, 138522643, 138522644, 138522645, 138522646, 138522647, 138522648, 138522649, 138522650, 138522651, 138522652, 138522653, 138522654, 138522655, 138522656, 138522657, 138522658, 138522659, 138522660, 138522661, 138522662, 138522663, 138522664, 138522665, 138522666, 138522667, 138522668, 138522669, 138522670, 138522671, 138522672, 138522673, 138522674, 138522675]",691,138522665,ruby,broken,0,ruby,,1.0,,,0,,,,,,0
