tr_build_id,gh_project_name,gh_is_pr,gh_pr_created_at,gh_pull_req_num,gh_lang,git_merged_with,git_branch,gh_num_commits_in_push,gh_commits_in_push,git_prev_commit_resolution_status,git_prev_built_commit,tr_prev_build,gh_first_commit_created_at,gh_team_size,git_all_built_commits,git_num_all_built_commits,git_trigger_commit,tr_virtual_merged_into,tr_original_commit,gh_num_issue_comments,gh_num_commit_comments,gh_num_pr_comments,git_diff_src_churn,git_diff_test_churn,gh_diff_files_added,gh_diff_files_deleted,gh_diff_files_modified,gh_diff_tests_added,gh_diff_tests_deleted,gh_diff_src_files,gh_diff_doc_files,gh_diff_other_files,gh_num_commits_on_files_touched,gh_sloc,gh_test_lines_per_kloc,gh_test_cases_per_kloc,gh_asserts_cases_per_kloc,gh_by_core_team_member,gh_description_complexity,gh_pushed_at,gh_build_started_at,tr_status,tr_duration,tr_jobs,tr_build_number,tr_job_id,tr_log_lan,tr_log_status,tr_log_setup_time,tr_log_analyzer,tr_log_frameworks,tr_log_bool_tests_ran,tr_log_bool_tests_failed,tr_log_num_tests_ok,tr_log_num_tests_failed,tr_log_num_tests_run,tr_log_num_tests_skipped,tr_log_tests_failed,tr_log_testduration,tr_log_buildduration,build_successful
1677960,openid/ruby-openid,0.0,,,ruby,,master,1,53de5a9128c5cb11fb211ebc12ad5ccbe5cd8605,merge_found,,,2012-06-21 22:31:32,3,53de5a9128c5cb11fb211ebc12ad5ccbe5cd8605#75a7e98005542ede6db3fc7f1fc551e0a2ca044a#3a677a8032b20e8b065cb9cd982720f8586b030e,3,53de5a9128c5cb11fb211ebc12ad5ccbe5cd8605,,53de5a9128c5cb11fb211ebc12ad5ccbe5cd8605,,0,,13,5,0,0,5,0,0,5,0,0,40,7630,1326.99868938401,106.028833551769,208.912188728702,1.0,,2012-06-21 22:31:39,2012-06-21 23:01:56,passed,127,"[1677961, 1677962, 1677963]",1,1677962,ruby,unknown,,ruby,,0.0,,,,,,,,,0
1680252,openid/ruby-openid,0.0,,,ruby,,master,5,a276a63d68639e985c1f327cf817489ccc5f9a17#5326d0d320ea3379b6da0e9e6190cda463744edb#6b41492c01efcc2ae48057ad1f6c8aafe41e4249#3cb623e3a16e2fe32822234a0ce57ca74ff7535f#1a486f9fc69f76f6048deb7dbb5f3f5c5fe0dc82,build_found,53de5a9128c5cb11fb211ebc12ad5ccbe5cd8605,1677960,2011-01-18 05:58:50,3,1a486f9fc69f76f6048deb7dbb5f3f5c5fe0dc82#3cb623e3a16e2fe32822234a0ce57ca74ff7535f#6b41492c01efcc2ae48057ad1f6c8aafe41e4249#5326d0d320ea3379b6da0e9e6190cda463744edb#a276a63d68639e985c1f327cf817489ccc5f9a17#4613050e0af2b6b097a9b0fe522814ca2f2e42c1,6,1a486f9fc69f76f6048deb7dbb5f3f5c5fe0dc82,,1a486f9fc69f76f6048deb7dbb5f3f5c5fe0dc82,,0,,57,117,2,0,4,0,0,3,0,1,3,7667,1331.02908569193,106.691013434199,211.034302856398,0.0,,2012-06-22 08:47:10,2012-06-22 08:47:11,failed,223,"[1680257, 1680254, 1680255, 1680256, 1680253]",2,1680255,ruby,unknown,,ruby,,0.0,,,,,,,,,0
1680715,openid/ruby-openid,0.0,,,ruby,,master,2,4e3f81b77403b68d95c7b26cac6e4d105c449c34#6678f5ef35d78298ac98e92adcacdc7f8bfca069,merge_found,,,2011-08-25 21:57:57,3,6678f5ef35d78298ac98e92adcacdc7f8bfca069,1,6678f5ef35d78298ac98e92adcacdc7f8bfca069,,6678f5ef35d78298ac98e92adcacdc7f8bfca069,,0,,2,0,0,0,1,0,0,1,0,0,3,7667,1331.02908569193,106.691013434199,211.034302856398,1.0,,2012-06-22 10:31:41,2012-06-22 10:31:42,failed,216,"[1680720, 1680718, 1680716, 1680719, 1680717]",3,1680716,ruby,unknown,,ruby,,0.0,,,,,,,,,0
1681187,openid/ruby-openid,0.0,,,ruby,,master,1,40baed6cf7326025058a131c2b76047345618539,build_found,6678f5ef35d78298ac98e92adcacdc7f8bfca069,1680715,2012-06-22 11:53:04,3,40baed6cf7326025058a131c2b76047345618539,1,40baed6cf7326025058a131c2b76047345618539,,40baed6cf7326025058a131c2b76047345618539,,0,,15,0,0,0,2,0,0,1,0,1,6,7666,1331.20271327942,106.704930863553,211.061831463606,1.0,,2012-06-22 11:54:59,2012-06-22 11:54:58,passed,376,"[1681193, 1681192, 1681194, 1681191, 1681188, 1681189, 1681190]",4,1681191,ruby,unknown,,ruby,,0.0,,,,,,,,,0
1681207,openid/ruby-openid,0.0,,,ruby,,master,1,90005f2634ac823ae57372c0ceb6548d509793b8,build_found,40baed6cf7326025058a131c2b76047345618539,1681187,2012-06-22 11:59:38,3,90005f2634ac823ae57372c0ceb6548d509793b8,1,90005f2634ac823ae57372c0ceb6548d509793b8,,90005f2634ac823ae57372c0ceb6548d509793b8,,0,,2,0,0,0,1,0,0,1,0,0,3,7666,1331.20271327942,106.704930863553,211.061831463606,1.0,,2012-06-22 11:59:43,2012-06-22 11:59:42,passed,377,"[1681212, 1681214, 1681210, 1681213, 1681209, 1681208, 1681211]",5,1681213,ruby,unknown,,ruby,,0.0,,,,,,,,,0
1681399,openid/ruby-openid,0.0,,,ruby,,master,1,53d5386ee9712cb06673b2f4e16a8905b0014e4a,build_found,90005f2634ac823ae57372c0ceb6548d509793b8,1681207,2012-06-22 12:38:21,3,53d5386ee9712cb06673b2f4e16a8905b0014e4a,1,53d5386ee9712cb06673b2f4e16a8905b0014e4a,,53d5386ee9712cb06673b2f4e16a8905b0014e4a,,0,,24,54,0,0,2,0,0,2,0,0,8,7666,1336.42055830942,106.965823115053,211.322723715106,1.0,,2012-06-22 12:39:16,2012-06-22 12:39:18,passed,355,"[1681406, 1681405, 1681404, 1681401, 1681400, 1681402, 1681403]",6,1681400,ruby,unknown,,ruby,,0.0,,,,,,,,,0
1681486,openid/ruby-openid,0.0,,,ruby,,master,1,aeaf050d21aeb681a220758f1cc61b9086f73152,build_found,53d5386ee9712cb06673b2f4e16a8905b0014e4a,1681399,2012-06-22 12:50:09,3,aeaf050d21aeb681a220758f1cc61b9086f73152,1,aeaf050d21aeb681a220758f1cc61b9086f73152,,aeaf050d21aeb681a220758f1cc61b9086f73152,,0,,7,0,0,0,1,0,0,1,0,0,8,7671,1335.54947203754,106.896102203103,211.184982401251,1.0,,2012-06-22 12:50:15,2012-06-22 12:50:17,passed,405,"[1681492, 1681491, 1681493, 1681490, 1681489, 1681488, 1681487]",7,1681493,ruby,unknown,,ruby,,0.0,,,,,,,,,0
1681605,openid/ruby-openid,0.0,,,ruby,,master,1,72d551945f9577bf5d0e516c673c648791b0e795,build_found,aeaf050d21aeb681a220758f1cc61b9086f73152,1681486,2012-06-22 13:10:02,3,72d551945f9577bf5d0e516c673c648791b0e795,1,72d551945f9577bf5d0e516c673c648791b0e795,,72d551945f9577bf5d0e516c673c648791b0e795,,0,,39,0,3,0,3,0,0,5,0,1,21,7674,1335.02736512901,106.854313265572,211.102423768569,1.0,,2012-06-22 13:10:12,2012-06-22 13:10:14,failed,409,"[1681612, 1681611, 1681610, 1681606, 1681609, 1681608, 1681607]",8,1681609,ruby,unknown,,ruby,,0.0,,,,,,,,,0
1732917,openid/ruby-openid,0.0,,,ruby,,master,3,037885bc14144c38816bbbc1ca4295e24ddb3796#6ba6817c0eba1b23d2c7993b23989aa573cc89b2#d53ddda9b13fb002c9889638767d807a3637c429,merge_found,,,2012-04-20 20:01:24,4,d53ddda9b13fb002c9889638767d807a3637c429,1,d53ddda9b13fb002c9889638767d807a3637c429,,d53ddda9b13fb002c9889638767d807a3637c429,,0,,35,27,0,0,2,0,0,2,0,0,12,7682,1335.45951575111,106.873210101536,211.012757094507,1.0,,2012-06-28 21:06:24,2012-06-28 21:08:19,failed,343,"[1732922, 1732924, 1732919, 1732918, 1732920, 1732921, 1732923]",9,1732919,ruby,unknown,,ruby,,0.0,,,,,,,,,0
1732967,openid/ruby-openid,0.0,,,ruby,,master,3,037885bc14144c38816bbbc1ca4295e24ddb3796#6ba6817c0eba1b23d2c7993b23989aa573cc89b2#d53ddda9b13fb002c9889638767d807a3637c429,merge_found,,,2012-04-20 20:01:24,4,d53ddda9b13fb002c9889638767d807a3637c429,1,d53ddda9b13fb002c9889638767d807a3637c429,,d53ddda9b13fb002c9889638767d807a3637c429,,0,,35,27,0,0,2,0,0,2,0,0,12,7682,1335.45951575111,106.873210101536,211.012757094507,1.0,,2012-06-28 21:06:24,2012-06-28 21:12:49,failed,342,"[1732973, 1732974, 1732972, 1732970, 1732969, 1732971, 1732968]",10,1732973,ruby,unknown,,ruby,,0.0,,,,,,,,,0
1803035,openid/ruby-openid,0.0,,,ruby,,master,3,ae64c5a888bb55c11a03710fcfc4ae58c0facb72#37360a6aeb61aa49ee62af6dfbc205b55bf9d853#f7b92ff36835b3ca870f4cc4c2845b5013cfb3f7,build_found,d53ddda9b13fb002c9889638767d807a3637c429,1732967,2012-07-07 13:59:38,4,f7b92ff36835b3ca870f4cc4c2845b5013cfb3f7#37360a6aeb61aa49ee62af6dfbc205b55bf9d853#ae64c5a888bb55c11a03710fcfc4ae58c0facb72,3,f7b92ff36835b3ca870f4cc4c2845b5013cfb3f7,,f7b92ff36835b3ca870f4cc4c2845b5013cfb3f7,,0,,175,0,3,2,2,0,0,5,0,2,12,7682,1335.45951575111,106.873210101536,211.012757094507,1.0,,2012-07-07 14:04:20,2012-07-07 14:04:22,passed,428,"[1803040, 1803042, 1803041, 1803039, 1803038, 1803037, 1803036]",11,1803040,ruby,unknown,,ruby,,0.0,,,,,,,,,0
2575172,openid/ruby-openid,1.0,2012-09-26 19:00:36,39,ruby,merge_button,master,2,2d5c3cd8f2476b28d60609822120c79d71919b7b#6c1d3bff99670ccfa26058d8868254d2793ac64b,build_found,f7b92ff36835b3ca870f4cc4c2845b5013cfb3f7,1803035,2012-09-26 21:00:22,3,2d5c3cd8f2476b28d60609822120c79d71919b7b,1,2d5c3cd8f2476b28d60609822120c79d71919b7b,f7b92ff36835b3ca870f4cc4c2845b5013cfb3f7,e6d080fe812a123cd98f5474a2e0f5a61d3e63e9,1,0,0,1,0,0,0,1,0,0,1,0,0,4,7682,1335.45951575111,106.873210101536,211.012757094507,1.0,10,2012-09-26 21:11:49,2012-09-26 21:00:43,failed,327,"[2575179, 2575177, 2575174, 2575175, 2575173, 2575176, 2575178]",12,2575174,ruby,unknown,,ruby,,0.0,,,,,,,,,0
2575185,openid/ruby-openid,1.0,2012-09-26 19:01:30,40,ruby,merge_button,master,,,build_found,f7b92ff36835b3ca870f4cc4c2845b5013cfb3f7,1803035,,3,2100f281172427d1557ebe76afbd24072a22d04f,1,2100f281172427d1557ebe76afbd24072a22d04f,f7b92ff36835b3ca870f4cc4c2845b5013cfb3f7,9ab8e35acdffceca23baf096a00e27a44c0ff096,0,0,0,2,0,0,0,1,0,0,1,0,0,1,7682,1335.45951575111,106.873210101536,211.012757094507,1.0,16,,2012-09-26 21:01:39,failed,334,"[2575192, 2575190, 2575191, 2575189, 2575186, 2575188, 2575187]",13,2575189,ruby,unknown,,ruby,,0.0,,,,,,,,,0
2575295,openid/ruby-openid,0.0,,,ruby,,master,2,2d5c3cd8f2476b28d60609822120c79d71919b7b#6c1d3bff99670ccfa26058d8868254d2793ac64b,merge_found,,,2012-09-26 21:00:22,3,6c1d3bff99670ccfa26058d8868254d2793ac64b,1,6c1d3bff99670ccfa26058d8868254d2793ac64b,,6c1d3bff99670ccfa26058d8868254d2793ac64b,,0,,1,0,0,0,1,0,0,1,0,0,5,7682,1335.45951575111,106.873210101536,211.012757094507,1.0,,2012-09-26 21:11:49,2012-09-26 21:11:51,failed,315,"[2575302, 2575300, 2575301, 2575297, 2575296, 2575299, 2575298]",14,2575296,ruby,unknown,,ruby,,0.0,,,,,,,,,0
2575467,openid/ruby-openid,1.0,2012-09-26 19:30:47,41,ruby,merge_button,master,,,build_found,f7b92ff36835b3ca870f4cc4c2845b5013cfb3f7,1803035,,3,a68d2591ac350459c874da10108e6ff5a8c08750,1,a68d2591ac350459c874da10108e6ff5a8c08750,6c1d3bff99670ccfa26058d8868254d2793ac64b,86745ec2e826252296ee553b0d4eba56326ef9ab,0,0,0,10,50,0,0,2,0,0,2,0,0,50,7680,1341.796875,107.161458333333,211.588541666667,1.0,20,,2012-09-26 21:30:56,failed,365,"[2575474, 2575471, 2575469, 2575470, 2575472, 2575473, 2575468]",15,2575474,ruby,unknown,,ruby,,0.0,,,,,,,,,0
2580006,openid/ruby-openid,0.0,,,ruby,,master,,,merge_found,,,,3,d4b569e3200841f677d21385785cd7c3ab5b5acb,1,d4b569e3200841f677d21385785cd7c3ab5b5acb,,d4b569e3200841f677d21385785cd7c3ab5b5acb,,0,,2,0,0,0,1,0,0,1,0,0,2,7682,1335.45951575111,106.873210101536,211.012757094507,1.0,,,2012-09-27 09:05:37,failed,387,"[2580013, 2580012, 2580011, 2580010, 2580008, 2580009, 2580007]",16,2580012,ruby,unknown,,ruby,,0.0,,,,,,,,,0
2580021,openid/ruby-openid,0.0,,,ruby,,master,,,merge_found,,,,3,cf042c5ea6c9814fce190e954d70a038333b10cf,1,cf042c5ea6c9814fce190e954d70a038333b10cf,,cf042c5ea6c9814fce190e954d70a038333b10cf,,0,,10,50,0,0,2,0,0,2,0,0,51,7680,1341.796875,107.161458333333,211.588541666667,1.0,,,2012-09-27 09:07:20,failed,383,"[2580028, 2580027, 2580026, 2580024, 2580023, 2580025, 2580022]",17,2580026,ruby,unknown,,ruby,,0.0,,,,,,,,,0
2580229,openid/ruby-openid,0.0,,,ruby,,master,,,build_found,cf042c5ea6c9814fce190e954d70a038333b10cf,2580021,,3,d765772a5a8e297df55fdeb1834fa0e81d84dfc9,1,d765772a5a8e297df55fdeb1834fa0e81d84dfc9,,d765772a5a8e297df55fdeb1834fa0e81d84dfc9,,0,,0,0,0,0,1,0,0,0,0,1,3,7680,1341.796875,107.161458333333,211.588541666667,1.0,,,2012-09-27 09:28:10,failed,1981,"[2580237, 2580236, 2580235, 2580234, 2580232, 2580233, 2580230, 2580231]",18,2580231,ruby,unknown,,ruby,,0.0,,,,,,,,,0
2584180,openid/ruby-openid,1.0,2012-09-27 13:30:28,42,ruby,merge_button,master,2,4b0143f0a3b10060d5f52346954219bba3375039#f766baecef59e8672542d7ad8c2269c07b688891,build_found,d765772a5a8e297df55fdeb1834fa0e81d84dfc9,2580229,2012-09-27 15:29:09,3,4b0143f0a3b10060d5f52346954219bba3375039,1,4b0143f0a3b10060d5f52346954219bba3375039,d765772a5a8e297df55fdeb1834fa0e81d84dfc9,98b4ff3244a86f7446b2022d502884cb2e576e97,0,0,0,1,8,0,0,2,0,0,2,0,0,31,7680,1341.796875,107.161458333333,211.588541666667,1.0,25,2012-09-27 20:25:36,2012-09-27 15:52:37,failed,2106,"[2584188, 2584187, 2584186, 2584185, 2584184, 2584183, 2584182, 2584181]",19,2584184,ruby,unknown,,ruby,,0.0,,,,,,,,,0
2587471,openid/ruby-openid,0.0,,,ruby,,master,2,4b0143f0a3b10060d5f52346954219bba3375039#f766baecef59e8672542d7ad8c2269c07b688891,merge_found,,,2012-09-27 15:29:09,3,f766baecef59e8672542d7ad8c2269c07b688891,1,f766baecef59e8672542d7ad8c2269c07b688891,,f766baecef59e8672542d7ad8c2269c07b688891,,0,,1,8,0,0,2,0,0,2,0,0,32,7680,1341.796875,107.161458333333,211.588541666667,1.0,,2012-09-27 20:25:36,2012-09-27 20:25:42,failed,553,"[2587477, 2587478, 2587479, 2587476, 2587473, 2587474, 2587475, 2587472]",20,2587478,ruby,unknown,,ruby,,0.0,,,,,,,,,0
2587489,openid/ruby-openid,0.0,,,ruby,,master,1,791d02dec11f4cec9df80b3812369480f78ec7d5,build_found,f766baecef59e8672542d7ad8c2269c07b688891,2587471,2012-09-27 20:27:03,3,791d02dec11f4cec9df80b3812369480f78ec7d5,1,791d02dec11f4cec9df80b3812369480f78ec7d5,,791d02dec11f4cec9df80b3812369480f78ec7d5,,0,,0,0,0,0,1,0,0,0,0,1,4,7680,1341.796875,107.161458333333,211.588541666667,1.0,,2012-09-27 20:27:52,2012-09-27 20:27:59,passed,351,"[2587494, 2587491, 2587493, 2587495, 2587492, 2587490]",21,2587494,ruby,unknown,,ruby,,0.0,,,,,,,,,0
2587644,openid/ruby-openid,0.0,,,ruby,,master,1,578d3b04e5c5aed873e1bc4fcd9540756431e6ba,build_found,791d02dec11f4cec9df80b3812369480f78ec7d5,2587489,2012-09-27 20:32:25,3,578d3b04e5c5aed873e1bc4fcd9540756431e6ba,1,578d3b04e5c5aed873e1bc4fcd9540756431e6ba,,578d3b04e5c5aed873e1bc4fcd9540756431e6ba,,0,,4,0,0,0,1,0,0,1,0,0,2,7680,1341.796875,107.161458333333,211.588541666667,1.0,,2012-09-27 20:32:31,2012-09-27 20:33:55,passed,362,"[2587645, 2587650, 2587649, 2587646, 2587647, 2587648]",22,2587650,ruby,unknown,,ruby,,0.0,,,,,,,,,0
2888731,openid/ruby-openid,1.0,2012-10-22 14:19:41,43,ruby,merge_button,master,,,build_found,578d3b04e5c5aed873e1bc4fcd9540756431e6ba,2587644,,3,be2bab5c21f04735045e071411b349afb790078f,1,be2bab5c21f04735045e071411b349afb790078f,578d3b04e5c5aed873e1bc4fcd9540756431e6ba,c0ff3d894a9c02bdf9d9d464807b8e36dc6968a1,0,0,0,51,0,0,0,2,0,0,2,0,0,59,7700,1338.31168831169,106.883116883117,211.038961038961,0.0,25,,2012-10-22 16:19:48,failed,511,"[2888736, 2888735, 2888732, 2888737, 2888733, 2888734]",23,2888732,ruby,unknown,,ruby,,0.0,,,,,,,,,0
2895467,openid/ruby-openid,1.0,2012-10-22 14:19:41,43,ruby,merge_button,master,,,build_found,be2bab5c21f04735045e071411b349afb790078f,2888731,,3,3540a51e6f2f7fc7033f906fbd0a6c5153155e5a,1,3540a51e6f2f7fc7033f906fbd0a6c5153155e5a,578d3b04e5c5aed873e1bc4fcd9540756431e6ba,5d468efce656049ae40a541279453c5e1bfacabd,0,0,0,7,0,0,0,1,0,0,1,0,0,49,7701,1338.13790416829,106.86923776133,211.011556940657,0.0,25,,2012-10-23 05:40:16,passed,597,"[2895472, 2895470, 2895469, 2895471, 2895468, 2895473]",24,2895469,ruby,unknown,,ruby,,0.0,,,,,,,,,0
2895730,openid/ruby-openid,0.0,,,ruby,,master,,,merge_found,,,,3,a3693cef06049563f5b4e4824f4d3211288508ed,1,a3693cef06049563f5b4e4824f4d3211288508ed,,a3693cef06049563f5b4e4824f4d3211288508ed,,0,,56,0,0,0,2,0,0,2,0,0,61,7701,1338.13790416829,106.86923776133,211.011556940657,1.0,,,2012-10-23 06:03:24,passed,556,"[2895735, 2895736, 2895733, 2895734, 2895732, 2895731]",25,2895736,ruby,unknown,,ruby,,0.0,,,,,,,,,0
2897325,openid/ruby-openid,0.0,,,ruby,,master,,,build_found,a3693cef06049563f5b4e4824f4d3211288508ed,2895730,,3,e152ab9adc5983f6741efa7c0f380462d34c82f0,1,e152ab9adc5983f6741efa7c0f380462d34c82f0,,e152ab9adc5983f6741efa7c0f380462d34c82f0,,0,,17,0,0,0,2,0,0,2,0,0,4,7701,1338.13790416829,106.86923776133,211.011556940657,1.0,,,2012-10-23 09:02:33,passed,525,"[2897326, 2897330, 2897331, 2897328, 2897329, 2897327]",26,2897331,ruby,unknown,,ruby,,0.0,,,,,,,,,0
4033178,openid/ruby-openid,1.0,2013-01-08 21:41:55,44,ruby,merge_button,master,2,beee5e8d1dc24ad55725cfcc720eefba6bdbd279#27805065e0c15a8f0331e25595adf8a53bdc6b19,build_found,e152ab9adc5983f6741efa7c0f380462d34c82f0,2897325,2013-01-08 22:35:47,3,beee5e8d1dc24ad55725cfcc720eefba6bdbd279,1,beee5e8d1dc24ad55725cfcc720eefba6bdbd279,e152ab9adc5983f6741efa7c0f380462d34c82f0,977fbab380f2bc57421691621d14e771544d2875,1,0,0,2,0,0,0,1,0,0,1,0,0,3,7703,1337.79047124497,106.841490328443,210.956770089576,1.0,60,2013-01-08 23:05:57,2013-01-08 23:13:25,passed,427,"[4033183, 4033181, 4033180, 4033184, 4033182, 4033179]",27,4033183,ruby,unknown,,ruby,,0.0,,,,,,,,,0
4033553,openid/ruby-openid,0.0,,,ruby,,master,2,beee5e8d1dc24ad55725cfcc720eefba6bdbd279#27805065e0c15a8f0331e25595adf8a53bdc6b19,merge_found,,,2013-01-08 22:35:47,3,27805065e0c15a8f0331e25595adf8a53bdc6b19,1,27805065e0c15a8f0331e25595adf8a53bdc6b19,,27805065e0c15a8f0331e25595adf8a53bdc6b19,,0,,2,0,0,0,1,0,0,1,0,0,4,7703,1337.79047124497,106.841490328443,210.956770089576,1.0,,2013-01-08 23:05:57,2013-01-09 00:03:34,passed,447,"[4033558, 4033555, 4033559, 4033557, 4033556, 4033554]",28,4033554,ruby,unknown,,ruby,,0.0,,,,,,,,,0
4621050,openid/ruby-openid,1.0,2013-02-06 15:53:34,45,ruby,merge_button,master,2,f032e949e1ca9078ab7508d9629398ca2c36980a#9ce498e667bd87f165a8ad1170586ea7fa6f1a62,build_found,27805065e0c15a8f0331e25595adf8a53bdc6b19,4033553,2013-02-06 16:52:21,3,f032e949e1ca9078ab7508d9629398ca2c36980a,1,f032e949e1ca9078ab7508d9629398ca2c36980a,27805065e0c15a8f0331e25595adf8a53bdc6b19,996e91fb2db00d55f99d04abd72cf79dbebb69c4,0,0,0,2,0,0,0,1,0,0,1,0,0,6,7703,1337.79047124497,106.841490328443,210.956770089576,0.0,23,2013-02-07 08:44:50,2013-02-06 17:02:08,passed,389,"[4621055, 4621056, 4621053, 4621052, 4621051, 4621054]",29,4621055,java,unknown,,java-ant,,0.0,,,,,,,,,0
4636440,openid/ruby-openid,0.0,,,ruby,,master,2,f032e949e1ca9078ab7508d9629398ca2c36980a#9ce498e667bd87f165a8ad1170586ea7fa6f1a62,merge_found,,,2013-02-06 16:52:21,3,9ce498e667bd87f165a8ad1170586ea7fa6f1a62,1,9ce498e667bd87f165a8ad1170586ea7fa6f1a62,,9ce498e667bd87f165a8ad1170586ea7fa6f1a62,,0,,2,0,0,0,1,0,0,1,0,0,7,7703,1337.79047124497,106.841490328443,210.956770089576,1.0,,2013-02-07 08:44:50,2013-02-07 08:45:05,passed,337,"[4636443, 4636441, 4636446, 4636444, 4636442, 4636445]",30,4636445,java,unknown,,java-ant,,0.0,,,,,,,,,0
4728827,openid/ruby-openid,1.0,2013-02-11 18:23:10,46,ruby,merge_button,master,7,0f46921a97677b83b106366c805063105c5e9f20#a647c12316e859dfbf2a10eb812f3d1d585baddb#abdcf65e1e7c6cc58aded36c86db866384ae639b#542cac428d93aed3101677a591334650b8db1f4e#b1d0c38fe8dd6d64b58ce417ac20e76900807781#d3dca2faa653695cdaf2823ee6b9c4622a83ece3#0498ee1de87aeace8d3bada93facfcde1706aca7,build_found,9ce498e667bd87f165a8ad1170586ea7fa6f1a62,4636440,2013-02-11 19:17:32,3,0f46921a97677b83b106366c805063105c5e9f20,1,0f46921a97677b83b106366c805063105c5e9f20,9ce498e667bd87f165a8ad1170586ea7fa6f1a62,8a2972cba834b4bfc85c12246e34782c3a587cac,0,0,0,6,10,0,0,2,0,0,2,0,0,9,7707,1337.61515505385,106.786038666148,210.977033865317,1.0,62,2013-02-13 21:21:13,2013-02-11 19:29:26,failed,362,"[4728833, 4728829, 4728830, 4728832, 4728831, 4728828]",31,4728832,java,unknown,,java-ant,,0.0,,,,,,,,,0
4761302,openid/ruby-openid,1.0,2013-02-11 18:23:10,46,ruby,merge_button,master,7,0f46921a97677b83b106366c805063105c5e9f20#a647c12316e859dfbf2a10eb812f3d1d585baddb#abdcf65e1e7c6cc58aded36c86db866384ae639b#542cac428d93aed3101677a591334650b8db1f4e#b1d0c38fe8dd6d64b58ce417ac20e76900807781#d3dca2faa653695cdaf2823ee6b9c4622a83ece3#0498ee1de87aeace8d3bada93facfcde1706aca7,build_found,0f46921a97677b83b106366c805063105c5e9f20,4728827,2013-02-11 19:17:32,3,d3dca2faa653695cdaf2823ee6b9c4622a83ece3#b1d0c38fe8dd6d64b58ce417ac20e76900807781#542cac428d93aed3101677a591334650b8db1f4e#abdcf65e1e7c6cc58aded36c86db866384ae639b#a647c12316e859dfbf2a10eb812f3d1d585baddb,5,d3dca2faa653695cdaf2823ee6b9c4622a83ece3,9ce498e667bd87f165a8ad1170586ea7fa6f1a62,e29769e5510af6309e5cded6debd15711864fc0b,2,0,0,12,14,0,0,2,0,0,2,0,0,10,7711,1337.56970561535,106.730644533783,210.867591752043,1.0,62,2013-02-13 21:21:13,2013-02-13 04:09:41,passed,350,"[4761309, 4761308, 4761306, 4761305, 4761307, 4761304]",36,4761306,ruby,unknown,,ruby,,0.0,,,,,,,,,0
4779682,openid/ruby-openid,0.0,,,ruby,,master,7,0f46921a97677b83b106366c805063105c5e9f20#a647c12316e859dfbf2a10eb812f3d1d585baddb#abdcf65e1e7c6cc58aded36c86db866384ae639b#542cac428d93aed3101677a591334650b8db1f4e#b1d0c38fe8dd6d64b58ce417ac20e76900807781#d3dca2faa653695cdaf2823ee6b9c4622a83ece3#0498ee1de87aeace8d3bada93facfcde1706aca7,merge_found,,,2013-02-11 19:17:32,3,0498ee1de87aeace8d3bada93facfcde1706aca7,1,0498ee1de87aeace8d3bada93facfcde1706aca7,,0498ee1de87aeace8d3bada93facfcde1706aca7,,0,,10,12,0,0,2,0,0,2,0,0,15,7711,1337.56970561535,106.730644533783,210.867591752043,1.0,,2013-02-13 21:21:13,2013-02-13 21:52:52,passed,458,"[4779688, 4779686, 4779684, 4779683, 4779685, 4779687]",37,4779688,java,unknown,,java-ant,,0.0,,,,,,,,,0
4779794,openid/ruby-openid,0.0,,,ruby,,master,1,a32745778600f2163debf8712aed0d45f9418c10,build_found,0498ee1de87aeace8d3bada93facfcde1706aca7,4779682,2013-02-13 21:25:44,3,a32745778600f2163debf8712aed0d45f9418c10,1,a32745778600f2163debf8712aed0d45f9418c10,,a32745778600f2163debf8712aed0d45f9418c10,,0,,8,0,0,0,2,0,0,2,0,0,5,7711,1337.56970561535,106.730644533783,210.867591752043,1.0,,2013-02-13 21:26:50,2013-02-13 22:22:48,passed,338,"[4779796, 4779800, 4779799, 4779798, 4779797, 4779795]",38,4779799,java,unknown,,java-ant,,0.0,,,,,,,,,0
5948954,openid/ruby-openid,1.0,2013-04-01 00:39:35,49,ruby,merge_button,master,2,40356a16c7dfee1825800d66fe3ef2c25a617b08#478c309d72d4ce439c977e148e8e8e472591e26c,build_found,a32745778600f2163debf8712aed0d45f9418c10,4779794,2013-03-31 14:18:51,3,40356a16c7dfee1825800d66fe3ef2c25a617b08,1,40356a16c7dfee1825800d66fe3ef2c25a617b08,a32745778600f2163debf8712aed0d45f9418c10,c0854622c8a5ee146f4582f44966261f40f81312,0,0,0,3509,41,32,15,19,0,0,30,9,29,14,7747,1332.12856589648,106.363753711114,209.887698463922,1.0,83,2013-09-14 11:22:58,2013-04-01 02:40:28,passed,309,"[5948960, 5948959, 5948957, 5948956, 5948958, 5948955]",39,5948956,ruby,ok,,ruby,,0.0,,,,,,,,,0
6324238,openid/ruby-openid,1.0,2013-04-14 06:36:03,50,ruby,merge_button,master,5,88706a1160d1f228416a554f59b4f8e59174ca5e#2e5c2ad0a37a628d2d181f3cbdfdb0b0d2f7fcb0#3426e18dbfa566146bb54f4adddafcc602339523#91c5dca55fa8b73eccc0510d241a8cc4d5ae3e54#6e8104dac38e59a0c48ea2c255cf121356ce617f,build_found,a32745778600f2163debf8712aed0d45f9418c10,4779794,2013-04-14 07:22:59,3,91c5dca55fa8b73eccc0510d241a8cc4d5ae3e54#3426e18dbfa566146bb54f4adddafcc602339523#2e5c2ad0a37a628d2d181f3cbdfdb0b0d2f7fcb0#88706a1160d1f228416a554f59b4f8e59174ca5e,4,91c5dca55fa8b73eccc0510d241a8cc4d5ae3e54,a32745778600f2163debf8712aed0d45f9418c10,4b0e1cf3d6557b546ddc0ca127ad02fe70e89f2a,0,0,0,22,153,0,0,26,0,0,26,0,0,348,7711,1334.32758397095,106.730644533783,210.478537154714,1.0,4,2013-09-14 11:34:15,2013-04-14 08:36:46,passed,304,"[6324244, 6324243, 6324241, 6324240, 6324242, 6324239]",40,6324240,ruby,ok,,ruby,,0.0,,,,,,,,,0
6695479,openid/ruby-openid,1.0,2013-04-28 02:25:48,52,ruby,merge_button,master,2,5f15765f7ceacd7f361b669f6b8e41b239eaaa7a#31ecc38f94d2fb31e11f9fcbb42e9cec912d892b,build_found,a32745778600f2163debf8712aed0d45f9418c10,4779794,2013-04-28 04:24:20,3,5f15765f7ceacd7f361b669f6b8e41b239eaaa7a,1,5f15765f7ceacd7f361b669f6b8e41b239eaaa7a,a32745778600f2163debf8712aed0d45f9418c10,cd756c8f0a47b2ee087be9246562e84fe6914936,0,0,0,6,0,0,0,1,0,0,1,0,0,2,7711,1337.56970561535,106.730644533783,210.867591752043,1.0,30,2013-09-14 11:24:22,2013-04-28 04:26:27,failed,309,"[6695485, 6695481, 6695483, 6695484, 6695482, 6695480]",41,6695485,java,ok,,java-ant,,0.0,,,,,,,,,0
6790728,openid/ruby-openid,1.0,2013-05-01 13:39:16,53,ruby,merge_button,master,3,ef88f27f9e6cde332861c1630b0a495432b68147#79beaa419d4754e787757f2545331509419e222e#19024403021609b3735c0a32d018e7ebededa2ed,build_found,a32745778600f2163debf8712aed0d45f9418c10,4779794,2013-04-18 18:04:50,3,79beaa419d4754e787757f2545331509419e222e#ef88f27f9e6cde332861c1630b0a495432b68147,2,79beaa419d4754e787757f2545331509419e222e,a32745778600f2163debf8712aed0d45f9418c10,8591968fca14aa07130cce65f62897f80668e0af,0,0,0,4,15,0,0,2,0,0,2,0,0,12,7711,1337.56970561535,106.730644533783,210.867591752043,0.0,30,2013-09-14 11:22:22,2013-09-14 11:20:41,failed,349,"[6790734, 6790733, 6790731, 6790732, 6790730, 6790729]",42,6790730,ruby,ok,,ruby,,0.0,,,,,,,,,0
8233492,openid/ruby-openid,1.0,2013-06-19 09:39:17,56,ruby,merge_button,master,3,4a4164ab31a830df8e19e19fa7c12368eaebaf32#8664b8c7e79a25d8eafcf56722f3e76ce7f90969#47454a5ff7e8f900f928a9a943228b972d9da3b9,build_found,a32745778600f2163debf8712aed0d45f9418c10,4779794,2013-06-19 11:35:49,3,8664b8c7e79a25d8eafcf56722f3e76ce7f90969#4a4164ab31a830df8e19e19fa7c12368eaebaf32,2,8664b8c7e79a25d8eafcf56722f3e76ce7f90969,a32745778600f2163debf8712aed0d45f9418c10,94bbd7ceabc67e66f2d3827b3caa9b006ff59a38,0,0,0,20,0,0,0,8,0,0,8,0,0,180,7711,1337.56970561535,106.730644533783,210.867591752043,0.0,23,2013-09-14 11:25:09,2013-09-14 11:16:36,failed,368,"[8233498, 8233493, 8233495, 8233496, 8233494, 8233497]",45,8233495,ruby,ok,,ruby,,0.0,,,,,,,,,0
8757327,openid/ruby-openid,0.0,,,ruby,,master,1,a32745778600f2163debf8712aed0d45f9418c10,build_found,0498ee1de87aeace8d3bada93facfcde1706aca7,4779682,2013-02-13 21:25:44,2,a32745778600f2163debf8712aed0d45f9418c10,1,a32745778600f2163debf8712aed0d45f9418c10,,a32745778600f2163debf8712aed0d45f9418c10,,0,,8,0,0,0,2,0,0,2,0,0,5,7711,1337.56970561535,106.730644533783,210.867591752043,1.0,,2013-02-13 21:26:50,2013-07-05 07:26:59,failed,432,"[8757333, 8757330, 8757329, 8757332, 8757331, 8757328]",46,8757331,ruby,broken,,ruby,,0.0,,,,,,,,,0
10421487,openid/ruby-openid,0.0,,,ruby,,master,2,053324f1ffa18277f80d18ca02f6cfddbb544bde#41d83239e0f83accfaffa13b7808dd91d047722e,merge_found,,,2013-06-19 11:18:37,3,41d83239e0f83accfaffa13b7808dd91d047722e,1,41d83239e0f83accfaffa13b7808dd91d047722e,,41d83239e0f83accfaffa13b7808dd91d047722e,,0,,4,0,0,0,1,0,0,1,0,0,6,7711,1337.56970561535,106.730644533783,210.867591752043,1.0,,2013-08-20 18:52:51,2013-08-20 18:54:25,failed,379,"[10421493, 10421492, 10421490, 10421491, 10421489, 10421488]",47,10421493,java,broken,,java-ant,,0.0,,,,,,,,,0
11269024,openid/ruby-openid,1.0,2013-09-12 05:27:10,58,ruby,merge_button,master,2,ffff8cfd86b3e1497efab98a2ee73276e93d966b#c66aee55b75448741dce97e89d1c9ecf28180441,build_found,41d83239e0f83accfaffa13b7808dd91d047722e,10421487,2013-09-12 07:10:14,3,ffff8cfd86b3e1497efab98a2ee73276e93d966b,1,ffff8cfd86b3e1497efab98a2ee73276e93d966b,41d83239e0f83accfaffa13b7808dd91d047722e,5a170a547b7ff950d23ce1b45932fbda47bcbc8a,0,0,0,6,0,0,0,2,0,0,2,0,0,13,7709,1337.91672071605,106.758334414321,210.922298612012,1.0,92,2013-09-14 11:22:05,2013-09-14 11:15:00,failed,363,"[11269025, 11269026, 11269027, 11269028, 11269029, 11269030]",48,11269029,java,broken,,java-ant,,0.0,,,,,,,,,0
11354541,openid/ruby-openid,0.0,,,ruby,,master,2,7ac8e3978f9c733bd5ee8d6b742b515b5427ded2#0694bebc83de0313cfef73a5d0ffd9a293ae71a0,build_found,41d83239e0f83accfaffa13b7808dd91d047722e,10421487,2013-09-14 10:15:47,3,0694bebc83de0313cfef73a5d0ffd9a293ae71a0#7ac8e3978f9c733bd5ee8d6b742b515b5427ded2,2,0694bebc83de0313cfef73a5d0ffd9a293ae71a0,,0694bebc83de0313cfef73a5d0ffd9a293ae71a0,,0,,3,11,0,0,5,0,0,4,0,1,49,7711,1337.44002074958,106.730644533783,210.867591752043,1.0,,2013-09-14 10:20:15,2013-09-14 10:20:44,failed,206,"[11354542, 11354543, 11354544]",49,11354542,ruby,broken,,ruby,,0.0,,,,,,,,,0
11354800,openid/ruby-openid,0.0,,,ruby,,master,1,3c7296bfd45675df0be655623e2c0797412a0885,build_found,0694bebc83de0313cfef73a5d0ffd9a293ae71a0,11354541,2013-09-14 10:39:12,3,3c7296bfd45675df0be655623e2c0797412a0885,1,3c7296bfd45675df0be655623e2c0797412a0885,,3c7296bfd45675df0be655623e2c0797412a0885,,0,,0,14,0,0,3,0,0,3,0,0,42,7711,1336.66191155492,106.730644533783,210.867591752043,1.0,,2013-09-14 10:39:19,2013-09-14 10:39:51,failed,202,"[11354801, 11354802, 11354803]",50,11354801,ruby,broken,,ruby,,0.0,,,,,,,,,0
11355233,openid/ruby-openid,0.0,,,ruby,,master,1,5fe1d3c9457484a6070398c34c29f07dc394ba9d,build_found,3c7296bfd45675df0be655623e2c0797412a0885,11354800,2013-09-14 11:07:25,3,5fe1d3c9457484a6070398c34c29f07dc394ba9d,1,5fe1d3c9457484a6070398c34c29f07dc394ba9d,,5fe1d3c9457484a6070398c34c29f07dc394ba9d,,0,,0,11,0,0,1,0,0,1,0,0,24,7711,1335.88380236026,106.730644533783,210.737906886266,1.0,,2013-09-14 11:07:30,2013-09-14 11:08:06,failed,210,"[11355234, 11355235, 11355236]",51,11355235,ruby,ok,,ruby,,0.0,,,,,,,,,0
11355403,openid/ruby-openid,0.0,,,ruby,,master,2,ffff8cfd86b3e1497efab98a2ee73276e93d966b#c66aee55b75448741dce97e89d1c9ecf28180441,merge_found,,,2013-09-12 07:10:14,3,c66aee55b75448741dce97e89d1c9ecf28180441,1,c66aee55b75448741dce97e89d1c9ecf28180441,,c66aee55b75448741dce97e89d1c9ecf28180441,,0,,6,0,0,0,2,0,0,2,0,0,14,7709,1336.23038007524,106.758334414321,210.79258010118,1.0,,2013-09-14 11:22:05,2013-09-14 11:22:42,failed,206,"[11355404, 11355405, 11355406]",52,11355404,ruby,ok,,ruby,,0.0,,,,,,,,,0
11355407,openid/ruby-openid,0.0,,,ruby,,master,3,ef88f27f9e6cde332861c1630b0a495432b68147#79beaa419d4754e787757f2545331509419e222e#19024403021609b3735c0a32d018e7ebededa2ed,merge_found,,,2013-04-18 18:04:50,3,19024403021609b3735c0a32d018e7ebededa2ed,1,19024403021609b3735c0a32d018e7ebededa2ed,,19024403021609b3735c0a32d018e7ebededa2ed,,0,,2,15,0,0,2,0,0,2,0,0,14,7709,1336.23038007524,106.758334414321,210.79258010118,1.0,,2013-09-14 11:22:22,2013-09-14 11:22:59,failed,202,"[11355408, 11355409, 11355410]",53,11355409,ruby,ok,,ruby,,0.0,,,,,,,,,0
11355426,openid/ruby-openid,0.0,,,ruby,,master,2,40356a16c7dfee1825800d66fe3ef2c25a617b08#478c309d72d4ce439c977e148e8e8e472591e26c,merge_found,,,2013-03-31 14:18:51,3,478c309d72d4ce439c977e148e8e8e472591e26c,1,478c309d72d4ce439c977e148e8e8e472591e26c,,478c309d72d4ce439c977e148e8e8e472591e26c,,0,,3509,41,32,15,19,0,0,30,9,29,15,7745,1330.79406068431,106.391220142027,209.812782440284,1.0,,2013-09-14 11:22:58,2013-09-14 11:24:37,failed,204,"[11355427, 11355428, 11355429]",54,11355429,java,broken,,java-ant,,0.0,,,,,,,,,0
11355448,openid/ruby-openid,0.0,,,ruby,,master,2,5f15765f7ceacd7f361b669f6b8e41b239eaaa7a#31ecc38f94d2fb31e11f9fcbb42e9cec912d892b,merge_found,,,2013-04-28 04:24:20,3,31ecc38f94d2fb31e11f9fcbb42e9cec912d892b,1,31ecc38f94d2fb31e11f9fcbb42e9cec912d892b,,31ecc38f94d2fb31e11f9fcbb42e9cec912d892b,,0,,6,0,0,0,1,0,0,1,0,0,3,7745,1330.79406068431,106.391220142027,209.812782440284,1.0,,2013-09-14 11:24:22,2013-09-14 11:24:59,failed,214,"[11355449, 11355450, 11355451]",55,11355450,ruby,ok,,ruby,,0.0,,,,,,,,,0
11355456,openid/ruby-openid,0.0,,,ruby,,master,3,4a4164ab31a830df8e19e19fa7c12368eaebaf32#8664b8c7e79a25d8eafcf56722f3e76ce7f90969#47454a5ff7e8f900f928a9a943228b972d9da3b9,merge_found,,,2013-06-19 11:35:49,3,47454a5ff7e8f900f928a9a943228b972d9da3b9,1,47454a5ff7e8f900f928a9a943228b972d9da3b9,,47454a5ff7e8f900f928a9a943228b972d9da3b9,,0,,20,0,0,0,8,0,0,8,0,0,182,7745,1330.79406068431,106.391220142027,209.812782440284,1.0,,2013-09-14 11:25:09,2013-09-14 11:26:19,failed,214,"[11355457, 11355458, 11355459]",56,11355457,ruby,ok,,ruby,,0.0,,,,,,,,,0
11355647,openid/ruby-openid,0.0,,,ruby,,master,5,88706a1160d1f228416a554f59b4f8e59174ca5e#2e5c2ad0a37a628d2d181f3cbdfdb0b0d2f7fcb0#3426e18dbfa566146bb54f4adddafcc602339523#91c5dca55fa8b73eccc0510d241a8cc4d5ae3e54#6e8104dac38e59a0c48ea2c255cf121356ce617f,merge_found,,,2013-04-14 07:22:59,3,6e8104dac38e59a0c48ea2c255cf121356ce617f,1,6e8104dac38e59a0c48ea2c255cf121356ce617f,,6e8104dac38e59a0c48ea2c255cf121356ce617f,,0,,2,153,0,0,18,0,0,18,0,0,230,7745,1327.56617172369,106.391220142027,209.42543576501,1.0,,2013-09-14 11:34:15,2013-09-14 11:34:43,failed,206,"[11355648, 11355649, 11355650]",57,11355650,java,broken,,java-ant,,0.0,,,,,,,,,0
11357364,openid/ruby-openid,0.0,,,ruby,,master,2,1bbc373036100f305e6c470086f62d73a2a946c5#1cedd462e3b77dc79d65c85e71f41b19c5b83d97,build_found,6e8104dac38e59a0c48ea2c255cf121356ce617f,11355647,2013-09-14 13:10:48,3,1cedd462e3b77dc79d65c85e71f41b19c5b83d97#1bbc373036100f305e6c470086f62d73a2a946c5,2,1cedd462e3b77dc79d65c85e71f41b19c5b83d97,,1cedd462e3b77dc79d65c85e71f41b19c5b83d97,,0,,4,0,0,0,2,0,0,1,0,1,17,7745,1327.56617172369,106.391220142027,209.42543576501,1.0,,2013-09-14 13:11:45,2013-09-14 13:12:23,passed,271,"[11357365, 11357366, 11357367, 11357368]",58,11357366,ruby,ok,,ruby,,0.0,,,,,,,,,0
11357504,openid/ruby-openid,0.0,,,ruby,,master,1,1443a517cfef8f13432a5d20e1ffb760d0feaaa3,build_found,1cedd462e3b77dc79d65c85e71f41b19c5b83d97,11357364,2013-09-14 13:17:38,3,1443a517cfef8f13432a5d20e1ffb760d0feaaa3,1,1443a517cfef8f13432a5d20e1ffb760d0feaaa3,,1443a517cfef8f13432a5d20e1ffb760d0feaaa3,,0,,13,0,0,0,2,0,0,2,0,0,6,7745,1327.56617172369,106.391220142027,209.42543576501,1.0,,2013-09-14 13:17:48,2013-09-14 13:18:22,passed,273,"[11357505, 11357506, 11357507, 11357508]",59,11357505,ruby,ok,,ruby,,0.0,,,,,,,,,0
12572881,openid/ruby-openid,1.0,2013-10-15 12:50:49,62,ruby,commits_in_master,master,4,a339265ca6db39c331701a20c2dd71ac08f8c1d4#82572845e6dc3950a8e69404a3fbacd1cb389b94#d804b921c03c738f1f35d2085ec860a622c971ff#ff3acd6b5efebd2eaafb3cce93bb90d3141f1b53,build_found,a339265ca6db39c331701a20c2dd71ac08f8c1d4,12572411,2013-10-15 14:40:40,3,82572845e6dc3950a8e69404a3fbacd1cb389b94,1,82572845e6dc3950a8e69404a3fbacd1cb389b94,1443a517cfef8f13432a5d20e1ffb760d0feaaa3,3a94e7b115036bf9f1946a54913cbe2e9d9c78a4,0,0,0,14,24,0,0,11,0,0,11,0,0,194,7695,1339.8310591293,106.952566601689,211.30604288499,1.0,37,2015-01-07 09:07:54,2013-10-15 14:57:31,failed,367,"[12572882, 12572883, 12572884, 12572885]",61,12572884,ruby,ok,,ruby,,0.0,,,,,,,,,0
14311829,openid/ruby-openid,1.0,2013-11-21 12:56:39,66,ruby,merge_button,master,2,dc15fa07fd59fdcf46d659cce34c6ef7a6768fde#7f00f17adc72599a401147e30f87d0c6064fcf1e,build_found,1443a517cfef8f13432a5d20e1ffb760d0feaaa3,11357504,2013-11-21 13:55:10,3,dc15fa07fd59fdcf46d659cce34c6ef7a6768fde,1,dc15fa07fd59fdcf46d659cce34c6ef7a6768fde,1443a517cfef8f13432a5d20e1ffb760d0feaaa3,7d6cf83eda1a0d1ebac1c0b7c3bfe19d787b1b40,0,0,0,3,0,0,0,1,0,0,1,0,0,6,7744,1327.73760330579,106.404958677686,209.452479338843,1.0,36,2014-01-21 18:51:46,2013-11-21 13:57:31,passed,348,"[14311830, 14311831, 14311832, 14311833]",62,14311832,ruby,ok,,ruby,,0.0,,,,,,,,,0
16743482,openid/ruby-openid,1.0,2014-01-10 18:24:32,67,ruby,merge_button,master,2,5755f0b5f684386ba3bf6c33222edc04e74ca89c#7d8692ea80a82bcbd9f34fb4caf7e191df1c0cee,build_found,1443a517cfef8f13432a5d20e1ffb760d0feaaa3,11357504,2014-01-10 19:24:05,2,5755f0b5f684386ba3bf6c33222edc04e74ca89c,1,5755f0b5f684386ba3bf6c33222edc04e74ca89c,1443a517cfef8f13432a5d20e1ffb760d0feaaa3,4fb3f3991631db39b7e725ec54c727fe5ad547a8,0,0,0,2,0,0,0,1,0,0,1,0,0,3,7745,1327.56617172369,106.391220142027,209.42543576501,1.0,8,2014-01-21 18:53:21,2014-01-10 19:36:19,passed,315,"[16743483, 16743484, 16743485, 16743486]",66,16743484,ruby,ok,,ruby,,0.0,,,,,,,,,0
17359912,openid/ruby-openid,0.0,,,ruby,,master,2,dc15fa07fd59fdcf46d659cce34c6ef7a6768fde#7f00f17adc72599a401147e30f87d0c6064fcf1e,merge_found,,,2013-11-21 13:55:10,3,7f00f17adc72599a401147e30f87d0c6064fcf1e,1,7f00f17adc72599a401147e30f87d0c6064fcf1e,,7f00f17adc72599a401147e30f87d0c6064fcf1e,,0,,3,0,0,0,1,0,0,1,0,0,7,7744,1327.73760330579,106.404958677686,209.452479338843,1.0,,2014-01-21 18:51:46,2014-01-21 18:54:00,passed,281,"[17359913, 17359914, 17359915, 17359916]",69,17359915,ruby,ok,,ruby,,0.0,,,,,,,,,0
17359994,openid/ruby-openid,0.0,,,ruby,,master,2,5755f0b5f684386ba3bf6c33222edc04e74ca89c#7d8692ea80a82bcbd9f34fb4caf7e191df1c0cee,merge_found,,,2014-01-10 19:24:05,3,7d8692ea80a82bcbd9f34fb4caf7e191df1c0cee,1,7d8692ea80a82bcbd9f34fb4caf7e191df1c0cee,,7d8692ea80a82bcbd9f34fb4caf7e191df1c0cee,,0,,2,0,0,0,1,0,0,1,0,0,4,7744,1327.73760330579,106.404958677686,209.452479338843,1.0,,2014-01-21 18:53:21,2014-01-21 18:56:34,passed,273,"[17359995, 17359996, 17359997, 17359998]",70,17359996,ruby,ok,,ruby,,0.0,,,,,,,,,0
17578670,openid/ruby-openid,1.0,2014-01-24 22:23:17,69,ruby,merge_button,master,,,build_found,7d8692ea80a82bcbd9f34fb4caf7e191df1c0cee,17359994,,4,db1d8f7b171a333dec4e861fe0fa53ac1d98b188,1,db1d8f7b171a333dec4e861fe0fa53ac1d98b188,7d8692ea80a82bcbd9f34fb4caf7e191df1c0cee,6e5b12160e777cf5ba9f05ab0896d069d2c815d2,0,0,0,46,18,1,0,3,0,0,4,0,0,76,7777,1322.74656037032,105.953452488106,208.563713514209,0.0,12,,2014-01-24 23:36:21,passed,271,"[17578671, 17578672, 17578673, 17578674]",72,17578673,ruby,ok,,ruby,,0.0,,,,,,,,,0
17707990,openid/ruby-openid,0.0,,,ruby,,master,,,merge_found,,,,4,79fad48900d0171d2f1ebec048ee030529207dfe,1,79fad48900d0171d2f1ebec048ee030529207dfe,,79fad48900d0171d2f1ebec048ee030529207dfe,,0,,46,18,1,0,3,0,0,4,0,0,77,7777,1322.74656037032,105.953452488106,208.563713514209,1.0,,,2014-01-27 16:38:52,passed,277,"[17707991, 17707992, 17707993, 17707994]",74,17707994,ruby,ok,,ruby,,0.0,,,,,,,,,0
17708094,openid/ruby-openid,0.0,,,ruby,,master,,,merge_found,,,,4,457b2c517fbd85fc65e77d02571d1066da8b4578,1,457b2c517fbd85fc65e77d02571d1066da8b4578,,457b2c517fbd85fc65e77d02571d1066da8b4578,,0,,2,0,0,0,1,0,0,1,0,0,28,7777,1322.74656037032,105.953452488106,208.563713514209,1.0,,,2014-01-27 16:41:49,passed,299,"[17708095, 17708096, 17708097, 17708098]",75,17708097,ruby,ok,,ruby,,0.0,,,,,,,,,0
17711471,openid/ruby-openid,0.0,,,ruby,,master,,,merge_found,,,,4,477ca1751258983e97ff2442d75065983f680714,1,477ca1751258983e97ff2442d75065983f680714,,477ca1751258983e97ff2442d75065983f680714,,0,,10,0,0,0,1,0,0,1,0,0,25,7769,1324.1086368902,106.062556313554,208.77847856867,1.0,,,2014-01-27 17:31:50,passed,299,"[17711472, 17711473, 17711474, 17711475]",77,17711473,ruby,ok,,ruby,,0.0,,,,,,,,,0
17711654,openid/ruby-openid,0.0,,,ruby,,master,,,build_found,477ca1751258983e97ff2442d75065983f680714,17711471,,4,1f1e4fb7538d9ed3bd5b8812b0b54aee35aeb9f6#a1e1d850871792f6591682b4088e9f2692a565b5,2,1f1e4fb7538d9ed3bd5b8812b0b54aee35aeb9f6,,1f1e4fb7538d9ed3bd5b8812b0b54aee35aeb9f6,,0,,8,0,0,0,2,0,0,2,0,0,7,7769,1324.1086368902,106.062556313554,208.77847856867,1.0,,,2014-01-27 17:35:22,passed,290,"[17711658, 17711661, 17711662, 17711663]",78,17711662,ruby,ok,,ruby,,0.0,,,,,,,,,0
17719573,openid/ruby-openid,0.0,,,ruby,,master,,,merge_found,,,,5,9355ebe1793e687b13707fe15b83617c2be51f38,1,9355ebe1793e687b13707fe15b83617c2be51f38,,9355ebe1793e687b13707fe15b83617c2be51f38,,0,,2,0,0,0,1,0,0,1,0,0,6,7769,1324.1086368902,106.062556313554,208.77847856867,1.0,,,2014-01-27 19:44:49,passed,274,"[17719574, 17719575, 17719576, 17719577]",81,17719574,ruby,ok,,ruby,,0.0,,,,,,,,,0
17814829,openid/ruby-openid,1.0,2014-01-29 03:14:39,73,ruby,merge_button,master,3,e84341bdcccd6c220d169a5ff4e049a84ec3c132#dc981fa53c75030638b9c732b1fd2a82738e46e7#8dc60e553369df2300ebb4b83a29618aff643c2c,build_found,9355ebe1793e687b13707fe15b83617c2be51f38,17719573,2014-01-29 04:11:18,5,dc981fa53c75030638b9c732b1fd2a82738e46e7#e84341bdcccd6c220d169a5ff4e049a84ec3c132,2,dc981fa53c75030638b9c732b1fd2a82738e46e7,9355ebe1793e687b13707fe15b83617c2be51f38,2a199ccc4a21d5cf8c46495801f449a6e853be40,0,0,0,56,18,0,1,3,0,0,4,0,0,80,7744,1327.73760330579,106.404958677686,209.452479338843,0.0,94,2014-01-29 18:38:47,2014-01-29 04:15:13,passed,269,"[17814830, 17814831, 17814832, 17814833]",82,17814831,ruby,ok,,ruby,,0.0,,,,,,,,,0
17856027,openid/ruby-openid,0.0,,,ruby,,master,3,e84341bdcccd6c220d169a5ff4e049a84ec3c132#dc981fa53c75030638b9c732b1fd2a82738e46e7#8dc60e553369df2300ebb4b83a29618aff643c2c,merge_found,,,2014-01-29 04:11:18,5,8dc60e553369df2300ebb4b83a29618aff643c2c,1,8dc60e553369df2300ebb4b83a29618aff643c2c,,8dc60e553369df2300ebb4b83a29618aff643c2c,,0,,36,18,0,1,3,0,0,4,0,0,82,7744,1327.73760330579,106.404958677686,209.452479338843,1.0,,2014-01-29 18:38:47,2014-01-29 18:43:33,passed,305,"[17856028, 17856029, 17856030, 17856031]",83,17856029,ruby,ok,,ruby,,0.0,,,,,,,,,0
17856351,openid/ruby-openid,0.0,,,ruby,,master,1,377e6a88caec630dd87797445e665af25ad55b4f,build_found,8dc60e553369df2300ebb4b83a29618aff643c2c,17856027,2014-01-29 18:44:52,5,377e6a88caec630dd87797445e665af25ad55b4f,1,377e6a88caec630dd87797445e665af25ad55b4f,,377e6a88caec630dd87797445e665af25ad55b4f,,0,,7,0,0,0,2,0,0,2,0,0,9,7744,1327.73760330579,106.404958677686,209.452479338843,1.0,,2014-01-29 18:44:55,2014-01-29 18:49:39,passed,318,"[17856352, 17856353, 17856354, 17856355]",84,17856353,ruby,ok,,ruby,,0.0,,,,,,,,,0
24763155,openid/ruby-openid,1.0,2014-05-09 00:26:44,76,ruby,commits_in_master,master,2,d65076269b77754da7db6e4b189edeeb9201600d#d56e17f9f11d22610fc73296381709a946ec5a36,build_found,377e6a88caec630dd87797445e665af25ad55b4f,17856356,2014-05-09 02:23:30,2,d65076269b77754da7db6e4b189edeeb9201600d,1,d65076269b77754da7db6e4b189edeeb9201600d,377e6a88caec630dd87797445e665af25ad55b4f,3092ed6b4d30532de3679700ee6eab0c32bb77df,0,0,0,9,0,0,0,1,0,0,1,0,0,53,7748,1327.05214248838,106.350025813113,209.34434692824,0.0,71,2014-10-27 19:25:00,2014-05-09 02:27:11,passed,278,"[24763156, 24763157, 24763158, 24763159]",86,24763156,ruby,ok,,ruby,,0.0,,,,,,,,,0
34974013,openid/ruby-openid,1.0,2014-09-10 12:22:14,79,ruby,commits_in_master,master,3,b44a1eb511dec3be25a07930121bc80cacec0f1c#daea30ccaca9412d6ba049e59129ae437a2e06b5#98aaa027a594514162ad95001502125be3dca343,build_found,377e6a88caec630dd87797445e665af25ad55b4f,17856356,2014-09-10 13:59:11,2,daea30ccaca9412d6ba049e59129ae437a2e06b5#b44a1eb511dec3be25a07930121bc80cacec0f1c,2,daea30ccaca9412d6ba049e59129ae437a2e06b5,377e6a88caec630dd87797445e665af25ad55b4f,a8ab7af0e61f228adc55c099edeb27e471462c23,1,0,0,93,13,1,0,4,0,0,5,0,0,84,7812,1316.43625192012,105.478750640041,207.62928827445,0.0,38,2014-10-04 05:59:50,2014-09-11 02:00:10,passed,227,"[34974014, 34974015, 34974016, 34974017]",88,34974015,ruby,ok,,ruby,,0.0,,,,,,,,,0
35924061,openid/ruby-openid,1.0,2014-09-22 08:46:11,80,ruby,commits_in_master,master,2,1c4a90630b183e7572b8ab5f2e3a3e0c0fecd2c7#c13dc01be55f6d15cb5caba83f5733c6f6b67e07,build_found,377e6a88caec630dd87797445e665af25ad55b4f,17856356,2014-09-22 10:38:32,2,1c4a90630b183e7572b8ab5f2e3a3e0c0fecd2c7,1,1c4a90630b183e7572b8ab5f2e3a3e0c0fecd2c7,377e6a88caec630dd87797445e665af25ad55b4f,838facf2f5ee87e52ac3e5d39e49a49761b7dd43,0,0,0,14,0,0,0,1,0,0,1,0,0,5,7740,1328.42377260982,106.459948320413,209.560723514212,0.0,19,2014-10-27 19:25:04,2014-09-22 10:47:12,passed,230,"[35924062, 35924063, 35924064, 35924065]",89,35924064,ruby,ok,,ruby,,0.0,,,,,,,,,0
37027685,openid/ruby-openid,0.0,,,ruby,,master,3,b44a1eb511dec3be25a07930121bc80cacec0f1c#daea30ccaca9412d6ba049e59129ae437a2e06b5#98aaa027a594514162ad95001502125be3dca343,merge_found,,,2014-09-10 13:59:11,3,98aaa027a594514162ad95001502125be3dca343,1,98aaa027a594514162ad95001502125be3dca343,,98aaa027a594514162ad95001502125be3dca343,,0,,89,13,1,0,4,0,0,5,0,0,86,7812,1316.43625192012,105.478750640041,207.62928827445,1.0,,2014-10-04 05:59:50,2014-10-04 06:00:27,passed,282,"[37027686, 37027687, 37027688, 37027689]",90,37027688,ruby,ok,,ruby,,0.0,,,,,,,,,0
39187295,openid/ruby-openid,0.0,,,ruby,,master,2,d65076269b77754da7db6e4b189edeeb9201600d#d56e17f9f11d22610fc73296381709a946ec5a36,merge_found,,,2014-05-09 02:23:30,3,d56e17f9f11d22610fc73296381709a946ec5a36,1,d56e17f9f11d22610fc73296381709a946ec5a36,,d56e17f9f11d22610fc73296381709a946ec5a36,,0,,9,0,0,0,1,0,0,1,0,0,54,7816,1315.7625383828,105.424769703173,207.523029682702,1.0,,2014-10-27 19:25:00,2014-10-27 19:32:34,passed,207,"[39187297, 39187299, 39187300, 39187302]",91,39187300,ruby,ok,,ruby,,0.0,,,,,,,,,0
39187306,openid/ruby-openid,0.0,,,ruby,,master,2,1c4a90630b183e7572b8ab5f2e3a3e0c0fecd2c7#c13dc01be55f6d15cb5caba83f5733c6f6b67e07,merge_found,,,2014-09-22 10:38:32,3,c13dc01be55f6d15cb5caba83f5733c6f6b67e07,1,c13dc01be55f6d15cb5caba83f5733c6f6b67e07,,c13dc01be55f6d15cb5caba83f5733c6f6b67e07,,0,,14,0,0,0,1,0,0,1,0,0,6,7812,1316.43625192012,105.478750640041,207.62928827445,1.0,,2014-10-27 19:25:04,2014-10-27 19:32:30,passed,240,"[39187307, 39187308, 39187309, 39187310]",92,39187310,ruby,ok,,ruby,,0.0,,,,,,,,,0
39187735,openid/ruby-openid,0.0,,,ruby,,master,1,b9749cae250bc707cceb4568769deb399d044d16,build_found,c13dc01be55f6d15cb5caba83f5733c6f6b67e07,39187306,2014-10-27 19:30:20,3,b9749cae250bc707cceb4568769deb399d044d16,1,b9749cae250bc707cceb4568769deb399d044d16,,b9749cae250bc707cceb4568769deb399d044d16,,0,,10,0,0,0,2,0,0,2,0,0,10,7812,1316.43625192012,105.478750640041,207.62928827445,1.0,,2014-10-27 19:30:29,2014-10-27 19:41:49,passed,212,"[39187736, 39187737, 39187738, 39187739]",93,39187737,ruby,ok,,ruby,,0.0,,,,,,,,,0
40466394,openid/ruby-openid,0.0,,,ruby,,master,,,merge_found,,,,4,197d002dec05d974838a548795dda3c604bef242,1,197d002dec05d974838a548795dda3c604bef242,,197d002dec05d974838a548795dda3c604bef242,,0,,53,572,0,1,41,0,0,41,0,1,333,7778,1319.74800719979,105.939830290563,205.579840575984,1.0,,,2014-11-09 15:53:54,passed,173,"[40466395, 40466396, 40466397]",96,40466397,ruby,ok,,ruby,testunit,1.0,,877,0,877,0,,46.94,,0
46062501,openid/ruby-openid,1.0,2015-01-06 11:07:55,83,ruby,commits_in_master,master,2,e7e9f8167409b8de86b53336e8f60858d82d7d43#05d202c4ae92cfa296a6dc4a91e14354eb064963,build_found,197d002dec05d974838a548795dda3c604bef242,40466394,2015-01-06 12:07:48,4,e7e9f8167409b8de86b53336e8f60858d82d7d43,1,e7e9f8167409b8de86b53336e8f60858d82d7d43,197d002dec05d974838a548795dda3c604bef242,5c58888c4547272f7c70eac68b67cb5bc615b0a0,3,0,0,4,0,0,0,1,0,0,1,0,0,9,7778,1319.74800719979,105.939830290563,205.579840575984,1.0,59,2015-01-06 12:57:11,2015-01-06 12:08:34,failed,128,"[46062502, 46062503, 46062504]",97,46062503,ruby,ok,0,ruby,testunit,1.0,,877,0,877,0,,30.93,,0
46066690,openid/ruby-openid,0.0,,,ruby,,master,2,e7e9f8167409b8de86b53336e8f60858d82d7d43#05d202c4ae92cfa296a6dc4a91e14354eb064963,merge_found,,,2015-01-06 12:07:48,4,05d202c4ae92cfa296a6dc4a91e14354eb064963,1,05d202c4ae92cfa296a6dc4a91e14354eb064963,,05d202c4ae92cfa296a6dc4a91e14354eb064963,,0,,4,0,0,0,1,0,0,1,0,0,10,7778,1319.74800719979,105.939830290563,205.579840575984,1.0,,2015-01-06 12:57:11,2015-01-06 12:57:50,failed,124,"[46066692, 46066694, 46066696]",98,46066692,ruby,ok,0,ruby,testunit,1.0,,877,0,877,0,,38.82,,0
46070363,openid/ruby-openid,1.0,2015-01-06 12:38:34,84,ruby,commits_in_master,master,4,ce2e30d7ff3308f17ef7d8c19d6f4752f76c9c40#751e55820d958ee781f5abb466a576d83ddde6fd#eb4018f3fdb7aeec11844bf07318765150e05442#8a54dd7f1a160264d5b55feb46d14f872e20829d,build_found,05d202c4ae92cfa296a6dc4a91e14354eb064963,46066690,2015-01-06 13:15:12,4,ce2e30d7ff3308f17ef7d8c19d6f4752f76c9c40,1,ce2e30d7ff3308f17ef7d8c19d6f4752f76c9c40,05d202c4ae92cfa296a6dc4a91e14354eb064963,c1914aeb2100d963586bcdab53927e83a402834a,0,0,0,10,0,0,0,1,0,0,1,0,0,11,7778,1319.74800719979,105.939830290563,205.579840575984,1.0,23,2015-03-05 12:32:33,2015-01-06 13:39:18,failed,118,"[46070364, 46070365, 46070366]",99,46070366,ruby,broken,0,ruby,,1.0,,,0,,,,,,0
46170328,openid/ruby-openid,0.0,,,ruby,,master,4,a339265ca6db39c331701a20c2dd71ac08f8c1d4#82572845e6dc3950a8e69404a3fbacd1cb389b94#d804b921c03c738f1f35d2085ec860a622c971ff#ff3acd6b5efebd2eaafb3cce93bb90d3141f1b53,merge_found,,,2013-10-15 14:40:40,4,ff3acd6b5efebd2eaafb3cce93bb90d3141f1b53,1,ff3acd6b5efebd2eaafb3cce93bb90d3141f1b53,,ff3acd6b5efebd2eaafb3cce93bb90d3141f1b53,,0,,31,28,0,1,12,0,0,13,0,0,255,7764,1321.61257083977,106.130860381247,205.950540958269,1.0,,2015-01-07 09:07:54,2015-01-07 09:08:28,failed,133,"[46170329, 46170330, 46170331]",101,46170331,ruby,broken,0,ruby,,1.0,,,0,,,,,,0
46293141,openid/ruby-openid,1.0,2015-01-06 12:38:34,84,ruby,commits_in_master,master,4,ce2e30d7ff3308f17ef7d8c19d6f4752f76c9c40#751e55820d958ee781f5abb466a576d83ddde6fd#eb4018f3fdb7aeec11844bf07318765150e05442#8a54dd7f1a160264d5b55feb46d14f872e20829d,build_found,ce2e30d7ff3308f17ef7d8c19d6f4752f76c9c40,46070363,2015-01-06 13:15:12,4,751e55820d958ee781f5abb466a576d83ddde6fd,1,751e55820d958ee781f5abb466a576d83ddde6fd,ff3acd6b5efebd2eaafb3cce93bb90d3141f1b53,feff9cf606eaea22e867bb3635bdd3beb4bf0668,1,0,0,4,0,0,0,1,0,0,1,0,0,12,7778,1319.74800719979,105.939830290563,205.579840575984,1.0,23,2015-03-05 12:32:33,2015-01-08 09:07:00,failed,185,"[46293142, 46293143, 46293144]",102,46293142,ruby,ok,0,ruby,testunit,1.0,,877,0,877,0,,40.17,,0
46427415,openid/ruby-openid,1.0,2015-01-09 09:42:38,85,ruby,commits_in_master,master,3,7c84ec9ced3ccbdad575e02dbfa81e53b52f909e#fc874467322b571a7981b58a71e5787527eec744#56a5290b8f7ee15623c94c742237976416ebabe2,build_found,ff3acd6b5efebd2eaafb3cce93bb90d3141f1b53,46170328,2015-01-09 10:33:23,4,7c84ec9ced3ccbdad575e02dbfa81e53b52f909e,1,7c84ec9ced3ccbdad575e02dbfa81e53b52f909e,ff3acd6b5efebd2eaafb3cce93bb90d3141f1b53,7f62be89c91239496c9a7c1bdd73e5d637c79243,0,0,0,2,0,0,0,1,0,0,1,0,0,28,7764,1321.61257083977,106.130860381247,205.950540958269,1.0,134,2015-03-05 12:32:40,2015-01-09 10:43:14,failed,156,"[46427416, 46427417, 46427418]",103,46427418,ruby,broken,0,ruby,testunit,1.0,,876,1,877,0,StartsWithTestCase,44.02,,0
46439226,openid/ruby-openid,1.0,2015-01-09 12:05:44,86,ruby,commits_in_master,master,4,fc499f74bc1a7b0578c9391859ae64684158164e#8a522e3aa66a2f119d6ad9cf0238f865aac71857#b6402eb3cac8e76d748ff58aa7513ef196d4da1f#624f2822853a23cef71d5416572497ddf0649bfa,build_found,7c84ec9ced3ccbdad575e02dbfa81e53b52f909e,46427415,2015-01-09 12:40:06,4,8a522e3aa66a2f119d6ad9cf0238f865aac71857#fc499f74bc1a7b0578c9391859ae64684158164e,2,8a522e3aa66a2f119d6ad9cf0238f865aac71857,ff3acd6b5efebd2eaafb3cce93bb90d3141f1b53,5250adcec6383c4410205bfec1ebf10272cccd84,2,0,0,0,15,0,0,5,0,0,5,0,0,72,7764,1321.48377125193,106.130860381247,205.950540958269,1.0,40,2015-03-05 12:32:46,2015-01-09 13:06:17,failed,160,"[46439227, 46439228, 46439229]",104,46439228,ruby,ok,0,ruby,testunit,1.0,,877,0,877,0,,31.16,,0
46440317,openid/ruby-openid,1.0,2015-01-09 12:05:44,86,ruby,commits_in_master,master,4,fc499f74bc1a7b0578c9391859ae64684158164e#8a522e3aa66a2f119d6ad9cf0238f865aac71857#b6402eb3cac8e76d748ff58aa7513ef196d4da1f#624f2822853a23cef71d5416572497ddf0649bfa,build_found,8a522e3aa66a2f119d6ad9cf0238f865aac71857,46439226,2015-01-09 12:40:06,4,b6402eb3cac8e76d748ff58aa7513ef196d4da1f,1,b6402eb3cac8e76d748ff58aa7513ef196d4da1f,ff3acd6b5efebd2eaafb3cce93bb90d3141f1b53,36f24ebf862638ef06fdc83ed893926bafe45bf1,0,0,0,0,34,0,1,0,0,0,1,0,0,8,7764,1317.61978361669,105.615662029882,205.435342606904,1.0,40,2015-03-05 12:32:46,2015-01-09 13:17:52,passed,187,"[46440318, 46440319, 46440320]",105,46440318,ruby,ok,0,ruby,testunit,1.0,,873,0,873,0,,40.34,,0
53162281,openid/ruby-openid,1.0,2015-01-09 09:42:38,85,ruby,commits_in_master,master,3,7c84ec9ced3ccbdad575e02dbfa81e53b52f909e#fc874467322b571a7981b58a71e5787527eec744#56a5290b8f7ee15623c94c742237976416ebabe2,build_found,7c84ec9ced3ccbdad575e02dbfa81e53b52f909e,46427415,2015-01-09 10:33:23,3,fc874467322b571a7981b58a71e5787527eec744,1,fc874467322b571a7981b58a71e5787527eec744,ff3acd6b5efebd2eaafb3cce93bb90d3141f1b53,f2990424cc73232dc10abb35a0bb8e3d9a4e12dc,1,0,0,0,0,0,0,0,0,0,0,0,0,0,7764,1321.61257083977,106.130860381247,205.950540958269,1.0,134,2015-03-05 12:32:40,2015-03-05 12:26:22,passed,141,"[53162282, 53162283, 53162284]",108,53162282,ruby,ok,0,ruby,testunit,1.0,,877,0,877,0,,38.98,,0
53162304,openid/ruby-openid,1.0,2015-01-06 12:38:34,84,ruby,commits_in_master,master,4,ce2e30d7ff3308f17ef7d8c19d6f4752f76c9c40#751e55820d958ee781f5abb466a576d83ddde6fd#eb4018f3fdb7aeec11844bf07318765150e05442#8a54dd7f1a160264d5b55feb46d14f872e20829d,build_found,751e55820d958ee781f5abb466a576d83ddde6fd,46293141,2015-01-06 13:15:12,3,eb4018f3fdb7aeec11844bf07318765150e05442,1,eb4018f3fdb7aeec11844bf07318765150e05442,ff3acd6b5efebd2eaafb3cce93bb90d3141f1b53,1add4a31539a84a785b6a3bf3bd51d581a09f582,2,0,0,0,0,0,0,0,0,0,0,0,0,0,7778,1319.74800719979,105.939830290563,205.579840575984,1.0,23,2015-03-05 12:32:33,2015-03-05 09:18:47,passed,172,"[53162305, 53162306, 53162308]",109,53162306,ruby,ok,0,ruby,testunit,1.0,,877,0,877,0,,28.11,,0
53181903,openid/ruby-openid,0.0,,,ruby,,master,4,ce2e30d7ff3308f17ef7d8c19d6f4752f76c9c40#751e55820d958ee781f5abb466a576d83ddde6fd#eb4018f3fdb7aeec11844bf07318765150e05442#8a54dd7f1a160264d5b55feb46d14f872e20829d,merge_found,,,2015-01-06 13:15:12,3,8a54dd7f1a160264d5b55feb46d14f872e20829d,1,8a54dd7f1a160264d5b55feb46d14f872e20829d,,8a54dd7f1a160264d5b55feb46d14f872e20829d,,0,,10,0,0,0,1,0,0,1,0,0,14,7764,1321.61257083977,106.130860381247,205.950540958269,1.0,,2015-03-05 12:32:33,2015-03-05 12:33:15,passed,213,"[53181904, 53181905, 53181906]",110,53181905,ruby,ok,0,ruby,testunit,1.0,,877,0,877,0,,29.04,,0
53181923,openid/ruby-openid,0.0,,,ruby,,master,3,7c84ec9ced3ccbdad575e02dbfa81e53b52f909e#fc874467322b571a7981b58a71e5787527eec744#56a5290b8f7ee15623c94c742237976416ebabe2,merge_found,,,2015-01-09 10:33:23,3,56a5290b8f7ee15623c94c742237976416ebabe2,1,56a5290b8f7ee15623c94c742237976416ebabe2,,56a5290b8f7ee15623c94c742237976416ebabe2,,0,,2,0,0,0,1,0,0,1,0,0,29,7764,1321.61257083977,106.130860381247,205.950540958269,1.0,,2015-03-05 12:32:40,2015-03-05 12:33:21,passed,156,"[53181924, 53181925, 53181926]",111,53181924,ruby,ok,0,ruby,testunit,1.0,,877,0,877,0,,40.65,,0
53181927,openid/ruby-openid,0.0,,,ruby,,master,4,fc499f74bc1a7b0578c9391859ae64684158164e#8a522e3aa66a2f119d6ad9cf0238f865aac71857#b6402eb3cac8e76d748ff58aa7513ef196d4da1f#624f2822853a23cef71d5416572497ddf0649bfa,merge_found,,,2015-01-09 12:40:06,3,624f2822853a23cef71d5416572497ddf0649bfa,1,624f2822853a23cef71d5416572497ddf0649bfa,,624f2822853a23cef71d5416572497ddf0649bfa,,0,,0,49,0,1,5,0,0,6,0,0,77,7764,1317.61978361669,105.615662029882,205.435342606904,1.0,,2015-03-05 12:32:46,2015-03-05 12:34:31,passed,150,"[53181928, 53181929, 53181930]",112,53181930,ruby,ok,0,ruby,testunit,1.0,,873,0,873,0,,44.06,,0
53182803,openid/ruby-openid,0.0,,,ruby,,master,2,19326f6396224cb16f9b9b9c1283a59617ce53bb#079468054025cddc2ae2fe25fed4c2d322b153ce,build_found,624f2822853a23cef71d5416572497ddf0649bfa,53181927,2015-03-05 12:42:19,3,079468054025cddc2ae2fe25fed4c2d322b153ce#19326f6396224cb16f9b9b9c1283a59617ce53bb,2,079468054025cddc2ae2fe25fed4c2d322b153ce,,079468054025cddc2ae2fe25fed4c2d322b153ce,,0,,8,0,0,0,2,0,0,1,0,1,17,7764,1317.61978361669,105.615662029882,205.435342606904,1.0,,2015-03-05 12:42:39,2015-03-05 12:43:21,passed,440,"[53182804, 53182805, 53182806, 53182807, 53182808, 53182809, 53182810]",113,53182809,ruby,ok,0,ruby,testunit,1.0,,873,0,873,0,,11.72,,0
54994381,openid/ruby-openid,0.0,,,ruby,,master,1,5a83c2c4837f40857dee1db331941479f0b56e3b,build_found,079468054025cddc2ae2fe25fed4c2d322b153ce,53182803,2015-03-19 09:04:03,4,5a83c2c4837f40857dee1db331941479f0b56e3b#ea0abc7a090a15111c386440f1f9a6cdb1a22c67,2,5a83c2c4837f40857dee1db331941479f0b56e3b,,5a83c2c4837f40857dee1db331941479f0b56e3b,,0,,2,0,0,0,2,0,0,1,0,1,20,7764,1317.61978361669,105.615662029882,205.435342606904,1.0,,2015-03-19 09:13:37,2015-03-19 09:14:23,passed,525,"[54994382, 54994383, 54994384, 54994385, 54994386, 54994387, 54994388, 54994389]",115,54994384,ruby,ok,0,ruby,testunit,1.0,,873,0,873,0,,13.68,,0
61909189,openid/ruby-openid,1.0,2015-05-09 17:50:20,91,ruby,commits_in_master,master,2,0492251d6f81bd5d3f8bd4bdf8b315b2131e8eaa#5dd11301f00432554404e3304a3f9e9cab7146e1,build_found,5a83c2c4837f40857dee1db331941479f0b56e3b,54994381,2015-05-09 19:43:43,4,0492251d6f81bd5d3f8bd4bdf8b315b2131e8eaa,1,0492251d6f81bd5d3f8bd4bdf8b315b2131e8eaa,5a83c2c4837f40857dee1db331941479f0b56e3b,831c743a73bce72f4707565bb15a91d9fb1d11f3,0,0,0,2,0,0,0,1,0,0,1,0,0,3,7764,1317.61978361669,105.615662029882,205.435342606904,1.0,6,2015-05-18 06:18:06,2015-05-09 19:51:20,passed,506,"[61909190, 61909191, 61909192, 61909193, 61909194, 61909195, 61909196, 61909197]",117,61909196,ruby,ok,0,ruby,testunit,1.0,,873,0,873,0,,45.06,,0
62972321,openid/ruby-openid,0.0,,,ruby,,master,2,0492251d6f81bd5d3f8bd4bdf8b315b2131e8eaa#5dd11301f00432554404e3304a3f9e9cab7146e1,merge_found,,,2015-05-09 19:43:43,4,5dd11301f00432554404e3304a3f9e9cab7146e1,1,5dd11301f00432554404e3304a3f9e9cab7146e1,,5dd11301f00432554404e3304a3f9e9cab7146e1,,0,,2,0,0,0,1,0,0,1,0,0,4,7764,1317.61978361669,105.615662029882,205.435342606904,1.0,,2015-05-18 06:18:06,2015-05-18 06:24:49,passed,553,"[62972322, 62972323, 62972324, 62972325, 62972326, 62972327, 62972328, 62972329]",118,62972326,ruby,ok,0,ruby,testunit,1.0,,873,0,873,0,,5.77,,0
