tr_build_id,gh_project_name,gh_is_pr,gh_pr_created_at,gh_pull_req_num,gh_lang,git_merged_with,git_branch,gh_num_commits_in_push,gh_commits_in_push,git_prev_commit_resolution_status,git_prev_built_commit,tr_prev_build,gh_first_commit_created_at,gh_team_size,git_all_built_commits,git_num_all_built_commits,git_trigger_commit,tr_virtual_merged_into,tr_original_commit,gh_num_issue_comments,gh_num_commit_comments,gh_num_pr_comments,git_diff_src_churn,git_diff_test_churn,gh_diff_files_added,gh_diff_files_deleted,gh_diff_files_modified,gh_diff_tests_added,gh_diff_tests_deleted,gh_diff_src_files,gh_diff_doc_files,gh_diff_other_files,gh_num_commits_on_files_touched,gh_sloc,gh_test_lines_per_kloc,gh_test_cases_per_kloc,gh_asserts_cases_per_kloc,gh_by_core_team_member,gh_description_complexity,gh_pushed_at,gh_build_started_at,tr_status,tr_duration,tr_jobs,tr_build_number,tr_job_id,tr_log_lan,tr_log_status,tr_log_setup_time,tr_log_analyzer,tr_log_frameworks,tr_log_bool_tests_ran,tr_log_bool_tests_failed,tr_log_num_tests_ok,tr_log_num_tests_failed,tr_log_num_tests_run,tr_log_num_tests_skipped,tr_log_tests_failed,tr_log_testduration,tr_log_buildduration,build_successful
12642896,garybernhardt/selecta,0.0,,,ruby,,master,1,fa77b7e2fb787df4cf5cf1678cd46021ab106497,merge_found,,,2013-10-16 22:36:02,2,fa77b7e2fb787df4cf5cf1678cd46021ab106497#af26bb32d6ebd7f8d119030654321ea7efeb0711,2,fa77b7e2fb787df4cf5cf1678cd46021ab106497,,fa77b7e2fb787df4cf5cf1678cd46021ab106497,,0,,0,4,0,0,1,0,0,2,0,0,21,11,7909.09090909091,1363.63636363636,2181.81818181818,1.0,,2013-10-16 22:36:20,2013-10-16 22:41:27,failed,17,[12642897],1,12642897,ruby,broken,,ruby,,0.0,,,,,,,,,0
12642986,garybernhardt/selecta,0.0,,,ruby,,master,1,f2ae49b67c652fd76157435280d5d3e4b6a8f245,build_found,fa77b7e2fb787df4cf5cf1678cd46021ab106497,12642896,2013-10-16 22:42:52,2,f2ae49b67c652fd76157435280d5d3e4b6a8f245,1,f2ae49b67c652fd76157435280d5d3e4b6a8f245,,f2ae49b67c652fd76157435280d5d3e4b6a8f245,,0,,0,0,0,0,1,0,0,0,0,1,39,11,7909.09090909091,1363.63636363636,2181.81818181818,1.0,,2013-10-16 22:42:56,2013-10-16 22:44:44,failed,18,[12642987],2,12642987,ruby,broken,,ruby,,0.0,,,,,,,,,0
12643557,garybernhardt/selecta,0.0,,,ruby,,master,4,53ebf0f797226d4c07c4a6d551893391e6cd0e4d#0e06dd3497f3cbbd36fcdacda0345f68472d84c4#040a0331806a068fc4bbb4d3c084aae3dbc0e4d4#49ed9ce5183025b7ca765c66932956338be95ffe,merge_found,,,2013-10-16 22:43:46,2,49ed9ce5183025b7ca765c66932956338be95ffe,1,49ed9ce5183025b7ca765c66932956338be95ffe,,49ed9ce5183025b7ca765c66932956338be95ffe,,0,,23,0,5,0,0,0,0,2,0,3,3,11,7909.09090909091,1363.63636363636,2181.81818181818,1.0,,2013-10-16 22:56:51,2013-10-16 22:58:08,passed,28,[12643558],6,12643558,ruby,ok,,ruby,rspec,1.0,,15,0,15,0,,0.01,,0
12697137,garybernhardt/selecta,0.0,,,ruby,,master,4,f69c16df0e8c48e837902ee11ebb4aaed6bfc370#b17915c5d6e08c46b2e54d83efae6119c72b1303#e9115cc34f1efb3284dc07e2a1f6769b8d18e955#97c7ba364faa7a1dbe486d9f60ba64184f3cf0c2,merge_found,,,2013-10-18 00:15:59,2,97c7ba364faa7a1dbe486d9f60ba64184f3cf0c2,1,97c7ba364faa7a1dbe486d9f60ba64184f3cf0c2,,97c7ba364faa7a1dbe486d9f60ba64184f3cf0c2,,0,,37,29,0,0,4,0,0,3,0,1,50,11,9454.54545454546,1545.45454545455,2363.63636363636,1.0,,2013-10-18 01:06:54,2013-10-18 01:07:27,passed,22,[12697138],7,12697138,ruby,ok,,ruby,rspec,1.0,,17,0,17,0,,0.02,,0
12843327,garybernhardt/selecta,0.0,,,ruby,,master,5,799b61ca5cee730c27abeefaec471d633d265d5b#9b7ececb6d8b9d2c9b5215282afa76e510d290e0#b59f43b0da2dad24a86aedd452ecdbffaa29a594#b3a62f89cedfd5ed1fabe57c536d6aec2b684ccc#c5170001395c03e19537a8aad1a5a7b9aba41c8e,build_found,97c7ba364faa7a1dbe486d9f60ba64184f3cf0c2,12697137,2013-10-21 18:33:58,2,c5170001395c03e19537a8aad1a5a7b9aba41c8e#b3a62f89cedfd5ed1fabe57c536d6aec2b684ccc#b59f43b0da2dad24a86aedd452ecdbffaa29a594#9b7ececb6d8b9d2c9b5215282afa76e510d290e0#799b61ca5cee730c27abeefaec471d633d265d5b,5,c5170001395c03e19537a8aad1a5a7b9aba41c8e,,c5170001395c03e19537a8aad1a5a7b9aba41c8e,,0,,3,0,0,0,2,0,0,1,0,1,50,11,9454.54545454546,1545.45454545455,2363.63636363636,1.0,,2013-10-21 19:22:59,2013-10-21 19:25:52,passed,29,[12843328],8,12843328,ruby,ok,,ruby,rspec,1.0,,17,0,17,0,,0.03,,0
12848303,garybernhardt/selecta,0.0,,,ruby,,master,1,50190f55edaa7be5f8540ff1626839c71ae115a3,build_found,c5170001395c03e19537a8aad1a5a7b9aba41c8e,12843327,2013-10-21 21:05:41,2,50190f55edaa7be5f8540ff1626839c71ae115a3,1,50190f55edaa7be5f8540ff1626839c71ae115a3,,50190f55edaa7be5f8540ff1626839c71ae115a3,,0,,4,0,0,0,1,0,0,1,0,0,9,11,9454.54545454546,1545.45454545455,2363.63636363636,1.0,,2013-10-21 21:05:39,2013-10-21 21:14:39,passed,26,[12848304],9,12848304,ruby,ok,,ruby,rspec,1.0,,17,0,17,0,,0.03,,0
12954034,garybernhardt/selecta,0.0,,,ruby,,master,1,bc74b85b9e2c4c17da3a058236e9e91ab1c0e4bf,build_found,50190f55edaa7be5f8540ff1626839c71ae115a3,12848303,2013-10-23 21:11:15,2,bc74b85b9e2c4c17da3a058236e9e91ab1c0e4bf,1,bc74b85b9e2c4c17da3a058236e9e91ab1c0e4bf,,bc74b85b9e2c4c17da3a058236e9e91ab1c0e4bf,,0,,0,0,0,0,1,0,0,0,0,1,47,11,9454.54545454546,1545.45454545455,2363.63636363636,1.0,,2013-10-23 21:11:48,2013-10-23 21:13:28,passed,27,[12954035],12,12954035,ruby,ok,,ruby,rspec,1.0,,17,0,17,0,,0.02,,0
13231165,garybernhardt/selecta,0.0,,,ruby,,master,6,c418bf4441be5be9257c5ed46d730148a94c9abd#94df68e749f2316eeb15c26ed74274523cec08a0#eb90d8be93ae771a8322a14aca5cc85c0b4d3df1#0ce1d2bbf67091d968093af8739b321ed72bfe20#55d069af170312b3b486a153f27fb3e89d0a74c4#e2663f00a9d160fcd24fd163af43602b5d904e46,merge_found,,,2013-10-26 01:10:00,2,e2663f00a9d160fcd24fd163af43602b5d904e46,1,e2663f00a9d160fcd24fd163af43602b5d904e46,,e2663f00a9d160fcd24fd163af43602b5d904e46,,2,,0,108,1,0,2,0,0,2,0,1,53,11,16090.9090909091,2727.27272727273,4818.18181818182,1.0,,2013-10-29 21:05:51,2013-10-29 21:06:58,passed,23,[13231166],13,13231166,ruby,ok,,ruby,rspec,1.0,,31,0,31,1,,0.01,,0
13231236,garybernhardt/selecta,0.0,,,ruby,,master,1,ffb37f89223d49eb57d6b3377ddc96a486a90d85,build_found,e2663f00a9d160fcd24fd163af43602b5d904e46,13231165,2013-10-28 03:39:07,2,ffb37f89223d49eb57d6b3377ddc96a486a90d85,1,ffb37f89223d49eb57d6b3377ddc96a486a90d85,,ffb37f89223d49eb57d6b3377ddc96a486a90d85,,0,,0,0,1,0,0,0,0,1,0,0,0,50030,3.53787727363582,0.599640215870478,1.05936438137118,1.0,,2013-10-29 21:08:32,2013-10-29 21:10:49,passed,31,[13231237],14,13231237,ruby,ok,,ruby,rspec,1.0,,31,0,31,1,,0.02,,0
13231368,garybernhardt/selecta,0.0,,,ruby,,master,1,954cbad0a7f5d85d05264358ba17a6b40b499de5,build_found,ffb37f89223d49eb57d6b3377ddc96a486a90d85,13231236,2013-10-29 21:11:32,2,954cbad0a7f5d85d05264358ba17a6b40b499de5,1,954cbad0a7f5d85d05264358ba17a6b40b499de5,,954cbad0a7f5d85d05264358ba17a6b40b499de5,,0,,1,0,0,0,1,0,0,1,0,0,1,50031,3.53780655993284,0.599628230497092,1.05934320721153,1.0,,2013-10-29 21:11:41,2013-10-29 21:13:26,passed,29,[13231369],15,13231369,ruby,ok,,ruby,rspec,1.0,,31,0,31,1,,0.02,,0
13231578,garybernhardt/selecta,0.0,,,ruby,,master,1,ae8ed5c7300686c6917a23d253cda678d8f268f5,build_found,954cbad0a7f5d85d05264358ba17a6b40b499de5,13231368,2013-10-29 21:16:36,2,ae8ed5c7300686c6917a23d253cda678d8f268f5,1,ae8ed5c7300686c6917a23d253cda678d8f268f5,,ae8ed5c7300686c6917a23d253cda678d8f268f5,,0,,11,0,0,0,1,0,0,1,0,0,10,50031,3.53780655993284,0.599628230497092,1.05934320721153,1.0,,2013-10-29 21:16:47,2013-10-29 21:18:18,passed,27,[13231579],16,13231579,ruby,ok,,ruby,rspec,1.0,,31,0,31,1,,0.02,,0
13232839,garybernhardt/selecta,0.0,,,ruby,,master,1,d90bae11c4c03c8a56bae35f79b0a96f1ad0d44d,build_found,ae8ed5c7300686c6917a23d253cda678d8f268f5,13231578,2013-10-29 21:49:10,2,d90bae11c4c03c8a56bae35f79b0a96f1ad0d44d,1,d90bae11c4c03c8a56bae35f79b0a96f1ad0d44d,,d90bae11c4c03c8a56bae35f79b0a96f1ad0d44d,,0,,0,0,0,0,1,0,0,0,0,1,52,50031,3.53780655993284,0.599628230497092,1.05934320721153,1.0,,2013-10-29 21:49:16,2013-10-29 21:50:31,passed,26,[13232840],17,13232840,ruby,ok,,ruby,rspec,1.0,,31,0,31,1,,0.02,,0
13281091,garybernhardt/selecta,0.0,,,ruby,,master,1,c8c38a2b5dadb40b2e1e00cffa4d4a2dcee823de,build_found,d90bae11c4c03c8a56bae35f79b0a96f1ad0d44d,13232839,2013-10-30 19:56:18,2,c8c38a2b5dadb40b2e1e00cffa4d4a2dcee823de,1,c8c38a2b5dadb40b2e1e00cffa4d4a2dcee823de,,c8c38a2b5dadb40b2e1e00cffa4d4a2dcee823de,,0,,0,2,0,0,1,0,0,1,0,0,4,50031,3.53780655993284,0.599628230497092,1.05934320721153,1.0,,2013-10-30 19:56:47,2013-10-30 19:59:04,passed,37,[13281092],18,13281092,ruby,ok,,ruby,rspec,1.0,,31,0,31,1,,0.03,,0
13282186,garybernhardt/selecta,0.0,,,ruby,,master,1,e23b0aa80c5d7e39b63515194f4c90bfd2cb9364,build_found,c8c38a2b5dadb40b2e1e00cffa4d4a2dcee823de,13281091,2013-10-30 20:23:23,2,e23b0aa80c5d7e39b63515194f4c90bfd2cb9364,1,e23b0aa80c5d7e39b63515194f4c90bfd2cb9364,,e23b0aa80c5d7e39b63515194f4c90bfd2cb9364,,0,,0,52,0,0,1,0,0,1,0,0,6,50031,3.53780655993284,0.599628230497092,1.05934320721153,1.0,,2013-10-30 20:23:32,2013-10-30 20:25:20,passed,27,[13282187],19,13282187,ruby,ok,,ruby,rspec,1.0,,31,0,31,1,,0.02,,0
13282604,garybernhardt/selecta,0.0,,,ruby,,master,1,a082f2d4835c8bf5eb06e0219bdb3567b5c3d77d,build_found,e23b0aa80c5d7e39b63515194f4c90bfd2cb9364,13282186,2013-10-30 20:26:54,2,a082f2d4835c8bf5eb06e0219bdb3567b5c3d77d,1,a082f2d4835c8bf5eb06e0219bdb3567b5c3d77d,,a082f2d4835c8bf5eb06e0219bdb3567b5c3d77d,,0,,0,8,0,0,1,0,0,1,0,0,6,50031,3.53780655993284,0.599628230497092,1.07933081489477,1.0,,2013-10-30 20:29:57,2013-10-30 20:30:54,passed,22,[13282605],20,13282605,ruby,ok,,ruby,rspec,1.0,,31,0,31,1,,0.02,,0
13494305,garybernhardt/selecta,0.0,,,ruby,,master,1,b5a1e56a29309610f071a5d8948dd3da126c2da7,build_found,a082f2d4835c8bf5eb06e0219bdb3567b5c3d77d,13282604,2013-11-04 21:40:59,2,b5a1e56a29309610f071a5d8948dd3da126c2da7,1,b5a1e56a29309610f071a5d8948dd3da126c2da7,,b5a1e56a29309610f071a5d8948dd3da126c2da7,,0,,0,0,0,2,1,0,0,0,0,3,5,50031,3.53780655993284,0.599628230497092,1.07933081489477,1.0,,2013-11-04 21:41:58,2013-11-04 21:55:46,passed,26,[13494306],22,13494306,ruby,ok,,ruby,rspec,1.0,,31,0,31,1,,0.02,,0
14168551,garybernhardt/selecta,0.0,,,ruby,,master,1,6d2f989b1bccc8ba627cec4777e56e709b195fa3,build_found,b5a1e56a29309610f071a5d8948dd3da126c2da7,13494305,2013-11-05 00:04:02,2,6d2f989b1bccc8ba627cec4777e56e709b195fa3,1,6d2f989b1bccc8ba627cec4777e56e709b195fa3,,6d2f989b1bccc8ba627cec4777e56e709b195fa3,,0,,0,16,0,0,1,0,0,1,0,0,7,50031,3.61775699066579,0.619615838180328,1.099318422578,1.0,,2013-11-18 23:07:00,2013-11-18 23:08:13,passed,23,[14168552],24,14168552,ruby,ok,,ruby,rspec,1.0,,32,0,32,1,,0.02,,0
14169120,garybernhardt/selecta,0.0,,,ruby,,master,2,5af17abf82bf2bc0f5ca2dd51226ddf4b89002a4#d50fe0b8f586c5f55c271e4f9dd1ad3ecc669ec3,build_found,6d2f989b1bccc8ba627cec4777e56e709b195fa3,14168551,2013-11-18 23:15:06,2,d50fe0b8f586c5f55c271e4f9dd1ad3ecc669ec3#5af17abf82bf2bc0f5ca2dd51226ddf4b89002a4,2,d50fe0b8f586c5f55c271e4f9dd1ad3ecc669ec3,,d50fe0b8f586c5f55c271e4f9dd1ad3ecc669ec3,,0,,0,0,0,0,1,0,0,0,0,1,53,50031,3.61775699066579,0.619615838180328,1.099318422578,1.0,,2013-11-18 23:20:34,2013-11-18 23:21:16,passed,24,[14169121],25,14169121,ruby,ok,,ruby,rspec,1.0,,32,0,32,1,,0.02,,0
14174268,garybernhardt/selecta,0.0,,,ruby,,master,1,e2c1d3a495cc13f5a11e842bc03cb84202c8d746,build_found,d50fe0b8f586c5f55c271e4f9dd1ad3ecc669ec3,14169120,2013-11-19 01:30:38,2,e2c1d3a495cc13f5a11e842bc03cb84202c8d746,1,e2c1d3a495cc13f5a11e842bc03cb84202c8d746,,e2c1d3a495cc13f5a11e842bc03cb84202c8d746,,0,,0,0,0,0,1,0,0,0,0,1,55,50031,3.61775699066579,0.619615838180328,1.099318422578,1.0,,2013-11-19 01:30:51,2013-11-19 01:31:56,passed,29,[14174269],26,14174269,ruby,ok,,ruby,rspec,1.0,,32,0,32,1,,0.02,,0
16115905,garybernhardt/selecta,0.0,,,ruby,,master,1,f64cee8f17ce50b33d2bb25048c2a1d6e684470e,build_found,e2c1d3a495cc13f5a11e842bc03cb84202c8d746,14174268,2013-12-29 21:10:30,3,f64cee8f17ce50b33d2bb25048c2a1d6e684470e,1,f64cee8f17ce50b33d2bb25048c2a1d6e684470e,,f64cee8f17ce50b33d2bb25048c2a1d6e684470e,,0,,0,0,0,0,1,0,0,0,0,1,56,50031,3.61775699066579,0.619615838180328,1.099318422578,1.0,,2013-12-29 21:11:39,2013-12-29 21:12:13,failed,25,[16115906],30,16115906,ruby,broken,,ruby,rspec,1.0,,16,16,32,1,,0.02,,0
16116019,garybernhardt/selecta,0.0,,,ruby,,master,1,55b66bb4ec85a4ae8b286c904092db6a32bbd9af,build_found,f64cee8f17ce50b33d2bb25048c2a1d6e684470e,16115905,2013-12-29 21:16:11,3,55b66bb4ec85a4ae8b286c904092db6a32bbd9af,1,55b66bb4ec85a4ae8b286c904092db6a32bbd9af,,55b66bb4ec85a4ae8b286c904092db6a32bbd9af,,0,,0,0,0,0,1,0,0,0,0,1,57,50031,3.61775699066579,0.619615838180328,1.099318422578,1.0,,2013-12-29 21:16:21,2013-12-29 21:16:55,failed,24,[16116020],31,16116020,ruby,broken,,ruby,rspec,1.0,,16,16,32,1,,0.02,,0
16116868,garybernhardt/selecta,0.0,,,ruby,,master,1,f64e4ff96e8c6495effece52ced92841f89c75c2,build_found,55b66bb4ec85a4ae8b286c904092db6a32bbd9af,16116019,2013-12-29 21:38:57,3,f64e4ff96e8c6495effece52ced92841f89c75c2,1,f64e4ff96e8c6495effece52ced92841f89c75c2,,f64e4ff96e8c6495effece52ced92841f89c75c2,,0,,0,0,0,0,1,0,0,0,0,1,58,50031,3.61775699066579,0.619615838180328,1.099318422578,1.0,,2013-12-29 21:39:04,2013-12-29 21:39:38,passed,26,[16116869],32,16116869,ruby,ok,,ruby,rspec,1.0,,32,0,32,1,,0.03,,0
16138602,garybernhardt/selecta,1.0,2013-12-30 11:55:44,27,ruby,merge_button,master,2,bcfe61d0e89b4abf2851cc160d2b7cbf11d73441#9c548c3e53e11d1b52345825faf0316cb6e2c376,build_found,f64e4ff96e8c6495effece52ced92841f89c75c2,16116868,2013-12-30 12:50:39,3,bcfe61d0e89b4abf2851cc160d2b7cbf11d73441,1,bcfe61d0e89b4abf2851cc160d2b7cbf11d73441,f64e4ff96e8c6495effece52ced92841f89c75c2,6e832a32eb3874c71004a8ad851cbeef7b4a41db,0,0,0,0,0,0,0,1,0,0,0,0,1,59,50031,3.61775699066579,0.619615838180328,1.099318422578,0.0,19,2013-12-30 20:40:06,2013-12-30 12:56:47,passed,27,[16138603],33,16138603,ruby,ok,,ruby,rspec,1.0,,32,0,32,1,,0.02,,0
16158033,garybernhardt/selecta,0.0,,,ruby,,master,2,bcfe61d0e89b4abf2851cc160d2b7cbf11d73441#9c548c3e53e11d1b52345825faf0316cb6e2c376,merge_found,,,2013-12-30 12:50:39,3,9c548c3e53e11d1b52345825faf0316cb6e2c376,1,9c548c3e53e11d1b52345825faf0316cb6e2c376,,9c548c3e53e11d1b52345825faf0316cb6e2c376,,0,,0,0,0,0,1,0,0,0,0,1,60,50031,3.61775699066579,0.619615838180328,1.099318422578,1.0,,2013-12-30 20:40:06,2013-12-30 20:41:00,passed,26,[16158034],34,16158034,ruby,ok,,ruby,rspec,1.0,,32,0,32,1,,0.06,,0
19543729,garybernhardt/selecta,0.0,,,ruby,,master,1,e862cfd7bb58b731578256c7a08639c05357ee63,build_found,9c548c3e53e11d1b52345825faf0316cb6e2c376,16158033,2014-02-25 00:55:40,3,e862cfd7bb58b731578256c7a08639c05357ee63,1,e862cfd7bb58b731578256c7a08639c05357ee63,,e862cfd7bb58b731578256c7a08639c05357ee63,,0,,5,0,0,0,1,0,0,1,0,0,11,50031,3.61775699066579,0.619615838180328,1.099318422578,1.0,,2014-02-25 00:55:59,2014-02-25 00:56:31,passed,27,[19543730],36,19543730,ruby,ok,,ruby,rspec,1.0,,32,0,32,1,,0.02,,0
19621867,garybernhardt/selecta,0.0,,,ruby,,master,1,0058b671f9d820dfcb318f6915b455e78d57fc29,build_found,e862cfd7bb58b731578256c7a08639c05357ee63,19543729,2014-02-26 01:04:44,3,0058b671f9d820dfcb318f6915b455e78d57fc29,1,0058b671f9d820dfcb318f6915b455e78d57fc29,,0058b671f9d820dfcb318f6915b455e78d57fc29,,0,,0,0,0,0,1,0,0,0,0,1,4,50031,3.61775699066579,0.619615838180328,1.099318422578,1.0,,2014-02-26 01:04:53,2014-02-26 01:05:22,passed,27,[19621868],37,19621868,ruby,ok,,ruby,rspec,1.0,,32,0,32,1,,0.02,,0
19622382,garybernhardt/selecta,1.0,2014-02-26 00:20:49,34,ruby,commits_in_master,master,2,fd93e07706b57613d5a0bad2857837483529a044#8a2d1f3f75ad2e699c817580513795178942bd07,build_found,0058b671f9d820dfcb318f6915b455e78d57fc29,19621867,2014-02-26 01:19:31,3,fd93e07706b57613d5a0bad2857837483529a044,1,fd93e07706b57613d5a0bad2857837483529a044,0058b671f9d820dfcb318f6915b455e78d57fc29,5ae38ddf745ba098f8fc72e08ab24cf2f1ee20c9,0,0,0,0,9,0,0,2,0,0,1,0,1,64,50031,3.77765785213168,0.639603445863565,1.21924406867742,0.0,7,2014-02-26 19:51:24,2014-02-26 01:21:24,passed,27,[19622383],38,19622383,ruby,ok,,ruby,rspec,1.0,,33,0,33,1,,0.02,,0
19678306,garybernhardt/selecta,0.0,,,ruby,,master,2,fd93e07706b57613d5a0bad2857837483529a044#8a2d1f3f75ad2e699c817580513795178942bd07,merge_found,,,2014-02-26 01:19:31,3,8a2d1f3f75ad2e699c817580513795178942bd07,1,8a2d1f3f75ad2e699c817580513795178942bd07,,8a2d1f3f75ad2e699c817580513795178942bd07,,0,,0,9,0,0,2,0,0,1,0,1,65,50031,3.77765785213168,0.639603445863565,1.21924406867742,1.0,,2014-02-26 19:51:24,2014-02-26 19:55:39,passed,30,[19678307],39,19678307,ruby,ok,,ruby,rspec,1.0,,33,0,33,1,,0.04,,0
19679412,garybernhardt/selecta,0.0,,,ruby,,master,1,903669b3ca66acae85011b4d5563868dcd9f486e,build_found,8a2d1f3f75ad2e699c817580513795178942bd07,19678306,2013-12-17 21:58:03,3,903669b3ca66acae85011b4d5563868dcd9f486e,1,903669b3ca66acae85011b4d5563868dcd9f486e,,903669b3ca66acae85011b4d5563868dcd9f486e,,0,,1,0,0,0,2,0,0,1,0,1,74,50031,3.77765785213168,0.639603445863565,1.21924406867742,1.0,,2014-02-26 20:07:53,2014-02-26 20:11:39,passed,38,[19679413],40,19679413,ruby,ok,,ruby,rspec,1.0,,33,0,33,1,,0.03,,0
19768967,garybernhardt/selecta,0.0,,,ruby,,master,1,d8199e104425493c4eb1e87f4ae2dc2f03fe8435,build_found,903669b3ca66acae85011b4d5563868dcd9f486e,19679412,2014-02-27 23:18:25,3,d8199e104425493c4eb1e87f4ae2dc2f03fe8435,1,d8199e104425493c4eb1e87f4ae2dc2f03fe8435,,d8199e104425493c4eb1e87f4ae2dc2f03fe8435,,0,,0,0,0,0,1,0,0,0,0,1,64,50031,3.77765785213168,0.639603445863565,1.21924406867742,1.0,,2014-02-27 23:19:19,2014-02-27 23:20:36,passed,30,[19768968],41,19768968,ruby,ok,,ruby,rspec,1.0,,33,0,33,1,,0.03,,0
20324052,garybernhardt/selecta,0.0,,,ruby,,master,1,dc38d6ce8b7fe76bb034c4e63deffdeaac5aa5c7,build_found,d8199e104425493c4eb1e87f4ae2dc2f03fe8435,20319374,2014-03-07 23:53:36,3,dc38d6ce8b7fe76bb034c4e63deffdeaac5aa5c7,1,dc38d6ce8b7fe76bb034c4e63deffdeaac5aa5c7,,dc38d6ce8b7fe76bb034c4e63deffdeaac5aa5c7,,2,,0,0,0,0,1,0,0,0,0,1,65,50031,3.77765785213168,0.639603445863565,1.21924406867742,1.0,,2014-03-07 23:54:23,2014-03-07 23:55:02,passed,31,[20324053],47,20324053,ruby,ok,,ruby,rspec,1.0,,33,0,33,1,,0.04,,0
20325666,garybernhardt/selecta,0.0,,,ruby,,master,1,0ee63f2ad090fba145640fc383ae21d11ca685a2,build_found,dc38d6ce8b7fe76bb034c4e63deffdeaac5aa5c7,20324077,2014-03-08 00:27:20,3,0ee63f2ad090fba145640fc383ae21d11ca685a2,1,0ee63f2ad090fba145640fc383ae21d11ca685a2,,0ee63f2ad090fba145640fc383ae21d11ca685a2,,0,,0,0,0,0,1,0,0,0,0,1,66,50031,3.77765785213168,0.639603445863565,1.21924406867742,1.0,,2014-03-08 00:27:43,2014-03-08 00:28:15,passed,30,[20325667],50,20325667,ruby,ok,,ruby,rspec,1.0,,33,0,33,1,,0.03,,0
20422765,garybernhardt/selecta,1.0,2014-03-09 23:04:22,38,ruby,commits_in_master,master,3,a98af9fcdef45b58835c1609e03c7db0d894209f#00bd1bb541ba38d8787e4fa629750b94ec3c9389#4d39535755b7491ad49d283960714540404f1aa9,build_found,0ee63f2ad090fba145640fc383ae21d11ca685a2,20325666,2014-03-10 00:01:42,3,a98af9fcdef45b58835c1609e03c7db0d894209f,1,a98af9fcdef45b58835c1609e03c7db0d894209f,0ee63f2ad090fba145640fc383ae21d11ca685a2,370245411fda0021694f1db9ce7e8d0b846da21f,0,0,0,21,0,0,0,1,0,0,1,0,0,13,50031,3.77765785213168,0.639603445863565,1.21924406867742,0.0,13,2014-03-10 16:46:04,2014-03-10 00:05:00,passed,32,[20422766],54,20422766,ruby,ok,,ruby,rspec,1.0,,33,0,33,1,,0.03,,0
20437926,garybernhardt/selecta,1.0,2014-03-10 07:11:12,39,ruby,commits_in_master,master,3,a98af9fcdef45b58835c1609e03c7db0d894209f#00bd1bb541ba38d8787e4fa629750b94ec3c9389#4d39535755b7491ad49d283960714540404f1aa9,build_found,0ee63f2ad090fba145640fc383ae21d11ca685a2,20325666,2014-03-10 00:01:42,3,00bd1bb541ba38d8787e4fa629750b94ec3c9389,1,00bd1bb541ba38d8787e4fa629750b94ec3c9389,0ee63f2ad090fba145640fc383ae21d11ca685a2,f5ee731249480c7c877e757557ccdbe6209ee0e2,0,0,0,8,0,0,0,1,0,0,1,0,0,13,50031,3.77765785213168,0.639603445863565,1.21924406867742,0.0,5,2014-03-10 16:46:04,2014-03-10 08:11:40,passed,31,[20437927],55,20437927,ruby,ok,,ruby,rspec,1.0,,33,0,33,1,,0.03,,0
20467781,garybernhardt/selecta,0.0,,,ruby,,master,3,a98af9fcdef45b58835c1609e03c7db0d894209f#00bd1bb541ba38d8787e4fa629750b94ec3c9389#4d39535755b7491ad49d283960714540404f1aa9,merge_found,,,2014-03-10 00:01:42,3,4d39535755b7491ad49d283960714540404f1aa9,1,4d39535755b7491ad49d283960714540404f1aa9,,4d39535755b7491ad49d283960714540404f1aa9,,0,,21,0,0,0,1,0,0,1,0,0,15,50031,3.77765785213168,0.639603445863565,1.21924406867742,1.0,,2014-03-10 16:46:04,2014-03-10 16:53:07,passed,29,[20467782],56,20467782,ruby,ok,,ruby,rspec,1.0,,33,0,33,1,,0.04,,0
20556061,garybernhardt/selecta,0.0,,,ruby,,master,1,e8f1811b1e730715630f716e01480e34093c4b82,build_found,4d39535755b7491ad49d283960714540404f1aa9,20467781,2014-03-11 19:16:11,3,e8f1811b1e730715630f716e01480e34093c4b82,1,e8f1811b1e730715630f716e01480e34093c4b82,,e8f1811b1e730715630f716e01480e34093c4b82,,0,,0,0,1,0,0,0,0,0,0,0,0,50031,3.77765785213168,0.639603445863565,1.21924406867742,1.0,,2014-03-11 19:16:16,2014-03-11 19:17:22,passed,48,[20556062],57,20556062,ruby,ok,,ruby,rspec,1.0,,33,0,33,1,,0.07,,0
20564090,garybernhardt/selecta,0.0,,,ruby,,master,2,33cedace29e842ec28fc8ecbff3634e195294f47#e121a06054568019189685faedfd993a5970360b,build_found,e8f1811b1e730715630f716e01480e34093c4b82,20556061,2014-03-11 20:43:00,3,e121a06054568019189685faedfd993a5970360b#33cedace29e842ec28fc8ecbff3634e195294f47,2,e121a06054568019189685faedfd993a5970360b,,e121a06054568019189685faedfd993a5970360b,,0,,123,0,0,0,1,0,0,1,0,0,16,50031,3.77765785213168,0.639603445863565,1.21924406867742,1.0,,2014-03-11 21:07:21,2014-03-11 21:08:56,passed,38,[20564091],58,20564091,ruby,ok,,ruby,rspec,1.0,,33,0,33,1,,0.07,,0
20564209,garybernhardt/selecta,0.0,,,ruby,,master,1,24d31400121e3cb8ad06baa5799640e814e40531,build_found,e121a06054568019189685faedfd993a5970360b,20564090,2014-03-11 21:09:02,3,24d31400121e3cb8ad06baa5799640e814e40531,1,24d31400121e3cb8ad06baa5799640e814e40531,,24d31400121e3cb8ad06baa5799640e814e40531,,0,,8,0,0,0,1,0,0,1,0,0,18,50031,3.77765785213168,0.639603445863565,1.21924406867742,1.0,,2014-03-11 21:09:18,2014-03-11 21:10:20,passed,38,[20564210],59,20564210,ruby,ok,,ruby,rspec,1.0,,33,0,33,1,,0.03,,0
20565123,garybernhardt/selecta,0.0,,,ruby,,master,1,8d4f3b268c1e49bf7015573cb803bb7a82099f0c,build_found,24d31400121e3cb8ad06baa5799640e814e40531,20564209,2014-03-11 21:22:59,3,8d4f3b268c1e49bf7015573cb803bb7a82099f0c,1,8d4f3b268c1e49bf7015573cb803bb7a82099f0c,,8d4f3b268c1e49bf7015573cb803bb7a82099f0c,,0,,4,0,0,0,1,0,0,1,0,0,19,50031,3.77765785213168,0.639603445863565,1.21924406867742,1.0,,2014-03-11 21:23:04,2014-03-11 21:23:55,passed,494,[20565124],60,20565124,ruby,ok,,ruby,rspec,1.0,,33,0,33,1,,0.04,,0
21801760,garybernhardt/selecta,0.0,,,ruby,,master,4,f82cbd6c6f51e15273f1626c9d438e069ba1d010#7ea269999b782dbf0d371c3eee87ac8604d48d0f#4ea8d54f9efb8bac94012a1602918d5fececfe64#b9bbdc5284813fd218bd9b1300d3f0d6c893f564,merge_found,,,2014-03-28 23:38:29,2,b9bbdc5284813fd218bd9b1300d3f0d6c893f564,1,b9bbdc5284813fd218bd9b1300d3f0d6c893f564,,b9bbdc5284813fd218bd9b1300d3f0d6c893f564,,0,,0,52,0,0,2,0,0,1,0,1,73,50031,3.85760828286462,0.639603445863565,1.21924406867742,1.0,,2014-03-28 23:40:48,2014-03-28 23:41:21,passed,31,[21801761],62,21801761,ruby,ok,,ruby,rspec,1.0,,33,0,33,1,,0.03,,0
22107646,garybernhardt/selecta,1.0,2014-04-02 12:23:43,42,ruby,commits_in_master,master,2,9f22cc1a898dcc911661495ea67c6fcecd2727e2#36369b642e34c0ee2435608d254e07091c623037,build_found,b9bbdc5284813fd218bd9b1300d3f0d6c893f564,21801760,2014-04-02 14:22:54,2,9f22cc1a898dcc911661495ea67c6fcecd2727e2,1,9f22cc1a898dcc911661495ea67c6fcecd2727e2,b9bbdc5284813fd218bd9b1300d3f0d6c893f564,754aa10dd24cb3938ed9bc048728cc4ef5bd5e69,0,0,0,2,0,0,0,1,0,0,1,0,0,20,50031,3.85760828286462,0.639603445863565,1.21924406867742,0.0,4,2014-04-03 23:34:22,2014-04-02 14:30:06,passed,146,[22107647],63,22107647,ruby,ok,,ruby,rspec,1.0,,33,0,33,1,,0.05,,0
22230182,garybernhardt/selecta,0.0,,,ruby,,master,2,9f22cc1a898dcc911661495ea67c6fcecd2727e2#36369b642e34c0ee2435608d254e07091c623037,merge_found,,,2014-04-02 14:22:54,2,36369b642e34c0ee2435608d254e07091c623037,1,36369b642e34c0ee2435608d254e07091c623037,,36369b642e34c0ee2435608d254e07091c623037,,0,,2,0,0,0,1,0,0,1,0,0,21,50031,3.85760828286462,0.639603445863565,1.21924406867742,1.0,,2014-04-03 23:34:22,2014-04-03 23:35:00,passed,30,[22230183],64,22230183,ruby,ok,,ruby,rspec,1.0,,33,0,33,1,,0.04,,0
23169393,garybernhardt/selecta,0.0,,,ruby,,master,3,406a4b9f756baf577ced06bcdd5e35ade67d5015#2af3684453365eebfddf5156e95c32878a3fcc84#5a51a4fe48001a07917fd5d94794c8f9798cc434,merge_found,,,2014-04-15 20:46:43,2,5a51a4fe48001a07917fd5d94794c8f9798cc434,1,5a51a4fe48001a07917fd5d94794c8f9798cc434,,5a51a4fe48001a07917fd5d94794c8f9798cc434,,0,,0,0,0,0,1,0,0,0,0,1,72,50031,3.85760828286462,0.639603445863565,1.21924406867742,1.0,,2014-04-17 00:49:49,2014-04-17 00:50:17,passed,46,[23169394],68,23169394,ruby,ok,,ruby,rspec,1.0,,33,0,33,1,,0.02,,0
25475286,garybernhardt/selecta,0.0,,,ruby,,master,3,406a4b9f756baf577ced06bcdd5e35ade67d5015#2af3684453365eebfddf5156e95c32878a3fcc84#5a51a4fe48001a07917fd5d94794c8f9798cc434,merge_found,,,2014-04-15 20:46:43,2,5a51a4fe48001a07917fd5d94794c8f9798cc434,1,5a51a4fe48001a07917fd5d94794c8f9798cc434,,5a51a4fe48001a07917fd5d94794c8f9798cc434,,0,,0,0,0,0,1,0,0,0,0,1,72,50031,3.85760828286462,0.639603445863565,1.21924406867742,1.0,,2014-04-17 00:49:49,2014-05-18 22:03:38,passed,27,[25475287],70,25475287,ruby,ok,,ruby,rspec,1.0,,33,0,33,1,,0.04,,0
26982038,garybernhardt/selecta,0.0,,,ruby,,master,2,d1b717c87a719bcf6e7d1c72a225b0c368b85534#8a66502cb1b5ec440ffc54e7ec5710e43b2d8b7a,build_found,5a51a4fe48001a07917fd5d94794c8f9798cc434,25475286,2014-05-19 08:29:34,2,8a66502cb1b5ec440ffc54e7ec5710e43b2d8b7a#d1b717c87a719bcf6e7d1c72a225b0c368b85534,2,8a66502cb1b5ec440ffc54e7ec5710e43b2d8b7a,,8a66502cb1b5ec440ffc54e7ec5710e43b2d8b7a,,0,,0,0,0,0,1,0,0,0,0,1,73,50031,3.85760828286462,0.639603445863565,1.21924406867742,1.0,,2014-06-06 21:42:05,2014-06-06 21:43:01,failed,9,[26982039],73,26982039,ruby,broken,,ruby,rspec,1.0,,21,12,33,1,,0.03,,0
26984310,garybernhardt/selecta,0.0,,,ruby,,master,1,a3b150353da74773caddd62f6135dc428f5b578b,build_found,8a66502cb1b5ec440ffc54e7ec5710e43b2d8b7a,26982038,2014-06-06 22:16:09,2,a3b150353da74773caddd62f6135dc428f5b578b,1,a3b150353da74773caddd62f6135dc428f5b578b,,a3b150353da74773caddd62f6135dc428f5b578b,,0,,0,0,0,0,1,0,0,0,0,1,75,50031,3.85760828286462,0.639603445863565,1.21924406867742,1.0,,2014-06-06 22:16:55,2014-06-06 22:18:41,passed,11,[26984311],74,26984311,ruby,ok,,ruby,rspec,1.0,,33,0,33,1,,0.04,,0
28435135,garybernhardt/selecta,0.0,,,ruby,,master,1,f7dd5e776c304529bf592c1ff93eba7d18bd54e0,build_found,a3b150353da74773caddd62f6135dc428f5b578b,26984310,2014-06-25 18:41:31,2,f7dd5e776c304529bf592c1ff93eba7d18bd54e0,1,f7dd5e776c304529bf592c1ff93eba7d18bd54e0,,f7dd5e776c304529bf592c1ff93eba7d18bd54e0,,0,,0,0,0,0,1,0,0,0,0,1,76,50031,3.85760828286462,0.639603445863565,1.21924406867742,1.0,,2014-06-25 18:42:14,2014-06-25 18:43:34,passed,24,[28435136],75,28435136,ruby,ok,,ruby,rspec,1.0,,33,0,33,1,,0.04,,0
32061218,garybernhardt/selecta,0.0,,,ruby,,master,20,8a66502cb1b5ec440ffc54e7ec5710e43b2d8b7a#a3b150353da74773caddd62f6135dc428f5b578b#f7dd5e776c304529bf592c1ff93eba7d18bd54e0#dc8a05d1e93b56130c72838d332aaed084fe9cf7#cad16a2b7d8fafa0ae1a290abc7718f6ed40e0d2#ad5bb6e9a8cf19f8ef66614a77f60c0e768fc32f#4f75d9cae155a0e2adfb29874305667785684f25#a1c830d02d18b775f6471694e81630926df20057#8b7e63a1622c21e2f2a2e89e1e668061ea385872#117bf7254fe1dccdb08548d9c095c3645fd61384#dbc2d548aa44f6133bb56186456064595ae15acb#dbf9dc275e3c82ce78fbfe4036017f45598708a4#182809d63ba0ce6d65615f5a0ed32fdf20091c33#30f263c9047a4aa6b0d08f4e999e4d840609080f#36b09178eb711fa680b950cf0d6ba01b13e7c61b#f36acee192c3af50a70b82d0f38f0cb2f76308cc#909d7f4152c0d7f87274bfef5847a9cefb0b9442#a1575b8df93f3541de4642d6645a80026212f375#66f09638a21c387d1bdf8298851435f048c3913a#0e04266141860402a90c3c188caa49159c26f493,build_found,f7dd5e776c304529bf592c1ff93eba7d18bd54e0,28435135,2014-03-10 17:35:34,4,4f75d9cae155a0e2adfb29874305667785684f25#ad5bb6e9a8cf19f8ef66614a77f60c0e768fc32f#cad16a2b7d8fafa0ae1a290abc7718f6ed40e0d2#dc8a05d1e93b56130c72838d332aaed084fe9cf7,4,4f75d9cae155a0e2adfb29874305667785684f25,,4f75d9cae155a0e2adfb29874305667785684f25,,0,,0,0,0,0,1,0,0,0,0,1,77,50031,3.85760828286462,0.639603445863565,1.21924406867742,0.0,,2014-08-08 23:06:28,2014-08-08 23:07:37,passed,9,[32061219],82,32061219,ruby,ok,,ruby,rspec,1.0,,33,0,33,1,,0.03,,0
32123816,garybernhardt/selecta,0.0,,,ruby,,master,2,1e90159e515d6058787650033d5c173bac57ff37#1e237cdbbb800c22f857f53a123ffd0633e4cf54,build_found,4f75d9cae155a0e2adfb29874305667785684f25,32061218,2014-08-10 01:11:59,4,1e237cdbbb800c22f857f53a123ffd0633e4cf54#1e90159e515d6058787650033d5c173bac57ff37,2,1e237cdbbb800c22f857f53a123ffd0633e4cf54,,1e237cdbbb800c22f857f53a123ffd0633e4cf54,,0,,0,39,1,0,1,0,0,1,0,1,81,50031,4.5571745517779,0.699566268913274,1.27920689172713,1.0,,2014-08-10 01:15:59,2014-08-10 01:17:23,passed,9,[32123817],83,32123817,ruby,ok,,ruby,rspec,1.0,,36,0,36,1,,0.03,,0
32124102,garybernhardt/selecta,0.0,,,ruby,,master,1,b48bc70d69d143193b4366f3df417beaab3cfaa2,build_found,1e237cdbbb800c22f857f53a123ffd0633e4cf54,32123816,2014-08-10 01:25:03,4,b48bc70d69d143193b4366f3df417beaab3cfaa2,1,b48bc70d69d143193b4366f3df417beaab3cfaa2,,b48bc70d69d143193b4366f3df417beaab3cfaa2,,0,,22,128,0,0,5,0,0,5,0,0,25,50031,4.5571745517779,0.699566268913274,1.27920689172713,1.0,,2014-08-10 01:25:33,2014-08-10 01:26:16,passed,10,[32124103],84,32124103,ruby,ok,,ruby,rspec,1.0,,36,0,36,1,,0.03,,0
32124348,garybernhardt/selecta,0.0,,,ruby,,master,5,46886b2a4e476131b03a73b2c1bddd974b3b8c73#b23d44c2d2530167e8eb5adf898904a92586e5f4#185f0016c6f1b651bed7a23fce5407a524a0149a#ba5410af541ef14d30ca0de10f707129d2283b0f#1aa9df65fbcf427196bca91a248249df10d8b5fb,merge_found,,,2014-07-11 20:35:59,4,1aa9df65fbcf427196bca91a248249df10d8b5fb,1,1aa9df65fbcf427196bca91a248249df10d8b5fb,,1aa9df65fbcf427196bca91a248249df10d8b5fb,,0,,0,10,0,0,2,0,0,1,0,1,92,50031,4.61713737482761,0.71955387659651,1.29919449941037,1.0,,2014-08-10 01:31:33,2014-08-10 01:33:13,passed,10,[32124349],85,32124349,ruby,ok,,ruby,rspec,1.0,,37,0,37,1,,0.03,,0
34053922,garybernhardt/selecta,1.0,2014-08-31 18:52:21,55,ruby,merge_button,master,2,6ac83ee5963ded003bf1b00d3d7c3f7dc93a51c3#8179c87d10ca951ab287e694f48b7723102e535f,build_found,1aa9df65fbcf427196bca91a248249df10d8b5fb,32124348,2014-08-31 20:52:09,4,6ac83ee5963ded003bf1b00d3d7c3f7dc93a51c3,1,6ac83ee5963ded003bf1b00d3d7c3f7dc93a51c3,1aa9df65fbcf427196bca91a248249df10d8b5fb,cb4ae499a12d2ec1a7b767e8cd75800bd0386bca,0,0,0,0,0,0,0,1,0,0,0,0,1,86,50031,4.61713737482761,0.71955387659651,1.29919449941037,0.0,3,2014-08-31 23:30:43,2014-08-31 20:52:48,passed,8,[34053923],86,34053923,ruby,ok,,ruby,rspec,1.0,,37,0,37,1,,0.02,,0
34061097,garybernhardt/selecta,0.0,,,ruby,,master,2,6ac83ee5963ded003bf1b00d3d7c3f7dc93a51c3#8179c87d10ca951ab287e694f48b7723102e535f,merge_found,,,2014-08-31 20:52:09,4,8179c87d10ca951ab287e694f48b7723102e535f,1,8179c87d10ca951ab287e694f48b7723102e535f,,8179c87d10ca951ab287e694f48b7723102e535f,,0,,0,0,0,0,1,0,0,0,0,1,87,50031,4.61713737482761,0.71955387659651,1.29919449941037,1.0,,2014-08-31 23:30:43,2014-08-31 23:31:34,passed,21,[34061098],87,34061098,ruby,ok,,ruby,rspec,1.0,,37,0,37,1,,0.03,,0
35204814,garybernhardt/selecta,1.0,2014-09-13 13:28:34,58,ruby,commits_in_master,master,2,7178346b9cd725633520b3e73d38534d6ed965b1#74395995174ef739d1db904f875934cc3c426646,build_found,8179c87d10ca951ab287e694f48b7723102e535f,34061097,2014-09-13 15:27:43,4,7178346b9cd725633520b3e73d38534d6ed965b1,1,7178346b9cd725633520b3e73d38534d6ed965b1,8179c87d10ca951ab287e694f48b7723102e535f,ffa5b88c5494265e0a87fcfa6c8cc1cdf1dce203,0,0,0,2,0,0,0,1,0,0,1,0,0,22,50031,4.61713737482761,0.71955387659651,1.29919449941037,1.0,21,2015-01-20 19:40:28,2014-09-13 15:29:11,passed,14,[35204815],88,35204815,ruby,ok,,ruby,rspec,1.0,,37,0,37,1,,0.02,,0
36856585,garybernhardt/selecta,0.0,,,ruby,,master,1,5c950ee3b728e5a37d78747f0de9a19b2f4b7092,build_found,8179c87d10ca951ab287e694f48b7723102e535f,34061097,2014-10-02 10:28:13,4,5c950ee3b728e5a37d78747f0de9a19b2f4b7092,1,5c950ee3b728e5a37d78747f0de9a19b2f4b7092,,5c950ee3b728e5a37d78747f0de9a19b2f4b7092,,0,,2,0,0,0,1,0,0,1,0,0,22,50031,4.61713737482761,0.71955387659651,1.29919449941037,1.0,,2014-10-02 10:28:34,2014-10-02 10:29:24,passed,10,[36856586],89,36856586,ruby,ok,,ruby,rspec,1.0,,37,0,37,1,,0.03,,0
37052404,garybernhardt/selecta,0.0,,,ruby,,master,1,aa989517403e85f33cde436b9227f0b6767beee0,build_found,5c950ee3b728e5a37d78747f0de9a19b2f4b7092,36856585,2014-10-04 16:04:28,4,aa989517403e85f33cde436b9227f0b6767beee0,1,aa989517403e85f33cde436b9227f0b6767beee0,,aa989517403e85f33cde436b9227f0b6767beee0,,0,,0,2,0,0,2,0,0,1,0,1,89,50031,4.61713737482761,0.71955387659651,1.29919449941037,1.0,,2014-10-04 16:04:59,2014-10-04 16:06:17,passed,17,[37052405],93,37052405,ruby,ok,,ruby,rspec,1.0,,37,0,37,1,,0.04,,0
40692952,garybernhardt/selecta,0.0,,,ruby,,master,3,0c1ff8106f15b943e63ab282abaf0df3bcbbc565#26b9aa3f5768c639aeb0044748ff14bb5128d7ef#53ba4cc5991295d47edd118295f6dada4c6cfba8,build_found,aa989517403e85f33cde436b9227f0b6767beee0,37052404,2014-11-11 18:34:27,3,53ba4cc5991295d47edd118295f6dada4c6cfba8#26b9aa3f5768c639aeb0044748ff14bb5128d7ef#0c1ff8106f15b943e63ab282abaf0df3bcbbc565,3,53ba4cc5991295d47edd118295f6dada4c6cfba8,,53ba4cc5991295d47edd118295f6dada4c6cfba8,,0,,0,6,1,0,2,0,0,1,0,2,96,50031,4.71707541324379,0.739541484279747,1.35915732246007,1.0,,2014-11-11 18:44:40,2014-11-11 18:51:58,failed,11,[40692953],97,40692953,ruby,broken,,ruby,rspec,1.0,,37,1,38,1,,0.03,,0
40721751,garybernhardt/selecta,0.0,,,ruby,,master,1,40c3b7a42da5167fae0a6db4bae63a9b560f8011,build_found,53ba4cc5991295d47edd118295f6dada4c6cfba8,40692952,2014-11-11 23:37:44,3,40c3b7a42da5167fae0a6db4bae63a9b560f8011,1,40c3b7a42da5167fae0a6db4bae63a9b560f8011,,40c3b7a42da5167fae0a6db4bae63a9b560f8011,,0,,0,4,0,0,1,0,0,1,0,0,20,50031,4.71707541324379,0.739541484279747,1.35915732246007,1.0,,2014-11-11 23:37:47,2014-11-11 23:38:46,passed,39,[40721752],98,40721752,ruby,ok,,ruby,rspec,1.0,,38,0,38,1,,0.04,,0
42027276,garybernhardt/selecta,0.0,,,ruby,,master,1,1f8ae1a4aa3a70e5b587d367dae7cca8ef487224,build_found,40c3b7a42da5167fae0a6db4bae63a9b560f8011,40721751,2014-11-25 00:21:54,3,1f8ae1a4aa3a70e5b587d367dae7cca8ef487224,1,1f8ae1a4aa3a70e5b587d367dae7cca8ef487224,,1f8ae1a4aa3a70e5b587d367dae7cca8ef487224,,0,,2,0,0,0,1,0,0,1,0,0,23,50031,4.71707541324379,0.739541484279747,1.35915732246007,1.0,,2014-11-25 00:22:00,2014-11-25 00:23:07,passed,9,[42027277],102,42027277,ruby,ok,0,ruby,rspec,1.0,,38,0,38,1,,0.02,,0
46008554,garybernhardt/selecta,0.0,,,ruby,,master,3,d57a054d47c219ea90b6625362aece76c282e3f4#b2b8d87d83042e733fcdddf9efeecd9abe4b5c50#c893071cddf64bcf95c53759b23ffa1fec526fe6,build_found,1f8ae1a4aa3a70e5b587d367dae7cca8ef487224,42027276,2014-12-03 15:30:02,3,c893071cddf64bcf95c53759b23ffa1fec526fe6#b2b8d87d83042e733fcdddf9efeecd9abe4b5c50#d57a054d47c219ea90b6625362aece76c282e3f4,3,c893071cddf64bcf95c53759b23ffa1fec526fe6,,c893071cddf64bcf95c53759b23ffa1fec526fe6,,0,,0,8,1,0,2,0,0,1,0,2,92,50031,4.71707541324379,0.739541484279747,1.35915732246007,1.0,,2015-01-05 22:42:47,2015-01-05 22:43:30,passed,11,[46008555],108,46008555,ruby,ok,1,ruby,rspec,1.0,,38,0,38,1,,0.03,,0
46011074,garybernhardt/selecta,0.0,,,ruby,,master,2,561c4acd2511db1201d8f32476785cda6ecdf7a0#2871a744b6ea8d7e4cd2b7a9a181994ef1819ae8,build_found,c893071cddf64bcf95c53759b23ffa1fec526fe6,46008556,2015-01-05 23:02:55,3,2871a744b6ea8d7e4cd2b7a9a181994ef1819ae8#561c4acd2511db1201d8f32476785cda6ecdf7a0,2,2871a744b6ea8d7e4cd2b7a9a181994ef1819ae8,,2871a744b6ea8d7e4cd2b7a9a181994ef1819ae8,,0,,0,10,0,0,2,0,0,1,0,1,101,50031,4.81701345165997,0.759529091962983,1.37914493014331,1.0,,2015-01-05 23:05:31,2015-01-05 23:07:12,passed,15,[46011075],111,46011075,ruby,ok,1,ruby,rspec,1.0,,39,0,39,1,,0.02,,0
46011890,garybernhardt/selecta,0.0,,,ruby,,master,2,6d8b72466251b9c149a2e472d278df0fc07c5cca#ec48a491225c8d0e93a6822755156127ff0647ea,build_found,2871a744b6ea8d7e4cd2b7a9a181994ef1819ae8,46011074,2015-01-05 23:13:49,3,ec48a491225c8d0e93a6822755156127ff0647ea#6d8b72466251b9c149a2e472d278df0fc07c5cca,2,ec48a491225c8d0e93a6822755156127ff0647ea,,ec48a491225c8d0e93a6822755156127ff0647ea,,0,,0,18,0,0,2,0,0,1,0,1,103,50031,5.03687713617557,0.779516699646219,1.45909536087626,1.0,,2015-01-05 23:14:25,2015-01-05 23:15:31,passed,9,[46011891],112,46011891,ruby,ok,0,ruby,rspec,1.0,,40,0,40,1,,0.02,,0
46016118,garybernhardt/selecta,0.0,,,ruby,,master,1,cfd829fe942e05d1b3759bf7b8ac7404e58112b7,build_found,ec48a491225c8d0e93a6822755156127ff0647ea,46011894,2014-11-29 00:30:59,3,cfd829fe942e05d1b3759bf7b8ac7404e58112b7,1,cfd829fe942e05d1b3759bf7b8ac7404e58112b7,,cfd829fe942e05d1b3759bf7b8ac7404e58112b7,,0,,0,0,0,0,1,0,0,1,0,0,2,3622,69.5748205411375,10.7675317504141,20.1546107123136,1.0,,2015-01-06 00:10:10,2015-01-06 00:11:14,passed,11,[46016119],114,46016119,ruby,ok,0,ruby,rspec,1.0,,40,0,40,1,,0.02,,0
46032857,garybernhardt/selecta,0.0,,,ruby,,master,1,35b746d6693c5e5958b8e6fe3ad1f42b8d5b9189,build_found,cfd829fe942e05d1b3759bf7b8ac7404e58112b7,46016118,2015-01-06 04:40:40,3,35b746d6693c5e5958b8e6fe3ad1f42b8d5b9189,1,35b746d6693c5e5958b8e6fe3ad1f42b8d5b9189,,35b746d6693c5e5958b8e6fe3ad1f42b8d5b9189,,0,,0,4,0,0,1,0,0,1,0,0,6,3622,68.7465488680287,10.7675317504141,19.8785201546107,1.0,,2015-01-06 04:40:45,2015-01-06 04:41:24,passed,11,[46032858],115,46032858,ruby,ok,0,ruby,rspec,1.0,,39,0,39,0,,0.04,,0
46507201,garybernhardt/selecta,0.0,,,ruby,,master,1,1f24ad545385d85a4a839793083deae122909f6e,build_found,35b746d6693c5e5958b8e6fe3ad1f42b8d5b9189,46032857,2015-01-09 22:46:45,3,1f24ad545385d85a4a839793083deae122909f6e,1,1f24ad545385d85a4a839793083deae122909f6e,,1f24ad545385d85a4a839793083deae122909f6e,,0,,0,0,0,0,1,0,0,0,0,1,97,3622,68.7465488680287,10.7675317504141,19.8785201546107,1.0,,2015-01-09 22:49:34,2015-01-09 22:51:38,passed,22,[46507202],118,46507202,ruby,ok,0,ruby,rspec,1.0,,39,0,39,0,,0.03,,0
46801758,garybernhardt/selecta,0.0,,,ruby,,master,1,2db9e660233447deb32501ffa81d19bf27525b63,build_found,1f24ad545385d85a4a839793083deae122909f6e,46507201,2015-01-13 00:41:35,3,2db9e660233447deb32501ffa81d19bf27525b63,1,2db9e660233447deb32501ffa81d19bf27525b63,,2db9e660233447deb32501ffa81d19bf27525b63,,0,,2,6,0,0,3,0,0,2,0,1,128,3622,67.3660960795141,10.4914411927112,19.0502484815019,1.0,,2015-01-13 00:43:29,2015-01-13 00:44:00,passed,10,[46801759],119,46801759,ruby,ok,0,ruby,rspec,1.0,,38,0,38,0,,0.03,,0
47690786,garybernhardt/selecta,0.0,,,ruby,,master,2,7178346b9cd725633520b3e73d38534d6ed965b1#74395995174ef739d1db904f875934cc3c426646,merge_found,,,2014-09-13 15:27:43,3,74395995174ef739d1db904f875934cc3c426646,1,74395995174ef739d1db904f875934cc3c426646,,74395995174ef739d1db904f875934cc3c426646,,0,,2,0,0,0,1,0,0,1,0,0,26,3622,67.3660960795141,10.4914411927112,19.0502484815019,1.0,,2015-01-20 19:40:28,2015-01-20 19:46:41,passed,15,[47690787],123,47690787,ruby,ok,0,ruby,rspec,1.0,,38,0,38,0,,0.06,,0
47693468,garybernhardt/selecta,0.0,,,ruby,,master,1,3402f7f121b1d19809634520ffc9b32ffaf73682,build_found,74395995174ef739d1db904f875934cc3c426646,47690786,2015-01-20 20:02:58,3,3402f7f121b1d19809634520ffc9b32ffaf73682,1,3402f7f121b1d19809634520ffc9b32ffaf73682,,3402f7f121b1d19809634520ffc9b32ffaf73682,,0,,0,0,0,0,1,0,0,0,0,1,99,3622,67.3660960795141,10.4914411927112,19.0502484815019,1.0,,2015-01-20 20:03:05,2015-01-20 20:10:00,passed,10,[47693469],124,47693469,ruby,ok,0,ruby,rspec,1.0,,38,0,38,0,,0.02,,0
47727278,garybernhardt/selecta,0.0,,,ruby,,master,2,20799df232b3c5aad3b3590b6f7aa9d047fcd873#e69f540e5aa8b6df1e6f69c67319129518523e0c,merge_found,,,2015-01-13 13:42:07,3,e69f540e5aa8b6df1e6f69c67319129518523e0c,1,e69f540e5aa8b6df1e6f69c67319129518523e0c,,e69f540e5aa8b6df1e6f69c67319129518523e0c,,0,,0,0,0,0,1,0,0,0,0,1,101,3622,67.3660960795141,10.4914411927112,19.0502484815019,1.0,,2015-01-21 01:04:48,2015-01-21 01:05:34,passed,10,[47727279],127,47727279,ruby,ok,1,ruby,rspec,1.0,,38,0,38,0,,0.02,,0
48004601,garybernhardt/selecta,0.0,,,ruby,,master,6,d21fac6fc19912c8e6cece1a06796b50b0e3b9a6#a81ed1909b2d03566399d895f13d33c07667d0ed#d309084f54af9a2985d13e9fbe737246a7735e2b#64c7b86163ae5fd307eede4326042de4c6d3bc5c#56cca6c6ecd470392fc0c0e8647bdb49bf2af5f6#728c07e99812f1707d2ab34c4e0c40cec1b6023c,merge_found,,,2014-10-31 04:46:20,3,728c07e99812f1707d2ab34c4e0c40cec1b6023c,1,728c07e99812f1707d2ab34c4e0c40cec1b6023c,,728c07e99812f1707d2ab34c4e0c40cec1b6023c,,0,,12,0,0,0,1,0,0,1,0,0,32,3622,67.3660960795141,10.4914411927112,19.0502484815019,1.0,,2015-01-23 03:04:17,2015-01-23 03:05:19,passed,9,[48004602],128,48004602,ruby,ok,0,ruby,rspec,1.0,,38,0,38,0,,0.02,,0
49266203,garybernhardt/selecta,0.0,,,ruby,,master,1,8135e7230f3e04d0efde3848b28e240f5dcf2976,build_found,728c07e99812f1707d2ab34c4e0c40cec1b6023c,48004601,2015-02-03 02:26:17,3,8135e7230f3e04d0efde3848b28e240f5dcf2976,1,8135e7230f3e04d0efde3848b28e240f5dcf2976,,8135e7230f3e04d0efde3848b28e240f5dcf2976,,0,,0,0,0,0,1,0,0,0,0,1,102,3622,67.3660960795141,10.4914411927112,19.0502484815019,1.0,,2015-02-03 02:26:29,2015-02-03 02:27:15,passed,10,[49266204],132,49266204,ruby,ok,0,ruby,rspec,1.0,,38,0,38,0,,0.02,,0
49405547,garybernhardt/selecta,0.0,,,ruby,,master,3,17ceb9d4dcba86b8d97b6d348a43114d6137ef03#d441d86c6a698624f075af3e618c43050ea9878f#bdb196564ed31c1694bb35424f9ef9890040bf97,merge_found,,,2015-02-04 00:18:29,3,bdb196564ed31c1694bb35424f9ef9890040bf97,1,bdb196564ed31c1694bb35424f9ef9890040bf97,,bdb196564ed31c1694bb35424f9ef9890040bf97,,0,,3,0,0,0,1,0,0,1,0,0,35,3622,67.3660960795141,10.4914411927112,19.0502484815019,1.0,,2015-02-04 02:23:01,2015-02-04 02:23:42,passed,9,[49405548],134,49405548,ruby,ok,0,ruby,rspec,1.0,,38,0,38,0,,0.02,,0
50696423,garybernhardt/selecta,0.0,,,ruby,,master,1,2cc15bb3bee2e99a0a2c35af2fcda6818486cc9b,build_found,bdb196564ed31c1694bb35424f9ef9890040bf97,49405547,2015-02-13 01:12:12,3,2cc15bb3bee2e99a0a2c35af2fcda6818486cc9b,1,2cc15bb3bee2e99a0a2c35af2fcda6818486cc9b,,2cc15bb3bee2e99a0a2c35af2fcda6818486cc9b,,0,,0,0,0,0,1,0,0,0,0,1,103,3622,67.3660960795141,10.4914411927112,19.0502484815019,1.0,,2015-02-13 22:08:33,2015-02-13 22:09:36,passed,12,[50696424],136,50696424,ruby,ok,0,ruby,rspec,1.0,,38,0,38,0,,0.02,,0
52810009,garybernhardt/selecta,0.0,,,ruby,,master,,,merge_found,,,,2,d874c99dd7f0f94225a95da06fc487b0fa5b9edc,1,d874c99dd7f0f94225a95da06fc487b0fa5b9edc,,d874c99dd7f0f94225a95da06fc487b0fa5b9edc,,0,,38,140,0,0,5,0,0,4,0,1,164,3596,80.9232480533927,12.7919911012236,20.5784204671858,1.0,,,2015-03-02 21:50:28,passed,10,[52810010],137,52810010,ruby,ok,0,ruby,rspec,1.0,,46,0,46,0,,0.02,,0
52812876,garybernhardt/selecta,0.0,,,ruby,,master,1,123dcff2777d146b3858ec929a85430aa19a67e7,build_found,d874c99dd7f0f94225a95da06fc487b0fa5b9edc,52810009,2015-03-02 22:03:56,2,123dcff2777d146b3858ec929a85430aa19a67e7,1,123dcff2777d146b3858ec929a85430aa19a67e7,,123dcff2777d146b3858ec929a85430aa19a67e7,,0,,5,0,0,0,1,0,0,1,0,0,36,3596,80.9232480533927,12.7919911012236,20.5784204671858,1.0,,2015-03-02 22:07:02,2015-03-02 22:08:12,passed,9,[52812877],138,52812877,ruby,ok,0,ruby,rspec,1.0,,46,0,46,0,,0.02,,0
52901024,garybernhardt/selecta,1.0,2015-03-03 13:29:19,84,ruby,commits_in_master,master,2,07dab63c667e9c074c7d370ba7b218dac018b1a6#e8480ff6e5bbe1fce8ac7a60efda226f83463592,build_found,123dcff2777d146b3858ec929a85430aa19a67e7,52812876,2015-03-03 14:25:43,3,07dab63c667e9c074c7d370ba7b218dac018b1a6,1,07dab63c667e9c074c7d370ba7b218dac018b1a6,123dcff2777d146b3858ec929a85430aa19a67e7,7db2678e36f9116687c796ee921b8c962d7608ad,0,0,0,0,4,0,0,2,0,0,1,0,1,150,3596,80.9232480533927,12.7919911012236,20.5784204671858,0.0,19,2015-03-03 20:11:53,2015-03-03 14:30:44,passed,9,[52901025],140,52901025,ruby,ok,0,ruby,rspec,1.0,,46,0,46,0,,0.02,,0
52948189,garybernhardt/selecta,0.0,,,ruby,,master,2,07dab63c667e9c074c7d370ba7b218dac018b1a6#e8480ff6e5bbe1fce8ac7a60efda226f83463592,merge_found,,,2015-03-03 14:25:43,3,e8480ff6e5bbe1fce8ac7a60efda226f83463592,1,e8480ff6e5bbe1fce8ac7a60efda226f83463592,,e8480ff6e5bbe1fce8ac7a60efda226f83463592,,0,,0,4,0,0,2,0,0,1,0,1,151,3596,80.9232480533927,12.7919911012236,20.5784204671858,1.0,,2015-03-03 20:11:53,2015-03-03 20:16:08,passed,9,[52948190],141,52948190,ruby,ok,0,ruby,rspec,1.0,,46,0,46,0,,0.02,,0
52948372,garybernhardt/selecta,0.0,,,ruby,,master,1,355adac77ab3c8a0b05a2083fb5c5c76945669f6,build_found,e8480ff6e5bbe1fce8ac7a60efda226f83463592,52948189,2015-03-03 07:17:03,3,355adac77ab3c8a0b05a2083fb5c5c76945669f6,1,355adac77ab3c8a0b05a2083fb5c5c76945669f6,,355adac77ab3c8a0b05a2083fb5c5c76945669f6,,0,,4,0,0,0,1,0,0,1,0,0,37,3596,80.9232480533927,12.7919911012236,20.5784204671858,0.0,,2015-03-03 20:12:47,2015-03-03 20:16:53,passed,9,[52948374],142,52948374,ruby,ok,0,ruby,rspec,1.0,,46,0,46,0,,0.02,,0
52952210,garybernhardt/selecta,0.0,,,ruby,,master,3,f79c11fa81d42bf505b7dd844766a57d7e9ea979#3cdfe324ef0380e84d80904911058b2d1c1093ef#699298cb04b9f3edc21be9ec16aba32d3107b743,merge_found,,,2015-03-03 20:26:11,3,699298cb04b9f3edc21be9ec16aba32d3107b743,1,699298cb04b9f3edc21be9ec16aba32d3107b743,,699298cb04b9f3edc21be9ec16aba32d3107b743,,0,,0,31,0,0,3,0,0,2,0,1,161,3596,83.7041156840934,13.3481646273637,21.1345939933259,1.0,,2015-03-03 20:39:15,2015-03-03 20:41:25,passed,10,[52952211],143,52952211,ruby,ok,0,ruby,rspec,1.0,,48,0,48,0,,0.02,,0
52980283,garybernhardt/selecta,0.0,,,ruby,,master,1,2171956aec6318cdede79845857cf463e22800e2,build_found,699298cb04b9f3edc21be9ec16aba32d3107b743,52952210,2015-03-04 00:22:30,3,2171956aec6318cdede79845857cf463e22800e2,1,2171956aec6318cdede79845857cf463e22800e2,,2171956aec6318cdede79845857cf463e22800e2,,0,,2,0,0,0,1,0,0,1,0,0,10,3596,83.7041156840934,13.3481646273637,21.1345939933259,1.0,,2015-03-04 00:22:37,2015-03-04 00:23:12,passed,9,[52980284],144,52980284,ruby,ok,0,ruby,rspec,1.0,,48,0,48,0,,0.02,,0
53119695,garybernhardt/selecta,0.0,,,ruby,,master,2,49132a2770c026a9e2e404563821c8f4e4d97b49#2a08d045af1abadd1cb1ebd8fdeabf7e5dbf30a7,build_found,2171956aec6318cdede79845857cf463e22800e2,52980283,2015-03-04 20:33:33,3,2a08d045af1abadd1cb1ebd8fdeabf7e5dbf30a7#49132a2770c026a9e2e404563821c8f4e4d97b49,2,2a08d045af1abadd1cb1ebd8fdeabf7e5dbf30a7,,2a08d045af1abadd1cb1ebd8fdeabf7e5dbf30a7,,0,,0,0,0,0,1,0,0,0,0,1,154,3596,83.7041156840934,13.3481646273637,21.1345939933259,1.0,,2015-03-04 23:12:14,2015-03-04 23:16:11,passed,11,[53119696],146,53119696,ruby,ok,0,ruby,rspec,1.0,,48,0,48,0,,0.03,,0
53506877,garybernhardt/selecta,0.0,,,ruby,,master,3,fa8f89b90567ff6ceaa53b384a7d131503ecf25d#7a70fce0fab8f74212fcfce9642eacc40c3321ed#abee7d3cfc8ad68d3075321a1d724727113a50ab,merge_found,,,2015-03-04 20:56:19,3,abee7d3cfc8ad68d3075321a1d724727113a50ab,1,abee7d3cfc8ad68d3075321a1d724727113a50ab,,abee7d3cfc8ad68d3075321a1d724727113a50ab,,0,,0,0,0,0,1,0,0,0,0,1,158,3596,83.7041156840934,13.3481646273637,21.1345939933259,1.0,,2015-03-08 01:24:19,2015-03-08 01:25:19,passed,8,[53506878],148,53506878,ruby,ok,0,ruby,rspec,1.0,,48,0,48,0,,0.02,,0
53850744,garybernhardt/selecta,0.0,,,ruby,,master,1,8b975771c28d405233028ccb830e20b4fcd38edc,build_found,abee7d3cfc8ad68d3075321a1d724727113a50ab,53506877,2015-03-10 19:55:07,3,8b975771c28d405233028ccb830e20b4fcd38edc,1,8b975771c28d405233028ccb830e20b4fcd38edc,,8b975771c28d405233028ccb830e20b4fcd38edc,,0,,195,0,1,0,1,0,0,2,0,0,38,3596,83.7041156840934,13.3481646273637,21.1345939933259,1.0,,2015-03-10 19:55:14,2015-03-10 19:59:47,passed,11,[53850745],150,53850745,ruby,ok,0,ruby,rspec,1.0,,48,0,48,0,,0.03,,0
54325938,garybernhardt/selecta,1.0,2015-03-14 00:05:19,87,ruby,commits_in_master,master,1,24da82872e47796967e82fc1e214ae772c086f30,build_found,8b975771c28d405233028ccb830e20b4fcd38edc,53850744,2015-03-14 01:03:30,3,24da82872e47796967e82fc1e214ae772c086f30,1,24da82872e47796967e82fc1e214ae772c086f30,8b975771c28d405233028ccb830e20b4fcd38edc,d2a24eb9926b8e435ff625dc917aa8b038aae153,0,0,0,11,0,0,0,1,0,0,1,0,0,1,3596,83.7041156840934,13.3481646273637,21.1345939933259,0.0,24,2015-03-16 23:05:46,2015-03-14 01:06:15,passed,10,[54325939],151,54325939,ruby,ok,0,ruby,rspec,1.0,,48,0,48,0,,0.03,,0
54648491,garybernhardt/selecta,0.0,,,ruby,,master,1,24da82872e47796967e82fc1e214ae772c086f30,build_found,8b975771c28d405233028ccb830e20b4fcd38edc,53850744,2015-03-14 01:03:30,3,24da82872e47796967e82fc1e214ae772c086f30,1,24da82872e47796967e82fc1e214ae772c086f30,,24da82872e47796967e82fc1e214ae772c086f30,,0,,11,0,0,0,1,0,0,1,0,0,1,3596,83.7041156840934,13.3481646273637,21.1345939933259,0.0,,2015-03-16 23:05:46,2015-03-16 23:13:45,passed,9,[54648492],152,54648492,ruby,ok,0,ruby,rspec,1.0,,48,0,48,0,,0.02,,0
