tr_build_id,gh_project_name,gh_is_pr,gh_pr_created_at,gh_pull_req_num,gh_lang,git_merged_with,git_branch,gh_num_commits_in_push,gh_commits_in_push,git_prev_commit_resolution_status,git_prev_built_commit,tr_prev_build,gh_first_commit_created_at,gh_team_size,git_all_built_commits,git_num_all_built_commits,git_trigger_commit,tr_virtual_merged_into,tr_original_commit,gh_num_issue_comments,gh_num_commit_comments,gh_num_pr_comments,git_diff_src_churn,git_diff_test_churn,gh_diff_files_added,gh_diff_files_deleted,gh_diff_files_modified,gh_diff_tests_added,gh_diff_tests_deleted,gh_diff_src_files,gh_diff_doc_files,gh_diff_other_files,gh_num_commits_on_files_touched,gh_sloc,gh_test_lines_per_kloc,gh_test_cases_per_kloc,gh_asserts_cases_per_kloc,gh_by_core_team_member,gh_description_complexity,gh_pushed_at,gh_build_started_at,tr_status,tr_duration,tr_jobs,tr_build_number,tr_job_id,tr_log_lan,tr_log_status,tr_log_setup_time,tr_log_analyzer,tr_log_frameworks,tr_log_bool_tests_ran,tr_log_bool_tests_failed,tr_log_num_tests_ok,tr_log_num_tests_failed,tr_log_num_tests_run,tr_log_num_tests_skipped,tr_log_tests_failed,tr_log_testduration,tr_log_buildduration,build_successful
35204737,castorflex/SmoothProgressBar,0.0,,,java,,master,20,29808330e6dd25b4d0cfb5620004dca3f4b280f1#2d911633364f4a0233dd843ab14200a09f7b03fc#89a24ed7dcb93e5e8c7686a559f9dd62c473c7e2#12997daf5ab0798884bc0d69acb81fc35c94d30d#b707acbe1c708118a54daf1349f589c765093cfa#de02076a24b63226bb7f9d4bcefe92d2ee04a3fd#b3e6d70941604e96283289d3b6e38bb1483c0493#8ca5d9b88650eeec6378cf9d5bef1696883eeb13#041364416a4b4536a6bab7ff7fbbdec53a980a32#daa589d4f9ccf1a215f4e3915a0e0ed865129ab3#b09dd7e14fccb24dcdcac4842fbdc4f2c8990b21#5d8375b8ab0e1553478228783ebbb0c87e204f90#c6b694292a3396caf55e301ca9ead1f75993745c#74c011c54b6b07c98a5b35325903f293248cfc2d#ecfcc9561c33c7141c655814a06ec610431a588a#369a45fbe546868cb0c5bd167b0e36ae6f7bc331#456224f5174f0166d0ac1922a5e368ed8ac94bff#b8f547bc9e8c20d4f6c31a8cbcadc74d54da0703#5870a1466e745e7a3d5bca43eed5296aa041ece4#21cf13e26d6f2dc43c9cb8c9861ed9866306ff61,merge_found,,,2014-08-14 17:09:34,6,21cf13e26d6f2dc43c9cb8c9861ed9866306ff61#5870a1466e745e7a3d5bca43eed5296aa041ece4,2,21cf13e26d6f2dc43c9cb8c9861ed9866306ff61,,21cf13e26d6f2dc43c9cb8c9861ed9866306ff61,,0,,881,0,10,2,17,0,0,9,0,21,104,1777,0.0,0.0,0.0,1.0,,2014-09-13 15:26:33,2014-09-13 15:27:01,failed,92,[35204738],97,35204738,java,broken,,java-gradle,,0.0,,,,,,,,,0
35405444,castorflex/SmoothProgressBar,1.0,2014-09-16 04:07:56,45,java,merge_button,master,2,2cd7a6b79cceaf797f22975bbd41e336bb03d716#7705b680256c13343305d366819155ed1c87dc6e,build_found,21cf13e26d6f2dc43c9cb8c9861ed9866306ff61,35204737,2014-09-16 06:05:39,6,2cd7a6b79cceaf797f22975bbd41e336bb03d716,1,2cd7a6b79cceaf797f22975bbd41e336bb03d716,21cf13e26d6f2dc43c9cb8c9861ed9866306ff61,1bba4c79f5f257b3ea95f0539dd96075b2d59fd6,1,0,0,2,0,0,0,1,0,0,1,0,0,29,1777,0.0,0.0,0.0,1.0,13,2014-09-16 07:12:41,2014-09-16 06:08:25,failed,67,[35405445],98,35405445,java,broken,,java-gradle,,0.0,,,,,,,,,0
35408963,castorflex/SmoothProgressBar,0.0,,,java,,master,2,2cd7a6b79cceaf797f22975bbd41e336bb03d716#7705b680256c13343305d366819155ed1c87dc6e,merge_found,,,2014-09-16 06:05:39,6,7705b680256c13343305d366819155ed1c87dc6e,1,7705b680256c13343305d366819155ed1c87dc6e,,7705b680256c13343305d366819155ed1c87dc6e,,0,,2,0,0,0,1,0,0,1,0,0,30,1777,0.0,0.0,0.0,1.0,,2014-09-16 07:12:41,2014-09-16 07:13:12,failed,78,[35408964],99,35408964,java,broken,,java-gradle,,0.0,,,,,,,,,0
35411451,castorflex/SmoothProgressBar,0.0,,,java,,master,1,2c62c5928b309ca96f0fa18baa37f4a463aba323,build_found,7705b680256c13343305d366819155ed1c87dc6e,35408963,2014-09-16 08:00:01,6,2c62c5928b309ca96f0fa18baa37f4a463aba323,1,2c62c5928b309ca96f0fa18baa37f4a463aba323,,2c62c5928b309ca96f0fa18baa37f4a463aba323,,0,,2,0,0,0,1,0,0,1,0,0,31,1777,0.0,0.0,0.0,1.0,,2014-09-16 08:00:02,2014-09-16 08:00:38,failed,75,[35411452],100,35411452,java,broken,,java-gradle,,0.0,,,,,,,,,0
35411833,castorflex/SmoothProgressBar,0.0,,,java,,master,1,4647a20c42687ec7f70c745b0b57ecea1ea49b08,build_found,2c62c5928b309ca96f0fa18baa37f4a463aba323,35411451,2014-09-16 08:07:09,6,4647a20c42687ec7f70c745b0b57ecea1ea49b08,1,4647a20c42687ec7f70c745b0b57ecea1ea49b08,,4647a20c42687ec7f70c745b0b57ecea1ea49b08,,0,,6,0,0,0,1,0,0,1,0,0,32,1777,0.0,0.0,0.0,1.0,,2014-09-16 08:07:09,2014-09-16 08:08:24,failed,87,[35411834],101,35411834,java,broken,,java-gradle,,0.0,,,,,,,,,0
36647438,castorflex/SmoothProgressBar,1.0,2014-09-30 06:41:33,54,java,merge_button,master,2,e77eead833cc14ac0910e806cfbfa2489adade17#528ce023d6bc422326c9b8277cb5c4621d25136f,build_found,4647a20c42687ec7f70c745b0b57ecea1ea49b08,35411833,2014-09-30 08:39:44,6,e77eead833cc14ac0910e806cfbfa2489adade17,1,e77eead833cc14ac0910e806cfbfa2489adade17,4647a20c42687ec7f70c745b0b57ecea1ea49b08,17cee8e0792a571441a948e1ae8149e91785b7e2,1,0,0,0,0,0,0,1,0,0,0,0,1,11,1777,0.0,0.0,0.0,1.0,16,2014-09-30 08:48:16,2014-09-30 08:43:28,passed,137,[36647439],106,36647439,java,ok,,java-gradle,,0.0,,,,,,,,,0
36647806,castorflex/SmoothProgressBar,0.0,,,java,,master,2,e77eead833cc14ac0910e806cfbfa2489adade17#528ce023d6bc422326c9b8277cb5c4621d25136f,merge_found,,,2014-09-30 08:39:44,6,528ce023d6bc422326c9b8277cb5c4621d25136f,1,528ce023d6bc422326c9b8277cb5c4621d25136f,,528ce023d6bc422326c9b8277cb5c4621d25136f,,0,,0,0,0,0,1,0,0,0,0,1,12,1777,0.0,0.0,0.0,1.0,,2014-09-30 08:48:16,2014-09-30 08:49:20,passed,100,[36647807],107,36647807,java,ok,,java-gradle,,0.0,,,,,,,,,0
37478522,castorflex/SmoothProgressBar,1.0,2014-10-09 06:21:42,55,java,merge_button,master,7,e77eead833cc14ac0910e806cfbfa2489adade17#528ce023d6bc422326c9b8277cb5c4621d25136f#1745492f3126fc2212cd3bc91fc711aaa4ba2af3#96d1957712a18fed019cbeb3257b1a6074bec98a#dc34ce2a7927d22e93cb6eef7a552d135aef5cc2#0689ec70234cf78ecc13a4a44e1ee43899de776d#13a89b5b95a3a3ba06d0d8980e48b53313ce54e3,build_found,528ce023d6bc422326c9b8277cb5c4621d25136f,36647806,2014-09-30 08:39:44,6,96d1957712a18fed019cbeb3257b1a6074bec98a#1745492f3126fc2212cd3bc91fc711aaa4ba2af3,2,96d1957712a18fed019cbeb3257b1a6074bec98a,528ce023d6bc422326c9b8277cb5c4621d25136f,76cafdd7c9d0c55d6f3924d794c4d256d5e42e6e,0,0,0,0,0,0,0,3,0,0,0,0,3,14,1777,0.0,0.0,0.0,1.0,15,2014-10-09 17:38:40,2014-10-09 08:23:24,passed,141,[37478523],108,37478523,java,ok,,java-gradle,,0.0,,,,,,,,,0
37481082,castorflex/SmoothProgressBar,1.0,2014-10-09 06:59:46,56,java,commits_in_master,master,7,e77eead833cc14ac0910e806cfbfa2489adade17#528ce023d6bc422326c9b8277cb5c4621d25136f#1745492f3126fc2212cd3bc91fc711aaa4ba2af3#96d1957712a18fed019cbeb3257b1a6074bec98a#dc34ce2a7927d22e93cb6eef7a552d135aef5cc2#0689ec70234cf78ecc13a4a44e1ee43899de776d#13a89b5b95a3a3ba06d0d8980e48b53313ce54e3,build_found,528ce023d6bc422326c9b8277cb5c4621d25136f,36647806,2014-09-30 08:39:44,6,dc34ce2a7927d22e93cb6eef7a552d135aef5cc2,1,dc34ce2a7927d22e93cb6eef7a552d135aef5cc2,528ce023d6bc422326c9b8277cb5c4621d25136f,4f01ad4f9a0eab4d8bfc189df5304180425c44e8,0,0,0,0,0,1,0,0,0,0,0,0,1,0,1777,0.0,0.0,0.0,1.0,18,2014-10-09 17:38:40,2014-10-09 09:02:26,passed,160,[37481083],109,37481083,java,ok,,java-gradle,,0.0,,,,,,,,,0
37525649,castorflex/SmoothProgressBar,0.0,,,java,,master,8,e98bee3c1998d94beff7c01066b875fe5fdaf55b#05ee125f5b62d622b4f7b12fa76d441cbfaca7ea#2f474fa70f8935cd1d0501dc96c9f93a25c49d9d#1745492f3126fc2212cd3bc91fc711aaa4ba2af3#96d1957712a18fed019cbeb3257b1a6074bec98a#dc34ce2a7927d22e93cb6eef7a552d135aef5cc2#0689ec70234cf78ecc13a4a44e1ee43899de776d#aeca86b0eb5ecb1e1e360e6a47222bafccb85726,merge_found,,,2014-09-18 09:31:55,6,aeca86b0eb5ecb1e1e360e6a47222bafccb85726,1,aeca86b0eb5ecb1e1e360e6a47222bafccb85726,,aeca86b0eb5ecb1e1e360e6a47222bafccb85726,,0,,0,0,1,0,1,0,0,0,0,2,4,1789,0.0,0.0,0.0,1.0,,2014-10-09 17:55:43,2014-10-09 17:58:05,passed,111,[37525650],111,37525650,java,ok,,java-gradle,,0.0,,,,,,,,,0
41416978,castorflex/SmoothProgressBar,1.0,2014-11-18 21:14:44,62,java,commits_in_master,master,7,13a89b5b95a3a3ba06d0d8980e48b53313ce54e3#35e00cb44b685af0459d0dea9aac75588bb5577e#9440de3b80a1f431ed34a94b7c1d83a8a048bba3#fd6150ede3216cd74b0b02b0c82ab5d202c6278d#14174e794ad74e4832e731b0ca47b9fa70b90d30#84a576cc5bda1c3a348a2d440a7097349dde82c6#1c352b3b81038c0b45ac141cbd27020823a2464c,build_found,aeca86b0eb5ecb1e1e360e6a47222bafccb85726,37525696,2014-10-09 17:36:17,6,fd6150ede3216cd74b0b02b0c82ab5d202c6278d,1,fd6150ede3216cd74b0b02b0c82ab5d202c6278d,aeca86b0eb5ecb1e1e360e6a47222bafccb85726,4f959dc53663199b3040b368e6a96daa447e7f42,0,0,0,0,0,0,0,1,0,0,0,0,1,8,1789,0.0,0.0,0.0,1.0,38,2014-12-02 21:54:56,2014-11-18 22:20:41,passed,188,[41416979],116,41416979,android,ok,0,plain,,0.0,,,,,,,,,0
42794686,castorflex/SmoothProgressBar,0.0,,,java,,master,7,13a89b5b95a3a3ba06d0d8980e48b53313ce54e3#35e00cb44b685af0459d0dea9aac75588bb5577e#9440de3b80a1f431ed34a94b7c1d83a8a048bba3#fd6150ede3216cd74b0b02b0c82ab5d202c6278d#14174e794ad74e4832e731b0ca47b9fa70b90d30#84a576cc5bda1c3a348a2d440a7097349dde82c6#1c352b3b81038c0b45ac141cbd27020823a2464c,merge_found,,,2014-10-09 17:36:17,5,1c352b3b81038c0b45ac141cbd27020823a2464c#84a576cc5bda1c3a348a2d440a7097349dde82c6#14174e794ad74e4832e731b0ca47b9fa70b90d30,3,1c352b3b81038c0b45ac141cbd27020823a2464c,,1c352b3b81038c0b45ac141cbd27020823a2464c,,0,,7,0,0,0,5,0,0,1,0,4,43,1800,0.0,0.0,0.0,1.0,,2014-12-02 21:54:56,2014-12-02 21:59:15,passed,109,[42794687],119,42794687,android,ok,1,plain,,0.0,,,,,,,,,0
52652519,castorflex/SmoothProgressBar,0.0,,,java,,master,2,606ca479e2e6df8ec6589bee7fa44969054d5427#9cd32655ff0efef2ac92b9cd071dfeeedccf34e1,merge_found,,,2015-03-01 18:36:29,6,9cd32655ff0efef2ac92b9cd071dfeeedccf34e1,1,9cd32655ff0efef2ac92b9cd071dfeeedccf34e1,,9cd32655ff0efef2ac92b9cd071dfeeedccf34e1,,0,,2,0,0,0,1,0,0,1,0,0,35,1800,0.0,0.0,0.0,1.0,,2015-03-01 19:23:22,2015-03-01 19:24:57,passed,183,[52652520],126,52652520,android,ok,1,plain,,0.0,,,,,,,,,0
53532472,castorflex/SmoothProgressBar,1.0,2015-03-08 10:39:45,72,java,commits_in_master,master,8,606ca479e2e6df8ec6589bee7fa44969054d5427#9cd32655ff0efef2ac92b9cd071dfeeedccf34e1#067e6746839e1951a301179ed5af9f4798fcd909#0d875a7e62770af97fa3bba11f20028f438df31f#676f0669473f1eef31b85b8e5e57257f68206ed5#271855feb43bc0624855b24c774e49500d530446#064614e2b0dee54502d408155c4267932805ba7c#53e6e9984a050ea48f4f24fb916c4f687b6931d7,build_found,9cd32655ff0efef2ac92b9cd071dfeeedccf34e1,52652519,2015-03-01 18:36:29,6,067e6746839e1951a301179ed5af9f4798fcd909,1,067e6746839e1951a301179ed5af9f4798fcd909,9cd32655ff0efef2ac92b9cd071dfeeedccf34e1,6fbf4314f4b0d9cc33919f818c93108ae4c5ab57,0,0,0,4,0,0,0,1,0,0,1,0,0,36,1800,0.0,0.0,0.0,0.0,14,2015-10-24 12:31:56,2015-03-08 11:42:07,passed,145,[53532473],127,53532473,android,ok,0,plain,,0.0,,,,,,,,,0
54210110,castorflex/SmoothProgressBar,0.0,,,java,,master,8,606ca479e2e6df8ec6589bee7fa44969054d5427#9cd32655ff0efef2ac92b9cd071dfeeedccf34e1#067e6746839e1951a301179ed5af9f4798fcd909#0d875a7e62770af97fa3bba11f20028f438df31f#676f0669473f1eef31b85b8e5e57257f68206ed5#271855feb43bc0624855b24c774e49500d530446#064614e2b0dee54502d408155c4267932805ba7c#53e6e9984a050ea48f4f24fb916c4f687b6931d7,merge_found,,,2015-03-01 18:36:29,6,676f0669473f1eef31b85b8e5e57257f68206ed5,1,676f0669473f1eef31b85b8e5e57257f68206ed5,,676f0669473f1eef31b85b8e5e57257f68206ed5,,0,,4,0,0,0,1,0,0,1,0,0,38,1800,0.0,0.0,0.0,1.0,,2015-10-24 12:31:56,2015-03-13 08:16:12,passed,105,[54210111],129,54210111,android,ok,1,plain,,0.0,,,,,,,,,0
54756950,castorflex/SmoothProgressBar,0.0,,,java,,master,11,284ffedf907fb638cf22adc6d173c9a7cd1e4c0a#185e9beec9bd83f8214ff479c1189708c6e2b6ca#0bb155d2df3f55c4c3d1cdb8b1a17bc9d58ccc18#c889fc1b7d791dafcc749eb1a47994133bfbc418#7114bf33c1f6739188f07e8509477cdb38c23554#688c32284b218fd6b81e7fb2ec14b86aebbac4c5#b644cd5a4aa9c609a0386a204915a83be9eff835#350bf1ed3f6c7409ff5b48314c164152d1809054#63dd4fd3390cfc938b5e8c830e43065cb1b9fc99#6a5dc5b92fbfcdff51829da770d4edbb25cfd2ca#271855feb43bc0624855b24c774e49500d530446,merge_found,,,2015-02-03 19:55:56,6,271855feb43bc0624855b24c774e49500d530446,1,271855feb43bc0624855b24c774e49500d530446,,271855feb43bc0624855b24c774e49500d530446,,0,,75,0,3,0,19,0,0,6,0,16,100,1821,0.0,0.0,0.0,1.0,,2015-03-17 18:00:12,2015-03-17 18:15:48,passed,200,[54756951],131,54756951,android,ok,2,plain,,0.0,,,,,,,,,0
76755572,castorflex/SmoothProgressBar,1.0,2015-08-22 09:13:24,79,java,commits_in_master,master,1,2d8d4edeede73560c6d81c3b38841d684fbf31a7,build_found,6a5dc5b92fbfcdff51829da770d4edbb25cfd2ca,54756937,2015-03-17 18:02:55,5,2d8d4edeede73560c6d81c3b38841d684fbf31a7,1,2d8d4edeede73560c6d81c3b38841d684fbf31a7,271855feb43bc0624855b24c774e49500d530446,fc82d2bd294890101143438e1a93f0d903b12635,0,0,0,0,0,0,0,2,0,0,0,0,2,9,1821,0.0,0.0,0.0,1.0,2,2015-03-17 18:03:19,2015-08-22 11:16:18,passed,116,[76755574],136,76755574,android,ok,0,plain,,0.0,,,,,,,,,0
87176987,castorflex/SmoothProgressBar,0.0,,,java,,master,7,2d8d4edeede73560c6d81c3b38841d684fbf31a7#95b3e1fa1f779347b0a2cb4901ead502b24d9a3f#1c320d7f6c40c50f788296a3e9b6537fe521ca62#8234af57495b7fc791350c5805cd8e22e896e2d3#ec4d8befd2c3e2b9db5876601d59c29832f6f776#9d5ac280577c77075f3d2b534d47020d38cf4fd3#064614e2b0dee54502d408155c4267932805ba7c,merge_found,,,2015-03-17 18:02:55,6,064614e2b0dee54502d408155c4267932805ba7c,1,064614e2b0dee54502d408155c4267932805ba7c,,064614e2b0dee54502d408155c4267932805ba7c,,0,,1094,0,9,0,12,0,0,13,0,9,79,2097,0.0,0.0,0.0,1.0,,2015-10-24 10:05:17,2015-10-24 10:05:25,passed,96,[87176988],147,87176988,android,ok,1,plain,,0.0,,,,,,,,,0
87187933,castorflex/SmoothProgressBar,0.0,,,java,,master,1,53e6e9984a050ea48f4f24fb916c4f687b6931d7,build_found,064614e2b0dee54502d408155c4267932805ba7c,87176987,2015-10-24 12:31:03,6,53e6e9984a050ea48f4f24fb916c4f687b6931d7,1,53e6e9984a050ea48f4f24fb916c4f687b6931d7,,53e6e9984a050ea48f4f24fb916c4f687b6931d7,,1,,6,0,0,0,1,0,0,1,0,0,14,2097,0.0,0.0,0.0,1.0,,2015-10-24 12:31:56,2015-10-24 12:32:04,passed,90,[87187934],148,87187934,android,ok,1,plain,,0.0,,,,,,,,,0
