tr_build_id,gh_project_name,gh_is_pr,gh_pr_created_at,gh_pull_req_num,gh_lang,git_merged_with,git_branch,gh_num_commits_in_push,gh_commits_in_push,git_prev_commit_resolution_status,git_prev_built_commit,tr_prev_build,gh_first_commit_created_at,gh_team_size,git_all_built_commits,git_num_all_built_commits,git_trigger_commit,tr_virtual_merged_into,tr_original_commit,gh_num_issue_comments,gh_num_commit_comments,gh_num_pr_comments,git_diff_src_churn,git_diff_test_churn,gh_diff_files_added,gh_diff_files_deleted,gh_diff_files_modified,gh_diff_tests_added,gh_diff_tests_deleted,gh_diff_src_files,gh_diff_doc_files,gh_diff_other_files,gh_num_commits_on_files_touched,gh_sloc,gh_test_lines_per_kloc,gh_test_cases_per_kloc,gh_asserts_cases_per_kloc,gh_by_core_team_member,gh_description_complexity,gh_pushed_at,gh_build_started_at,tr_status,tr_duration,tr_jobs,tr_build_number,tr_job_id,tr_log_lan,tr_log_status,tr_log_setup_time,tr_log_analyzer,tr_log_frameworks,tr_log_bool_tests_ran,tr_log_bool_tests_failed,tr_log_num_tests_ok,tr_log_num_tests_failed,tr_log_num_tests_run,tr_log_num_tests_skipped,tr_log_tests_failed,tr_log_testduration,tr_log_buildduration,build_successful
34090501,spring-projects/spring-data-examples,0.0,,,java,,master,1,4246700be0c758417effc2ea3588157a3932ed04,no_previous_build,4c7d78a410adbd7f34fb7168143e521d691d9a5b,,2014-09-01 10:39:06,5,4246700be0c758417effc2ea3588157a3932ed04#7473831b415884c3120105122e75214ede725b25#5ff523973f5bf36633b9663c63b174b0809200ca#cca77e029214406fe5390410824e4554001db45b#d3cd04edb6aee5e429431760c12f6dfa312daa72#401e1410122d0d68168e83ac1646c1e1824c75ab#56ab6b47052cbcb89c9b4fff04824219b5308c6c#bb8711598e6fda6379e0363b7e8919dfb843b16a#d1623673d82695163882f0cdfd789e44c9055711#58ac158e397f701de16a83953a9f48fb59698c07#edfb9a25d97bd40bb3cddd8634c713dae6e7b940#67ab7716dcf15c44ba4f9a0076bcbf17ffe5995e#dce2994f1fe4bc9d0dcb25b584910dd764275eb9#c39ae4e6bffb5b5282faaf9cd90efa242dffcd97#8805059aee534a99b7efa08008a939cddfda9805#16f9aa6ab1057c696b91e375574fb1d99c3bb3d0#d748923519ecb0094afec240eadbefce23223671#0a98efaf205b4ed8523b73a63314987eb16dd655#a3a1db24d0dfd8ce6b4ca388706d9702aa4f380b#c3afe35d2f01e9cb28f03a3862c28a1c40cdd342#b67ec8bd6e789f82d23286661616d2ea62a4ae70#410f408f47db12398d94e9170380806ee900408a#9f7d90ad5c71ae3059642862c4cb61f01300f7e9#7a7daaec6092977e92a2629faf534baf1082e1a2#d5138bb3a47025fbec438b401240ba6830c2b40d#089ea83b01e044659843420af2e3679c586827c6#466e4d40ba3ae56313fb919062974753a5808e06#db9ade78c7b9e7635e1c90e1cbdf8c5e993edd99#0ddb2ba0d6529f0554d498bb72bab5d01b33b6ac#dadaf374c3c9cbbaa285d8f2801918b004b12e81#87f91d8afc7ad9bb22af3137467672878c888dfc#c18c26c0a72087aa7e5b2894e45364f128dd4584#f2a0e988a333a44d886dea2506a7c20aac5030b2#87e8518bd25190265adb4e85972f7fcd4c8ad123#2ca3aa159caea9b2ee03971151ac7f9f9e17328f#5c48b25056d107993e5523e2b30408c150de3a01#19db88ec0625a611f079a4553b824687d16c0ea5#21b8f015644583e712a40f63fd7a7d78301c775f#bf4d9c2bcc17871d964484a45e9a7da96b43d408#4b11a9dc8fc762ee87ab781eec69679e89066c24#4c7d78a410adbd7f34fb7168143e521d691d9a5b,41,4246700be0c758417effc2ea3588157a3932ed04,,4246700be0c758417effc2ea3588157a3932ed04,,0,,4811,1857,158,13,46,0,0,251,0,44,5,1252,577.476038338658,30.3514376996805,61.5015974440895,1.0,,2014-09-01 10:45:14,2014-09-01 10:45:48,failed,155,[34090502],8,34090502,java,broken,,java-ant,,0.0,,,,,,,,146.0,0
34164654,spring-projects/spring-data-examples,0.0,,,java,,master,2,09317bc6de13b4cfb0071bf356ff7d178b8fc11e#ecadc6548350c605aa181dbdce1a6675f64aa744,build_found,4246700be0c758417effc2ea3588157a3932ed04,34090501,2014-08-27 12:53:29,5,ecadc6548350c605aa181dbdce1a6675f64aa744#09317bc6de13b4cfb0071bf356ff7d178b8fc11e,2,ecadc6548350c605aa181dbdce1a6675f64aa744,,ecadc6548350c605aa181dbdce1a6675f64aa744,,0,,198,554,10,0,10,0,0,9,0,3,14,1276,706.896551724138,34.4827586206897,60.3448275862069,1.0,,2014-09-02 08:20:52,2014-09-02 08:21:28,failed,164,[34164655],23,34164655,java,broken,,java-ant,,0.0,,,,,,,,155.0,0
34199675,spring-projects/spring-data-examples,0.0,,,java,,master,1,6fb5259e37e52f8b7f047f9163db370ae109148b,build_found,ecadc6548350c605aa181dbdce1a6675f64aa744,34164654,2014-09-01 10:35:42,5,6fb5259e37e52f8b7f047f9163db370ae109148b,1,6fb5259e37e52f8b7f047f9163db370ae109148b,,6fb5259e37e52f8b7f047f9163db370ae109148b,,0,,122,95,5,0,2,0,0,11,0,2,15,1315,719.391634980989,34.2205323193916,59.3155893536122,1.0,,2014-09-02 15:39:42,2014-09-02 15:40:41,failed,169,[34199676],31,34199676,java,broken,,java-ant,,0.0,,,,,,,,159.0,0
34284989,spring-projects/spring-data-examples,0.0,,,java,,master,1,caf5ba4edc7e3dd62934bddae7c42e3e86d23419,build_found,6fb5259e37e52f8b7f047f9163db370ae109148b,34199675,2014-09-02 18:11:38,5,caf5ba4edc7e3dd62934bddae7c42e3e86d23419,1,caf5ba4edc7e3dd62934bddae7c42e3e86d23419,,caf5ba4edc7e3dd62934bddae7c42e3e86d23419,,0,,9,21,0,0,2,0,0,2,0,0,1,1316,727.203647416413,34.9544072948328,60.790273556231,1.0,,2014-09-03 12:49:31,2014-09-03 12:50:47,failed,183,[34284990],35,34284990,java,broken,,java-ant,,0.0,,,,,,,,173.0,0
34383026,spring-projects/spring-data-examples,0.0,,,java,,master,1,cba9500e47bbc1db628ad818bbad28d851c19848,build_found,caf5ba4edc7e3dd62934bddae7c42e3e86d23419,34284989,2014-09-04 11:40:07,5,cba9500e47bbc1db628ad818bbad28d851c19848,1,cba9500e47bbc1db628ad818bbad28d851c19848,,cba9500e47bbc1db628ad818bbad28d851c19848,,0,,0,6,0,0,1,0,0,1,0,0,1,1316,729.483282674772,34.9544072948328,61.5501519756839,1.0,,2014-09-04 11:44:16,2014-09-04 11:44:52,failed,157,[34383027],47,34383027,java,broken,,java-ant,,0.0,,,,,,,,148.0,0
34386240,spring-projects/spring-data-examples,0.0,,,java,,master,1,e17b24b6927a28518de34343c8884a93c1d2fdc0,build_found,cba9500e47bbc1db628ad818bbad28d851c19848,34383026,2014-09-04 12:21:24,5,e17b24b6927a28518de34343c8884a93c1d2fdc0,1,e17b24b6927a28518de34343c8884a93c1d2fdc0,,e17b24b6927a28518de34343c8884a93c1d2fdc0,,0,,0,138,1,0,3,0,0,4,0,0,4,1316,787.993920972644,34.9544072948328,62.3100303951368,1.0,,2014-09-04 12:28:43,2014-09-04 12:29:09,passed,180,[34386241],52,34386241,java,ok,,java-ant,,0.0,,,,,,,,171.0,0
34386770,spring-projects/spring-data-examples,0.0,,,java,,master,6,caf5ba4edc7e3dd62934bddae7c42e3e86d23419#cba9500e47bbc1db628ad818bbad28d851c19848#e17b24b6927a28518de34343c8884a93c1d2fdc0#c395f5ae3e27d20cf5862f13962449620e7e352e#3bb508292ac695ff33c82c6ce68919e3bd80fb1f#93df5dfa700583fc2c582759c7cc0a0f6b1c0ec7,build_found,e17b24b6927a28518de34343c8884a93c1d2fdc0,34386240,2014-09-02 15:44:28,5,3bb508292ac695ff33c82c6ce68919e3bd80fb1f#c395f5ae3e27d20cf5862f13962449620e7e352e,2,3bb508292ac695ff33c82c6ce68919e3bd80fb1f,,3bb508292ac695ff33c82c6ce68919e3bd80fb1f,,0,,0,8,0,0,3,0,0,1,0,2,17,1316,787.993920972644,34.9544072948328,62.3100303951368,1.0,,2014-09-04 12:35:11,2014-09-04 12:36:04,passed,206,[34386771],54,34386771,java,ok,,java-ant,,0.0,,,,,,,,197.0,0
34387232,spring-projects/spring-data-examples,0.0,,,java,,master,1,8ebc3d85fbcb57708730528e6e6b1180b856675c,build_found,3bb508292ac695ff33c82c6ce68919e3bd80fb1f,34386770,2014-09-04 12:43:25,5,8ebc3d85fbcb57708730528e6e6b1180b856675c,1,8ebc3d85fbcb57708730528e6e6b1180b856675c,,8ebc3d85fbcb57708730528e6e6b1180b856675c,,0,,2,0,0,0,1,0,0,1,0,0,8,1316,787.993920972644,34.9544072948328,62.3100303951368,1.0,,2014-09-04 12:43:32,2014-09-04 12:45:24,passed,215,[34387233],55,34387233,java,ok,,java-ant,,0.0,,,,,,,,204.0,0
34511257,spring-projects/spring-data-examples,0.0,,,java,,master,1,7cfd45920f4dc5642618b639a6225f7ae77a6668,build_found,8ebc3d85fbcb57708730528e6e6b1180b856675c,34387232,2014-09-05 16:11:34,5,7cfd45920f4dc5642618b639a6225f7ae77a6668,1,7cfd45920f4dc5642618b639a6225f7ae77a6668,,7cfd45920f4dc5642618b639a6225f7ae77a6668,,0,,0,0,0,0,1,0,0,0,0,1,17,1316,787.993920972644,34.9544072948328,62.3100303951368,1.0,,2014-09-05 16:11:46,2014-09-05 16:13:30,passed,322,[34511258],58,34511258,java,ok,,java-ant,,0.0,,,,,,,,313.0,0
34818193,spring-projects/spring-data-examples,0.0,,,java,,master,1,91565e3e218a33443400961e6b39555c78383041,build_found,7cfd45920f4dc5642618b639a6225f7ae77a6668,34511257,2014-08-27 11:01:21,5,91565e3e218a33443400961e6b39555c78383041,1,91565e3e218a33443400961e6b39555c78383041,,91565e3e218a33443400961e6b39555c78383041,,0,,37,500,13,0,2,0,0,8,0,7,26,1316,989.36170212766,36.4741641337386,62.3100303951368,1.0,,2014-09-09 14:19:46,2014-09-09 14:21:25,passed,337,[34818194],63,34818194,java,ok,,java-ant,,0.0,,,,,,,,326.0,0
34819865,spring-projects/spring-data-examples,0.0,,,java,,master,1,de7c2c55228a906ca8bfa56384c0faeaa5d1dc1b,build_found,91565e3e218a33443400961e6b39555c78383041,34818193,2014-09-02 07:08:36,5,de7c2c55228a906ca8bfa56384c0faeaa5d1dc1b,1,de7c2c55228a906ca8bfa56384c0faeaa5d1dc1b,,de7c2c55228a906ca8bfa56384c0faeaa5d1dc1b,,0,,241,320,19,0,1,0,0,13,0,7,19,1382,1050.6512301013,36.9030390738061,59.3342981186686,1.0,,2014-09-09 14:35:53,2014-09-09 14:38:02,passed,276,[34819866],64,34819866,java,ok,,java-ant,,0.0,,,,,,,,248.0,0
34821385,spring-projects/spring-data-examples,0.0,,,java,,master,1,f625317445df0c2cc076ba4cc32f6078b9421351,build_found,de7c2c55228a906ca8bfa56384c0faeaa5d1dc1b,34819865,2014-09-07 14:26:28,5,f625317445df0c2cc076ba4cc32f6078b9421351,1,f625317445df0c2cc076ba4cc32f6078b9421351,,f625317445df0c2cc076ba4cc32f6078b9421351,,0,,29,143,2,0,13,0,0,10,0,6,15,1454,938.78954607978,35.0756533700138,55.7083906464924,1.0,,2014-09-09 14:51:54,2014-09-09 14:54:32,passed,273,[34821386],65,34821386,java,ok,,java-ant,,0.0,,,,,,,,255.0,0
34830684,spring-projects/spring-data-examples,0.0,,,java,,master,2,11a6e4b69380521f41d4b807efb217c3683381b1#5af654a12a4cbdfa316b2fc6e8901d5a1e034322,build_found,f625317445df0c2cc076ba4cc32f6078b9421351,34821385,2014-09-05 08:06:47,5,5af654a12a4cbdfa316b2fc6e8901d5a1e034322#11a6e4b69380521f41d4b807efb217c3683381b1,2,5af654a12a4cbdfa316b2fc6e8901d5a1e034322,,5af654a12a4cbdfa316b2fc6e8901d5a1e034322,,0,,349,73,10,0,4,0,0,11,0,3,9,1594,879.548306148055,33.2496863237139,52.0702634880803,1.0,,2014-09-09 16:14:37,2014-09-09 16:27:28,passed,301,[34830685],66,34830685,java,ok,,java-ant,,0.0,,,,,,,,285.0,0
34870738,spring-projects/spring-data-examples,0.0,,,java,,master,1,f4266ac211dda6f45e2bf06862d44258fa9f8a88,build_found,5af654a12a4cbdfa316b2fc6e8901d5a1e034322,34830684,2014-09-04 11:15:33,5,f4266ac211dda6f45e2bf06862d44258fa9f8a88,1,f4266ac211dda6f45e2bf06862d44258fa9f8a88,,f4266ac211dda6f45e2bf06862d44258fa9f8a88,,0,,25,49,0,0,2,0,0,2,0,0,3,1597,897.307451471509,34.4395742016281,55.7294927989981,1.0,,2014-09-10 01:00:14,2014-09-10 01:00:44,passed,383,[34870739],67,34870739,java,ok,,java-ant,,0.0,,,,,,,,364.0,0
38239146,spring-projects/spring-data-examples,0.0,,,java,,master,2,c5920a64d9571a4403aa0ffaf3d2418412d25a14#1d7554b57ad524bd5d1944490ec5ceca81e6eb05,build_found,f4266ac211dda6f45e2bf06862d44258fa9f8a88,34870738,2014-10-10 16:40:08,5,1d7554b57ad524bd5d1944490ec5ceca81e6eb05#c5920a64d9571a4403aa0ffaf3d2418412d25a14,2,1d7554b57ad524bd5d1944490ec5ceca81e6eb05,,1d7554b57ad524bd5d1944490ec5ceca81e6eb05,,0,,426,568,12,0,11,0,0,9,0,3,4,1709,929.198361614979,36.2785254534816,53.8326506729081,1.0,,2014-10-17 08:21:22,2014-10-17 08:22:07,passed,286,[38239147],74,38239147,java,ok,,java-ant,,0.0,,,,,,,,273.0,0
39154864,spring-projects/spring-data-examples,0.0,,,java,,master,1,4b2ec72569a5b30c6cb9d72dcf25af8357819eee,build_found,1d7554b57ad524bd5d1944490ec5ceca81e6eb05,38239146,2014-10-17 12:16:12,5,4b2ec72569a5b30c6cb9d72dcf25af8357819eee#97963961ab2d0667764f9b6ed9caaf98e5c3904c,2,4b2ec72569a5b30c6cb9d72dcf25af8357819eee,,4b2ec72569a5b30c6cb9d72dcf25af8357819eee,,0,,2,0,0,0,2,0,0,1,0,0,11,1709,929.198361614979,36.2785254534816,53.8326506729081,1.0,,2014-10-27 14:10:35,2014-10-27 14:11:10,passed,336,[39154865],82,39154865,java,ok,,java-ant,,0.0,,,,,,,,325.0,0
39159713,spring-projects/spring-data-examples,0.0,,,java,,master,2,4bcdb26b100819a7405760d558dcbb0af15d8a4f#eeb0485cf950a62911962bc214c37c4e67b0c203,build_found,4b2ec72569a5b30c6cb9d72dcf25af8357819eee,39154864,2014-10-27 14:46:54,5,eeb0485cf950a62911962bc214c37c4e67b0c203#4bcdb26b100819a7405760d558dcbb0af15d8a4f,2,eeb0485cf950a62911962bc214c37c4e67b0c203,,eeb0485cf950a62911962bc214c37c4e67b0c203,,0,,0,0,0,0,1,0,0,0,0,1,20,1709,929.198361614979,36.2785254534816,53.8326506729081,1.0,,2014-10-27 14:55:10,2014-10-27 14:57:15,passed,225,[39159714],85,39159714,java,ok,,java-ant,,0.0,,,,,,,,215.0,0
39691827,spring-projects/spring-data-examples,0.0,,,java,,master,1,4841bbdc11ac0d3d685327ef7f04f2fe026742fa,build_found,eeb0485cf950a62911962bc214c37c4e67b0c203,39159713,2014-10-07 18:28:41,6,4841bbdc11ac0d3d685327ef7f04f2fe026742fa,1,4841bbdc11ac0d3d685327ef7f04f2fe026742fa,,4841bbdc11ac0d3d685327ef7f04f2fe026742fa,,0,,167,61,8,0,1,0,0,6,0,3,22,1755,921.937321937322,35.8974358974359,52.991452991453,1.0,,2014-11-01 16:06:35,2014-11-01 16:07:15,passed,236,[39691828],88,39691828,java,ok,,java-ant,,0.0,,,,,,,,220.0,0
40749933,spring-projects/spring-data-examples,0.0,,,java,,master,2,7d034f84a767e0f90ea52dc9c05bb0e674f90f01#ca5fd354b64e8b9e1ea81115c07677eec5b41e26,build_found,4841bbdc11ac0d3d685327ef7f04f2fe026742fa,39691827,2014-11-12 08:37:41,6,ca5fd354b64e8b9e1ea81115c07677eec5b41e26#7d034f84a767e0f90ea52dc9c05bb0e674f90f01,2,ca5fd354b64e8b9e1ea81115c07677eec5b41e26,,ca5fd354b64e8b9e1ea81115c07677eec5b41e26,,0,,0,0,0,0,2,0,0,0,0,2,27,1755,921.937321937322,35.8974358974359,52.991452991453,1.0,,2014-11-12 08:39:45,2014-11-12 08:42:14,passed,268,[40749934],94,40749934,java,ok,0,java-ant,,0.0,,,,,,,,256.0,0
42623528,spring-projects/spring-data-examples,0.0,,,java,,master,1,b15b1390accf4cec66be5f05d4ad8a9beb470538,build_found,ca5fd354b64e8b9e1ea81115c07677eec5b41e26,40749933,2014-12-01 12:33:58,6,b15b1390accf4cec66be5f05d4ad8a9beb470538,1,b15b1390accf4cec66be5f05d4ad8a9beb470538,,b15b1390accf4cec66be5f05d4ad8a9beb470538,,0,,0,0,0,0,3,0,0,0,0,3,27,1755,921.937321937322,35.8974358974359,52.991452991453,1.0,,2014-12-01 12:34:04,2014-12-01 12:38:06,failed,229,[42623529],102,42623529,java,broken,0,java-ant,,0.0,,,,,,,,220.0,0
42634329,spring-projects/spring-data-examples,1.0,2014-12-01 09:39:00,36,java,unknown,master,2,b15b1390accf4cec66be5f05d4ad8a9beb470538#8eb61e05fa1cecfd42a279f239cbd8807a96a0ac,build_found,b15b1390accf4cec66be5f05d4ad8a9beb470538,42623528,2014-12-01 10:35:05,6,8eb61e05fa1cecfd42a279f239cbd8807a96a0ac,1,8eb61e05fa1cecfd42a279f239cbd8807a96a0ac,b15b1390accf4cec66be5f05d4ad8a9beb470538,b59506dd9f37e6ad692a7c4378cf805031e2ddf4,0,0,0,0,104,1,0,0,0,0,1,0,0,0,1755,951.566951566952,37.6068376068376,55.8404558404558,1.0,5,2014-12-01 14:31:07,2014-12-01 14:32:42,failed,218,[42634330],105,42634330,java,broken,0,java-ant,,0.0,,,,,,,,209.0,0
42659393,spring-projects/spring-data-examples,0.0,,,java,,master,1,c30d5827a9b24a2b61048dc96e15530574354b85,build_found,b15b1390accf4cec66be5f05d4ad8a9beb470538,42623528,2014-12-01 18:32:24,6,c30d5827a9b24a2b61048dc96e15530574354b85,1,c30d5827a9b24a2b61048dc96e15530574354b85,,c30d5827a9b24a2b61048dc96e15530574354b85,,0,,0,2,0,0,1,0,0,1,0,0,2,1755,920.797720797721,35.8974358974359,52.991452991453,1.0,,2014-12-01 18:32:55,2014-12-01 18:39:24,passed,245,[42659394],107,42659394,java,ok,0,java-ant,,0.0,,,,,,,,235.0,0
43127561,spring-projects/spring-data-examples,0.0,,,java,,master,1,a579f6e879fca61bf39a01098bbbe648d65b2fa6,build_found,c30d5827a9b24a2b61048dc96e15530574354b85,42659393,2014-11-26 17:55:09,7,a579f6e879fca61bf39a01098bbbe648d65b2fa6,1,a579f6e879fca61bf39a01098bbbe648d65b2fa6,,a579f6e879fca61bf39a01098bbbe648d65b2fa6,,0,,76,65,4,0,1,0,0,3,0,2,26,1776,927.927927927928,36.5990990990991,54.0540540540541,1.0,,2014-12-05 18:51:48,2014-12-05 18:58:04,failed,142,[43127562],109,43127562,java,broken,0,java-ant,,0.0,,,,,,,,133.0,0
43129390,spring-projects/spring-data-examples,0.0,,,java,,master,1,30386210c4fed20bf9d458b1bd549d4ef812de88,build_found,a579f6e879fca61bf39a01098bbbe648d65b2fa6,43127561,2014-12-02 04:26:39,7,30386210c4fed20bf9d458b1bd549d4ef812de88,1,30386210c4fed20bf9d458b1bd549d4ef812de88,,30386210c4fed20bf9d458b1bd549d4ef812de88,,0,,9,26,0,0,2,0,0,2,0,0,4,1778,934.758155230596,37.1203599550056,55.1181102362205,0.0,,2014-12-05 19:10:15,2014-12-05 19:15:38,failed,162,[43129391],110,43129391,java,broken,0,java-ant,,0.0,,,,,,,,151.0,0
43805464,spring-projects/spring-data-examples,0.0,,,java,,master,2,5d102f91578f8bd7c7821ba82e66666a5bb25c43#e47c4135fcdc31973b9728a37de03a3e5fdf36e1,build_found,30386210c4fed20bf9d458b1bd549d4ef812de88,43129390,2014-12-12 07:32:41,7,e47c4135fcdc31973b9728a37de03a3e5fdf36e1#5d102f91578f8bd7c7821ba82e66666a5bb25c43,2,e47c4135fcdc31973b9728a37de03a3e5fdf36e1,,e47c4135fcdc31973b9728a37de03a3e5fdf36e1,,0,,0,0,0,0,2,0,0,0,0,2,29,1778,934.758155230596,37.1203599550056,55.1181102362205,1.0,,2014-12-12 07:34:19,2014-12-12 07:34:53,failed,195,[43805465],111,43805465,java,broken,0,java-ant,,0.0,,,,,,,,186.0,0
43806233,spring-projects/spring-data-examples,0.0,,,java,,master,2,d7aba90879874eb2c4d6926e7b29ce236ea50777#d248a5ffd878a40c17af40aad1e9876aef5d5304,build_found,e47c4135fcdc31973b9728a37de03a3e5fdf36e1,43805464,2014-12-12 07:41:48,7,d248a5ffd878a40c17af40aad1e9876aef5d5304#d7aba90879874eb2c4d6926e7b29ce236ea50777,2,d248a5ffd878a40c17af40aad1e9876aef5d5304,,d248a5ffd878a40c17af40aad1e9876aef5d5304,,0,,0,0,0,0,3,0,0,0,0,3,29,1778,934.758155230596,37.1203599550056,55.1181102362205,1.0,,2014-12-12 07:49:29,2014-12-12 07:49:37,passed,235,[43806234],113,43806234,java,ok,0,java-ant,,0.0,,,,,,,,206.0,0
45864241,spring-projects/spring-data-examples,0.0,,,java,,master,2,e953f6d5e5725bce65430d160e430f042c16a8c3#7f3339a610ce96660f9a82e01cfa601a90a7bb76,build_found,d248a5ffd878a40c17af40aad1e9876aef5d5304,43806233,2014-12-30 16:30:33,7,7f3339a610ce96660f9a82e01cfa601a90a7bb76#e953f6d5e5725bce65430d160e430f042c16a8c3,2,7f3339a610ce96660f9a82e01cfa601a90a7bb76,,7f3339a610ce96660f9a82e01cfa601a90a7bb76,,0,,15,0,0,0,3,0,0,2,0,1,6,1776,935.810810810811,37.1621621621622,55.1801801801802,1.0,,2015-01-04 17:09:31,2015-01-04 17:09:49,passed,202,[45864242],118,45864242,java,ok,0,java-ant,,0.0,,,,,,,,164.0,0
45866728,spring-projects/spring-data-examples,0.0,,,java,,master,1,f9aa1556d8f8404c30673856c7314a3e4e6ba89e,build_found,7f3339a610ce96660f9a82e01cfa601a90a7bb76,45864241,2014-10-31 00:20:18,7,f9aa1556d8f8404c30673856c7314a3e4e6ba89e,1,f9aa1556d8f8404c30673856c7314a3e4e6ba89e,,f9aa1556d8f8404c30673856c7314a3e4e6ba89e,,0,,162,131,9,0,2,0,0,6,0,5,38,1839,949.429037520391,38.0641653072322,57.0962479608483,1.0,,2015-01-04 17:41:01,2015-01-04 17:41:18,passed,196,[45866729],120,45866729,java,ok,0,java-ant,,0.0,,,,,,,,152.0,0
46291203,spring-projects/spring-data-examples,0.0,,,java,,master,2,0abc0dc3b1e20717feec7569fda049d9278e7072#f37e260a32501658dcfd8bcbd36dc93d2de51039,build_found,f9aa1556d8f8404c30673856c7314a3e4e6ba89e,45866728,2015-01-08 08:42:29,7,f37e260a32501658dcfd8bcbd36dc93d2de51039#0abc0dc3b1e20717feec7569fda049d9278e7072,2,f37e260a32501658dcfd8bcbd36dc93d2de51039,,f37e260a32501658dcfd8bcbd36dc93d2de51039,,0,,2,0,0,0,2,0,0,1,0,1,32,1839,949.429037520391,38.0641653072322,57.0962479608483,1.0,,2015-01-08 08:43:29,2015-01-08 08:48:00,passed,268,[46291204],121,46291204,java,ok,1,java-ant,,0.0,,,,,,,,219.0,0
51715972,spring-projects/spring-data-examples,0.0,,,java,,master,1,815e3b726698c1ad4e1d1f3a71465246eaef954f,build_found,f37e260a32501658dcfd8bcbd36dc93d2de51039,46291203,2015-02-22 13:17:23,5,815e3b726698c1ad4e1d1f3a71465246eaef954f,1,815e3b726698c1ad4e1d1f3a71465246eaef954f,,815e3b726698c1ad4e1d1f3a71465246eaef954f,,0,,0,0,0,0,1,0,0,0,0,1,31,1839,949.429037520391,38.0641653072322,57.0962479608483,1.0,,2015-02-22 13:17:29,2015-02-22 13:17:43,passed,256,[51715973],122,51715973,java,ok,0,java-ant,,0.0,,,,,,,,222.0,0
52383653,spring-projects/spring-data-examples,0.0,,,java,,master,1,a50a3450cdd1bf6825fb0ede7baaedae103d1d51,build_found,815e3b726698c1ad4e1d1f3a71465246eaef954f,51715972,2015-02-27 06:57:40,5,a50a3450cdd1bf6825fb0ede7baaedae103d1d51,1,a50a3450cdd1bf6825fb0ede7baaedae103d1d51,,a50a3450cdd1bf6825fb0ede7baaedae103d1d51,,0,,0,0,0,0,2,0,0,0,0,2,35,1839,949.429037520391,38.0641653072322,57.0962479608483,1.0,,2015-02-27 06:57:46,2015-02-27 06:58:13,passed,210,[52383654],123,52383654,java,ok,0,java-ant,,0.0,,,,,,,,167.0,0
52457594,spring-projects/spring-data-examples,0.0,,,java,,master,,,build_found,a50a3450cdd1bf6825fb0ede7baaedae103d1d51,52383653,,5,797db3eece8ea9d7859ddb81b5b3549b5d1f8aa6,1,797db3eece8ea9d7859ddb81b5b3549b5d1f8aa6,,797db3eece8ea9d7859ddb81b5b3549b5d1f8aa6,,0,,37,0,0,0,7,0,0,5,0,2,41,1833,952.53682487725,38.1887615930169,57.2831423895254,1.0,,,2015-02-28 07:21:08,passed,198,[52457595],124,52457595,java,ok,0,java-ant,,0.0,,,,,,,,148.0,0
52811959,spring-projects/spring-data-examples,0.0,,,java,,master,1,6597d7ca9585653ef32bfccfabd3827a1cf47ac7,build_found,797db3eece8ea9d7859ddb81b5b3549b5d1f8aa6,52457594,2015-03-02 22:00:44,3,6597d7ca9585653ef32bfccfabd3827a1cf47ac7,1,6597d7ca9585653ef32bfccfabd3827a1cf47ac7,,6597d7ca9585653ef32bfccfabd3827a1cf47ac7,,0,,18,0,0,0,2,0,0,1,0,1,8,1832,953.056768558952,38.2096069868996,57.3144104803493,1.0,,2015-03-02 22:00:51,2015-03-02 22:02:22,passed,241,[52811960],127,52811960,java,ok,0,java-ant,,0.0,,,,,,,,185.0,0
52972271,spring-projects/spring-data-examples,0.0,,,java,,master,,,build_found,6597d7ca9585653ef32bfccfabd3827a1cf47ac7,52811959,,3,c2fae114dbcd45431f0d66eb8a230031962e9b5a#1618f6ea60c2a5e560be0b15881ba4a5ecd46159,2,c2fae114dbcd45431f0d66eb8a230031962e9b5a,,c2fae114dbcd45431f0d66eb8a230031962e9b5a,,0,,125,77,7,0,2,0,0,6,0,3,18,1863,955.984970477724,38.6473429951691,56.3607085346216,1.0,,,2015-03-03 23:04:01,failed,146,[52972272],128,52972272,java,broken,0,java-ant,,0.0,,,,,,,,80.0,0
53533265,spring-projects/spring-data-examples,0.0,,,java,,master,2,9ed8899f3676c2c8eecb2ff8eb0b8fac734d3cca#0c6490e18223e50aa93a8dbb942b13182a44d25c,build_found,c2fae114dbcd45431f0d66eb8a230031962e9b5a,52972271,2015-03-08 11:50:28,4,0c6490e18223e50aa93a8dbb942b13182a44d25c#9ed8899f3676c2c8eecb2ff8eb0b8fac734d3cca,2,0c6490e18223e50aa93a8dbb942b13182a44d25c,,0c6490e18223e50aa93a8dbb942b13182a44d25c,,0,,0,8,0,0,5,0,0,1,0,4,44,1863,957.595276435856,38.6473429951691,56.3607085346216,1.0,,2015-03-08 11:55:46,2015-03-08 11:55:59,passed,273,[53533266],134,53533266,java,ok,0,java-ant,,0.0,,,,,,,,170.0,0
53618088,spring-projects/spring-data-examples,1.0,2015-03-09 07:14:33,61,java,unknown,master,,,build_found,0c6490e18223e50aa93a8dbb942b13182a44d25c,53533265,,4,1f831dea24dd3eb152525ab4e487f30bcaa3a626,1,1f831dea24dd3eb152525ab4e487f30bcaa3a626,0c6490e18223e50aa93a8dbb942b13182a44d25c,9f5c03dc067f04a6261413ddc15ff2d905ff7e49,0,0,0,21,16,0,0,2,0,0,2,0,0,3,1869,959.871589085072,39.0583199571964,56.7148207597646,1.0,30,,2015-03-09 08:14:44,passed,230,[53618089],136,53618089,java,ok,0,java-ant,,0.0,,,,,,,,175.0,0
53618894,spring-projects/spring-data-examples,1.0,2015-03-09 07:25:41,63,java,unknown,master,,,build_found,0c6490e18223e50aa93a8dbb942b13182a44d25c,53533265,,4,9aa315fdb90bd119251bb313e98bf9d13924face,1,9aa315fdb90bd119251bb313e98bf9d13924face,0c6490e18223e50aa93a8dbb942b13182a44d25c,b38a1fc0732163c068260dcfc26cf6ce7ce70dca,0,0,0,13,18,0,0,2,0,0,2,0,0,3,1865,963.538873994638,39.142091152815,56.8364611260054,1.0,18,,2015-03-09 08:26:35,passed,259,[53618895],138,53618895,java,ok,0,java-ant,,0.0,,,,,,,,197.0,0
53637761,spring-projects/spring-data-examples,0.0,,,java,,master,6,73be2fcddb7b5649ff276f352dac27db06b85b40#a865425657ce316eb58edd52c823f38e010534f9#966d3c9e44781ef134b73620d9746552fd4922c1#49df9468b59da5a4d182bf70d16d4eb6e3461db7#f5e6b3b6be99023f26f9ee5124df3322ec707986#2c97493f9f94df979b08e2d30c63f29b1dd4388a,build_found,6597d7ca9585653ef32bfccfabd3827a1cf47ac7,52811959,2015-03-02 17:06:31,4,2c97493f9f94df979b08e2d30c63f29b1dd4388a#f5e6b3b6be99023f26f9ee5124df3322ec707986#49df9468b59da5a4d182bf70d16d4eb6e3461db7#966d3c9e44781ef134b73620d9746552fd4922c1#a865425657ce316eb58edd52c823f38e010534f9#73be2fcddb7b5649ff276f352dac27db06b85b40,6,2c97493f9f94df979b08e2d30c63f29b1dd4388a,,2c97493f9f94df979b08e2d30c63f29b1dd4388a,,0,,160,110,7,0,9,0,0,9,0,5,47,1867,962.506695232994,39.1001606855919,56.7755757900375,1.0,,2015-03-09 11:54:01,2015-03-09 11:54:25,passed,221,[53637762],142,53637762,java,ok,0,java-ant,,0.0,,,,,,,,164.0,0
53772496,spring-projects/spring-data-examples,0.0,,,java,,master,1,df7fcb0edb86be317ca4a25e2cc3a06881a3a576,build_found,2c97493f9f94df979b08e2d30c63f29b1dd4388a,53637761,2015-03-09 10:04:00,4,df7fcb0edb86be317ca4a25e2cc3a06881a3a576,1,df7fcb0edb86be317ca4a25e2cc3a06881a3a576,,df7fcb0edb86be317ca4a25e2cc3a06881a3a576,,0,,571,112,15,0,2,0,0,12,2,3,44,2086,876.79769894535,35.953978906999,51.294343240652,1.0,,2015-03-10 09:13:54,2015-03-10 09:14:31,passed,289,[53772497],151,53772497,java,ok,0,java-ant,,0.0,,,,,,,,210.0,0
53798240,spring-projects/spring-data-examples,0.0,,,java,,master,3,35596a9045adb802bab88f927144537fef4f0ee3#6ba91231f248e182d9c85a24c3dc30112b701157#e12487355d857d1f7e7be7726cbd7be7a55ebd00,build_found,df7fcb0edb86be317ca4a25e2cc3a06881a3a576,53772496,2014-10-21 06:33:25,4,6ba91231f248e182d9c85a24c3dc30112b701157#35596a9045adb802bab88f927144537fef4f0ee3,2,6ba91231f248e182d9c85a24c3dc30112b701157,,6ba91231f248e182d9c85a24c3dc30112b701157,,0,,314,165,8,1,8,0,0,6,0,4,23,2137,877.39822180627,36.4997660271409,50.0701918577445,1.0,,2015-03-12 07:17:45,2015-03-10 13:15:14,passed,420,[53798241],156,53798241,java,ok,0,java-ant,,0.0,,,,,,,,335.0,0
54091272,spring-projects/spring-data-examples,0.0,,,java,,master,2,9cffcef9c6556a8c3846044130e6b00a5a38e3f9#2569cf8de336adb8c9fea8cf7fc8f4434378e05d,build_found,6ba91231f248e182d9c85a24c3dc30112b701157,53798240,2014-10-21 06:33:25,4,2569cf8de336adb8c9fea8cf7fc8f4434378e05d#9cffcef9c6556a8c3846044130e6b00a5a38e3f9,2,2569cf8de336adb8c9fea8cf7fc8f4434378e05d,,2569cf8de336adb8c9fea8cf7fc8f4434378e05d,,0,,69,322,1,0,7,0,0,7,0,0,1,2148,900.837988826816,38.1750465549348,51.2104283054004,1.0,,2015-03-12 13:02:07,2015-03-12 13:03:40,passed,314,[54091273],167,54091273,java,ok,1,java-ant,,0.0,,,,,,,,232.0,0
54096620,spring-projects/spring-data-examples,0.0,,,java,,master,1,65cef4132db8e04e3e5d952430ae71edd3e9b6b4,build_found,2569cf8de336adb8c9fea8cf7fc8f4434378e05d,54091272,2015-03-12 09:22:11,4,65cef4132db8e04e3e5d952430ae71edd3e9b6b4,1,65cef4132db8e04e3e5d952430ae71edd3e9b6b4,,65cef4132db8e04e3e5d952430ae71edd3e9b6b4,,0,,13,24,0,0,2,0,0,2,0,0,4,2149,902.745463006049,38.6226151698464,51.6519311307585,1.0,,2015-03-12 13:46:51,2015-03-12 13:47:42,passed,281,[54096621],168,54096621,java,ok,0,java-ant,,0.0,,,,,,,,214.0,0
54138579,spring-projects/spring-data-examples,1.0,2015-03-05 17:56:45,58,java,unknown,master,1,17321e40d7a94176e6657096ab6786a1e75e024a,build_found,65cef4132db8e04e3e5d952430ae71edd3e9b6b4,54096620,2015-03-05 16:40:18,4,17321e40d7a94176e6657096ab6786a1e75e024a,1,17321e40d7a94176e6657096ab6786a1e75e024a,65cef4132db8e04e3e5d952430ae71edd3e9b6b4,29d86b5729c580d5121720ca278647ffbc2b94bb,1,0,0,6,118,1,0,2,0,0,3,0,0,1,2147,933.395435491383,39.5901257568701,54.0288775034932,1.0,13,2015-03-12 18:35:30,2015-03-12 18:36:40,passed,259,[54138580],174,54138580,java,ok,1,java-ant,,0.0,,,,,,,,171.0,0
54993793,spring-projects/spring-data-examples,0.0,,,java,,master,1,9ecb720f4a900df38d4052b051da77b14e89fe2e,build_found,65cef4132db8e04e3e5d952430ae71edd3e9b6b4,54096620,2015-03-19 09:04:46,5,9ecb720f4a900df38d4052b051da77b14e89fe2e,1,9ecb720f4a900df38d4052b051da77b14e89fe2e,,9ecb720f4a900df38d4052b051da77b14e89fe2e,,0,,513,112,12,0,1,0,0,11,0,2,9,2375,839.578947368421,35.7894736842105,48.0,1.0,,2015-03-19 09:06:51,2015-03-19 09:07:10,passed,340,[54993794],177,54993794,java,ok,0,java-ant,,0.0,,,,,,,,265.0,0
54994209,spring-projects/spring-data-examples,0.0,,,java,,master,1,4d500a70282192c5a4150d9566a5814437a72f38,build_found,9ecb720f4a900df38d4052b051da77b14e89fe2e,54993793,2015-03-19 09:11:38,5,4d500a70282192c5a4150d9566a5814437a72f38,1,4d500a70282192c5a4150d9566a5814437a72f38,,4d500a70282192c5a4150d9566a5814437a72f38,,0,,1,0,0,0,1,0,0,1,0,0,14,2375,839.578947368421,35.7894736842105,48.0,1.0,,2015-03-19 09:11:54,2015-03-19 09:12:17,passed,344,[54994210],178,54994210,java,ok,0,java-ant,,0.0,,,,,,,,258.0,0
55984646,spring-projects/spring-data-examples,0.0,,,java,,master,2,3306ea56f39184cd813cc0e6e7f14a4789cbcdf7#49d91bb6979d0734ad75654124a1c0eae878daf4,build_found,4d500a70282192c5a4150d9566a5814437a72f38,54994209,2015-03-25 09:41:38,6,49d91bb6979d0734ad75654124a1c0eae878daf4#3306ea56f39184cd813cc0e6e7f14a4789cbcdf7#e11e73b58a3b6137273784caf6924469818fa4e6,3,49d91bb6979d0734ad75654124a1c0eae878daf4,,49d91bb6979d0734ad75654124a1c0eae878daf4,,0,,91,118,1,1,9,0,0,6,0,6,46,2313,905.317769130999,38.0458279290964,51.4483354950281,1.0,,2015-03-26 17:38:27,2015-03-26 17:39:29,passed,261,[55984647],180,55984647,java,ok,0,java-ant,,0.0,,,,,,,,182.0,0
55986926,spring-projects/spring-data-examples,0.0,,,java,,master,1,3e793a51475aa8a287182539be637e101b4ee24b,build_found,49d91bb6979d0734ad75654124a1c0eae878daf4,55984646,2015-03-26 17:43:51,6,3e793a51475aa8a287182539be637e101b4ee24b,1,3e793a51475aa8a287182539be637e101b4ee24b,,3e793a51475aa8a287182539be637e101b4ee24b,,0,,0,0,0,0,1,0,0,0,0,0,3,2313,905.317769130999,38.0458279290964,51.4483354950281,0.0,,2015-03-26 17:53:44,2015-03-26 17:54:35,passed,311,[55986927],182,55986927,java,ok,0,java-ant,,0.0,,,,,,,,221.0,0
56530095,spring-projects/spring-data-examples,0.0,,,java,,master,1,a9be672139d7f5a850808696b319fe41edf1afa9,build_found,3e793a51475aa8a287182539be637e101b4ee24b,55986926,2015-03-31 07:27:26,6,a9be672139d7f5a850808696b319fe41edf1afa9,1,a9be672139d7f5a850808696b319fe41edf1afa9,,a9be672139d7f5a850808696b319fe41edf1afa9,,0,,0,0,0,0,1,0,0,0,0,1,37,2313,905.317769130999,38.0458279290964,51.4483354950281,1.0,,2015-03-31 07:31:31,2015-03-31 07:31:48,passed,264,[56530096],183,56530096,java,ok,0,java-ant,,0.0,,,,,,,,196.0,0
57676296,spring-projects/spring-data-examples,0.0,,,java,,master,2,081881b538ff53cddc0da1c4743ce4bc46bceff8#8978423adebb380edf1604b86d3f810c526cdbf4,build_found,a9be672139d7f5a850808696b319fe41edf1afa9,56530095,2015-04-08 16:48:14,6,8978423adebb380edf1604b86d3f810c526cdbf4#081881b538ff53cddc0da1c4743ce4bc46bceff8,2,8978423adebb380edf1604b86d3f810c526cdbf4,,8978423adebb380edf1604b86d3f810c526cdbf4,,0,,193,124,7,0,4,0,0,7,0,4,55,2395,899.791231732777,37.5782881002088,50.5219206680585,1.0,,2015-04-08 17:02:48,2015-04-08 17:03:54,passed,334,[57676297],191,57676297,java,ok,0,java-ant,,0.0,,,,,,,,227.0,0
57680671,spring-projects/spring-data-examples,0.0,,,java,,master,1,174710c5ba2282b35ffad813929fdc4629b83607,build_found,8978423adebb380edf1604b86d3f810c526cdbf4,57676296,2015-04-08 17:33:04,6,174710c5ba2282b35ffad813929fdc4629b83607,1,174710c5ba2282b35ffad813929fdc4629b83607,,174710c5ba2282b35ffad813929fdc4629b83607,,0,,0,13,2,0,2,0,0,1,0,2,1,2395,902.296450939457,37.5782881002088,50.5219206680585,1.0,,2015-04-08 17:33:10,2015-04-08 17:35:10,passed,381,[57680672],192,57680672,java,ok,1,java-ant,,0.0,,,,,,,,286.0,0
58467796,spring-projects/spring-data-examples,0.0,,,java,,master,1,b7263b4ed68452702aa44de5deab7320d389eb89,build_found,174710c5ba2282b35ffad813929fdc4629b83607,57680671,2015-04-14 16:23:55,6,b7263b4ed68452702aa44de5deab7320d389eb89,1,b7263b4ed68452702aa44de5deab7320d389eb89,,b7263b4ed68452702aa44de5deab7320d389eb89,,0,,4,0,0,0,3,0,0,1,0,2,43,2395,902.296450939457,37.5782881002088,50.5219206680585,1.0,,2015-04-14 16:25:44,2015-04-14 16:27:18,passed,641,[58467797],193,58467797,java,ok,1,java-ant,,0.0,,,,,,,,282.0,0
58495596,spring-projects/spring-data-examples,0.0,,,java,,master,1,19bb907815d7736fda3a7600c67b152530e838d1,build_found,b7263b4ed68452702aa44de5deab7320d389eb89,58467796,2014-12-31 01:03:46,6,19bb907815d7736fda3a7600c67b152530e838d1,1,19bb907815d7736fda3a7600c67b152530e838d1,,19bb907815d7736fda3a7600c67b152530e838d1,,0,,120,0,5,0,3,0,0,3,1,4,10,2450,882.040816326531,36.734693877551,49.3877551020408,1.0,,2015-04-14 19:42:22,2015-04-14 19:44:10,failed,192,[58495597],197,58495597,java,broken,0,java-ant,,0.0,,,,,,,,110.0,0
58718222,spring-projects/spring-data-examples,0.0,,,java,,master,1,33a44330588293bfc237533789dd7fd25d866c66,build_found,19bb907815d7736fda3a7600c67b152530e838d1,58495596,2015-04-16 08:04:23,6,33a44330588293bfc237533789dd7fd25d866c66,1,33a44330588293bfc237533789dd7fd25d866c66,,33a44330588293bfc237533789dd7fd25d866c66,,0,,1,0,2,0,2,0,0,1,0,2,52,2450,882.040816326531,36.734693877551,49.3877551020408,1.0,,2015-04-16 08:05:33,2015-04-16 08:08:37,failed,322,[58718223],199,58718223,java,broken,0,java-ant,,0.0,,,,,,,,214.0,0
61143400,spring-projects/spring-data-examples,0.0,,,java,,master,2,b092d6fb30995bb1f4e38a645724985fae58bdb0#2da20819da6ccbf85a8acef37812c962495ff64f,build_found,33a44330588293bfc237533789dd7fd25d866c66,58718222,2015-03-13 03:56:30,7,2da20819da6ccbf85a8acef37812c962495ff64f#b092d6fb30995bb1f4e38a645724985fae58bdb0,2,2da20819da6ccbf85a8acef37812c962495ff64f,,2da20819da6ccbf85a8acef37812c962495ff64f,,0,,975,573,13,6,3,0,0,12,0,3,11,2488,875.8038585209,36.5755627009646,49.0353697749196,0.0,,2015-05-04 13:08:29,2015-05-04 13:43:31,failed,224,[61143401],202,61143401,java,broken,1,java-ant,,0.0,,,,,,,,128.0,0
61328854,spring-projects/spring-data-examples,0.0,,,java,,master,1,b8e29431de793b8a2234e193ac68d7956c300969,build_found,2da20819da6ccbf85a8acef37812c962495ff64f,61143400,2015-04-07 16:54:06,7,b8e29431de793b8a2234e193ac68d7956c300969,1,b8e29431de793b8a2234e193ac68d7956c300969,,b8e29431de793b8a2234e193ac68d7956c300969,,1,,168,45,6,0,0,0,0,6,0,0,0,2526,870.150435471101,36.4212193190816,48.6935866983373,1.0,,2015-05-05 16:08:54,2015-05-05 16:16:45,failed,276,[61328855],203,61328855,java,broken,1,java-ant,,0.0,,,,,,,,180.0,0
62213906,spring-projects/spring-data-examples,0.0,,,java,,master,1,8ce6ac38c0bc53bb52b69390a6881a6a7d2800f5,build_found,b8e29431de793b8a2234e193ac68d7956c300969,61328854,2015-05-12 10:22:55,7,8ce6ac38c0bc53bb52b69390a6881a6a7d2800f5,1,8ce6ac38c0bc53bb52b69390a6881a6a7d2800f5,,8ce6ac38c0bc53bb52b69390a6881a6a7d2800f5,,0,,0,4,0,0,1,0,0,1,0,0,1,2526,870.942201108472,36.4212193190816,48.6935866983373,1.0,,2015-05-12 10:25:50,2015-05-12 10:26:31,passed,317,[62213907],206,62213907,java,ok,0,java-ant,,0.0,,,,,,,,240.0,0
62908564,spring-projects/spring-data-examples,0.0,,,java,,master,1,81b576b663f59b20d01f96a75de84c3f18f67e95,build_found,8ce6ac38c0bc53bb52b69390a6881a6a7d2800f5,62213906,2015-05-17 14:36:25,7,81b576b663f59b20d01f96a75de84c3f18f67e95,1,81b576b663f59b20d01f96a75de84c3f18f67e95,,81b576b663f59b20d01f96a75de84c3f18f67e95,,0,,0,2,0,0,1,0,0,1,0,0,1,2526,870.942201108472,36.4212193190816,48.6935866983373,1.0,,2015-05-17 14:36:32,2015-05-17 14:36:47,failed,244,[62908565],208,62908565,java,broken,0,java-ant,,0.0,,,,,,,,157.0,0
62912118,spring-projects/spring-data-examples,0.0,,,java,,master,1,43c0bcda98514ca6de82eef10ca5765aa92a8b24,build_found,81b576b663f59b20d01f96a75de84c3f18f67e95,62908564,2015-05-17 15:30:03,7,43c0bcda98514ca6de82eef10ca5765aa92a8b24,1,43c0bcda98514ca6de82eef10ca5765aa92a8b24,,43c0bcda98514ca6de82eef10ca5765aa92a8b24,,0,,0,61,0,0,2,0,0,1,0,1,13,2526,884.79809976247,36.8171021377672,48.6935866983373,1.0,,2015-05-17 15:30:59,2015-05-17 15:31:17,failed,234,[62912119],209,62912119,java,broken,0,java-ant,,0.0,,,,,,,,153.0,0
62981389,spring-projects/spring-data-examples,0.0,,,java,,master,1,09eea9e0b8c060fbbc361844fe4e70870d8cc250,build_found,43c0bcda98514ca6de82eef10ca5765aa92a8b24,62912118,2015-05-18 08:13:57,7,09eea9e0b8c060fbbc361844fe4e70870d8cc250,1,09eea9e0b8c060fbbc361844fe4e70870d8cc250,,09eea9e0b8c060fbbc361844fe4e70870d8cc250,,0,,0,11,0,0,1,0,0,1,0,0,3,2526,883.214568487728,36.8171021377672,48.6935866983373,1.0,,2015-05-18 08:14:05,2015-05-18 08:14:40,passed,370,[62981390],210,62981390,java,ok,0,java-ant,,0.0,,,,,,,,281.0,0
63312338,spring-projects/spring-data-examples,0.0,,,java,,master,4,5f132037e3f5a5beac9f1b7c9105c6301b8fb012#cc2ac546e79ec096860322252ae9970c23bdbc57#343d29eeec86e114bb398c748c318e10d1ca8be6#2c9f75c7e0d54e629337ab4b8cf3e75d01644230,build_found,09eea9e0b8c060fbbc361844fe4e70870d8cc250,62981389,2015-05-19 16:52:03,8,2c9f75c7e0d54e629337ab4b8cf3e75d01644230#343d29eeec86e114bb398c748c318e10d1ca8be6#cc2ac546e79ec096860322252ae9970c23bdbc57#5f132037e3f5a5beac9f1b7c9105c6301b8fb012,4,2c9f75c7e0d54e629337ab4b8cf3e75d01644230,,2c9f75c7e0d54e629337ab4b8cf3e75d01644230,,0,,43,0,1,0,3,0,0,1,1,2,47,2537,879.385100512416,36.6574694521088,48.4824595979503,1.0,,2015-05-20 10:54:19,2015-05-20 10:58:49,failed,312,[63312339],213,63312339,java,broken,2,java-ant,,0.0,,,,,,,,190.0,0
63320962,spring-projects/spring-data-examples,0.0,,,java,,master,2,e1e22f4e5e201f9d7f7ea0b10461a72b160fdb1c#22824e6b24d76ec28e94d2fa99d864841023bab1,build_found,2c9f75c7e0d54e629337ab4b8cf3e75d01644230,63312338,2015-04-16 16:24:07,8,22824e6b24d76ec28e94d2fa99d864841023bab1#e1e22f4e5e201f9d7f7ea0b10461a72b160fdb1c,2,22824e6b24d76ec28e94d2fa99d864841023bab1,,22824e6b24d76ec28e94d2fa99d864841023bab1,,0,,4,0,1,0,3,0,0,1,0,2,3,2538,879.038613081166,36.6430260047281,48.4633569739953,0.0,,2015-05-20 12:12:24,2015-05-25 12:17:26,failed,377,[63320963],215,63320963,java,broken,1,java-ant,,0.0,,,,,,,,267.0,0
64056374,spring-projects/spring-data-examples,0.0,,,java,,master,12,81b576b663f59b20d01f96a75de84c3f18f67e95#43c0bcda98514ca6de82eef10ca5765aa92a8b24#09eea9e0b8c060fbbc361844fe4e70870d8cc250#5f132037e3f5a5beac9f1b7c9105c6301b8fb012#cc2ac546e79ec096860322252ae9970c23bdbc57#343d29eeec86e114bb398c748c318e10d1ca8be6#2c9f75c7e0d54e629337ab4b8cf3e75d01644230#e1e22f4e5e201f9d7f7ea0b10461a72b160fdb1c#22824e6b24d76ec28e94d2fa99d864841023bab1#0e7707bb5ad5427bc86830027d28c854acde8c87#e9a5c57d3e66573afc05c2c4352b8009a7448432#5e3fdba749232bd2020db98d4a5a03c441b98446,build_found,22824e6b24d76ec28e94d2fa99d864841023bab1,63320962,2015-04-07 17:13:26,8,0e7707bb5ad5427bc86830027d28c854acde8c87,1,0e7707bb5ad5427bc86830027d28c854acde8c87,,0e7707bb5ad5427bc86830027d28c854acde8c87,,0,,0,0,0,0,1,0,0,0,0,1,1,2538,879.038613081166,36.6430260047281,48.4633569739953,1.0,,2015-06-01 16:52:55,2015-05-26 08:26:42,passed,472,[64056375],216,64056375,java,ok,0,java-ant,,0.0,,,,,,,,351.0,0
65030073,spring-projects/spring-data-examples,0.0,,,java,,master,2,3f7616367c23da5d94c9de5f50317bcbfa49383a#c894fb34e240e40cc26ceadf0c97f9fa07e23822,build_found,0e7707bb5ad5427bc86830027d28c854acde8c87,64056374,2015-06-02 05:53:50,8,c894fb34e240e40cc26ceadf0c97f9fa07e23822#3f7616367c23da5d94c9de5f50317bcbfa49383a,2,c894fb34e240e40cc26ceadf0c97f9fa07e23822,,c894fb34e240e40cc26ceadf0c97f9fa07e23822,,0,,6,0,0,0,2,0,0,1,0,1,43,2538,879.038613081166,36.6430260047281,48.4633569739953,1.0,,2015-06-02 05:54:13,2015-06-02 05:54:33,passed,402,[65030074],219,65030074,java,ok,1,java-ant,,0.0,,,,,,,,298.0,0
65068954,spring-projects/spring-data-examples,0.0,,,java,,master,1,a5702d1e115ac49d324c2604fab440170ca5af06,build_found,c894fb34e240e40cc26ceadf0c97f9fa07e23822,65030073,2015-06-02 11:51:54,8,a5702d1e115ac49d324c2604fab440170ca5af06,1,a5702d1e115ac49d324c2604fab440170ca5af06,,a5702d1e115ac49d324c2604fab440170ca5af06,,0,,0,0,0,0,2,0,0,0,0,2,45,2538,879.038613081166,36.6430260047281,48.4633569739953,1.0,,2015-06-02 11:52:00,2015-06-02 11:54:17,passed,367,[65068955],225,65068955,java,ok,1,java-ant,,0.0,,,,,,,,258.0,0
65399583,spring-projects/spring-data-examples,0.0,,,java,,master,2,dcc54f9ba70379e97d2b3cee247f2a7469d84234#d880972a12031bc41de274e38dccfe2f0f2cd5dc,build_found,a5702d1e115ac49d324c2604fab440170ca5af06,65068954,2015-06-04 12:35:05,8,d880972a12031bc41de274e38dccfe2f0f2cd5dc#dcc54f9ba70379e97d2b3cee247f2a7469d84234,2,d880972a12031bc41de274e38dccfe2f0f2cd5dc,,d880972a12031bc41de274e38dccfe2f0f2cd5dc,,0,,0,0,0,0,2,0,0,0,0,2,51,2538,879.038613081166,36.6430260047281,48.4633569739953,1.0,,2015-06-04 12:48:29,2015-06-04 12:49:27,passed,417,[65399584],227,65399584,java,ok,0,java-ant,,0.0,,,,,,,,306.0,0
66678019,spring-projects/spring-data-examples,0.0,,,java,,master,1,bb371b8de488cad35e1cccb813bfb52e788f86b7,build_found,d880972a12031bc41de274e38dccfe2f0f2cd5dc,65399583,2015-06-13 17:15:53,5,bb371b8de488cad35e1cccb813bfb52e788f86b7,1,bb371b8de488cad35e1cccb813bfb52e788f86b7,,bb371b8de488cad35e1cccb813bfb52e788f86b7,,0,,0,0,0,0,2,0,0,0,0,2,47,2538,879.038613081166,36.6430260047281,48.4633569739953,1.0,,2015-06-13 17:16:01,2015-06-13 17:16:20,passed,433,[66678020],230,66678020,java,ok,0,java-ant,,0.0,,,,,,,,305.0,0
66994933,spring-projects/spring-data-examples,0.0,,,java,,master,1,5e0d0da8f2a7319e21ab15e7e45c398a196d66f4,build_found,bb371b8de488cad35e1cccb813bfb52e788f86b7,66678019,2015-06-16 08:48:38,6,5e0d0da8f2a7319e21ab15e7e45c398a196d66f4,1,5e0d0da8f2a7319e21ab15e7e45c398a196d66f4,,5e0d0da8f2a7319e21ab15e7e45c398a196d66f4,,0,,2,0,0,0,1,0,0,1,0,0,3,2538,879.038613081166,36.6430260047281,48.4633569739953,1.0,,2015-06-16 08:57:08,2015-06-16 08:57:22,passed,456,[66994935],234,66994935,java,ok,0,java-ant,,0.0,,,,,,,,323.0,0
66995532,spring-projects/spring-data-examples,0.0,,,java,,master,1,a666eae1664295c995a0a4d46862fcff2aba4810,build_found,5e0d0da8f2a7319e21ab15e7e45c398a196d66f4,66994933,2015-06-16 08:51:38,6,a666eae1664295c995a0a4d46862fcff2aba4810,1,a666eae1664295c995a0a4d46862fcff2aba4810,,a666eae1664295c995a0a4d46862fcff2aba4810,,0,,4,0,0,0,1,0,0,1,0,0,4,2538,879.038613081166,36.6430260047281,48.4633569739953,1.0,,2015-06-16 09:02:06,2015-06-16 09:02:26,passed,530,[66995533],235,66995533,java,ok,0,java-ant,,0.0,,,,,,,,387.0,0
66995753,spring-projects/spring-data-examples,0.0,,,java,,master,1,10ef5bb89d5198b500cac8c109cdef6a99d08c7c,build_found,a666eae1664295c995a0a4d46862fcff2aba4810,66995532,2015-06-16 08:25:49,6,10ef5bb89d5198b500cac8c109cdef6a99d08c7c,1,10ef5bb89d5198b500cac8c109cdef6a99d08c7c,,10ef5bb89d5198b500cac8c109cdef6a99d08c7c,,0,,4,0,0,0,1,0,0,1,0,0,17,2538,879.038613081166,36.6430260047281,48.4633569739953,1.0,,2015-06-16 09:03:27,2015-06-16 09:03:47,passed,454,[66995754],236,66995754,java,ok,0,java-ant,,0.0,,,,,,,,325.0,0
67170730,spring-projects/spring-data-examples,0.0,,,java,,master,1,6a57cef345945982f4ee6b1c5ff139afc1838518,build_found,10ef5bb89d5198b500cac8c109cdef6a99d08c7c,66995753,2015-06-17 10:12:30,7,6a57cef345945982f4ee6b1c5ff139afc1838518,1,6a57cef345945982f4ee6b1c5ff139afc1838518,,6a57cef345945982f4ee6b1c5ff139afc1838518,,0,,9,0,0,0,1,0,0,1,0,0,1,2544,876.965408805032,36.5566037735849,48.3490566037736,1.0,,2015-06-17 10:25:38,2015-06-17 10:25:57,passed,393,[67170731],239,67170731,java,ok,0,java-ant,,0.0,,,,,,,,269.0,0
67172268,spring-projects/spring-data-examples,0.0,,,java,,master,1,98bfe349966c04f7ad9b5df3304ee32c670ddaf5,build_found,6a57cef345945982f4ee6b1c5ff139afc1838518,67170730,2015-06-17 10:24:55,7,98bfe349966c04f7ad9b5df3304ee32c670ddaf5,1,98bfe349966c04f7ad9b5df3304ee32c670ddaf5,,98bfe349966c04f7ad9b5df3304ee32c670ddaf5,,0,,8,69,0,0,2,0,0,2,0,0,2,2546,884.131971720346,37.3134328358209,50.2749410840534,1.0,,2015-06-17 10:39:13,2015-06-17 10:39:35,passed,423,[67172269],240,67172269,java,ok,1,java-ant,,0.0,,,,,,,,299.0,0
67356758,spring-projects/spring-data-examples,0.0,,,java,,master,1,fd7d35a826bec6b42688c39e330b2f88b33ccb1f,build_found,98bfe349966c04f7ad9b5df3304ee32c670ddaf5,67172268,2015-06-18 09:08:52,7,fd7d35a826bec6b42688c39e330b2f88b33ccb1f,1,fd7d35a826bec6b42688c39e330b2f88b33ccb1f,,fd7d35a826bec6b42688c39e330b2f88b33ccb1f,,0,,23,38,1,1,6,0,0,4,0,4,22,2559,887.456037514654,37.5146541617819,50.4103165298945,1.0,,2015-06-18 12:13:08,2015-06-18 12:14:29,passed,444,[67356759],245,67356759,java,ok,0,java-ant,,0.0,,,,,,,,316.0,0
67358206,spring-projects/spring-data-examples,0.0,,,java,,master,1,8ed43d34fcf32a5674de2acea20ea9cdd43d03f8,build_found,fd7d35a826bec6b42688c39e330b2f88b33ccb1f,67356758,2015-06-18 12:23:18,7,8ed43d34fcf32a5674de2acea20ea9cdd43d03f8,1,8ed43d34fcf32a5674de2acea20ea9cdd43d03f8,,8ed43d34fcf32a5674de2acea20ea9cdd43d03f8,,0,,2,21,0,1,4,0,0,2,0,3,21,2559,888.237592809691,37.5146541617819,50.4103165298945,1.0,,2015-06-18 12:23:39,2015-06-18 12:24:40,passed,419,[67358207],246,67358207,java,ok,0,java-ant,,0.0,,,,,,,,288.0,0
67360345,spring-projects/spring-data-examples,0.0,,,java,,master,1,8037e4d1576914764082c1fadad416db9ed3b2d9,build_found,8ed43d34fcf32a5674de2acea20ea9cdd43d03f8,67358206,2015-06-18 12:37:23,7,8037e4d1576914764082c1fadad416db9ed3b2d9,1,8037e4d1576914764082c1fadad416db9ed3b2d9,,8037e4d1576914764082c1fadad416db9ed3b2d9,,0,,28,0,0,0,1,0,0,1,0,0,2,2559,888.237592809691,37.5146541617819,50.4103165298945,1.0,,2015-06-18 12:38:38,2015-06-18 12:45:11,passed,414,[67360346],248,67360346,java,ok,0,java-ant,,0.0,,,,,,,,296.0,0
67653623,spring-projects/spring-data-examples,1.0,2015-06-20 13:38:01,108,java,fixes_in_commit,master,1,49414712480a9d65c1f501d36f5cf0ed15fe4f38,build_found,8037e4d1576914764082c1fadad416db9ed3b2d9,67360345,2015-06-20 15:37:17,7,49414712480a9d65c1f501d36f5cf0ed15fe4f38,1,49414712480a9d65c1f501d36f5cf0ed15fe4f38,8037e4d1576914764082c1fadad416db9ed3b2d9,9129f635012410561ab8d3b3a4b3f17486cc9edd,0,0,0,128,95,7,0,1,0,0,6,0,2,14,2595,895.568400770713,37.7649325626204,51.252408477842,1.0,31,2015-06-20 15:38:45,2015-06-20 15:39:07,passed,474,[67653624],252,67653624,java,ok,0,java-ant,,0.0,,,,,,,,341.0,0
68832926,spring-projects/spring-data-examples,0.0,,,java,,master,1,7f8a0cc9dc973cdf12a6d476719af51801502640,build_found,8037e4d1576914764082c1fadad416db9ed3b2d9,67360345,2015-06-26 04:45:57,6,7f8a0cc9dc973cdf12a6d476719af51801502640,1,7f8a0cc9dc973cdf12a6d476719af51801502640,,7f8a0cc9dc973cdf12a6d476719af51801502640,,0,,0,14,0,0,1,0,0,1,0,0,2,2559,890.582258694803,37.5146541617819,50.4103165298945,1.0,,2015-06-29 15:44:12,2015-06-29 15:45:49,passed,474,[68832927],255,68832927,java,ok,1,java-ant,,0.0,,,,,,,,333.0,0
68834602,spring-projects/spring-data-examples,0.0,,,java,,master,1,d624c8d43a06a9ac07c380fded0d6940d34aa01c,build_found,7f8a0cc9dc973cdf12a6d476719af51801502640,68832926,2015-06-24 14:28:48,6,d624c8d43a06a9ac07c380fded0d6940d34aa01c,1,d624c8d43a06a9ac07c380fded0d6940d34aa01c,,d624c8d43a06a9ac07c380fded0d6940d34aa01c,,0,,40,0,0,0,1,0,0,1,0,0,1,2548,894.427001569859,37.6766091051805,50.6279434850863,1.0,,2015-06-29 15:54:04,2015-06-29 16:01:24,passed,392,[68834603],256,68834603,java,ok,0,java-ant,,0.0,,,,,,,,266.0,0
68835391,spring-projects/spring-data-examples,0.0,,,java,,master,1,3a138a161c3b0080d3379cb703086cd14fc20932,build_found,d624c8d43a06a9ac07c380fded0d6940d34aa01c,68834602,2015-06-29 15:59:33,6,3a138a161c3b0080d3379cb703086cd14fc20932,1,3a138a161c3b0080d3379cb703086cd14fc20932,,3a138a161c3b0080d3379cb703086cd14fc20932,,0,,4,0,0,0,1,0,0,1,0,0,2,2550,893.725490196078,37.6470588235294,50.5882352941177,1.0,,2015-06-29 15:59:28,2015-06-29 16:07:30,passed,438,[68835392],257,68835392,java,ok,1,java-ant,,0.0,,,,,,,,306.0,0
71124110,spring-projects/spring-data-examples,0.0,,,java,,master,1,9641cb7f53d692ccadf7757d4c44074a437726b9,build_found,3a138a161c3b0080d3379cb703086cd14fc20932,68835391,2015-07-15 07:49:50,6,9641cb7f53d692ccadf7757d4c44074a437726b9,1,9641cb7f53d692ccadf7757d4c44074a437726b9,,9641cb7f53d692ccadf7757d4c44074a437726b9,,0,,2,0,0,0,4,0,0,1,0,3,62,2550,893.725490196078,37.6470588235294,50.5882352941177,1.0,,2015-07-15 18:05:30,2015-07-15 18:05:46,passed,457,[71124112],260,71124112,java,ok,9,java-ant,,0.0,,,,,,,,407.0,0
71200254,spring-projects/spring-data-examples,0.0,,,java,,master,1,cc6e232ac3572a6f8084a5f2312077803b1f2925,build_found,9641cb7f53d692ccadf7757d4c44074a437726b9,71124110,2015-07-16 06:07:02,6,cc6e232ac3572a6f8084a5f2312077803b1f2925,1,cc6e232ac3572a6f8084a5f2312077803b1f2925,,cc6e232ac3572a6f8084a5f2312077803b1f2925,,0,,0,0,0,0,2,0,0,0,0,2,49,2550,893.725490196078,37.6470588235294,50.5882352941177,1.0,,2015-07-16 06:07:10,2015-07-16 06:07:22,passed,394,[71200255],261,71200255,java,ok,0,java-ant,,0.0,,,,,,,,360.0,0
71201704,spring-projects/spring-data-examples,0.0,,,java,,master,1,8d77a9a37eb25e2d8b31c016a63f343c71b57080,build_found,cc6e232ac3572a6f8084a5f2312077803b1f2925,71200254,2015-07-16 06:20:53,6,8d77a9a37eb25e2d8b31c016a63f343c71b57080#d95ed268b29d44d8c58dcffec117f19176caa1d0,2,8d77a9a37eb25e2d8b31c016a63f343c71b57080,,8d77a9a37eb25e2d8b31c016a63f343c71b57080,,0,,146,119,7,1,2,0,0,10,0,2,15,2582,900.852052672347,37.9550735863672,51.5104570100697,1.0,,2015-07-16 06:24:54,2015-07-16 06:25:02,passed,321,[71201705],263,71201705,java,ok,0,java-ant,,0.0,,,,,,,,288.0,0
71202727,spring-projects/spring-data-examples,0.0,,,java,,master,1,50cb4b9bba221ad87ad49a388d94f7ebb0a01402,build_found,8d77a9a37eb25e2d8b31c016a63f343c71b57080,71201704,2015-03-05 16:40:18,6,50cb4b9bba221ad87ad49a388d94f7ebb0a01402,1,50cb4b9bba221ad87ad49a388d94f7ebb0a01402,,50cb4b9bba221ad87ad49a388d94f7ebb0a01402,,0,,14,116,1,0,2,0,0,3,0,0,1,2579,926.328034121753,38.7747188832881,53.5091120589376,1.0,,2015-07-16 06:35:27,2015-07-16 06:35:37,passed,378,[71202728],264,71202728,java,ok,1,java-ant,,0.0,,,,,,,,336.0,0
71206742,spring-projects/spring-data-examples,0.0,,,java,,master,2,bca4e65e4f07432e2f54a7e61f9aba3788a77ed6#a7f231c2ed876c8d0d04d2e70ca592518c502728,build_found,50cb4b9bba221ad87ad49a388d94f7ebb0a01402,71202727,2015-07-16 07:02:24,6,a7f231c2ed876c8d0d04d2e70ca592518c502728#bca4e65e4f07432e2f54a7e61f9aba3788a77ed6,2,a7f231c2ed876c8d0d04d2e70ca592518c502728,,a7f231c2ed876c8d0d04d2e70ca592518c502728,,0,,207,161,1,0,7,0,0,93,0,2,6,2543,974.439638222572,39.7168698387731,54.2666142351553,1.0,,2015-07-16 07:19:20,2015-07-16 07:19:55,passed,435,[71206743],265,71206743,java,ok,0,java-ant,,0.0,,,,,,,,395.0,0
73344506,spring-projects/spring-data-examples,0.0,,,java,,master,1,70547a363bfd8d5fc51f28052a21f569ab652c63,build_found,a7f231c2ed876c8d0d04d2e70ca592518c502728,71206742,2015-07-30 09:38:20,6,70547a363bfd8d5fc51f28052a21f569ab652c63,1,70547a363bfd8d5fc51f28052a21f569ab652c63,,70547a363bfd8d5fc51f28052a21f569ab652c63,,0,,0,0,0,0,1,0,0,0,0,1,15,2543,974.439638222572,39.7168698387731,54.2666142351553,1.0,,2015-07-30 09:38:31,2015-07-30 09:38:39,passed,325,[73344507],270,73344507,java,ok,0,java-ant,,0.0,,,,,,,,292.0,0
73524778,spring-projects/spring-data-examples,0.0,,,java,,master,,,build_found,70547a363bfd8d5fc51f28052a21f569ab652c63,73344506,,6,8019578e0da981d7bf0e0bdd51f76a7099046a78,1,8019578e0da981d7bf0e0bdd51f76a7099046a78,,8019578e0da981d7bf0e0bdd51f76a7099046a78,,0,,0,0,0,0,2,0,0,0,0,2,49,2543,974.439638222572,39.7168698387731,54.2666142351553,1.0,,,2015-07-31 09:37:48,passed,366,[73524779],271,73524779,java,ok,0,java-ant,,0.0,,,,,,,,334.0,0
73708798,spring-projects/spring-data-examples,0.0,,,java,,master,1,fbcded19e641415baa7db30d733f5a75cacdb071,build_found,8019578e0da981d7bf0e0bdd51f76a7099046a78,73524778,2015-08-01 13:26:57,6,fbcded19e641415baa7db30d733f5a75cacdb071,1,fbcded19e641415baa7db30d733f5a75cacdb071,,fbcded19e641415baa7db30d733f5a75cacdb071,,0,,9,0,0,0,1,0,0,1,0,0,1,2548,972.527472527472,39.6389324960754,54.160125588697,0.0,,2015-08-01 18:52:54,2015-08-01 18:53:02,passed,337,[73708799],274,73708799,java,ok,0,java-ant,,0.0,,,,,,,,303.0,0
73710437,spring-projects/spring-data-examples,0.0,,,java,,master,2,50faabb2af03b54ac54692565f608a1144c4620c#9bb284fc84fd2d421729e805d220b5d0de157161,build_found,fbcded19e641415baa7db30d733f5a75cacdb071,73708798,2015-08-01 13:50:11,6,9bb284fc84fd2d421729e805d220b5d0de157161#50faabb2af03b54ac54692565f608a1144c4620c,2,9bb284fc84fd2d421729e805d220b5d0de157161,,9bb284fc84fd2d421729e805d220b5d0de157161,,0,,229,94,0,0,5,0,0,5,0,0,3,2539,980.701063410792,40.1732965734541,55.1398188263096,0.0,,2015-08-01 19:09:21,2015-08-01 19:09:32,passed,392,[73710438],275,73710438,java,ok,0,java-ant,,0.0,,,,,,,,358.0,0
74062803,spring-projects/spring-data-examples,0.0,,,java,,master,1,a999bed74794bfb16695c48a13ea4e97a62a077c,build_found,9bb284fc84fd2d421729e805d220b5d0de157161,73710437,2015-08-04 13:30:32,6,a999bed74794bfb16695c48a13ea4e97a62a077c,1,a999bed74794bfb16695c48a13ea4e97a62a077c,,a999bed74794bfb16695c48a13ea4e97a62a077c,,0,,0,0,0,0,1,0,0,0,0,1,49,2539,980.701063410792,40.1732965734541,55.1398188263096,1.0,,2015-08-04 13:30:42,2015-08-04 13:31:36,passed,635,[74062804],276,74062804,java,ok,0,java-ant,,0.0,,,,,,,,600.0,0
74068976,spring-projects/spring-data-examples,0.0,,,java,,master,3,97eefb0afcd5b42e68087d94e67215a4cef3bc05#bbaa53c873cd8e6adfd6ca4c87345866debe1e70#7eab65b53f3f50de108c98e88a8c4871681d3ca1,build_found,a999bed74794bfb16695c48a13ea4e97a62a077c,74062803,2015-07-15 18:02:45,6,7eab65b53f3f50de108c98e88a8c4871681d3ca1#bbaa53c873cd8e6adfd6ca4c87345866debe1e70#97eefb0afcd5b42e68087d94e67215a4cef3bc05,3,7eab65b53f3f50de108c98e88a8c4871681d3ca1,,7eab65b53f3f50de108c98e88a8c4871681d3ca1,,0,,5412,20,17,6,12,0,0,25,4,7,36,2715,914.180478821363,37.5690607734807,51.5653775322284,1.0,,2015-08-04 14:06:01,2015-08-04 14:06:12,failed,192,[74068978],277,74068978,java,broken,0,java-ant,,0.0,,,,,,,,157.0,0
74085101,spring-projects/spring-data-examples,0.0,,,java,,master,1,bd90bd04d66c21bb2cd6004a0c3a8c10bf37e657,build_found,7eab65b53f3f50de108c98e88a8c4871681d3ca1,74068976,2015-08-04 15:32:08,6,bd90bd04d66c21bb2cd6004a0c3a8c10bf37e657,1,bd90bd04d66c21bb2cd6004a0c3a8c10bf37e657,,bd90bd04d66c21bb2cd6004a0c3a8c10bf37e657,,0,,0,0,0,0,1,0,0,0,0,1,17,2715,914.180478821363,37.5690607734807,51.5653775322284,1.0,,2015-08-04 15:35:26,2015-08-04 15:35:43,passed,364,[74085102],278,74085102,java,ok,0,java-ant,,0.0,,,,,,,,330.0,0
74091561,spring-projects/spring-data-examples,0.0,,,java,,master,1,9a91c4073f416c9fa487a9b0e268fa5e883bacc2,build_found,bd90bd04d66c21bb2cd6004a0c3a8c10bf37e657,74085101,2015-08-04 16:10:43,6,9a91c4073f416c9fa487a9b0e268fa5e883bacc2,1,9a91c4073f416c9fa487a9b0e268fa5e883bacc2,,9a91c4073f416c9fa487a9b0e268fa5e883bacc2,,0,,0,0,0,0,3,0,0,0,0,3,29,2715,914.180478821363,37.5690607734807,51.5653775322284,1.0,,2015-08-04 16:12:07,2015-08-04 16:12:17,passed,377,[74091562],279,74091562,java,ok,0,java-ant,,0.0,,,,,,,,338.0,0
78598023,spring-projects/spring-data-examples,0.0,,,java,,master,3,0c1bee04b34be3dae06f08ca7ccb120b9d2365ed#f90bed38e2088dd7a6b448ffbcd7ff2aa90490bc#0fa8c12806653667a551368fc158a31813f7454f,build_found,9a91c4073f416c9fa487a9b0e268fa5e883bacc2,74091561,2015-09-01 11:45:19,6,0fa8c12806653667a551368fc158a31813f7454f#f90bed38e2088dd7a6b448ffbcd7ff2aa90490bc#0c1bee04b34be3dae06f08ca7ccb120b9d2365ed,3,0fa8c12806653667a551368fc158a31813f7454f,,0fa8c12806653667a551368fc158a31813f7454f,,0,,362,211,8,1,15,0,0,12,0,12,94,2780,910.071942446043,37.0503597122302,51.7985611510791,0.0,,2015-09-03 15:22:47,2015-09-03 15:23:16,passed,427,[78598024],288,78598024,java,ok,0,java-ant,,0.0,,,,,,,,388.0,0
78723332,spring-projects/spring-data-examples,0.0,,,java,,master,1,549ae7fe7138c991b82f026bcd4043cd200efcfc,build_found,0fa8c12806653667a551368fc158a31813f7454f,78598023,2015-09-04 09:17:52,6,549ae7fe7138c991b82f026bcd4043cd200efcfc,1,549ae7fe7138c991b82f026bcd4043cd200efcfc,,549ae7fe7138c991b82f026bcd4043cd200efcfc,,0,,0,0,0,0,1,0,0,0,0,1,53,2780,910.071942446043,37.0503597122302,51.7985611510791,1.0,,2015-09-04 09:17:59,2015-09-04 09:18:13,passed,1184,[78723333],290,78723333,java,ok,0,java-ant,,0.0,,,,,,,,1137.0,0
84147940,spring-projects/spring-data-examples,0.0,,,java,,master,1,d9dfb81e126b1c35737dc33194616e1c2bcbea63,build_found,549ae7fe7138c991b82f026bcd4043cd200efcfc,78723332,2015-10-07 17:50:49,5,d9dfb81e126b1c35737dc33194616e1c2bcbea63,1,d9dfb81e126b1c35737dc33194616e1c2bcbea63,,d9dfb81e126b1c35737dc33194616e1c2bcbea63,,0,,13,7,0,0,3,0,0,2,0,1,8,2780,910.431654676259,37.0503597122302,51.7985611510791,1.0,,2015-10-07 17:51:58,2015-10-07 17:52:17,passed,454,[84147941],292,84147941,java,ok,1,java-ant,,0.0,,,,,,,,428.0,0
85477009,spring-projects/spring-data-examples,0.0,,,java,,master,1,5a9b785499fbf79464ca3a6bc5b2a6e80998efc7,build_found,d9dfb81e126b1c35737dc33194616e1c2bcbea63,84147940,2015-10-15 06:15:01,6,5a9b785499fbf79464ca3a6bc5b2a6e80998efc7,1,5a9b785499fbf79464ca3a6bc5b2a6e80998efc7,,5a9b785499fbf79464ca3a6bc5b2a6e80998efc7,,0,,8,0,0,0,3,0,0,3,0,0,24,2780,910.431654676259,37.0503597122302,51.7985611510791,0.0,,2015-10-15 07:15:49,2015-10-15 07:16:01,passed,402,[85477010],294,85477010,java,ok,1,java-ant,,0.0,,,,,,,,365.0,0
88149198,spring-projects/spring-data-examples,0.0,,,java,,master,2,9a5c270ec24e282684ea032553377b75970a87f4#d776cbda3a17c4419241322c07eda42a3f53d15e,build_found,5a9b785499fbf79464ca3a6bc5b2a6e80998efc7,85477009,2015-10-29 16:14:38,5,d776cbda3a17c4419241322c07eda42a3f53d15e#9a5c270ec24e282684ea032553377b75970a87f4,2,d776cbda3a17c4419241322c07eda42a3f53d15e,,d776cbda3a17c4419241322c07eda42a3f53d15e,,0,,117,162,4,3,22,0,0,13,0,18,86,2725,906.788990825688,37.7981651376147,52.8440366972477,1.0,,2015-10-29 16:16:44,2015-10-29 16:24:41,passed,452,[88149199],296,88149199,java,ok,1,java-ant,,0.0,,,,,,,,416.0,0
91257319,spring-projects/spring-data-examples,0.0,,,java,,master,1,66c6b939042bd1d0df40a843c807704ef07443d2,build_found,d776cbda3a17c4419241322c07eda42a3f53d15e,88149198,2015-11-15 17:21:55,5,66c6b939042bd1d0df40a843c807704ef07443d2,1,66c6b939042bd1d0df40a843c807704ef07443d2,,66c6b939042bd1d0df40a843c807704ef07443d2,,0,,0,0,0,0,1,0,0,0,0,1,55,2725,906.788990825688,37.7981651376147,52.8440366972477,1.0,,2015-11-15 19:07:12,2015-11-15 19:07:22,passed,494,[91257320],299,91257320,java,ok,1,java-ant,,0.0,,,,,,,,457.0,0
91375295,spring-projects/spring-data-examples,0.0,,,java,,master,1,c6b3ee8b5bfde82f70d5be4cb92d552de86ce4a9,build_found,66c6b939042bd1d0df40a843c807704ef07443d2,91257319,2015-11-16 13:07:15,5,c6b3ee8b5bfde82f70d5be4cb92d552de86ce4a9,1,c6b3ee8b5bfde82f70d5be4cb92d552de86ce4a9,,c6b3ee8b5bfde82f70d5be4cb92d552de86ce4a9,,0,,0,0,0,0,1,0,0,0,0,1,56,2725,906.788990825688,37.7981651376147,52.8440366972477,1.0,,2015-11-16 13:08:30,2015-11-16 13:08:43,passed,443,[91375297],300,91375297,java,ok,1,java-ant,,0.0,,,,,,,,409.0,0
93597234,spring-projects/spring-data-examples,1.0,2015-05-12 07:43:52,82,java,unknown,master,,,build_found,c6b3ee8b5bfde82f70d5be4cb92d552de86ce4a9,91375295,,5,e253f0e951315a5599b769616db41bf4416a0ce3,1,e253f0e951315a5599b769616db41bf4416a0ce3,c6b3ee8b5bfde82f70d5be4cb92d552de86ce4a9,df3bd05d0112e8b552f824dbd95e212637cb619c,0,4,0,209,115,6,0,1,0,0,6,0,1,4,2775,914.234234234234,39.2792792792793,56.2162162162162,1.0,51,,2015-11-27 22:27:28,failed,60,[93597235],302,93597235,java,broken,0,java-ant,,0.0,,,,,,,,18.69,0
95786135,spring-projects/spring-data-examples,0.0,,,java,,master,1,0de282b2f2f7e13054bebe73e4d2f5d8ef32431c,build_found,c6b3ee8b5bfde82f70d5be4cb92d552de86ce4a9,91375295,2015-12-09 12:01:21,4,0de282b2f2f7e13054bebe73e4d2f5d8ef32431c,1,0de282b2f2f7e13054bebe73e4d2f5d8ef32431c,,0de282b2f2f7e13054bebe73e4d2f5d8ef32431c,,0,,174,63,8,0,1,0,0,5,0,3,11,2781,900.39554117224,37.3966199208918,51.7799352750809,1.0,,2015-12-09 12:01:31,2015-12-09 12:01:56,passed,470,[95786136],303,95786136,java,ok,1,java-ant,,0.0,,,,,,,,434.0,0
95974577,spring-projects/spring-data-examples,0.0,,,java,,master,,,build_found,0de282b2f2f7e13054bebe73e4d2f5d8ef32431c,95786135,,4,fe6e2172cdb398b06c1e771b4553e8211c5256d8,1,fe6e2172cdb398b06c1e771b4553e8211c5256d8,,fe6e2172cdb398b06c1e771b4553e8211c5256d8,,0,,47,0,1,0,2,0,0,2,0,0,1,2791,897.169473307058,37.2626298817628,51.5944106055177,1.0,,,2015-12-10 07:35:57,passed,631,[95974578],304,95974578,java,ok,2,java-ant,,0.0,,,,,,,,590.0,0
108786296,spring-projects/spring-data-examples,0.0,,,java,,master,10,35ba3bb5e12bad618b59d683158724eda807cdbc#62b2d644cc9c8603cb6cd85d0c1080074065a6c4#f593e31565755e67976987c96dbf67d0a2fd58c8#500359015ccf148f4f654c2faad4b1185f4e0ac8#6ccc59004b148565e2bf385b951f75c9656af0ab#961bd1a28462c8cf9531f73804585865c91ff802#a872e57ed17a1488b2f77f02a0f5f0ce7d6c13c6#9cb44b316649c2b2693dea37523a78204f67ac77#dfc1bf0390f7004ce4310e5a20d36ea3a48425da#a0da2925cc859e100c6204713c4ad2e38e7e08dc,build_found,fe6e2172cdb398b06c1e771b4553e8211c5256d8,95974577,2015-05-12 09:41:31,3,a0da2925cc859e100c6204713c4ad2e38e7e08dc#dfc1bf0390f7004ce4310e5a20d36ea3a48425da#9cb44b316649c2b2693dea37523a78204f67ac77#a872e57ed17a1488b2f77f02a0f5f0ce7d6c13c6#961bd1a28462c8cf9531f73804585865c91ff802#6ccc59004b148565e2bf385b951f75c9656af0ab#500359015ccf148f4f654c2faad4b1185f4e0ac8#f593e31565755e67976987c96dbf67d0a2fd58c8#62b2d644cc9c8603cb6cd85d0c1080074065a6c4#35ba3bb5e12bad618b59d683158724eda807cdbc,10,a0da2925cc859e100c6204713c4ad2e38e7e08dc,,a0da2925cc859e100c6204713c4ad2e38e7e08dc,,0,,675,398,19,0,26,0,0,26,0,15,87,2919,921.891058581706,40.7673860911271,58.9242891401165,1.0,,2016-02-12 13:44:01,2016-02-12 13:46:32,failed,244,[108786297],317,108786297,java,broken,1,java-ant,,0.0,,,,,,,,198.0,0
108828408,spring-projects/spring-data-examples,0.0,,,java,,master,1,bb833a27b66b8faba66dde405cd235513a2106e6,build_found,a0da2925cc859e100c6204713c4ad2e38e7e08dc,108786296,2016-02-12 14:47:45,3,bb833a27b66b8faba66dde405cd235513a2106e6,1,bb833a27b66b8faba66dde405cd235513a2106e6,,bb833a27b66b8faba66dde405cd235513a2106e6,,0,,0,0,0,0,1,0,0,0,0,1,60,2919,921.891058581706,40.7673860911271,58.9242891401165,1.0,,2016-02-12 16:47:50,2016-02-12 16:52:06,passed,611,[108828409],318,108828409,java,ok,3,java-ant,,0.0,,,,,,,,552.0,0
112226476,spring-projects/spring-data-examples,0.0,,,java,,master,1,99d1597756b3c688b4eca438a139b6a223c0b16b,build_found,bb833a27b66b8faba66dde405cd235513a2106e6,108828408,2016-02-27 11:30:31,4,99d1597756b3c688b4eca438a139b6a223c0b16b,1,99d1597756b3c688b4eca438a139b6a223c0b16b,,99d1597756b3c688b4eca438a139b6a223c0b16b,,0,,0,2,0,0,7,0,0,1,0,6,65,2919,921.205892428914,40.7673860911271,58.9242891401165,1.0,,2016-02-27 11:30:43,2016-02-27 11:30:57,passed,537,[112226477],323,112226477,java,ok,1,java-ant,,0.0,,,,,,,,474.0,0
112837114,spring-projects/spring-data-examples,1.0,2016-02-26 12:57:17,154,java,unknown,master,5,99d1597756b3c688b4eca438a139b6a223c0b16b#847b3de5a1db0f5616600f2595624a93d6311a0b#b3d99498104d75531793b2b52e91d1dbd2f51610#bda726be7c049525b9fd99b8d22c822ee40fa498#1d17bc25ce41ae33f33657466f02b12c8bc26f13,build_found,99d1597756b3c688b4eca438a139b6a223c0b16b,112226476,2016-02-26 11:05:20,4,1d17bc25ce41ae33f33657466f02b12c8bc26f13#bda726be7c049525b9fd99b8d22c822ee40fa498#b3d99498104d75531793b2b52e91d1dbd2f51610#847b3de5a1db0f5616600f2595624a93d6311a0b,4,1d17bc25ce41ae33f33657466f02b12c8bc26f13,99d1597756b3c688b4eca438a139b6a223c0b16b,caa9f4a771d55e37b8dcf07b404752b87f9f0926,0,0,0,381,916,23,0,7,0,6,18,0,7,26,3019,997.018880423981,48.0291487247433,66.5783371977476,0.0,63,2016-03-01 12:05:36,2016-03-01 12:06:01,failed,268,[112837115],328,112837115,java,broken,1,java-ant,,0.0,,,,,,,,170.0,0
113588726,spring-projects/spring-data-examples,0.0,,,java,,master,1,1fe9aaeefa3f9458c25849f77428502e4da1dab5,build_found,99d1597756b3c688b4eca438a139b6a223c0b16b,112226476,2016-03-04 03:39:50,5,1fe9aaeefa3f9458c25849f77428502e4da1dab5,1,1fe9aaeefa3f9458c25849f77428502e4da1dab5,,1fe9aaeefa3f9458c25849f77428502e4da1dab5,,0,,2,0,0,0,1,0,0,1,0,0,1,2919,921.205892428914,40.7673860911271,58.9242891401165,1.0,,2016-03-04 06:50:33,2016-03-04 06:50:59,passed,524,[113588727],332,113588727,java,ok,1,java-ant,,0.0,,,,,,,,433.0,0
116709175,spring-projects/spring-data-examples,0.0,,,java,,master,2,beabdf8a7992a96ae6a5d73b3fc702e3de3d2b21#1f94bb12f128f7ea0598bde79055408a6344c79d,build_found,1fe9aaeefa3f9458c25849f77428502e4da1dab5,113588726,2016-02-26 11:05:20,5,1f94bb12f128f7ea0598bde79055408a6344c79d#beabdf8a7992a96ae6a5d73b3fc702e3de3d2b21,2,1f94bb12f128f7ea0598bde79055408a6344c79d,,1f94bb12f128f7ea0598bde79055408a6344c79d,,0,,534,1073,25,3,15,0,0,23,0,7,27,3000,1004.0,47.6666666666667,66.0,0.0,,2016-03-17 18:01:54,2016-03-17 18:02:13,passed,578,[116709176],336,116709176,java,ok,1,java-ant,,0.0,,,,,,,,508.0,0
116864112,spring-projects/spring-data-examples,1.0,2016-03-18 10:22:16,161,java,unknown,master,1,3206784b0095f4c9f48ca9f877ccc67b74ff21a2,build_found,6670538cd05b1ac4cd21283c36de35cf56c11a1f,116862955,2016-03-18 10:21:47,5,3206784b0095f4c9f48ca9f877ccc67b74ff21a2,1,3206784b0095f4c9f48ca9f877ccc67b74ff21a2,1f94bb12f128f7ea0598bde79055408a6344c79d,9528d218f90e43b1cc03f8417d4389953e5e48bc,0,0,0,2,0,0,0,1,0,0,1,0,0,23,3000,1004.0,47.6666666666667,66.0,0.0,35,2016-03-18 10:21:52,2016-03-18 10:22:42,passed,598,[116864113],339,116864113,java,ok,2,java-ant,,0.0,,,,,,,,521.0,0
116882298,spring-projects/spring-data-examples,1.0,2016-03-18 12:05:46,162,java,unknown,master,6,beabdf8a7992a96ae6a5d73b3fc702e3de3d2b21#1f94bb12f128f7ea0598bde79055408a6344c79d#98a8fa1494fcb954034506bec3984c111bd8e04a#34e7d6628e9c9995d9111a2762360d2ac9947dc0#531aac94dc196808cad4d5c98cb76343f9b77389#20adbca6addea0d363200b54e6f8af1ca53d0ae2,build_found,1f94bb12f128f7ea0598bde79055408a6344c79d,116709175,2016-02-08 07:59:27,5,20adbca6addea0d363200b54e6f8af1ca53d0ae2#531aac94dc196808cad4d5c98cb76343f9b77389#34e7d6628e9c9995d9111a2762360d2ac9947dc0#98a8fa1494fcb954034506bec3984c111bd8e04a,4,20adbca6addea0d363200b54e6f8af1ca53d0ae2,1f94bb12f128f7ea0598bde79055408a6344c79d,5fa9708262971ee9438969e59719b8ec5532e86a,0,0,0,391,303,10,0,4,0,0,9,0,4,24,3073,1031.23983078425,48.8122356003905,69.6387894565571,1.0,16,2016-03-18 12:04:44,2016-03-18 12:06:24,passed,611,[116882299],341,116882299,java,ok,0,java-ant,,0.0,,,,,,,,541.0,0
116918415,spring-projects/spring-data-examples,0.0,,,java,,master,2,5a25e80bbfb10d722b23d9dd807bad9ccea6a1d8#786ce2d39a3c034fba9d66cbf3b106a9c90cd5a9,build_found,1f94bb12f128f7ea0598bde79055408a6344c79d,116709175,2016-02-08 07:59:27,5,786ce2d39a3c034fba9d66cbf3b106a9c90cd5a9#5a25e80bbfb10d722b23d9dd807bad9ccea6a1d8,2,786ce2d39a3c034fba9d66cbf3b106a9c90cd5a9,,786ce2d39a3c034fba9d66cbf3b106a9c90cd5a9,,0,,475,354,10,1,3,0,0,16,0,5,25,3074,1030.90435914118,48.7963565387118,69.6161353285621,1.0,,2016-03-18 14:42:36,2016-03-18 14:43:23,passed,594,[116918417],342,116918417,java,ok,1,java-ant,,0.0,,,,,,,,537.0,0
116930236,spring-projects/spring-data-examples,0.0,,,java,,master,1,f8bfe5c79e30eeb7986e0cbd886ac92abcdbd046,build_found,786ce2d39a3c034fba9d66cbf3b106a9c90cd5a9,116918415,2016-03-18 15:06:04,5,f8bfe5c79e30eeb7986e0cbd886ac92abcdbd046,1,f8bfe5c79e30eeb7986e0cbd886ac92abcdbd046,,f8bfe5c79e30eeb7986e0cbd886ac92abcdbd046,,0,,2,0,0,0,7,0,0,1,0,6,68,3074,1030.90435914118,48.7963565387118,69.6161353285621,1.0,,2016-03-18 15:26:23,2016-03-18 15:26:41,passed,523,[116930237],343,116930237,java,ok,1,java-ant,,0.0,,,,,,,,461.0,0
116931153,spring-projects/spring-data-examples,0.0,,,java,,master,3,dc50706c27ab12c5c3f4c70061e328fd36fc0fd9#f4e874e60142173d7daba007cbdd6c989a5ffb7d#fc5da90453a293f84128cb57e23ec3130350ed68,build_found,f8bfe5c79e30eeb7986e0cbd886ac92abcdbd046,116930236,2016-03-18 10:16:17,5,fc5da90453a293f84128cb57e23ec3130350ed68#f4e874e60142173d7daba007cbdd6c989a5ffb7d#dc50706c27ab12c5c3f4c70061e328fd36fc0fd9,3,fc5da90453a293f84128cb57e23ec3130350ed68,,fc5da90453a293f84128cb57e23ec3130350ed68,,0,,47,0,0,0,4,0,0,4,0,0,23,3074,1030.90435914118,48.7963565387118,69.6161353285621,0.0,,2016-03-18 15:29:34,2016-03-18 15:29:47,passed,582,[116931154],344,116931154,java,ok,1,java-ant,,0.0,,,,,,,,502.0,0
117416817,spring-projects/spring-data-examples,0.0,,,java,,master,2,09697b84f23c1717206c0189d5855e622776e62f#6d012f4aa26c3ae9dcd4066a842bb37b7f12b303,build_found,fc5da90453a293f84128cb57e23ec3130350ed68,116931153,2016-03-21 07:05:59,5,6d012f4aa26c3ae9dcd4066a842bb37b7f12b303#09697b84f23c1717206c0189d5855e622776e62f,2,6d012f4aa26c3ae9dcd4066a842bb37b7f12b303,,6d012f4aa26c3ae9dcd4066a842bb37b7f12b303,,0,,63,67,4,4,3,0,0,3,0,4,1,3095,1009.69305331179,47.8190630048465,68.1744749596123,0.0,,2016-03-21 10:32:55,2016-03-21 10:33:14,passed,611,[117416818],347,117416818,java,ok,1,java-ant,,0.0,,,,,,,,539.0,0
117677322,spring-projects/spring-data-examples,1.0,2016-03-22 10:44:36,167,java,unknown,master,,,build_found,6d012f4aa26c3ae9dcd4066a842bb37b7f12b303,117416817,,5,dcad0f26592fd42d5c96ffbdf8415166fbe7f057,1,dcad0f26592fd42d5c96ffbdf8415166fbe7f057,6d012f4aa26c3ae9dcd4066a842bb37b7f12b303,d3de34c5a1b908aaef5e985f9ad84954cd43e530,0,0,0,58,0,1,0,3,0,0,4,0,3,29,3095,1009.69305331179,47.8190630048465,68.1744749596123,0.0,,,2016-03-22 10:44:49,passed,577,[117677323],349,117677323,java,ok,0,java-ant,,0.0,,,,,,,,499.0,0
118461210,spring-projects/spring-data-examples,0.0,,,java,,master,,,build_found,6d012f4aa26c3ae9dcd4066a842bb37b7f12b303,117416817,,5,91c06febe47050c53f2586af664fefb091f4fc8a,1,91c06febe47050c53f2586af664fefb091f4fc8a,,91c06febe47050c53f2586af664fefb091f4fc8a,,0,,0,0,0,0,1,0,0,0,0,1,63,3095,1009.69305331179,47.8190630048465,68.1744749596123,1.0,,,2016-03-25 12:04:28,failed,214,[118461211],350,118461211,java,broken,2,java-ant,,0.0,,,,,,,,142.0,0
118462551,spring-projects/spring-data-examples,0.0,,,java,,master,,,build_found,91c06febe47050c53f2586af664fefb091f4fc8a,118461210,,5,ad854bc19dc524e309d6509e92da27e6dc6c8725#84bfe86ecc91cf694a5f4fb45dec3cb681cf0b85#75d25de1e6e279e4d5e2d16d1c3483a2e2fd97d0,3,ad854bc19dc524e309d6509e92da27e6dc6c8725,,ad854bc19dc524e309d6509e92da27e6dc6c8725,,0,,11,0,0,0,5,0,0,2,1,2,5,3099,1008.38980316231,47.757341077767,68.0864795095192,1.0,,,2016-03-25 12:13:33,failed,157,[118462552],351,118462552,java,broken,1,java-ant,,0.0,,,,,,,,115.0,0
118728150,spring-projects/spring-data-examples,0.0,,,java,,master,,,build_found,ad854bc19dc524e309d6509e92da27e6dc6c8725,118462551,,5,26a453af56e491bab7b62ee15b52716a0ec6329d,1,26a453af56e491bab7b62ee15b52716a0ec6329d,,26a453af56e491bab7b62ee15b52716a0ec6329d,,0,,0,0,0,0,1,0,0,0,0,1,6,3099,1008.38980316231,47.757341077767,68.0864795095192,1.0,,,2016-03-26 20:56:47,failed,217,[118728151],352,118728151,java,broken,1,java-ant,,0.0,,,,,,,,154.0,0
120922262,spring-projects/spring-data-examples,0.0,,,java,,master,,,build_found,26a453af56e491bab7b62ee15b52716a0ec6329d,118728150,,5,b075ca6358b375d5227b9e9ecb4a53aea8e65a2c,1,b075ca6358b375d5227b9e9ecb4a53aea8e65a2c,,b075ca6358b375d5227b9e9ecb4a53aea8e65a2c,,0,,158,9,0,2,3,0,0,6,0,0,2,3072,1016.27604166667,48.1770833333333,68.6848958333333,1.0,,,2016-04-05 15:39:02,failed,201,[120922263],353,120922263,java,broken,1,java-ant,,0.0,,,,,,,,141.0,0
120922479,spring-projects/spring-data-examples,0.0,,,java,,master,,,build_found,b075ca6358b375d5227b9e9ecb4a53aea8e65a2c,120922262,,5,b82460f33c88d05ecd4b279df7fe816c3fb8b4fa,1,b82460f33c88d05ecd4b279df7fe816c3fb8b4fa,,b82460f33c88d05ecd4b279df7fe816c3fb8b4fa,,0,,118,0,0,1,2,0,0,3,0,0,2,3039,1027.31161566305,48.7002303389273,69.4307337940112,1.0,,,2016-04-05 15:40:26,failed,272,[120922480],354,120922480,java,broken,2,java-ant,,0.0,,,,,,,,178.0,0
120925277,spring-projects/spring-data-examples,0.0,,,java,,master,,,build_found,b82460f33c88d05ecd4b279df7fe816c3fb8b4fa,120922479,,5,4cc558e42e23977d9a320af992e8e038b9badef5,1,4cc558e42e23977d9a320af992e8e038b9badef5,,4cc558e42e23977d9a320af992e8e038b9badef5,,0,,12,25,0,0,3,0,0,3,0,0,1,3040,1025.65789473684,48.6842105263158,69.4078947368421,1.0,,,2016-04-05 15:51:32,passed,595,[120925278],355,120925278,java,ok,2,java-ant,,0.0,,,,,,,,518.0,0
121187908,spring-projects/spring-data-examples,0.0,,,java,,master,,,build_found,4cc558e42e23977d9a320af992e8e038b9badef5,120925277,,5,cb50af3595ea6ecf7f59ced3c17a6e08ed0150c5,1,cb50af3595ea6ecf7f59ced3c17a6e08ed0150c5,,cb50af3595ea6ecf7f59ced3c17a6e08ed0150c5,,0,,0,0,0,0,1,0,0,0,0,1,64,3040,1025.65789473684,48.6842105263158,69.4078947368421,1.0,,,2016-04-06 17:44:18,failed,152,[121187909],356,121187909,java,broken,1,java-ant,,0.0,,,,,,,,119.0,0
121275842,spring-projects/spring-data-examples,0.0,,,java,,master,,,build_found,cb50af3595ea6ecf7f59ced3c17a6e08ed0150c5,121187908,,5,2c4a6c4e43243adb4b78e76c0d1d990bdc8fce20,1,2c4a6c4e43243adb4b78e76c0d1d990bdc8fce20,,2c4a6c4e43243adb4b78e76c0d1d990bdc8fce20,,0,,0,0,0,0,1,0,0,0,0,1,65,3040,1025.65789473684,48.6842105263158,69.4078947368421,1.0,,,2016-04-06 22:38:37,passed,650,[121275843],357,121275843,java,ok,1,java-ant,,0.0,,,,,,,,598.0,0
121420527,spring-projects/spring-data-examples,0.0,,,java,,master,,,build_found,2c4a6c4e43243adb4b78e76c0d1d990bdc8fce20,121275842,,5,5247a97203e8e631ede89e687ef2753acedbfb89,1,5247a97203e8e631ede89e687ef2753acedbfb89,,5247a97203e8e631ede89e687ef2753acedbfb89,,0,,0,0,0,0,1,0,0,0,0,1,2,3040,1025.65789473684,48.6842105263158,69.4078947368421,1.0,,,2016-04-07 13:05:43,passed,563,[121420528],358,121420528,java,ok,1,java-ant,,0.0,,,,,,,,502.0,0
122301321,spring-projects/spring-data-examples,0.0,,,java,,master,,,build_found,5247a97203e8e631ede89e687ef2753acedbfb89,121420527,,5,763710ddc9c3aaf22bdd21cf9cf9bf98d1d5a242,1,763710ddc9c3aaf22bdd21cf9cf9bf98d1d5a242,,763710ddc9c3aaf22bdd21cf9cf9bf98d1d5a242,,0,,0,0,0,0,1,0,0,0,0,1,66,3040,1025.65789473684,48.6842105263158,69.4078947368421,1.0,,,2016-04-11 17:06:31,passed,530,[122301322],360,122301322,java,ok,1,java-ant,,0.0,,,,,,,,485.0,0
122832466,spring-projects/spring-data-examples,0.0,,,java,,master,,,build_found,763710ddc9c3aaf22bdd21cf9cf9bf98d1d5a242,122301321,,5,2314c6e726a6941fde033d25161af6b3cb8efaf1,1,2314c6e726a6941fde033d25161af6b3cb8efaf1,,2314c6e726a6941fde033d25161af6b3cb8efaf1,,0,,108,36,0,2,11,0,0,6,0,7,80,3040,1024.01315789474,48.6842105263158,69.4078947368421,1.0,,,2016-04-13 16:18:44,passed,684,[122832467],361,122832467,java,ok,2,java-gradle,,0.0,,,,,,,,,0
134710150,spring-projects/spring-data-examples,0.0,,,java,,master,,,build_found,12628b6a3f27815cd53f5789a38d598e0cc04b2a,131039923,,5,24ca298de2a6a2657865d5147a4931bd55f8c460,1,24ca298de2a6a2657865d5147a4931bd55f8c460,,24ca298de2a6a2657865d5147a4931bd55f8c460,,0,,26,38,0,0,6,0,0,5,0,1,16,3046,1028.56204858831,49.2449113591596,69.9277741300066,1.0,,,2016-06-02 11:08:30,passed,720,[134710151],363,134710151,java,ok,1,java-gradle,,0.0,,,,,,,,,0
136789755,spring-projects/spring-data-examples,0.0,,,java,,master,,,build_found,24ca298de2a6a2657865d5147a4931bd55f8c460,134710150,,4,6684c8c69ba731103ad744a69d0bcc79f94fe2d3,1,6684c8c69ba731103ad744a69d0bcc79f94fe2d3,,6684c8c69ba731103ad744a69d0bcc79f94fe2d3,,0,,382,586,5,6,71,0,0,76,0,10,53,3087,966.958211856171,48.5908649173955,68.9990281827017,1.0,,,2016-06-10 19:27:24,passed,590,[136789756],364,136789756,java,ok,1,java-gradle,,0.0,,,,,,,,,0
141580060,spring-projects/spring-data-examples,0.0,,,java,,master,,,build_found,6684c8c69ba731103ad744a69d0bcc79f94fe2d3,136789755,,3,5bb1b8b77c0352861e9095de62f5c77fc2cda4c1#812eb8991692b1cd69fa91910f96de28cc053bb5,2,5bb1b8b77c0352861e9095de62f5c77fc2cda4c1,,5bb1b8b77c0352861e9095de62f5c77fc2cda4c1,,0,,0,2,0,0,4,0,0,1,0,3,82,3087,966.958211856171,48.5908649173955,68.9990281827017,1.0,,,2016-07-01 11:18:39,passed,675,[141580061],365,141580061,java,ok,1,java-gradle,,0.0,,,,,,,,,0
144973634,spring-projects/spring-data-examples,0.0,,,java,,master,,,build_found,5bb1b8b77c0352861e9095de62f5c77fc2cda4c1,141580060,,2,9ee13be9b54caea134f5f0b5512761506551d250,1,9ee13be9b54caea134f5f0b5512761506551d250,,9ee13be9b54caea134f5f0b5512761506551d250,,0,,0,2,0,0,8,0,0,1,0,7,111,3087,966.958211856171,48.5908649173955,68.9990281827017,1.0,,,2016-07-15 11:12:27,passed,732,[144973635],371,144973635,java,ok,1,java-gradle,,0.0,,,,,,,,,0
146083885,spring-projects/spring-data-examples,0.0,,,java,,master,,,build_found,9ee13be9b54caea134f5f0b5512761506551d250,144973634,,2,bee8a81118e1cf3fec3ef5ac91c4e9d3677b6a74,1,bee8a81118e1cf3fec3ef5ac91c4e9d3677b6a74,,bee8a81118e1cf3fec3ef5ac91c4e9d3677b6a74,,0,,2,0,0,0,2,0,0,1,0,1,1,3087,966.958211856171,48.5908649173955,68.9990281827017,1.0,,,2016-07-20 11:52:07,passed,636,[146083886],373,146083886,java,ok,1,java-gradle,,0.0,,,,,,,,,0
147752129,spring-projects/spring-data-examples,0.0,,,java,,master,,,build_found,bee8a81118e1cf3fec3ef5ac91c4e9d3677b6a74,146083885,,2,15e8ba31cc47217fe475edd209ce81feffa0656c,1,15e8ba31cc47217fe475edd209ce81feffa0656c,,15e8ba31cc47217fe475edd209ce81feffa0656c,,0,,9,9,0,0,2,0,0,2,0,0,2,3089,968.274522499191,48.8831337002266,69.6018128844286,1.0,,,2016-07-27 16:21:21,passed,626,[147752130],379,147752130,java,ok,1,java-gradle,,0.0,,,,,,,,,0
147753644,spring-projects/spring-data-examples,0.0,,,java,,master,,,build_found,15e8ba31cc47217fe475edd209ce81feffa0656c,147752129,,2,ecafda00ca97bcc001cf5577b0f6148193a14142#d1d5f7fe090cd161b0aa050a5c2d71bc57dbd6c5,2,ecafda00ca97bcc001cf5577b0f6148193a14142,,ecafda00ca97bcc001cf5577b0f6148193a14142,,0,,0,0,0,0,7,0,0,0,0,7,76,3089,968.274522499191,48.8831337002266,69.6018128844286,0.0,,,2016-07-27 16:30:01,passed,4146,[147753647],380,147753647,java,ok,1,java-gradle,,0.0,,,,,,,,,0
147755285,spring-projects/spring-data-examples,0.0,,,java,,master,,,build_found,ecafda00ca97bcc001cf5577b0f6148193a14142,147753644,,2,d2e5c4b28fc8bc5dd003094323b23940a08cf9c3,1,d2e5c4b28fc8bc5dd003094323b23940a08cf9c3,,d2e5c4b28fc8bc5dd003094323b23940a08cf9c3,,0,,183,177,7,0,2,0,0,6,0,3,28,3149,982.534137821531,50.1746586217847,70.4985709749127,1.0,,,2016-07-27 16:31:49,passed,715,[147755286],382,147755286,java,ok,3,java-gradle,,0.0,,,,,,,,,0
147871800,spring-projects/spring-data-examples,0.0,,,java,,master,,,build_found,d2e5c4b28fc8bc5dd003094323b23940a08cf9c3,147755285,,2,95978416d14d81da47bbff4a3ee01ee33faf1a39,1,95978416d14d81da47bbff4a3ee01ee33faf1a39,,95978416d14d81da47bbff4a3ee01ee33faf1a39,,0,,992,741,28,1,5,0,0,32,0,6,76,3491,977.656831853337,50.7018046405042,74.763678029218,0.0,,,2016-07-27 21:00:21,passed,1563,[147871801],386,147871801,java,ok,1,java-gradle,,0.0,,,,,,,,,0
148079676,spring-projects/spring-data-examples,0.0,,,java,,master,,,build_found,95978416d14d81da47bbff4a3ee01ee33faf1a39,147871800,,2,7519f8e3858663bec0a716673602dcb7e9b61f50#0f7afacafceb835b77509721a9edbbd6fc416ec7,2,7519f8e3858663bec0a716673602dcb7e9b61f50,,7519f8e3858663bec0a716673602dcb7e9b61f50,,0,,3,3,0,0,4,0,0,2,0,2,80,3488,978.784403669725,50.7454128440367,74.8279816513761,1.0,,,2016-07-28 16:10:11,passed,1355,[148079677],387,148079677,java,ok,4,java-gradle,,0.0,,,,,,,,,0
152973647,spring-projects/spring-data-examples,0.0,,,java,,master,,,build_found,7519f8e3858663bec0a716673602dcb7e9b61f50,148079676,,2,34fe9d2720e9402db7708b9101011266d9e00d5a,1,34fe9d2720e9402db7708b9101011266d9e00d5a,,34fe9d2720e9402db7708b9101011266d9e00d5a,,0,,9,5,0,0,2,0,0,2,0,0,3,3490,979.369627507163,51.0028653295129,75.0716332378223,1.0,,,2016-08-17 13:39:38,passed,823,[152973648],388,152973648,java,ok,2,java-gradle,,0.0,,,,,,,,,0
