tr_build_id,gh_project_name,gh_is_pr,gh_pr_created_at,gh_pull_req_num,gh_lang,git_merged_with,git_branch,gh_num_commits_in_push,gh_commits_in_push,git_prev_commit_resolution_status,git_prev_built_commit,tr_prev_build,gh_first_commit_created_at,gh_team_size,git_all_built_commits,git_num_all_built_commits,git_trigger_commit,tr_virtual_merged_into,tr_original_commit,gh_num_issue_comments,gh_num_commit_comments,gh_num_pr_comments,git_diff_src_churn,git_diff_test_churn,gh_diff_files_added,gh_diff_files_deleted,gh_diff_files_modified,gh_diff_tests_added,gh_diff_tests_deleted,gh_diff_src_files,gh_diff_doc_files,gh_diff_other_files,gh_num_commits_on_files_touched,gh_sloc,gh_test_lines_per_kloc,gh_test_cases_per_kloc,gh_asserts_cases_per_kloc,gh_by_core_team_member,gh_description_complexity,gh_pushed_at,gh_build_started_at,tr_status,tr_duration,tr_jobs,tr_build_number,tr_job_id,tr_log_lan,tr_log_status,tr_log_setup_time,tr_log_analyzer,tr_log_frameworks,tr_log_bool_tests_ran,tr_log_bool_tests_failed,tr_log_num_tests_ok,tr_log_num_tests_failed,tr_log_num_tests_run,tr_log_num_tests_skipped,tr_log_tests_failed,tr_log_testduration,tr_log_buildduration,build_successful
108699,activerecord-hackery/squeel,0.0,,,ruby,,master,,,build_found,de2d4859a6d99d45c57704a43fd2b8fe8c9557f2,96458,,2,d14822640aec6a0bd7f4153c96cc289b2e8e809b,1,d14822640aec6a0bd7f4153c96cc289b2e8e809b,,d14822640aec6a0bd7f4153c96cc289b2e8e809b,,0,,12,6,0,0,3,0,0,3,0,0,41,2167,1143.05491462852,135.671435163821,320.258421781264,1.0,,,2011-08-29 13:45:13,passed,696,"[108702, 108704, 108701, 108703, 108700, 108705]",19,108704,ruby,unknown,,ruby,rspec,1.0,,730,0,730,0,,13.59,,0
125072,activerecord-hackery/squeel,0.0,,,ruby,,master,,,build_found,d14822640aec6a0bd7f4153c96cc289b2e8e809b,108699,,2,dc209af7bed2cc564d1d1426e29d92b144814ddf,1,dc209af7bed2cc564d1d1426e29d92b144814ddf,,dc209af7bed2cc564d1d1426e29d92b144814ddf,,0,,291,26,0,4,7,0,0,11,0,0,46,1959,1255.74272588055,149.566105155692,353.75191424196,1.0,,,2011-09-03 19:42:17,passed,630,"[125347, 125074, 125075, 125073, 125348, 125346]",20,125348,ruby,unknown,,ruby,rspec,1.0,,737,0,737,0,,4.21,,0
136248,activerecord-hackery/squeel,0.0,,,ruby,,master,,,build_found,dc209af7bed2cc564d1d1426e29d92b144814ddf,125072,,2,c1708d80c6afaedf8555a078cb95b2c59cb9fe82#cd021f8944de140251913ad2777724933be06946,2,c1708d80c6afaedf8555a078cb95b2c59cb9fe82,,c1708d80c6afaedf8555a078cb95b2c59cb9fe82,,0,,202,112,4,0,15,0,0,27,0,0,58,2024,1256.91699604743,146.739130434783,355.237154150198,1.0,,,2011-09-07 03:26:41,passed,733,"[136252, 136251, 136254, 136253, 136250, 136249]",21,136250,ruby,unknown,,ruby,rspec,1.0,,755,0,755,0,,3.86,,0
139198,activerecord-hackery/squeel,0.0,,,ruby,,master,,,build_found,c1708d80c6afaedf8555a078cb95b2c59cb9fe82,136248,,2,550fe6b9ef074fc06356713f89df1946bd4cc3e1,1,550fe6b9ef074fc06356713f89df1946bd4cc3e1,,550fe6b9ef074fc06356713f89df1946bd4cc3e1,,0,,3,92,0,0,4,0,0,4,0,0,27,2025,1260.74074074074,147.16049382716,359.012345679012,1.0,,,2011-09-07 21:29:11,passed,849,"[139201, 139200, 139199, 139204, 139203, 139202]",22,139200,ruby,unknown,,ruby,rspec,1.0,,762,0,762,0,,3.95,,0
188393,activerecord-hackery/squeel,0.0,,,ruby,,master,,,build_found,550fe6b9ef074fc06356713f89df1946bd4cc3e1,139198,,2,6212c653d9314e18cfc701fb7cf5b5bc2384c6e8,1,6212c653d9314e18cfc701fb7cf5b5bc2384c6e8,,6212c653d9314e18cfc701fb7cf5b5bc2384c6e8,,0,,2,0,0,0,1,0,0,1,0,0,23,2025,1260.74074074074,147.16049382716,359.012345679012,1.0,,,2011-09-27 12:31:48,passed,699,"[188394, 188399, 188396, 188397, 188398, 188395]",23,188398,unknown,unknown,,plain,,0.0,,,,,,,,,0
192262,activerecord-hackery/squeel,0.0,,,ruby,,master,,,build_found,6212c653d9314e18cfc701fb7cf5b5bc2384c6e8,188393,,2,dcf818d605e53c204c8465a2f2b8cb33bd318f61,1,dcf818d605e53c204c8465a2f2b8cb33bd318f61,,dcf818d605e53c204c8465a2f2b8cb33bd318f61,,0,,42,21,0,0,8,0,0,8,0,0,42,2049,1254.75841874085,145.924841386042,358.223523670083,1.0,,,2011-09-29 05:20:34,passed,805,"[192268, 192264, 192263, 192265, 192266, 192267]",24,192266,unknown,unknown,,plain,,0.0,,,,,,,,,0
195103,activerecord-hackery/squeel,0.0,,,ruby,,master,,,build_found,dcf818d605e53c204c8465a2f2b8cb33bd318f61,192262,,2,b0c5508821b5b0044273f3ad5246abe178f5a3f3,1,b0c5508821b5b0044273f3ad5246abe178f5a3f3,,b0c5508821b5b0044273f3ad5246abe178f5a3f3,,0,,4,5,0,0,3,0,0,3,0,0,46,2049,1256.71059053197,146.412884333821,358.711566617862,1.0,,,2011-09-30 14:17:20,failed,786,"[195108, 195106, 195104, 195109, 195107, 195105]",25,195108,ruby,unknown,,ruby,,1.0,,,0,,,,,,0
498390,activerecord-hackery/squeel,0.0,,,ruby,,master,,,build_found,b0c5508821b5b0044273f3ad5246abe178f5a3f3,195103,,2,6fa0117ffe2643f03a5aed58da3d37aa9faf20ba,1,6fa0117ffe2643f03a5aed58da3d37aa9faf20ba,,6fa0117ffe2643f03a5aed58da3d37aa9faf20ba,,0,,0,0,0,0,1,0,0,0,0,1,4,2049,1256.71059053197,146.412884333821,358.711566617862,1.0,,,2012-01-09 18:29:14,passed,1138,"[498392, 498394, 498393, 498395, 498391, 498396]",26,498393,ruby,unknown,,ruby,rspec,1.0,,766,0,766,0,,4.72,,0
544662,activerecord-hackery/squeel,0.0,,,ruby,,master,,,merge_found,,,,2,6eaf342322e5dec38121f91a6f952d2553a0e216,1,6eaf342322e5dec38121f91a6f952d2553a0e216,,6eaf342322e5dec38121f91a6f952d2553a0e216,,0,,4,0,2,0,1,0,0,3,0,0,5,2049,1256.71059053197,146.412884333821,358.711566617862,1.0,,,2012-01-19 14:02:52,passed,1202,"[544664, 544665, 544663, 544668, 544667, 544666]",27,544664,ruby,unknown,,ruby,rspec,1.0,,766,0,766,0,,3.63,,0
562628,activerecord-hackery/squeel,0.0,,,ruby,,master,,,build_found,6eaf342322e5dec38121f91a6f952d2553a0e216,544662,,2,0cad656343d7602a64b98b17a7fdf5d319b1fa30,1,0cad656343d7602a64b98b17a7fdf5d319b1fa30,,0cad656343d7602a64b98b17a7fdf5d319b1fa30,,0,,894,6,3,0,7,0,0,10,0,0,39,2087,1236.22424532822,144.226161954959,352.659319597508,1.0,,,2012-01-23 14:00:36,passed,901,"[562629, 562630, 562634, 562632, 562633, 562631]",28,562633,ruby,unknown,,ruby,rspec,1.0,,759,0,759,0,,15.26,,0
562828,activerecord-hackery/squeel,0.0,,,ruby,,master,,,build_found,0cad656343d7602a64b98b17a7fdf5d319b1fa30,562628,,2,60de6febae52d9592815af0eea68d701ac316e14,1,60de6febae52d9592815af0eea68d701ac316e14,,60de6febae52d9592815af0eea68d701ac316e14,,0,,13,4,0,0,3,0,0,3,0,0,28,2083,1240.03840614498,144.98319731157,353.816610657705,1.0,,,2012-01-23 14:47:47,passed,783,"[562832, 562833, 562829, 562831, 562834, 562830]",29,562834,ruby,unknown,,ruby,rspec,1.0,,768,0,768,0,,3.91,,0
584712,activerecord-hackery/squeel,0.0,,,ruby,,master,,,build_found,60de6febae52d9592815af0eea68d701ac316e14,562828,,2,a8bdaa1742b52c594b23a85c0c537f36ee8c73c9,1,a8bdaa1742b52c594b23a85c0c537f36ee8c73c9,,a8bdaa1742b52c594b23a85c0c537f36ee8c73c9,,0,,0,0,0,0,1,0,0,0,0,1,5,2083,1240.03840614498,144.98319731157,353.816610657705,1.0,,,2012-01-27 14:22:28,failed,944,"[584718, 584716, 584715, 584714, 584717, 584719, 584713]",30,584713,ruby,unknown,,ruby,rspec,1.0,,760,0,760,0,,6.79,,0
584849,activerecord-hackery/squeel,0.0,,,ruby,,master,,,build_found,a8bdaa1742b52c594b23a85c0c537f36ee8c73c9,584712,,2,6d605130fd73deb5e23f626782b6106ce91825ff,1,6d605130fd73deb5e23f626782b6106ce91825ff,,6d605130fd73deb5e23f626782b6106ce91825ff,,0,,0,0,0,0,1,0,0,0,0,1,6,2083,1240.03840614498,144.98319731157,353.816610657705,1.0,,,2012-01-27 14:40:47,passed,826,"[584854, 584853, 584851, 584852, 584855, 584850]",31,584855,ruby,unknown,,ruby,rspec,1.0,,768,0,768,0,,5.77,,0
727904,activerecord-hackery/squeel,0.0,,,ruby,,master,,,merge_found,,,,2,afa2a755c1611ede09d404d59f00e5ee0dedc396,1,afa2a755c1611ede09d404d59f00e5ee0dedc396,,afa2a755c1611ede09d404d59f00e5ee0dedc396,,0,,7,0,0,0,2,0,0,2,0,0,13,2085,1238.84892086331,144.84412470024,353.47721822542,1.0,,,2012-02-23 13:21:04,passed,732,"[727909, 727907, 727910, 727906, 727905, 727908]",32,727907,ruby,unknown,,ruby,rspec,1.0,,768,0,768,0,,5.25,,0
931283,activerecord-hackery/squeel,0.0,,,ruby,,master,,,merge_found,,,,2,2ad191ffc52465b2ce8afe4af490a3b2386359b7,1,2ad191ffc52465b2ce8afe4af490a3b2386359b7,,2ad191ffc52465b2ce8afe4af490a3b2386359b7,,0,,2,0,0,0,1,0,0,1,0,0,11,2085,1238.84892086331,144.84412470024,353.47721822542,1.0,,,2012-03-23 15:31:28,passed,919,"[931284, 931288, 931286, 931287, 931285, 931289]",33,931286,ruby,unknown,,ruby,rspec,1.0,,768,0,768,0,,4.13,,0
1086096,activerecord-hackery/squeel,0.0,,,ruby,,master,,,merge_found,,,,2,b27fc92ed1d84d4cfa6bddd142cee997d653e8c8,1,b27fc92ed1d84d4cfa6bddd142cee997d653e8c8,,b27fc92ed1d84d4cfa6bddd142cee997d653e8c8,,0,,2,0,0,0,1,0,0,1,0,0,12,2085,1245.08393285372,145.803357314149,354.436450839329,1.0,,,2012-04-14 00:42:59,passed,603,"[1086099, 1086102, 1086101, 1086100, 1086097, 1086098]",34,1086098,ruby,unknown,,ruby,rspec,1.0,,770,0,770,0,,3.47,,0
1086124,activerecord-hackery/squeel,0.0,,,ruby,,master,,,build_found,b27fc92ed1d84d4cfa6bddd142cee997d653e8c8,1086096,,2,2ca262353232105c54f04bceb433d92d8c0a0f14,1,2ca262353232105c54f04bceb433d92d8c0a0f14,,2ca262353232105c54f04bceb433d92d8c0a0f14,,0,,0,0,0,0,1,0,0,0,0,1,7,2085,1245.08393285372,145.803357314149,354.436450839329,1.0,,,2012-04-14 00:48:47,failed,2135,"[1086139, 1086136, 1086142, 1086127, 1086141, 1086140, 1086138, 1086134, 1086125, 1086133, 1086128, 1086135, 1086132, 1086131, 1086137, 1086130, 1086129, 1086126]",35,1086138,ruby,unknown,,ruby,rspec,1.0,,762,0,762,0,,13.96,,0
1086225,activerecord-hackery/squeel,0.0,,,ruby,,master,,,build_found,2ca262353232105c54f04bceb433d92d8c0a0f14,1086124,,2,5999218d3ead7728b5e98404ea8c657fa75cdd43,1,5999218d3ead7728b5e98404ea8c657fa75cdd43,,5999218d3ead7728b5e98404ea8c657fa75cdd43,,0,,0,6,0,0,2,0,0,1,0,1,12,2085,1246.04316546763,145.803357314149,354.436450839329,1.0,,,2012-04-14 01:11:01,failed,2258,"[1086231, 1086235, 1086233, 1086236, 1086234, 1086237, 1086232, 1086227, 1086230, 1086229, 1086228, 1086226]",36,1086234,ruby,unknown,,ruby,rspec,1.0,,762,0,762,0,,14.06,,0
1117149,activerecord-hackery/squeel,0.0,,,ruby,,master,,,build_found,5999218d3ead7728b5e98404ea8c657fa75cdd43,1086225,,2,e6ff16e64bf6772f9bc6529c9261ad017ccf8379,1,e6ff16e64bf6772f9bc6529c9261ad017ccf8379,,e6ff16e64bf6772f9bc6529c9261ad017ccf8379,,0,,3,48,0,0,3,0,0,3,0,0,4,2086,1262.70373921381,148.609779482263,360.97794822627,1.0,,,2012-04-18 01:19:33,failed,1351,"[1117156, 1117160, 1117159, 1117161, 1117157, 1117158, 1117151, 1117152, 1117153, 1117154, 1117155, 1117150]",37,1117150,ruby,unknown,,ruby,rspec,1.0,,768,0,768,0,,5.29,,0
1117176,activerecord-hackery/squeel,0.0,,,ruby,,master,,,build_found,e6ff16e64bf6772f9bc6529c9261ad017ccf8379,1117149,,2,c1d22f6dd72d2363b99ebd17102320d63620b445,1,c1d22f6dd72d2363b99ebd17102320d63620b445,,c1d22f6dd72d2363b99ebd17102320d63620b445,,0,,0,0,0,0,1,0,0,0,0,1,9,2086,1262.70373921381,148.609779482263,360.97794822627,1.0,,,2012-04-18 01:29:45,passed,595,"[1117182, 1117181, 1117180, 1117178, 1117177, 1117179]",38,1117177,ruby,unknown,,ruby,rspec,1.0,,768,0,768,0,,4.51,,0
1133912,activerecord-hackery/squeel,0.0,,,ruby,,master,,,build_found,c1d22f6dd72d2363b99ebd17102320d63620b445,1117176,,2,730181aef0e648e165fdc0890e1f87d8de9e5c38,1,730181aef0e648e165fdc0890e1f87d8de9e5c38,,730181aef0e648e165fdc0890e1f87d8de9e5c38,,0,,60,4,0,0,3,0,0,3,0,0,5,2116,1246.21928166352,146.502835538752,356.332703213611,1.0,,,2012-04-20 01:59:03,passed,571,"[1133915, 1133916, 1133913, 1133917, 1133918, 1133914]",39,1133914,ruby,unknown,,ruby,rspec,1.0,,769,0,769,0,,4.59,,0
1150225,activerecord-hackery/squeel,0.0,,,ruby,,master,,,build_found,730181aef0e648e165fdc0890e1f87d8de9e5c38,1133912,,2,d49076b20c11829198c6f7f9f9908bd80d8cf96c,1,d49076b20c11829198c6f7f9f9908bd80d8cf96c,,d49076b20c11829198c6f7f9f9908bd80d8cf96c,,0,,58,0,2,0,1,0,0,3,0,0,13,2129,1238.60967590418,145.608266791921,354.156881164866,1.0,,,2012-04-22 22:17:27,passed,435,"[1150230, 1150229, 1150231, 1150227, 1150228, 1150226]",40,1150229,ruby,unknown,,ruby,rspec,1.0,,777,0,777,0,,5.8,,0
1150282,activerecord-hackery/squeel,0.0,,,ruby,,master,,,build_found,d49076b20c11829198c6f7f9f9908bd80d8cf96c,1150225,,2,ff85468ff6698f1415d4441769bea37756d5bd34,1,ff85468ff6698f1415d4441769bea37756d5bd34,,ff85468ff6698f1415d4441769bea37756d5bd34,,0,,2,0,0,0,1,0,0,1,0,0,28,2129,1238.60967590418,145.608266791921,354.156881164866,1.0,,,2012-04-22 22:18:12,passed,443,"[1150288, 1150287, 1150284, 1150286, 1150285, 1150283]",41,1150288,ruby,unknown,,ruby,rspec,1.0,,777,0,777,0,,5.08,,0
1150525,activerecord-hackery/squeel,0.0,,,ruby,,master,,,build_found,ff85468ff6698f1415d4441769bea37756d5bd34,1150282,,2,378ca46f06f3947c898b9fab06a8f15789b2ae28,1,378ca46f06f3947c898b9fab06a8f15789b2ae28,,378ca46f06f3947c898b9fab06a8f15789b2ae28,,0,,13,0,0,0,1,0,0,1,0,0,5,2129,1238.60967590418,145.608266791921,354.156881164866,1.0,,,2012-04-22 22:30:12,passed,453,"[1150531, 1150528, 1150529, 1150530, 1150527, 1150526]",42,1150527,ruby,unknown,,ruby,rspec,1.0,,769,0,769,0,,4.57,,0
1219065,activerecord-hackery/squeel,0.0,,,ruby,,master,,,build_found,378ca46f06f3947c898b9fab06a8f15789b2ae28,1150525,,2,7e1a69637608e40d5962ff172be3805b8d7a2cb1,1,7e1a69637608e40d5962ff172be3805b8d7a2cb1,,7e1a69637608e40d5962ff172be3805b8d7a2cb1,,0,,2,0,0,0,1,0,0,1,0,0,5,2129,1238.60967590418,145.608266791921,354.156881164866,1.0,,,2012-05-01 13:58:18,passed,512,"[1219066, 1219069, 1219068, 1219070, 1219071, 1219067]",43,1219066,ruby,unknown,,ruby,rspec,1.0,,769,0,769,0,,4.47,,0
1226668,activerecord-hackery/squeel,0.0,,,ruby,,master,,,build_found,7e1a69637608e40d5962ff172be3805b8d7a2cb1,1219065,,2,3a49287ef7d430aabfe1302eae924a2b92fb4926,1,3a49287ef7d430aabfe1302eae924a2b92fb4926,,3a49287ef7d430aabfe1302eae924a2b92fb4926,,0,,16,21,0,0,5,0,0,5,0,0,38,2133,1242.85044538209,145.804031879981,355.836849507736,1.0,,,2012-05-02 13:33:35,passed,507,"[1226673, 1226670, 1226674, 1226669, 1226672, 1226671]",44,1226671,ruby,unknown,,ruby,rspec,1.0,,772,0,772,0,,5.36,,0
1336874,activerecord-hackery/squeel,0.0,,,ruby,,master,,,build_found,3a49287ef7d430aabfe1302eae924a2b92fb4926,1226668,,2,aeb3e8f989ecf3bce4abc4fb2b0258cbebb69649,1,aeb3e8f989ecf3bce4abc4fb2b0258cbebb69649,,aeb3e8f989ecf3bce4abc4fb2b0258cbebb69649,,0,,84,36,0,0,11,0,0,11,0,0,25,2137,1238.65231633131,145.531118390267,353.299017313992,1.0,,,2012-05-15 15:41:09,passed,774,"[1336879, 1336876, 1336877, 1336878, 1336875, 1336880]",45,1336876,ruby,unknown,,ruby,rspec,1.0,,772,0,772,0,,4.94,,0
1336937,activerecord-hackery/squeel,0.0,,,ruby,,master,,,build_found,aeb3e8f989ecf3bce4abc4fb2b0258cbebb69649,1336874,,2,8d0184db863c2a2bec951238df910620a77a706d,1,8d0184db863c2a2bec951238df910620a77a706d,,8d0184db863c2a2bec951238df910620a77a706d,,0,,3,0,0,0,1,0,0,1,0,0,11,2137,1238.65231633131,145.531118390267,353.299017313992,1.0,,,2012-05-15 15:47:38,passed,632,"[1336940, 1336941, 1336942, 1336939, 1336938, 1336943]",46,1336939,ruby,unknown,,ruby,rspec,1.0,,772,0,772,0,,4.97,,0
1370292,activerecord-hackery/squeel,0.0,,,ruby,,master,,,build_found,8d0184db863c2a2bec951238df910620a77a706d,1336937,,2,e8bb31e68bdb047573d8d1ab062f36f612fdb89c,1,e8bb31e68bdb047573d8d1ab062f36f612fdb89c,,e8bb31e68bdb047573d8d1ab062f36f612fdb89c,,0,,102,200,2,0,12,0,0,14,0,0,38,2175,1293.33333333333,151.724137931034,377.931034482759,1.0,,,2012-05-18 20:28:55,failed,518,"[1370293, 1370296, 1370295, 1370297, 1370294, 1370298]",47,1370298,ruby,unknown,,ruby,rspec,1.0,,885,0,885,0,,3.93,,0
1375045,activerecord-hackery/squeel,0.0,,,ruby,,master,,,build_found,e8bb31e68bdb047573d8d1ab062f36f612fdb89c,1370292,,2,b55c9de1705e5b6ba6bfe6372c52cd77ae615174,1,b55c9de1705e5b6ba6bfe6372c52cd77ae615174,,b55c9de1705e5b6ba6bfe6372c52cd77ae615174,,0,,26,8,2,0,4,0,0,6,0,0,40,2194,1284.41203281677,150.865998176846,375.569735642662,1.0,,,2012-05-19 15:21:12,passed,517,"[1375046, 1375051, 1375050, 1375047, 1375048, 1375049]",48,1375049,ruby,unknown,,ruby,rspec,1.0,,886,0,886,0,,4.72,,0
1381495,activerecord-hackery/squeel,0.0,,,ruby,,master,,,build_found,b55c9de1705e5b6ba6bfe6372c52cd77ae615174,1375045,,2,e4a615370b947aecd0f184768e43975020076933,1,e4a615370b947aecd0f184768e43975020076933,,e4a615370b947aecd0f184768e43975020076933,,0,,53,6,0,0,4,0,0,4,0,0,34,2196,1285.51912568306,151.183970856102,376.138433515483,1.0,,,2012-05-20 16:44:23,passed,450,"[1381499, 1381500, 1381497, 1381496, 1381498, 1381501]",49,1381496,ruby,unknown,,ruby,rspec,1.0,,877,0,877,0,,5.04,,0
1381834,activerecord-hackery/squeel,0.0,,,ruby,,master,,,build_found,e4a615370b947aecd0f184768e43975020076933,1381495,,2,98d69977f72a3f0938af2148591c3b0dd83e8540,1,98d69977f72a3f0938af2148591c3b0dd83e8540,,98d69977f72a3f0938af2148591c3b0dd83e8540,,0,,4,0,0,0,1,0,0,1,0,0,5,2193,1287.27770177839,151.390788873689,376.652986776106,1.0,,,2012-05-20 17:35:45,passed,524,"[1381839, 1381837, 1381838, 1381836, 1381840, 1381835]",50,1381836,ruby,unknown,,ruby,rspec,1.0,,877,0,877,0,,8.83,,0
1404261,activerecord-hackery/squeel,0.0,,,ruby,,master,,,build_found,98d69977f72a3f0938af2148591c3b0dd83e8540,1381834,,2,055e0204ba7e9dad3656cc006b4de4d1ddd37c55,1,055e0204ba7e9dad3656cc006b4de4d1ddd37c55,,055e0204ba7e9dad3656cc006b4de4d1ddd37c55,,0,,2,0,0,0,1,0,0,1,0,0,14,2193,1287.27770177839,151.390788873689,376.652986776106,1.0,,,2012-05-22 20:53:25,passed,627,"[1404266, 1404262, 1404265, 1404264, 1404263, 1404267]",51,1404265,ruby,unknown,,ruby,rspec,1.0,,887,0,887,0,,4.56,,0
1411763,activerecord-hackery/squeel,0.0,,,ruby,,master,,,build_found,055e0204ba7e9dad3656cc006b4de4d1ddd37c55,1404261,,2,bf1be1da556ecb7d89653c642629b5f0528139b1,1,bf1be1da556ecb7d89653c642629b5f0528139b1,,bf1be1da556ecb7d89653c642629b5f0528139b1,,0,,150,0,2,1,12,0,0,15,0,0,27,2171,1300.32243205896,152.924919391985,380.469829571626,1.0,,,2012-05-23 14:57:41,passed,952,"[1411766, 1411767, 1411768, 1411765, 1411764, 1411769]",52,1411765,ruby,unknown,,ruby,rspec,1.0,,877,0,877,0,,5.35,,0
1481621,activerecord-hackery/squeel,0.0,,,ruby,,master,,,build_found,bf1be1da556ecb7d89653c642629b5f0528139b1,1411763,,2,62c4fce72243cb000333abcd1effedea69161e91#976a29d6ae713a2cbb5a36dc0f18650df99f1e68,2,62c4fce72243cb000333abcd1effedea69161e91,,62c4fce72243cb000333abcd1effedea69161e91,,0,,71,17,1,0,6,0,0,7,0,0,57,2191,1293.92971246006,152.441807393884,378.366042902784,1.0,,,2012-05-30 21:18:06,passed,723,"[1481625, 1481624, 1481627, 1481623, 1481622, 1481626]",53,1481622,ruby,unknown,,ruby,rspec,1.0,,880,0,880,0,,5.64,,0
1481657,activerecord-hackery/squeel,0.0,,,ruby,,master,,,build_found,62c4fce72243cb000333abcd1effedea69161e91,1481621,,2,47fbf912760e3300aae24b6362514efe422accad,1,47fbf912760e3300aae24b6362514efe422accad,,47fbf912760e3300aae24b6362514efe422accad,,0,,9,0,0,0,1,0,0,1,0,0,1,2191,1293.92971246006,152.441807393884,378.366042902784,1.0,,,2012-05-30 21:21:29,passed,690,"[1481660, 1481661, 1481663, 1481658, 1481659, 1481662]",54,1481660,ruby,unknown,,ruby,rspec,1.0,,880,0,880,0,,6.17,,0
1502065,activerecord-hackery/squeel,0.0,,,ruby,,master,,,build_found,47fbf912760e3300aae24b6362514efe422accad,1481657,,3,8a6b960c0acd150ec84cc2995f0391f5c49916b2,1,8a6b960c0acd150ec84cc2995f0391f5c49916b2,,8a6b960c0acd150ec84cc2995f0391f5c49916b2,,3,,96,22,0,0,8,0,0,8,0,0,44,2200,1291.81818181818,152.272727272727,378.636363636364,1.0,,,2012-06-01 19:10:50,passed,579,"[1502068, 1502066, 1502070, 1502071, 1502067, 1502069]",55,1502070,ruby,unknown,,ruby,rspec,1.0,,891,0,891,0,,3.55,,0
1557872,activerecord-hackery/squeel,0.0,,,ruby,,master,,,build_found,8a6b960c0acd150ec84cc2995f0391f5c49916b2,1502065,,3,694451e4344e82eaffc9ea593e7c865aac3af0fe,1,694451e4344e82eaffc9ea593e7c865aac3af0fe,,694451e4344e82eaffc9ea593e7c865aac3af0fe,,0,,84,9,0,0,4,0,0,4,0,0,7,2185,1304.34782608696,153.775743707094,382.151029748284,1.0,,,2012-06-07 14:15:00,passed,579,"[1557877, 1557878, 1557875, 1557874, 1557873, 1557876]",56,1557877,ruby,unknown,,ruby,rspec,1.0,,892,0,892,0,,3.42,,0
1558061,activerecord-hackery/squeel,0.0,,,ruby,,master,,,build_found,694451e4344e82eaffc9ea593e7c865aac3af0fe,1557872,,3,c50811dcdbee87c5065a6aef7e315a7b435589b2,1,c50811dcdbee87c5065a6aef7e315a7b435589b2,,c50811dcdbee87c5065a6aef7e315a7b435589b2,,0,,5,0,0,0,2,0,0,2,0,0,33,2185,1304.34782608696,153.775743707094,382.151029748284,1.0,,,2012-06-07 14:30:11,passed,550,"[1558063, 1558065, 1558064, 1558062, 1558066, 1558067]",57,1558062,ruby,unknown,,ruby,rspec,1.0,,882,0,882,0,,9.67,,0
1563580,activerecord-hackery/squeel,0.0,,,ruby,,master,,,build_found,c50811dcdbee87c5065a6aef7e315a7b435589b2,1558061,,3,aece74944c7d0b9ea88bd4f54de8c66d7340cf67,1,aece74944c7d0b9ea88bd4f54de8c66d7340cf67,,aece74944c7d0b9ea88bd4f54de8c66d7340cf67,,0,,4,7,0,0,4,0,0,4,0,0,15,2185,1306.63615560641,154.233409610984,382.608695652174,1.0,,,2012-06-08 02:20:12,passed,519,"[1563585, 1563584, 1563586, 1563583, 1563582, 1563581]",58,1563585,ruby,unknown,,ruby,rspec,1.0,,893,0,893,0,,3.64,,0
1563620,activerecord-hackery/squeel,0.0,,,ruby,,master,,,build_found,aece74944c7d0b9ea88bd4f54de8c66d7340cf67,1563580,,3,b0d0a7e68c26de27df62db9637a58d96d661c937,1,b0d0a7e68c26de27df62db9637a58d96d661c937,,b0d0a7e68c26de27df62db9637a58d96d661c937,,0,,6,0,0,0,2,0,0,2,0,0,34,2185,1306.63615560641,154.233409610984,382.608695652174,1.0,,,2012-06-08 02:23:19,passed,466,"[1563621, 1563622, 1563623, 1563625, 1563626, 1563624]",59,1563621,ruby,unknown,,ruby,rspec,1.0,,883,0,883,0,,4.67,,0
1567611,activerecord-hackery/squeel,0.0,,,ruby,,master,,,build_found,b0d0a7e68c26de27df62db9637a58d96d661c937,1563620,,3,bff4175ec67ef2fa1662ce3835c39d0e19eced34,1,bff4175ec67ef2fa1662ce3835c39d0e19eced34,,bff4175ec67ef2fa1662ce3835c39d0e19eced34,,0,,29,5,0,0,4,0,0,4,0,0,10,2170,1317.51152073733,155.760368663594,385.253456221198,1.0,,,2012-06-08 14:10:29,passed,535,"[1567614, 1567616, 1567615, 1567613, 1567612, 1567617]",60,1567616,ruby,unknown,,ruby,rspec,1.0,,894,0,894,0,,3.79,,0
1567717,activerecord-hackery/squeel,0.0,,,ruby,,master,,,build_found,bff4175ec67ef2fa1662ce3835c39d0e19eced34,1567611,,3,34cdf82daa92229cbdb76f6f2694b86a2dd19acc,1,34cdf82daa92229cbdb76f6f2694b86a2dd19acc,,34cdf82daa92229cbdb76f6f2694b86a2dd19acc,,0,,7,0,0,0,2,0,0,2,0,0,35,2170,1317.51152073733,155.760368663594,385.253456221198,1.0,,,2012-06-08 14:20:18,passed,599,"[1567719, 1567718, 1567723, 1567721, 1567722, 1567720]",61,1567719,ruby,unknown,,ruby,rspec,1.0,,884,0,884,0,,4.86,,0
1578089,activerecord-hackery/squeel,0.0,,,ruby,,master,,,build_found,34cdf82daa92229cbdb76f6f2694b86a2dd19acc,1567717,,3,1023a67bd75ecc782b9b5b8f7ed5156d44cf77d1,1,1023a67bd75ecc782b9b5b8f7ed5156d44cf77d1,,1023a67bd75ecc782b9b5b8f7ed5156d44cf77d1,,0,,0,8,0,0,1,0,0,1,0,0,10,2170,1320.73732718894,156.221198156682,386.175115207373,1.0,,,2012-06-09 17:38:26,passed,494,"[1578090, 1578092, 1578095, 1578091, 1578094, 1578093]",62,1578093,ruby,unknown,,ruby,rspec,1.0,,895,0,895,0,,6.72,,0
1606794,activerecord-hackery/squeel,0.0,,,ruby,,master,,,build_found,1023a67bd75ecc782b9b5b8f7ed5156d44cf77d1,1578089,,3,895386be9fdf33010867c152f1bb8a2de98e30a3,1,895386be9fdf33010867c152f1bb8a2de98e30a3,,895386be9fdf33010867c152f1bb8a2de98e30a3,,0,,2,0,0,0,1,0,0,1,0,0,6,2170,1320.73732718894,156.221198156682,386.175115207373,1.0,,,2012-06-13 02:21:51,passed,480,"[1606795, 1606800, 1606798, 1606799, 1606796, 1606797]",63,1606797,ruby,unknown,,ruby,rspec,1.0,,885,0,885,0,,4.78,,0
1637073,activerecord-hackery/squeel,0.0,,,ruby,,master,,,build_found,895386be9fdf33010867c152f1bb8a2de98e30a3,1606794,,3,be9fda10d8767fb31f60b0b599ab335205f661f6,1,be9fda10d8767fb31f60b0b599ab335205f661f6,,be9fda10d8767fb31f60b0b599ab335205f661f6,,0,,7,8,0,0,2,0,0,2,0,0,18,2174,1321.52713891444,156.39374425023,386.384544618215,1.0,,,2012-06-16 20:36:23,passed,433,"[1637076, 1637079, 1637077, 1637078, 1637075, 1637074]",64,1637079,ruby,unknown,,ruby,rspec,1.0,,896,0,896,0,,4.08,,0
1637092,activerecord-hackery/squeel,0.0,,,ruby,,master,,,build_found,be9fda10d8767fb31f60b0b599ab335205f661f6,1637073,,3,1ab8201fcace235b48e4ce00a9df0cdd107afdb1,1,1ab8201fcace235b48e4ce00a9df0cdd107afdb1,,1ab8201fcace235b48e4ce00a9df0cdd107afdb1,,0,,6,0,0,0,2,0,0,2,0,0,36,2174,1321.52713891444,156.39374425023,386.384544618215,1.0,,,2012-06-16 20:40:00,passed,471,"[1637094, 1637093, 1637097, 1637095, 1637096, 1637098]",65,1637094,ruby,unknown,,ruby,rspec,1.0,,886,0,886,0,,4.63,,0
1691255,activerecord-hackery/squeel,0.0,,,ruby,,master,,,build_found,1ab8201fcace235b48e4ce00a9df0cdd107afdb1,1637092,,3,f0287293829c57870f4fd49806f59bbd1d1b7cb9,1,f0287293829c57870f4fd49806f59bbd1d1b7cb9,,f0287293829c57870f4fd49806f59bbd1d1b7cb9,,0,,128,35,0,0,6,0,0,6,0,0,25,2228,1298.02513464991,153.500897666068,380.16157989228,1.0,,,2012-06-23 21:35:46,passed,464,"[1691258, 1691257, 1691260, 1691256, 1691261, 1691259]",66,1691256,ruby,unknown,,ruby,rspec,1.0,,888,0,888,0,,5.31,,0
1691698,activerecord-hackery/squeel,0.0,,,ruby,,master,,,build_found,f0287293829c57870f4fd49806f59bbd1d1b7cb9,1691255,,3,744b06fa1bb976f7e820e05f7ea4eb3c2e62542f,1,744b06fa1bb976f7e820e05f7ea4eb3c2e62542f,,744b06fa1bb976f7e820e05f7ea4eb3c2e62542f,,0,,27,49,0,0,7,0,0,7,0,0,45,2222,1295.2295229523,153.465346534653,379.83798379838,1.0,,,2012-06-24 00:25:14,failed,490,"[1691700, 1691703, 1691701, 1691699, 1691702, 1691704]",67,1691699,ruby,unknown,,ruby,rspec,1.0,,884,1,885,0,,4.96,,0
1691723,activerecord-hackery/squeel,0.0,,,ruby,,master,,,build_found,744b06fa1bb976f7e820e05f7ea4eb3c2e62542f,1691698,,3,c71fb7c87b84a8c910d649b3590f86f0913a2e53,1,c71fb7c87b84a8c910d649b3590f86f0913a2e53,,c71fb7c87b84a8c910d649b3590f86f0913a2e53,,0,,0,1,0,0,1,0,0,1,0,0,13,2222,1295.6795679568,153.465346534653,379.83798379838,1.0,,,2012-06-24 00:30:07,passed,481,"[1691724, 1691728, 1691727, 1691726, 1691729, 1691725]",68,1691726,ruby,unknown,,ruby,rspec,1.0,,884,0,884,1,,5.57,,0
1866059,activerecord-hackery/squeel,0.0,,,ruby,,master,,,build_found,c71fb7c87b84a8c910d649b3590f86f0913a2e53,1691723,,3,9fc9bc0ba68774216ffa5a9040a979731c6c0f79,1,9fc9bc0ba68774216ffa5a9040a979731c6c0f79,,9fc9bc0ba68774216ffa5a9040a979731c6c0f79,,0,,13,14,0,0,4,0,0,4,0,0,20,2221,1300.76542098154,154.434939216569,380.909500225124,1.0,,,2012-07-14 19:13:29,passed,526,"[1866065, 1866062, 1866064, 1866063, 1866060, 1866061]",69,1866061,ruby,unknown,,ruby,rspec,1.0,,887,0,887,1,,7.25,,0
1866068,activerecord-hackery/squeel,0.0,,,ruby,,master,,,build_found,9fc9bc0ba68774216ffa5a9040a979731c6c0f79,1866059,,3,63416099a5f70a2bdb6e13f534a244e78a21e594,1,63416099a5f70a2bdb6e13f534a244e78a21e594,,63416099a5f70a2bdb6e13f534a244e78a21e594,,0,,2,0,0,0,1,0,0,1,0,0,35,2221,1300.76542098154,154.434939216569,380.909500225124,1.0,,,2012-07-14 19:15:47,passed,521,"[1866072, 1866070, 1866069, 1866073, 1866071, 1866074]",70,1866071,ruby,unknown,,ruby,rspec,1.0,,886,0,886,1,,6.3,,0
1978473,activerecord-hackery/squeel,0.0,,,ruby,,master,,,build_found,63416099a5f70a2bdb6e13f534a244e78a21e594,1866068,,3,83a9dc2bd77548f87d42668dc83f32b917577284,1,83a9dc2bd77548f87d42668dc83f32b917577284,,83a9dc2bd77548f87d42668dc83f32b917577284,,0,,0,16,0,0,1,0,0,1,0,0,15,2221,1306.16839261594,155.335434488969,382.260243133724,1.0,,,2012-07-28 20:10:41,failed,493,"[1978479, 1978476, 1978477, 1978478, 1978475, 1978474]",71,1978478,ruby,unknown,,ruby,rspec,1.0,,899,0,899,1,,4.44,,0
1978482,activerecord-hackery/squeel,0.0,,,ruby,,master,,,build_found,83a9dc2bd77548f87d42668dc83f32b917577284,1978473,,3,569489e6d63d85f1e896a1731c839c9bd2f8b618,1,569489e6d63d85f1e896a1731c839c9bd2f8b618,,569489e6d63d85f1e896a1731c839c9bd2f8b618,,0,,0,0,0,0,1,0,0,0,0,1,1,2221,1306.16839261594,155.335434488969,382.260243133724,1.0,,,2012-07-28 20:12:17,failed,456,"[1978485, 1978488, 1978487, 1978483, 1978484, 1978486]",72,1978488,ruby,unknown,,ruby,rspec,1.0,,897,1,898,1,,5.27,,0
1979996,activerecord-hackery/squeel,0.0,,,ruby,,master,,,build_found,569489e6d63d85f1e896a1731c839c9bd2f8b618,1978482,,3,070051149ad99958de4abb30f674def491c4e9c6,1,070051149ad99958de4abb30f674def491c4e9c6,,070051149ad99958de4abb30f674def491c4e9c6,,0,,6,0,0,0,1,0,0,1,0,0,8,2225,1303.8202247191,155.056179775281,381.573033707865,1.0,,,2012-07-29 01:57:28,passed,477,"[1979997, 1980000, 1979999, 1980002, 1980001, 1979998]",73,1980000,ruby,unknown,,ruby,rspec,1.0,,899,0,899,1,,4.43,,0
1980021,activerecord-hackery/squeel,0.0,,,ruby,,master,,,build_found,070051149ad99958de4abb30f674def491c4e9c6,1979996,,3,f424265c0e56487ac8d14522ffee768543bc51e3,1,f424265c0e56487ac8d14522ffee768543bc51e3,,f424265c0e56487ac8d14522ffee768543bc51e3,,0,,7,0,0,0,2,0,0,2,0,0,39,2225,1303.8202247191,155.056179775281,381.573033707865,1.0,,,2012-07-29 02:00:48,passed,579,"[1980023, 1980024, 1980027, 1980022, 1980025, 1980026]",74,1980022,ruby,unknown,,ruby,rspec,1.0,,889,0,889,1,,4.43,,0
2047986,activerecord-hackery/squeel,0.0,,,ruby,,master,,,build_found,f424265c0e56487ac8d14522ffee768543bc51e3,1980021,,3,45106100cde91c7cfd3817ca07523a0206cc35db,1,45106100cde91c7cfd3817ca07523a0206cc35db,,45106100cde91c7cfd3817ca07523a0206cc35db,,0,,30,196,1,0,4,0,0,5,0,0,34,2247,1300.84557187361,153.983088562528,381.397418780596,1.0,,,2012-08-06 14:10:31,passed,1310,"[2047992, 2047991, 2047989, 2047988, 2047987, 2047990]",75,2047990,ruby,unknown,,ruby,rspec,1.0,,900,0,900,1,,4.45,,0
2048127,activerecord-hackery/squeel,0.0,,,ruby,,master,,,build_found,45106100cde91c7cfd3817ca07523a0206cc35db,2047986,,3,c148b64895e9417876433e0a4014f8120f9f152a,1,c148b64895e9417876433e0a4014f8120f9f152a,,c148b64895e9417876433e0a4014f8120f9f152a,,0,,6,154,0,0,6,0,0,6,0,0,52,2247,1300.40053404539,153.983088562528,381.397418780596,1.0,,,2012-08-06 14:38:04,passed,1550,"[2048133, 2048130, 2048129, 2048131, 2048128, 2048132]",76,2048128,ruby,unknown,,ruby,rspec,1.0,,890,0,890,1,,0.0,,0
2229256,activerecord-hackery/squeel,0.0,,,ruby,,master,,,build_found,c148b64895e9417876433e0a4014f8120f9f152a,2048127,,3,81e3577ced8cca93c31682aba427b79b5baddb09,1,81e3577ced8cca93c31682aba427b79b5baddb09,,81e3577ced8cca93c31682aba427b79b5baddb09,,0,,241,85,1,0,18,0,0,19,0,0,35,2304,1296.44097222222,154.079861111111,380.208333333333,1.0,,,2012-08-24 19:30:43,passed,495,"[2229260, 2229258, 2229262, 2229261, 2229259, 2229257]",78,2229260,ruby,unknown,,ruby,rspec,1.0,,917,0,917,1,,4.92,,0
2246142,activerecord-hackery/squeel,0.0,,,ruby,,master,,,build_found,81e3577ced8cca93c31682aba427b79b5baddb09,2229256,,3,3350950ef0e23069111bf62a1cc45ee06d9ebf29#a8197714bff4f7513a43282f6189e7175f7a2d7a#67022403441b7e8faddccbcee719932f2d4d2bb5,3,3350950ef0e23069111bf62a1cc45ee06d9ebf29,,3350950ef0e23069111bf62a1cc45ee06d9ebf29,,0,,1143,206,9,1,15,0,0,26,0,0,55,2257,1334.51484271156,158.174568010634,387.682764731945,1.0,,,2012-08-27 01:36:14,failed,453,"[2246145, 2246143, 2246144, 2246148, 2246147, 2246146]",79,2246144,ruby,unknown,,ruby,rspec,1.0,,907,2,909,1,,5.39,,0
2246156,activerecord-hackery/squeel,0.0,,,ruby,,master,,,build_found,3350950ef0e23069111bf62a1cc45ee06d9ebf29,2246142,,3,ee2daf1f015034c34b6753b79b019eee8ddca3bf,1,ee2daf1f015034c34b6753b79b019eee8ddca3bf,,ee2daf1f015034c34b6753b79b019eee8ddca3bf,,0,,0,8,0,0,2,0,0,2,0,0,4,2257,1334.51484271156,158.174568010634,387.682764731945,1.0,,,2012-08-27 01:40:44,passed,474,"[2246158, 2246161, 2246160, 2246157, 2246159, 2246162]",80,2246157,ruby,unknown,,ruby,rspec,1.0,,909,0,909,1,,6.04,,0
2249548,activerecord-hackery/squeel,0.0,,,ruby,,master,,,build_found,ee2daf1f015034c34b6753b79b019eee8ddca3bf,2246156,,3,1522192fdab55d9295eece1b181e869a5edde82c,1,1522192fdab55d9295eece1b181e869a5edde82c,,1522192fdab55d9295eece1b181e869a5edde82c,,0,,8,0,0,0,2,0,0,2,0,0,13,2257,1334.51484271156,158.174568010634,387.682764731945,1.0,,,2012-08-27 12:35:36,passed,537,"[2249553, 2249554, 2249550, 2249552, 2249551, 2249549]",81,2249549,ruby,unknown,,ruby,rspec,1.0,,909,0,909,1,,6.33,,0
2304475,activerecord-hackery/squeel,0.0,,,ruby,,master,,,build_found,1522192fdab55d9295eece1b181e869a5edde82c,2249548,,3,854f66eee0847118ee192c1cc333a4c18b39beec,1,854f66eee0847118ee192c1cc333a4c18b39beec,,854f66eee0847118ee192c1cc333a4c18b39beec,,0,,0,56,0,0,3,0,0,3,0,0,25,2257,1348.69295525033,159.060700044307,389.011962782455,1.0,,,2012-09-02 00:17:16,failed,535,"[2304481, 2304478, 2304479, 2304480, 2304477, 2304476]",82,2304476,ruby,unknown,,ruby,rspec,1.0,,911,0,911,1,,6.82,,0
2307816,activerecord-hackery/squeel,0.0,,,ruby,,master,,,build_found,854f66eee0847118ee192c1cc333a4c18b39beec,2304475,,3,c04b453d17465f09bc5106aacd4250745235a493,1,c04b453d17465f09bc5106aacd4250745235a493,,c04b453d17465f09bc5106aacd4250745235a493,,0,,6,18,0,0,4,0,0,4,0,0,31,2262,1347.4801061008,158.709106984969,388.15207780725,1.0,,,2012-09-02 02:12:16,passed,558,"[2307822, 2307818, 2307820, 2307821, 2307819, 2307817]",83,2307821,ruby,unknown,,ruby,rspec,1.0,,921,0,921,2,,5.59,,0
2307858,activerecord-hackery/squeel,0.0,,,ruby,,master,,,build_found,c04b453d17465f09bc5106aacd4250745235a493,2307816,,3,f878f60a601f57007622757d69626242c9a243c3,1,f878f60a601f57007622757d69626242c9a243c3,,f878f60a601f57007622757d69626242c9a243c3,,0,,10,0,0,0,2,0,0,2,0,0,41,2262,1347.4801061008,158.709106984969,388.15207780725,1.0,,,2012-09-02 02:18:15,passed,517,"[2307864, 2307859, 2307863, 2307862, 2307860, 2307861]",84,2307860,ruby,unknown,,ruby,rspec,1.0,,911,0,911,2,,6.81,,0
2322767,activerecord-hackery/squeel,0.0,,,ruby,,master,,,build_found,f878f60a601f57007622757d69626242c9a243c3,2307858,,3,b4204123dfae3979b6b2288a4dd36f5c35ec01c5,1,b4204123dfae3979b6b2288a4dd36f5c35ec01c5,,b4204123dfae3979b6b2288a4dd36f5c35ec01c5,,0,,11,0,0,0,3,0,0,3,0,0,49,2261,1348.07607253428,158.779301194162,388.323750552853,1.0,,,2012-09-03 19:38:57,passed,542,"[2322768, 2322769, 2322772, 2322771, 2322770, 2322773]",85,2322769,ruby,unknown,,ruby,rspec,1.0,,911,0,911,2,,8.84,,0
2322967,activerecord-hackery/squeel,0.0,,,ruby,,master,,,build_found,b4204123dfae3979b6b2288a4dd36f5c35ec01c5,2322767,,3,df12f2e36d56b1faa73f1ef275712f481b23be0c,1,df12f2e36d56b1faa73f1ef275712f481b23be0c,,df12f2e36d56b1faa73f1ef275712f481b23be0c,,2,,10,0,0,0,3,0,0,3,0,0,50,2262,1347.4801061008,158.709106984969,388.15207780725,1.0,,,2012-09-03 19:55:00,passed,467,"[2322972, 2322968, 2322971, 2322970, 2322969, 2322973]",86,2322973,ruby,unknown,,ruby,rspec,1.0,,921,0,921,4,,4.95,,0
2325522,activerecord-hackery/squeel,0.0,,,ruby,,master,,,build_found,df12f2e36d56b1faa73f1ef275712f481b23be0c,2322967,,3,298357b68bbaa2b9786c0927ce1eafeb68ef021b,1,298357b68bbaa2b9786c0927ce1eafeb68ef021b,,298357b68bbaa2b9786c0927ce1eafeb68ef021b,,0,,1503,0,4,0,14,0,0,18,0,0,30,2000,1524.0,179.5,439.0,1.0,,,2012-09-04 00:55:28,failed,419,"[2325528, 2325524, 2325525, 2325526, 2325523, 2325527]",87,2325526,ruby,unknown,,ruby,rspec,1.0,,921,0,921,1,,4.44,,0
2655734,activerecord-hackery/squeel,0.0,,,ruby,,master,,,merge_found,,,,3,6b743f1445f0d66a8f99feb249db67bc8434af79,1,6b743f1445f0d66a8f99feb249db67bc8434af79,,6b743f1445f0d66a8f99feb249db67bc8434af79,,0,,54,0,0,0,1,0,0,1,0,0,16,2000,1524.0,179.5,439.0,1.0,,,2012-10-03 22:13:04,failed,0,"[2655740, 2655739, 2655738, 2655736, 2655735, 2655737]",92,2655737,java,unknown,,java-ant,,0.0,,,,,,,,,0
2657865,activerecord-hackery/squeel,0.0,,,ruby,,master,,,merge_found,,,,3,6b743f1445f0d66a8f99feb249db67bc8434af79,1,6b743f1445f0d66a8f99feb249db67bc8434af79,,6b743f1445f0d66a8f99feb249db67bc8434af79,,0,,54,0,0,0,1,0,0,1,0,0,16,2000,1524.0,179.5,439.0,1.0,,,2012-10-04 00:33:12,passed,487,"[2657871, 2657869, 2657866, 2657867, 2657870, 2657868]",93,2657867,ruby,unknown,,ruby,rspec,1.0,,911,0,911,2,,5.02,,0
2699590,activerecord-hackery/squeel,0.0,,,ruby,,master,,,build_found,6b743f1445f0d66a8f99feb249db67bc8434af79,2657865,,3,c4f5dd89bcabaf61c7917b85df88fcfda1d2c089,1,c4f5dd89bcabaf61c7917b85df88fcfda1d2c089,,c4f5dd89bcabaf61c7917b85df88fcfda1d2c089,,0,,4,5,0,0,3,0,0,3,0,0,24,2000,1526.0,180.0,439.5,1.0,,,2012-10-07 20:31:20,passed,485,"[2699596, 2699595, 2699594, 2699591, 2699593, 2699592]",94,2699591,ruby,unknown,,ruby,rspec,1.0,,912,0,912,1,,8.27,,0
2699626,activerecord-hackery/squeel,0.0,,,ruby,,master,,,build_found,c4f5dd89bcabaf61c7917b85df88fcfda1d2c089,2699590,,3,bd8d604fb145d1ef0fab2c2b1e1e7a0d47df3729,1,bd8d604fb145d1ef0fab2c2b1e1e7a0d47df3729,,bd8d604fb145d1ef0fab2c2b1e1e7a0d47df3729,,0,,1,0,0,0,1,0,0,1,0,0,6,1999,1526.76338169085,180.090045022511,439.719859929965,1.0,,,2012-10-07 20:35:58,passed,474,"[2699630, 2699631, 2699629, 2699632, 2699628, 2699627]",95,2699627,ruby,unknown,,ruby,rspec,1.0,,912,0,912,1,,5.58,,0
2706506,activerecord-hackery/squeel,0.0,,,ruby,,master,,,build_found,bd8d604fb145d1ef0fab2c2b1e1e7a0d47df3729,2699626,,3,284f0bf9933e602ddc8989fadae13903ca25d4ae,1,284f0bf9933e602ddc8989fadae13903ca25d4ae,,284f0bf9933e602ddc8989fadae13903ca25d4ae,,0,,5,0,0,0,1,0,0,1,0,0,13,1999,1526.76338169085,180.090045022511,439.719859929965,1.0,,,2012-10-08 12:49:37,passed,497,"[2706510, 2706508, 2706509, 2706511, 2706512, 2706507]",98,2706511,ruby,unknown,,ruby,rspec,1.0,,922,0,922,2,,3.38,,0
2747753,activerecord-hackery/squeel,0.0,,,ruby,,master,,,build_found,284f0bf9933e602ddc8989fadae13903ca25d4ae,2706506,,3,92c01948b5599ab7385613aff0dcba2fd3010459,1,92c01948b5599ab7385613aff0dcba2fd3010459,,92c01948b5599ab7385613aff0dcba2fd3010459,,0,,7,20,1,0,2,0,0,3,0,0,15,2000,1534.0,180.5,440.0,1.0,,,2012-10-11 12:26:07,passed,514,"[2747759, 2747757, 2747755, 2747756, 2747754, 2747758]",99,2747759,ruby,unknown,,ruby,rspec,1.0,,923,0,923,4,,4.47,,0
3503953,activerecord-hackery/squeel,0.0,,,ruby,,master,,,build_found,92c01948b5599ab7385613aff0dcba2fd3010459,2747753,,3,7807c3e6bc3bb3349d4f6ce8641c228cc0f200d9,1,7807c3e6bc3bb3349d4f6ce8641c228cc0f200d9,,7807c3e6bc3bb3349d4f6ce8641c228cc0f200d9,,0,,2,11,0,0,3,0,0,3,0,0,25,2000,1537.5,180.5,440.5,1.0,,,2012-12-04 23:31:36,failed,590,"[3503955, 3503957, 3503956, 3503954, 3503959, 3503958]",101,3503958,ruby,unknown,,ruby,rspec,1.0,,924,0,924,2,,7.64,,0
3505282,activerecord-hackery/squeel,0.0,,,ruby,,master,,,build_found,7807c3e6bc3bb3349d4f6ce8641c228cc0f200d9,3503953,,3,652046de874d070919137857f152b505685cec35,1,652046de874d070919137857f152b505685cec35,,652046de874d070919137857f152b505685cec35,,0,,12,0,0,0,2,0,0,2,0,0,22,2004,1534.43113772455,180.139720558882,439.620758483034,1.0,,,2012-12-05 01:32:55,failed,537,"[3505283, 3505285, 3505284, 3505288, 3505286, 3505287]",102,3505286,ruby,unknown,,ruby,rspec,1.0,,924,0,924,1,,7.49,,0
3506301,activerecord-hackery/squeel,0.0,,,ruby,,master,,,build_found,652046de874d070919137857f152b505685cec35,3505282,,3,c765152ea54d8b76900c72629b6b7e4b0c390c68,1,c765152ea54d8b76900c72629b6b7e4b0c390c68,,c765152ea54d8b76900c72629b6b7e4b0c390c68,,0,,8,8,0,0,3,0,0,3,0,0,29,2007,1534.13054309915,179.870453413054,438.963627304435,1.0,,,2012-12-05 03:28:41,passed,548,"[3506304, 3506305, 3506303, 3506302, 3506307, 3506306]",104,3506304,ruby,unknown,,ruby,rspec,1.0,,914,0,914,5,,6.44,,0
3513186,activerecord-hackery/squeel,0.0,,,ruby,,master,,,merge_found,,,,3,dbbc205475d29ac1ec512de820995b3aa1f1d239,1,dbbc205475d29ac1ec512de820995b3aa1f1d239,,dbbc205475d29ac1ec512de820995b3aa1f1d239,,0,,4,0,0,0,1,0,0,1,0,0,19,2007,1534.13054309915,179.870453413054,438.963627304435,1.0,,,2012-12-05 14:11:04,passed,723,"[3513190, 3513191, 3513188, 3513189, 3513192, 3513187]",108,3513187,ruby,unknown,,ruby,rspec,1.0,,914,0,914,2,,8.01,,0
3551243,activerecord-hackery/squeel,0.0,,,ruby,,master,,,merge_found,,,,3,aafe139c555a9c57f75f470d3e87003d60963ed7,1,aafe139c555a9c57f75f470d3e87003d60963ed7,,aafe139c555a9c57f75f470d3e87003d60963ed7,,0,,20,0,0,0,1,0,0,1,0,0,21,2007,1534.13054309915,179.870453413054,438.963627304435,1.0,,,2012-12-07 15:58:40,passed,635,"[3551244, 3551245, 3551249, 3551248, 3551247, 3551246]",111,3551249,ruby,unknown,,ruby,rspec,1.0,,924,0,924,4,,8.27,,0
3551318,activerecord-hackery/squeel,0.0,,,ruby,,master,,,build_found,aafe139c555a9c57f75f470d3e87003d60963ed7,3551243,,3,72f6eb7f8ba9b98acd5ac88b5cec5eb3ccadce3c,1,72f6eb7f8ba9b98acd5ac88b5cec5eb3ccadce3c,,72f6eb7f8ba9b98acd5ac88b5cec5eb3ccadce3c,,0,,13,10,0,0,7,0,0,7,0,0,60,2007,1534.13054309915,179.870453413054,438.963627304435,1.0,,,2012-12-07 16:06:06,failed,787,"[3551322, 3551323, 3551321, 3551320, 3551319, 3551324]",112,3551324,ruby,unknown,,ruby,rspec,1.0,,924,0,924,4,,9.39,,0
3551746,activerecord-hackery/squeel,0.0,,,ruby,,master,,,build_found,aafe139c555a9c57f75f470d3e87003d60963ed7,3551243,,3,72f6eb7f8ba9b98acd5ac88b5cec5eb3ccadce3c,1,72f6eb7f8ba9b98acd5ac88b5cec5eb3ccadce3c,,72f6eb7f8ba9b98acd5ac88b5cec5eb3ccadce3c,,0,,13,10,0,0,7,0,0,7,0,0,60,2007,1534.13054309915,179.870453413054,438.963627304435,1.0,,,2012-12-07 16:19:36,passed,632,"[3551750, 3551748, 3551749, 3551747, 3551752, 3551751]",114,3551748,ruby,unknown,,ruby,rspec,1.0,,914,0,914,3,,4.73,,0
4231371,activerecord-hackery/squeel,0.0,,,ruby,,master,,,build_found,72f6eb7f8ba9b98acd5ac88b5cec5eb3ccadce3c,3551746,,3,11ee6214099cedfc9c63fc5d90431fe0d70f7858,1,11ee6214099cedfc9c63fc5d90431fe0d70f7858,,11ee6214099cedfc9c63fc5d90431fe0d70f7858,,0,,2,6,0,0,2,0,0,2,0,0,28,2007,1536.62182361734,180.368709516692,439.461883408072,1.0,,,2013-01-18 14:19:58,failed,659,"[4231377, 4231376, 4231375, 4231374, 4231372, 4231373]",115,4231377,ruby,unknown,,ruby,rspec,1.0,,923,2,925,4,,7.65,,0
4232463,activerecord-hackery/squeel,0.0,,,ruby,,master,,,build_found,11ee6214099cedfc9c63fc5d90431fe0d70f7858,4231371,,3,e63fca7bc8b1dfac08a5cb792e5e44cdff7c7a47,1,e63fca7bc8b1dfac08a5cb792e5e44cdff7c7a47,,e63fca7bc8b1dfac08a5cb792e5e44cdff7c7a47,,0,,6,0,0,0,1,0,0,1,0,0,11,2010,1534.32835820896,180.099502487562,438.805970149254,1.0,,,2013-01-18 15:28:19,passed,746,"[4232469, 4232464, 4232468, 4232465, 4232467, 4232466]",116,4232467,ruby,unknown,,ruby,rspec,1.0,,925,0,925,1,,5.22,,0
4338337,activerecord-hackery/squeel,0.0,,,ruby,,master,,,build_found,e63fca7bc8b1dfac08a5cb792e5e44cdff7c7a47,4232463,,3,275d23d2b2afbd974025de909db856f9772fa3e5,1,275d23d2b2afbd974025de909db856f9772fa3e5,,275d23d2b2afbd974025de909db856f9772fa3e5,,0,,5,0,0,0,1,0,0,1,0,0,16,2010,1534.32835820896,180.099502487562,438.805970149254,1.0,,,2013-01-23 19:22:25,passed,707,"[4338339, 4338340, 4338341, 4338338, 4338343, 4338342]",118,4338340,ruby,unknown,,ruby,rspec,1.0,,915,0,915,5,,4.83,,0
4735154,activerecord-hackery/squeel,0.0,,,ruby,,master,,,build_found,275d23d2b2afbd974025de909db856f9772fa3e5,4338337,,3,8280126b5ec787355c0d7e6a1cd5e2691f571f9d,1,8280126b5ec787355c0d7e6a1cd5e2691f571f9d,,8280126b5ec787355c0d7e6a1cd5e2691f571f9d,,0,,42,6,0,0,4,0,0,4,0,0,53,2021,1528.45126175161,179.614052449283,436.91241959426,1.0,,,2013-02-12 00:34:31,passed,582,"[4735160, 4735157, 4735158, 4735156, 4735155, 4735159]",120,4735160,ruby,unknown,,ruby,rspec,1.0,,926,0,926,4,,3.55,,0
4736115,activerecord-hackery/squeel,0.0,,,ruby,,master,,,build_found,8280126b5ec787355c0d7e6a1cd5e2691f571f9d,4735154,,3,959caff6e52c7a4f899cd59067d6b72f0bce9e46,1,959caff6e52c7a4f899cd59067d6b72f0bce9e46,,959caff6e52c7a4f899cd59067d6b72f0bce9e46,,0,,12,40,0,0,2,0,0,2,0,0,27,2031,1533.23485967504,181.191531265387,437.223042836041,1.0,,,2013-02-12 01:41:17,failed,564,"[4736116, 4736121, 4736120, 4736117, 4736118, 4736119]",121,4736116,ruby,unknown,,ruby,rspec,1.0,,921,0,921,2,,9.15,,0
4736349,activerecord-hackery/squeel,0.0,,,ruby,,master,,,build_found,959caff6e52c7a4f899cd59067d6b72f0bce9e46,4736115,,3,b067f4c61766452e59e3e30762a769422ade5539,1,b067f4c61766452e59e3e30762a769422ade5539,,b067f4c61766452e59e3e30762a769422ade5539,,0,,2,0,0,0,1,0,0,1,0,0,10,2033,1531.72651254304,181.013280865716,436.792916871618,1.0,,,2013-02-12 02:01:29,passed,587,"[4736355, 4736353, 4736351, 4736352, 4736354, 4736350]",122,4736355,ruby,unknown,,ruby,rspec,1.0,,931,0,931,4,,4.69,,0
4745068,activerecord-hackery/squeel,0.0,,,ruby,,master,,,build_found,b067f4c61766452e59e3e30762a769422ade5539,4736349,,3,e48e7eea887886e961c87229bed49e98633e011c,1,e48e7eea887886e961c87229bed49e98633e011c,,e48e7eea887886e961c87229bed49e98633e011c,,0,,2,0,0,0,1,0,0,1,0,0,18,2033,1531.72651254304,181.013280865716,436.792916871618,1.0,,,2013-02-12 13:42:07,passed,598,"[4745072, 4745071, 4745073, 4745074, 4745069, 4745070]",123,4745072,ruby,unknown,,ruby,rspec,1.0,,931,0,931,1,,3.69,,0
4745200,activerecord-hackery/squeel,0.0,,,ruby,,master,,,build_found,e48e7eea887886e961c87229bed49e98633e011c,4745068,,3,1864176f9825485c7ac09ba6fdfbe037f3bbc260,1,1864176f9825485c7ac09ba6fdfbe037f3bbc260,,1864176f9825485c7ac09ba6fdfbe037f3bbc260,,0,,1,0,0,0,1,0,0,1,0,0,3,2032,1532.48031496063,181.102362204724,437.007874015748,1.0,,,2013-02-12 13:50:29,passed,634,"[4745205, 4745202, 4745204, 4745203, 4745206, 4745201]",124,4745205,ruby,unknown,,ruby,rspec,1.0,,931,0,931,2,,3.72,,0
5137266,activerecord-hackery/squeel,0.0,,,ruby,,master,,,build_found,1864176f9825485c7ac09ba6fdfbe037f3bbc260,4745200,,3,af0479a3072488f254b397d99db21f8b9d3fcd64,1,af0479a3072488f254b397d99db21f8b9d3fcd64,,af0479a3072488f254b397d99db21f8b9d3fcd64,,0,,53,44,0,0,5,0,0,5,0,0,65,2010,1534.32835820896,180.099502487562,438.805970149254,1.0,,,2013-02-28 16:35:37,passed,642,"[5137272, 5137268, 5137269, 5137270, 5137271, 5137267]",127,5137267,ruby,ok,,ruby,rspec,1.0,,915,0,915,2,,8.95,,0
5313161,activerecord-hackery/squeel,0.0,,,ruby,,master,,,build_found,af0479a3072488f254b397d99db21f8b9d3fcd64,5137266,,3,069a9ef97916df1e244692cc386ecb53ed50a78a,1,069a9ef97916df1e244692cc386ecb53ed50a78a,,069a9ef97916df1e244692cc386ecb53ed50a78a,,0,,7,7,0,0,3,0,0,3,0,0,50,2011,1536.54898060666,180.507210343113,439.582297364495,1.0,,,2013-03-07 13:37:38,passed,577,"[5313168, 5313166, 5313165, 5313162, 5313169, 5313167]",129,5313165,ruby,ok,,ruby,rspec,1.0,,916,0,916,3,,5.8,,0
5762555,activerecord-hackery/squeel,0.0,,,ruby,,master,,,build_found,069a9ef97916df1e244692cc386ecb53ed50a78a,5313161,,3,66c26784818ea364e1d61cd1372770517b4bf085,1,66c26784818ea364e1d61cd1372770517b4bf085,,66c26784818ea364e1d61cd1372770517b4bf085,,0,,0,12,0,0,1,0,0,1,0,0,5,2011,1540.5271009448,180.507210343113,439.582297364495,1.0,,,2013-03-24 18:22:16,passed,353,"[5762560, 5762561, 5762559, 5762558, 5762556, 5762557]",132,5762561,ruby,ok,,ruby,rspec,1.0,,926,0,926,4,,4.68,,0
5762588,activerecord-hackery/squeel,0.0,,,ruby,,master,,,build_found,66c26784818ea364e1d61cd1372770517b4bf085,5762555,,3,c2bbcfb56ce7a6a76d4686e7e02721e42fb2ecc6,1,c2bbcfb56ce7a6a76d4686e7e02721e42fb2ecc6,,c2bbcfb56ce7a6a76d4686e7e02721e42fb2ecc6,,0,,0,12,0,0,1,0,0,1,0,0,6,2011,1536.54898060666,180.507210343113,439.582297364495,1.0,,,2013-03-24 18:23:52,passed,367,"[5762594, 5762592, 5762593, 5762591, 5762590, 5762589]",133,5762591,ruby,ok,,ruby,rspec,1.0,,916,0,916,5,,5.56,,0
5762721,activerecord-hackery/squeel,0.0,,,ruby,,master,,,build_found,c2bbcfb56ce7a6a76d4686e7e02721e42fb2ecc6,5762588,,3,bbbce192e0df1bdac5c8d7055d8d9515af8b573f,1,bbbce192e0df1bdac5c8d7055d8d9515af8b573f,,bbbce192e0df1bdac5c8d7055d8d9515af8b573f,,0,,4,12,0,0,3,0,0,3,0,0,9,2011,1536.54898060666,180.507210343113,439.582297364495,1.0,,,2013-03-24 18:31:55,passed,356,"[5762729, 5762728, 5762723, 5762722, 5762724, 5762725]",134,5762724,ruby,ok,,ruby,rspec,1.0,,916,0,916,5,,5.3,,0
6443961,activerecord-hackery/squeel,0.0,,,ruby,,master,,,merge_found,,,,3,6ed0dcfa3f473e400d21567de2be2be75aa6ae3a,1,6ed0dcfa3f473e400d21567de2be2be75aa6ae3a,,6ed0dcfa3f473e400d21567de2be2be75aa6ae3a,,0,,360,0,0,0,1,0,0,1,0,0,23,2011,1536.54898060666,180.507210343113,439.582297364495,1.0,,,2013-04-18 12:43:05,passed,405,"[6443967, 6443964, 6443965, 6443966, 6443963, 6443962]",136,6443964,ruby,ok,,ruby,rspec,1.0,,916,0,916,5,,5.79,,0
6909613,activerecord-hackery/squeel,0.0,,,ruby,,master,,,merge_found,,,,3,732ce4041c0651d845fac0b31a9d00a0213bfafc,1,732ce4041c0651d845fac0b31a9d00a0213bfafc,,732ce4041c0651d845fac0b31a9d00a0213bfafc,,0,,360,0,0,0,1,0,0,1,0,0,24,2108,1468.69070208729,172.201138519924,419.354838709677,1.0,,,2013-05-06 01:33:37,passed,96,[6909614],137,6909614,ruby,ok,,ruby,rspec,1.0,,926,0,926,2,,4.94,,0
7086852,activerecord-hackery/squeel,0.0,,,ruby,,master,,,build_found,732ce4041c0651d845fac0b31a9d00a0213bfafc,6909613,,3,e74aa5030a587adb782a816f1eecb1e51afda9d9,1,e74aa5030a587adb782a816f1eecb1e51afda9d9,,e74aa5030a587adb782a816f1eecb1e51afda9d9,,0,,14,9,0,0,2,0,0,2,0,0,28,2118,1465.53352219075,171.860245514636,417.847025495751,1.0,,,2013-05-11 20:30:42,passed,60,[7086853],138,7086853,ruby,ok,,ruby,rspec,1.0,,927,0,927,2,,5.34,,0
7498649,activerecord-hackery/squeel,0.0,,,ruby,,master,,,build_found,e74aa5030a587adb782a816f1eecb1e51afda9d9,7086852,,3,42703ddc4d18fd4b57563b36e1fc5701147e4ccd,1,42703ddc4d18fd4b57563b36e1fc5701147e4ccd,,42703ddc4d18fd4b57563b36e1fc5701147e4ccd,,0,,0,4,0,0,2,0,0,1,0,1,9,2118,1466.94995278565,171.860245514636,417.847025495751,1.0,,,2013-05-25 21:26:47,passed,107,[7498650],139,7498650,ruby,ok,,ruby,rspec,1.0,,927,0,927,2,,6.22,,0
7499352,activerecord-hackery/squeel,0.0,,,ruby,,master,,,build_found,42703ddc4d18fd4b57563b36e1fc5701147e4ccd,7498649,,3,e3fa6577775df8c9d76f1bdaf78fface19f3def7,1,e3fa6577775df8c9d76f1bdaf78fface19f3def7,,e3fa6577775df8c9d76f1bdaf78fface19f3def7,,0,,30,31,0,1,5,0,0,5,0,1,35,2119,1473.33647947145,171.779141104294,417.649834827749,1.0,,,2013-05-25 22:13:21,passed,435,"[7499354, 7499353, 7499355, 7499356]",140,7499354,ruby,ok,,ruby,rspec,1.0,,927,0,927,2,,4.98,,0
7776146,activerecord-hackery/squeel,0.0,,,ruby,,master,,,build_found,e3fa6577775df8c9d76f1bdaf78fface19f3def7,7499352,,3,c232bf9ea9240f96cf84c18d6ea2bd8d11ab563e,1,c232bf9ea9240f96cf84c18d6ea2bd8d11ab563e,,c232bf9ea9240f96cf84c18d6ea2bd8d11ab563e,,0,,86,46,0,0,17,0,0,17,0,0,115,2119,1473.33647947145,171.779141104294,417.649834827749,1.0,,,2013-06-04 16:56:06,passed,343,"[7776147, 7776148, 7776150, 7776149]",141,7776149,ruby,ok,,ruby,rspec,1.0,,927,0,927,3,,6.39,,0
9067694,activerecord-hackery/squeel,0.0,,,ruby,,master,,,build_found,c232bf9ea9240f96cf84c18d6ea2bd8d11ab563e,7776146,,3,b566cab6f25ac52b827dc0625b9243d3760dc80b,1,b566cab6f25ac52b827dc0625b9243d3760dc80b,,b566cab6f25ac52b827dc0625b9243d3760dc80b,,0,,19,16,0,0,2,0,0,2,0,0,30,2130,1471.83098591549,171.361502347418,415.962441314554,1.0,,,2013-07-14 16:54:05,passed,252,"[9067695, 9067698, 9067697, 9067696]",142,9067695,ruby,ok,,ruby,rspec,1.0,,928,0,928,3,,4.52,,0
9069415,activerecord-hackery/squeel,0.0,,,ruby,,master,,,build_found,b566cab6f25ac52b827dc0625b9243d3760dc80b,9067694,,3,c04fc129cd17ea95ee6203840a7ca66a1de0cc13,1,c04fc129cd17ea95ee6203840a7ca66a1de0cc13,,c04fc129cd17ea95ee6203840a7ca66a1de0cc13,,0,,25,5,0,0,3,0,0,3,0,0,50,2144,1464.08582089552,170.708955223881,413.712686567164,1.0,,,2013-07-14 18:07:03,passed,281,"[9069417, 9069418, 9069416, 9069419]",143,9069417,ruby,ok,,ruby,rspec,1.0,,929,0,929,3,,5.52,,0
9069721,activerecord-hackery/squeel,0.0,,,ruby,,master,,,build_found,c04fc129cd17ea95ee6203840a7ca66a1de0cc13,9069415,,3,616ec03d89f93c49acd68d7d0bbf4aab4985d1e3,1,616ec03d89f93c49acd68d7d0bbf4aab4985d1e3,,616ec03d89f93c49acd68d7d0bbf4aab4985d1e3,,0,,13,8,0,0,3,0,0,3,0,0,29,2142,1465.45284780579,170.868347338936,414.098972922502,1.0,,,2013-07-14 18:17:59,passed,368,"[9069722, 9069723, 9069724, 9069725]",144,9069724,ruby,ok,,ruby,rspec,1.0,,929,0,929,4,,4.54,,0
9097611,activerecord-hackery/squeel,0.0,,,ruby,,master,,,build_found,616ec03d89f93c49acd68d7d0bbf4aab4985d1e3,9069721,,3,dfbdd68d10bf6f3750d860f9ed41f0cc16858ac1,1,dfbdd68d10bf6f3750d860f9ed41f0cc16858ac1,,dfbdd68d10bf6f3750d860f9ed41f0cc16858ac1,,0,,38,6,0,0,3,0,0,3,0,0,52,2163,1449.37586685159,169.209431345354,410.078594544614,1.0,,,2013-07-15 14:17:50,passed,326,"[9097614, 9097615, 9097612, 9097613]",145,9097615,ruby,ok,,ruby,rspec,1.0,,929,0,929,6,,4.24,,0
9244080,activerecord-hackery/squeel,0.0,,,ruby,,master,,,build_found,dfbdd68d10bf6f3750d860f9ed41f0cc16858ac1,9097611,,3,6b73fb47e13c212744e90badc48895fe335e2966,1,6b73fb47e13c212744e90badc48895fe335e2966,,6b73fb47e13c212744e90badc48895fe335e2966,,0,,27,18,0,0,2,0,0,2,0,0,33,2166,1454.75530932595,169.898430286242,411.357340720222,1.0,,,2013-07-18 21:09:32,passed,293,"[9244084, 9244086, 9244082, 9244085]",147,9244086,ruby,ok,,ruby,rspec,1.0,,931,0,931,7,,4.57,,0
9244103,activerecord-hackery/squeel,0.0,,,ruby,,master,,,build_found,6b73fb47e13c212744e90badc48895fe335e2966,9244080,,3,20501704e415caacb4a2b76bd6e39d93baba3188,1,20501704e415caacb4a2b76bd6e39d93baba3188,,20501704e415caacb4a2b76bd6e39d93baba3188,,0,,1,0,0,0,1,0,0,1,0,0,24,2166,1454.75530932595,169.898430286242,411.357340720222,1.0,,,2013-07-18 21:10:19,passed,325,"[9244106, 9244105, 9244107, 9244104]",148,9244104,ruby,ok,,ruby,rspec,1.0,,931,0,931,2,,4.85,,0
9266111,activerecord-hackery/squeel,0.0,,,ruby,,master,,,merge_found,,,,4,086024bbee2150d4ef81c3ffbddeb80895579cf4,1,086024bbee2150d4ef81c3ffbddeb80895579cf4,,086024bbee2150d4ef81c3ffbddeb80895579cf4,,0,,2,0,0,0,1,0,0,1,0,0,27,2166,1454.75530932595,169.898430286242,411.357340720222,1.0,,,2013-07-19 13:09:02,passed,277,"[9266115, 9266114, 9266112, 9266113]",149,9266112,ruby,ok,,ruby,rspec,1.0,,931,0,931,2,,4.81,,0
9266219,activerecord-hackery/squeel,0.0,,,ruby,,master,,,merge_found,,,,4,23281d5d65f0039c4774fea9dfb687537044a947,1,23281d5d65f0039c4774fea9dfb687537044a947,,23281d5d65f0039c4774fea9dfb687537044a947,,0,,4,0,0,0,1,0,0,1,0,0,29,2166,1454.75530932595,169.898430286242,411.357340720222,1.0,,,2013-07-19 13:12:49,passed,306,"[9266220, 9266222, 9266221, 9266223]",150,9266221,ruby,ok,,ruby,rspec,1.0,,931,0,931,4,,4.08,,0
9759473,activerecord-hackery/squeel,0.0,,,ruby,,master,,,merge_found,,,,4,20eb0fa8826e2c0992ab3c3b3b59256ddd78dbbf,1,20eb0fa8826e2c0992ab3c3b3b59256ddd78dbbf,,20eb0fa8826e2c0992ab3c3b3b59256ddd78dbbf,,0,,12,0,0,0,1,0,0,1,0,0,32,2166,1454.75530932595,169.898430286242,411.357340720222,1.0,,,2013-08-02 01:36:28,passed,269,"[9759477, 9759474, 9759476, 9759475]",154,9759477,ruby,ok,,ruby,rspec,1.0,,931,0,931,7,,5.48,,0
10931369,activerecord-hackery/squeel,0.0,,,ruby,,master,,,merge_found,,,,4,4360bf71f37e69e64d5ca2b4c23e97f95f8fad3f,1,4360bf71f37e69e64d5ca2b4c23e97f95f8fad3f,,4360bf71f37e69e64d5ca2b4c23e97f95f8fad3f,,0,,36,4,0,0,3,0,0,3,0,0,38,2147,1469.02654867257,171.867722403354,415.463437354448,1.0,,,2013-09-03 12:25:49,passed,319,"[10931371, 10931373, 10931372, 10931370]",155,10931373,ruby,ok,,ruby,rspec,1.0,,932,0,932,7,,5.08,,0
10935000,activerecord-hackery/squeel,0.0,,,ruby,,master,,,build_found,4360bf71f37e69e64d5ca2b4c23e97f95f8fad3f,10931369,,4,2f5b4851b87ec01bbd30472448987a90496db5b1,1,2f5b4851b87ec01bbd30472448987a90496db5b1,,2f5b4851b87ec01bbd30472448987a90496db5b1,,0,,54,41,0,0,6,0,0,6,0,0,91,2182,1457.83684692942,171.86067827681,411.549037580202,1.0,,,2013-09-03 13:58:37,failed,315,"[10935001, 10935002, 10935004, 10935003]",156,10935004,ruby,broken,,ruby,rspec,1.0,,932,6,938,7,,4.44,,0
10935309,activerecord-hackery/squeel,0.0,,,ruby,,master,,,build_found,2f5b4851b87ec01bbd30472448987a90496db5b1,10935000,,4,ce7bac29de992611b538ebaa1593c6df262357d9,1,ce7bac29de992611b538ebaa1593c6df262357d9,,ce7bac29de992611b538ebaa1593c6df262357d9,,0,,2,0,0,0,1,0,0,1,0,0,34,2182,1457.83684692942,171.86067827681,411.549037580202,1.0,,,2013-09-03 14:08:22,failed,301,"[10935312, 10935310, 10935311, 10935313]",157,10935313,ruby,broken,,ruby,rspec,1.0,,932,6,938,7,,4.28,,0
10936930,activerecord-hackery/squeel,0.0,,,ruby,,master,,,build_found,ce7bac29de992611b538ebaa1593c6df262357d9,10935309,,4,d9ab4ab9647a7ef5bc84390e3a128506cd00efb7,1,d9ab4ab9647a7ef5bc84390e3a128506cd00efb7,,d9ab4ab9647a7ef5bc84390e3a128506cd00efb7,,0,,2,0,0,0,1,0,0,1,0,0,35,2182,1457.83684692942,171.86067827681,411.549037580202,1.0,,,2013-09-03 14:46:30,failed,305,"[10936933, 10936934, 10936931, 10936932]",158,10936934,ruby,broken,,ruby,rspec,1.0,,932,6,938,7,,5.52,,0
10938228,activerecord-hackery/squeel,0.0,,,ruby,,master,,,build_found,d9ab4ab9647a7ef5bc84390e3a128506cd00efb7,10936930,,4,f0688901b176b928a65b5f53e2a5d5bd4f0bdca4,1,f0688901b176b928a65b5f53e2a5d5bd4f0bdca4,,f0688901b176b928a65b5f53e2a5d5bd4f0bdca4,,0,,11,0,0,0,1,0,0,1,0,0,12,2192,1451.18613138686,171.076642335766,409.671532846715,1.0,,,2013-09-03 15:18:29,passed,329,"[10938230, 10938231, 10938229, 10938232]",159,10938231,ruby,ok,,ruby,rspec,1.0,,938,0,938,5,,4.17,,0
10939603,activerecord-hackery/squeel,0.0,,,ruby,,master,,,build_found,f0688901b176b928a65b5f53e2a5d5bd4f0bdca4,10938228,,4,74cca8bae7fa33f3d4d88694207a30d4a2d29984,1,74cca8bae7fa33f3d4d88694207a30d4a2d29984,,74cca8bae7fa33f3d4d88694207a30d4a2d29984,,0,,4,0,0,0,2,0,0,2,0,0,57,2192,1451.18613138686,171.076642335766,409.671532846715,1.0,,,2013-09-03 15:51:57,passed,305,"[10939610, 10939605, 10939608, 10939613]",160,10939608,ruby,ok,,ruby,rspec,1.0,,938,0,938,4,,5.33,,0
11660596,activerecord-hackery/squeel,0.0,,,ruby,,master,,,build_found,74cca8bae7fa33f3d4d88694207a30d4a2d29984,10939603,,4,db1e244afc7e108d69306a0b1dfb776309bf5a03,1,db1e244afc7e108d69306a0b1dfb776309bf5a03,,db1e244afc7e108d69306a0b1dfb776309bf5a03,,0,,1,0,0,0,1,0,0,1,0,0,17,2191,1451.8484710178,171.154723870379,409.858512094934,1.0,,,2013-09-22 17:38:52,passed,224,"[11660597, 11660598, 11660599, 11660600]",161,11660597,ruby,ok,,ruby,rspec,1.0,,938,0,938,2,,4.27,,0
12033027,activerecord-hackery/squeel,0.0,,,ruby,,master,,,build_found,db1e244afc7e108d69306a0b1dfb776309bf5a03,11660596,,4,eaa0033e0cc04c1cfa80bdbd2bfda31d3bc74e40,1,eaa0033e0cc04c1cfa80bdbd2bfda31d3bc74e40,,eaa0033e0cc04c1cfa80bdbd2bfda31d3bc74e40,,0,,147,12,1,0,4,0,0,5,0,0,40,2299,1387.99478033928,163.984341017834,391.47455415398,1.0,,,2013-10-02 00:45:10,passed,265,"[12033028, 12033029, 12033030, 12033031]",162,12033029,ruby,ok,,ruby,rspec,1.0,,940,0,940,4,,5.27,,0
12329371,activerecord-hackery/squeel,0.0,,,ruby,,master,,,build_found,eaa0033e0cc04c1cfa80bdbd2bfda31d3bc74e40,12033027,,4,b14aaa348371d00189b28c343506cc2d7a9ce0c1,1,b14aaa348371d00189b28c343506cc2d7a9ce0c1,,b14aaa348371d00189b28c343506cc2d7a9ce0c1,,0,,7,8,0,0,4,0,0,4,0,0,70,2299,1390.16963897347,164.419312744672,391.909525880818,1.0,,,2013-10-09 16:48:42,passed,348,"[12329372, 12329373, 12329374, 12329375]",163,12329374,ruby,ok,,ruby,rspec,1.0,,941,0,941,5,,0.0,,0
13039971,activerecord-hackery/squeel,0.0,,,ruby,,master,,,merge_found,,,,2,d37122201707ba7b2b882dea79b026b664b149b6,1,d37122201707ba7b2b882dea79b026b664b149b6,,d37122201707ba7b2b882dea79b026b664b149b6,,0,,8,0,0,0,1,0,0,1,0,0,11,2299,1390.16963897347,164.419312744672,391.909525880818,1.0,,,2013-10-25 13:59:49,passed,310,"[13039972, 13039973, 13039974, 13039975]",167,13039975,ruby,ok,,ruby,rspec,1.0,,941,0,941,7,,4.85,,0
29155719,activerecord-hackery/squeel,1.0,2014-07-04 14:40:56,317,ruby,commits_in_master,master,8,d4cba872ca8b31234de18faf8465d695beeeee5e#72c153b7e41d7f136022b02fe3ff5ab1ddc84cd3#7b79bbd6515428721fb499178ebbe04f36115eb3#2ed5698a04258e245c447458df8764548b6f0433#5fdff203caaf27ea8482c4170eb42880002f708f#d325c56b86114866b6e35bbad86178fc33a98356#f6017fac17420d7f21dfc110c95572e79d6cd129#42dceca7c9708b10f01349be2eb60357fe3c1c3f,build_found,1357f76597d6f97e9f0b6513343a44f27c04a1ee,29022660,2014-06-26 06:46:45,4,d4cba872ca8b31234de18faf8465d695beeeee5e,1,d4cba872ca8b31234de18faf8465d695beeeee5e,1357f76597d6f97e9f0b6513343a44f27c04a1ee,4132412074de77f053fbf006e436099328e3dbcd,1,1,0,1075,4215,24,5,34,0,0,60,0,3,172,3081,1599.80525803311,201.882505679974,425.83576760792,1.0,176,2014-07-15 12:29:20,2014-07-04 16:41:29,passed,1252,"[29155720, 29155721, 29155722, 29155723, 29155724, 29155725, 29155726, 29155727, 29155728, 29155729, 29155730, 29155731, 29155732, 29155733, 29155734, 29155735, 29155736, 29155737, 29155738, 29155739, 29155740, 29155741, 29155742, 29155743]",192,29155722,ruby,ok,,ruby,rspec,1.0,,943,0,943,2,,2.39,,0
29974273,activerecord-hackery/squeel,0.0,,,ruby,,master,8,d4cba872ca8b31234de18faf8465d695beeeee5e#72c153b7e41d7f136022b02fe3ff5ab1ddc84cd3#7b79bbd6515428721fb499178ebbe04f36115eb3#2ed5698a04258e245c447458df8764548b6f0433#5fdff203caaf27ea8482c4170eb42880002f708f#d325c56b86114866b6e35bbad86178fc33a98356#f6017fac17420d7f21dfc110c95572e79d6cd129#42dceca7c9708b10f01349be2eb60357fe3c1c3f,merge_found,,,2014-06-26 06:46:45,4,42dceca7c9708b10f01349be2eb60357fe3c1c3f,1,42dceca7c9708b10f01349be2eb60357fe3c1c3f,,42dceca7c9708b10f01349be2eb60357fe3c1c3f,,0,,1018,694,16,5,39,0,0,57,0,3,182,3001,1168.61046317894,128.957014328557,325.558147284239,1.0,,2014-07-15 12:29:20,2014-07-15 12:29:53,passed,1315,"[29974274, 29974275, 29974276, 29974277, 29974278, 29974279, 29974280, 29974281, 29974282, 29974283, 29974284, 29974285, 29974286, 29974287, 29974288, 29974289, 29974290, 29974291, 29974292, 29974293, 29974294, 29974296, 29974299, 29974301]",202,29974294,ruby,ok,,ruby,rspec,1.0,,950,0,950,2,,2.43,,0
30047583,activerecord-hackery/squeel,0.0,,,ruby,,master,1,5a8e1d37fd515c58c871e47c84a55f88af8b8485,build_found,42dceca7c9708b10f01349be2eb60357fe3c1c3f,29974273,2014-07-16 07:07:00,5,5a8e1d37fd515c58c871e47c84a55f88af8b8485#77ef776b2e013ab55ea74e0293359c43af68ba92,2,5a8e1d37fd515c58c871e47c84a55f88af8b8485,,5a8e1d37fd515c58c871e47c84a55f88af8b8485,,2,,13,7,0,0,4,0,0,4,0,0,103,3001,1170.27657447517,129.290236587804,326.224591802732,1.0,,2014-07-16 07:07:15,2014-07-16 09:16:49,passed,1406,"[30047584, 30047585, 30047586, 30047587, 30047588, 30047589, 30047592, 30047595, 30047596, 30047597, 30047598, 30047599, 30047600, 30047601, 30047602, 30047603, 30047604, 30047605, 30047606, 30047607, 30047608, 30047609, 30047610, 30047611]",204,30047587,ruby,ok,,ruby,rspec,1.0,,951,0,951,4,,3.04,,0
30239808,activerecord-hackery/squeel,0.0,,,ruby,,master,1,5a8e1d37fd515c58c871e47c84a55f88af8b8485,build_found,42dceca7c9708b10f01349be2eb60357fe3c1c3f,29974273,2014-07-16 07:07:00,5,5a8e1d37fd515c58c871e47c84a55f88af8b8485#77ef776b2e013ab55ea74e0293359c43af68ba92,2,5a8e1d37fd515c58c871e47c84a55f88af8b8485,,5a8e1d37fd515c58c871e47c84a55f88af8b8485,,2,,13,7,0,0,4,0,0,4,0,0,103,3001,1170.27657447517,129.290236587804,326.224591802732,1.0,,2014-07-16 07:07:15,2014-07-18 06:33:09,passed,1276,"[30239809, 30239810, 30239811, 30239812, 30239813, 30239814, 30239815, 30239816, 30239817, 30239818, 30239819, 30239820, 30239821, 30239822, 30239823, 30239824, 30239825, 30239826, 30239827, 30239828, 30239829, 30239830, 30239831, 30239832]",207,30239815,ruby,ok,,ruby,rspec,1.0,,951,0,951,6,,3.49,,0
30240564,activerecord-hackery/squeel,0.0,,,ruby,,master,1,899f65e20d0cbd9370b9e9c0c25271fd706915c5,build_found,321aed15986fe10256ce599bb9667f90c99659bd,30239965,2014-07-18 06:43:46,5,899f65e20d0cbd9370b9e9c0c25271fd706915c5,1,899f65e20d0cbd9370b9e9c0c25271fd706915c5,,899f65e20d0cbd9370b9e9c0c25271fd706915c5,,0,,2,2,0,0,2,0,0,2,0,0,91,3020,1206.29139072848,129.139072847682,327.152317880795,1.0,,2014-07-18 06:46:27,2014-07-18 07:16:00,passed,5853,"[30240565, 30240566, 30240567, 30240568, 30240569, 30240570, 30240571, 30240572, 30240573, 30240574, 30240575, 30240576, 30240577, 30240578, 30240579, 30240580, 30240581, 30240582, 30240583, 30240584, 30240585, 30240586, 30240587, 30240588, 30240589, 30240590, 30240591, 30240592, 30240593, 30240594, 30240595, 30240596, 30240597, 30240598, 30240599, 30240600, 30240601, 30240602, 30240603, 30240604, 30240605, 30240606, 30240607, 30240608, 30240609, 30240610, 30240611, 30240612, 30240613, 30240614, 30240615, 30240616, 30240617, 30240618, 30240619, 30240620, 30240621, 30240622, 30240623, 30240624, 30240625, 30240626, 30240627, 30240628, 30240629, 30240630, 30240631, 30240632, 30240633, 30240634, 30240635, 30240636, 30240637, 30240638, 30240639, 30240640, 30240641, 30240642, 30240643, 30240644, 30240645, 30240646, 30240647, 30240648, 30240649, 30240650, 30240651, 30240652, 30240653, 30240654, 30240655, 30240656]",209,30240640,ruby,ok,,ruby,rspec,1.0,,953,0,953,8,,3.02,,0
30381853,activerecord-hackery/squeel,0.0,,,ruby,,master,1,7ebdff6fa39c90da69ac0f0d2fb12f2706f1b5c3,build_found,899f65e20d0cbd9370b9e9c0c25271fd706915c5,30379149,2014-07-20 06:54:12,5,7ebdff6fa39c90da69ac0f0d2fb12f2706f1b5c3,1,7ebdff6fa39c90da69ac0f0d2fb12f2706f1b5c3,,7ebdff6fa39c90da69ac0f0d2fb12f2706f1b5c3,,0,,23,21,0,0,6,0,0,6,0,0,116,3032,1206.79419525066,128.957783641161,328.496042216359,1.0,,2014-07-20 07:50:20,2014-07-20 08:28:30,passed,4913,"[30381854, 30381855, 30381856, 30381857, 30381858, 30381859, 30381860, 30381861, 30381862, 30381863, 30381864, 30381865, 30381866, 30381867, 30381868, 30381869, 30381870, 30381871, 30381872, 30381873, 30381874, 30381875, 30381876, 30381877, 30381878, 30381879, 30381880, 30381881, 30381882, 30381883, 30381884, 30381885, 30381886, 30381887, 30381888, 30381889, 30381890, 30381891, 30381892, 30381893, 30381894, 30381895, 30381896, 30381897, 30381898, 30381899, 30381900, 30381901, 30381902, 30381903, 30381904, 30381905, 30381906, 30381907, 30381908, 30381909, 30381910, 30381911, 30381912, 30381913, 30381914, 30381915, 30381916, 30381917, 30381918, 30381919, 30381920, 30381921, 30381922, 30381923, 30381924, 30381925, 30381926, 30381927, 30381928, 30381929, 30381930, 30381931, 30381932, 30381933, 30381934, 30381935, 30381936, 30381937, 30381938, 30381939, 30381940, 30381941, 30381942, 30381943, 30381944, 30381945]",214,30381885,ruby,ok,,ruby,rspec,1.0,,954,0,954,4,,2.76,,0
30553586,activerecord-hackery/squeel,0.0,,,ruby,,master,1,88caf2680844fa0cca1773d252d292910c0a5350,build_found,7ebdff6fa39c90da69ac0f0d2fb12f2706f1b5c3,30381853,2014-07-22 13:32:27,5,88caf2680844fa0cca1773d252d292910c0a5350,1,88caf2680844fa0cca1773d252d292910c0a5350,,88caf2680844fa0cca1773d252d292910c0a5350,,0,,4,0,0,0,1,0,0,1,0,0,16,3032,1206.79419525066,128.957783641161,328.496042216359,1.0,,2014-07-22 13:32:38,2014-07-22 14:46:32,passed,6811,"[30553587, 30553588, 30553589, 30553590, 30553591, 30553592, 30553593, 30553594, 30553595, 30553596, 30553597, 30553598, 30553599, 30553600, 30553601, 30553602, 30553603, 30553604, 30553605, 30553606, 30553607, 30553608, 30553609, 30553610, 30553611, 30553612, 30553613, 30553614, 30553615, 30553616, 30553617, 30553618, 30553619, 30553620, 30553621, 30553622, 30553623, 30553624, 30553625, 30553626, 30553627, 30553628, 30553629, 30553630, 30553631, 30553632, 30553633, 30553634, 30553635, 30553636, 30553637, 30553638, 30553640, 30553642, 30553643, 30553644, 30553645, 30553646, 30553647, 30553648, 30553649, 30553650, 30553651, 30553652, 30553653, 30553654, 30553655, 30553656, 30553657, 30553658, 30553659, 30553660, 30553661, 30553662, 30553663, 30553664, 30553665, 30553666, 30553667, 30553668, 30553669, 30553670, 30553671, 30553672, 30553673, 30553674, 30553675, 30553676, 30553677, 30553678, 30553679, 30553680]",215,30553663,ruby,ok,,ruby,rspec,1.0,,954,0,954,9,,3.66,,0
30811990,activerecord-hackery/squeel,0.0,,,ruby,,master,3,6faaaf3a3afb0613615908b6e3c45cf9db6d17d0#2b4cecb565bcc5775d8f7599b2bbc3393e19ac43#c18f600c32518802255ceae7e7d6fab44fd1d65b,merge_found,,,2014-07-24 09:21:25,5,c18f600c32518802255ceae7e7d6fab44fd1d65b,1,c18f600c32518802255ceae7e7d6fab44fd1d65b,,c18f600c32518802255ceae7e7d6fab44fd1d65b,,0,,12,7,0,0,4,0,0,4,0,0,90,3030,1209.24092409241,129.042904290429,329.70297029703,1.0,,2014-07-25 04:44:01,2014-07-25 04:44:36,passed,5472,"[30811991, 30811992, 30811993, 30811994, 30811995, 30811996, 30811997, 30811998, 30811999, 30812000, 30812001, 30812002, 30812003, 30812004, 30812005, 30812006, 30812007, 30812008, 30812009, 30812010, 30812011, 30812012, 30812013, 30812014, 30812015, 30812016, 30812017, 30812018, 30812019, 30812020, 30812021, 30812022, 30812023, 30812024, 30812025, 30812026, 30812027, 30812028, 30812029, 30812030, 30812031, 30812032, 30812033, 30812034, 30812035, 30812036, 30812037, 30812038, 30812039, 30812040, 30812041, 30812042, 30812044, 30812046, 30812047, 30812048, 30812049, 30812050, 30812051, 30812052, 30812053, 30812054, 30812055, 30812056, 30812057, 30812058, 30812059, 30812060, 30812061, 30812062, 30812063, 30812064, 30812065, 30812066, 30812067, 30812068, 30812069, 30812070, 30812071, 30812072, 30812073, 30812074, 30812075, 30812076, 30812077, 30812078, 30812079, 30812080, 30812081, 30812082, 30812083, 30812084]",219,30812067,ruby,ok,,ruby,rspec,1.0,,954,0,954,9,,3.58,,0
31102771,activerecord-hackery/squeel,0.0,,,ruby,,master,2,350a9ff96d1aec4541a4b11ff950a0d19bdd10da#06689a4c8152f49dd960fbb6d8777a63482f9a6f,merge_found,,,2014-07-28 02:27:57,6,06689a4c8152f49dd960fbb6d8777a63482f9a6f,1,06689a4c8152f49dd960fbb6d8777a63482f9a6f,,06689a4c8152f49dd960fbb6d8777a63482f9a6f,,0,,5,20,0,0,4,0,0,4,0,0,80,3030,1214.19141914191,129.372937293729,330.36303630363,1.0,,2014-07-29 02:40:08,2014-07-29 02:40:51,passed,5374,"[31102772, 31102773, 31102774, 31102775, 31102776, 31102777, 31102778, 31102779, 31102780, 31102781, 31102782, 31102783, 31102784, 31102785, 31102786, 31102787, 31102788, 31102789, 31102790, 31102791, 31102792, 31102793, 31102794, 31102795, 31102796, 31102797, 31102798, 31102799, 31102800, 31102801, 31102802, 31102803, 31102804, 31102805, 31102806, 31102807, 31102808, 31102809, 31102810, 31102811, 31102812, 31102813, 31102814, 31102815, 31102816, 31102817, 31102818, 31102819, 31102820, 31102821, 31102822, 31102823, 31102824, 31102825, 31102826, 31102827, 31102828, 31102829, 31102830, 31102831, 31102832, 31102833, 31102834, 31102835, 31102836, 31102837, 31102838, 31102839, 31102840, 31102841, 31102842, 31102843, 31102844, 31102845, 31102846, 31102847, 31102848, 31102849, 31102850, 31102851, 31102852, 31102853, 31102854, 31102855, 31102856, 31102857, 31102858, 31102859, 31102860, 31102862, 31102864, 31102865]",224,31102778,ruby,ok,,ruby,rspec,1.0,,955,0,955,9,,3.47,,0
31584698,activerecord-hackery/squeel,1.0,2014-08-04 01:48:33,328,ruby,commits_in_master,master,2,c370e9e538f4314fb1da1a9f0f7c2606eb94cee5#f5a810ca2713b59dcafc6eeac1b80e4098d02e77,merge_found,,,2014-08-04 03:35:11,6,c370e9e538f4314fb1da1a9f0f7c2606eb94cee5#918eb108807513c61d0db3b26a749908b28235d4,2,c370e9e538f4314fb1da1a9f0f7c2606eb94cee5,918eb108807513c61d0db3b26a749908b28235d4,f792abed5d69beb8dc60da7b91721d5c0ee2aa73,0,0,0,11,18,0,0,4,0,0,4,0,0,81,3032,1215.69920844327,129.947229551451,331.134564643799,1.0,38,2014-08-04 06:41:10,2014-08-04 04:00:58,passed,4331,"[31584699, 31584700, 31584701, 31584702, 31584703, 31584704, 31584705, 31584706, 31584707, 31584708, 31584709, 31584710, 31584711, 31584712, 31584713, 31584714, 31584715, 31584716, 31584717, 31584718, 31584719, 31584720, 31584721, 31584722, 31584723, 31584724, 31584725, 31584726, 31584727, 31584728, 31584729, 31584730, 31584731, 31584732, 31584733, 31584734, 31584735, 31584736, 31584737, 31584738, 31584739, 31584740, 31584741, 31584742, 31584743, 31584744, 31584745, 31584746, 31584747, 31584748, 31584750, 31584752, 31584753, 31584754, 31584755, 31584756, 31584757, 31584758, 31584759, 31584760, 31584761, 31584762, 31584763, 31584764, 31584765, 31584766, 31584767, 31584768, 31584769, 31584770, 31584771, 31584772, 31584773, 31584774, 31584775, 31584776, 31584777, 31584778, 31584779, 31584780, 31584781, 31584782, 31584783, 31584784, 31584785, 31584786, 31584787, 31584788, 31584789, 31584790, 31584791, 31584792]",229,31584780,ruby,ok,,ruby,rspec,1.0,,957,0,957,8,,2.11,,0
31591067,activerecord-hackery/squeel,0.0,,,ruby,,master,2,c370e9e538f4314fb1da1a9f0f7c2606eb94cee5#f5a810ca2713b59dcafc6eeac1b80e4098d02e77,merge_found,,,2014-08-04 03:35:11,6,f5a810ca2713b59dcafc6eeac1b80e4098d02e77,1,f5a810ca2713b59dcafc6eeac1b80e4098d02e77,,f5a810ca2713b59dcafc6eeac1b80e4098d02e77,,0,,7,6,0,0,3,0,0,3,0,0,83,3032,1215.69920844327,129.947229551451,331.134564643799,1.0,,2014-08-04 06:41:10,2014-08-04 07:11:31,passed,4944,"[31591068, 31591069, 31591070, 31591071, 31591072, 31591073, 31591074, 31591075, 31591076, 31591077, 31591078, 31591079, 31591080, 31591081, 31591082, 31591083, 31591084, 31591085, 31591086, 31591087, 31591088, 31591089, 31591090, 31591091, 31591092, 31591093, 31591094, 31591095, 31591096, 31591097, 31591098, 31591099, 31591100, 31591101, 31591102, 31591103, 31591104, 31591105, 31591106, 31591107, 31591108, 31591109, 31591110, 31591111, 31591112, 31591113, 31591114, 31591115, 31591116, 31591117, 31591118, 31591119, 31591120, 31591121, 31591122, 31591123, 31591124, 31591125, 31591126, 31591127, 31591128, 31591129, 31591130, 31591131, 31591132, 31591133, 31591134, 31591135, 31591136, 31591137, 31591138, 31591139, 31591140, 31591141, 31591142, 31591143, 31591144, 31591145, 31591146, 31591147, 31591148, 31591149, 31591150, 31591151, 31591152, 31591153, 31591154, 31591155, 31591156, 31591157, 31591158, 31591159]",231,31591080,ruby,ok,,ruby,rspec,1.0,,957,0,957,9,,4.36,,0
39080427,activerecord-hackery/squeel,1.0,2014-10-26 10:25:34,346,ruby,merge_button,master,1,323c9380a6f594f000b80cedc70efb0f36a8bf3f,build_found,f5a810ca2713b59dcafc6eeac1b80e4098d02e77,31591067,2014-10-26 11:22:47,4,323c9380a6f594f000b80cedc70efb0f36a8bf3f,1,323c9380a6f594f000b80cedc70efb0f36a8bf3f,f5a810ca2713b59dcafc6eeac1b80e4098d02e77,6c27a8aacb79d303cd4591192da29403b28cc7d4,0,0,0,2,95,0,0,5,0,0,5,0,0,85,3032,1237.46701846966,130.606860158311,333.44327176781,1.0,17,2014-10-26 15:00:56,2014-10-26 15:11:12,passed,5240,"[39080429, 39080431, 39080433, 39080434, 39080436, 39080437, 39080439, 39080441, 39080442, 39080444, 39080445, 39080447, 39080448, 39080449, 39080451, 39080452, 39080454, 39080455, 39080456, 39080458, 39080459, 39080461, 39080463, 39080465, 39080466, 39080468, 39080470, 39080471, 39080473, 39080475, 39080476, 39080478, 39080480, 39080481, 39080483, 39080484, 39080486, 39080487, 39080489, 39080490, 39080492, 39080493, 39080495, 39080496, 39080498, 39080500, 39080501, 39080503, 39080505, 39080507, 39080508, 39080510, 39080512, 39080514, 39080515, 39080517, 39080519, 39080521, 39080523, 39080524, 39080526, 39080528, 39080529, 39080531, 39080533, 39080534, 39080536, 39080538, 39080540, 39080541, 39080543, 39080545, 39080546, 39080548, 39080550, 39080552, 39080555, 39080557, 39080559, 39080561, 39080563, 39080565, 39080567, 39080569, 39080571, 39080573, 39080575, 39080577, 39080579, 39080581, 39080582, 39080584]",239,39080492,ruby,ok,,ruby,rspec,1.0,,959,0,959,8,,5.33,,0
39085680,activerecord-hackery/squeel,0.0,,,ruby,,master,3,323c9380a6f594f000b80cedc70efb0f36a8bf3f#0f1dbe3d6d5d40c79d77cc32002afc6dd1607157#06ed356a940599a82af70e5e438eff660560555a,merge_found,,,2014-10-26 11:22:47,4,06ed356a940599a82af70e5e438eff660560555a,1,06ed356a940599a82af70e5e438eff660560555a,,06ed356a940599a82af70e5e438eff660560555a,,0,,57,95,0,0,6,0,0,6,0,0,121,3032,1237.46701846966,130.606860158311,333.44327176781,1.0,,2014-10-26 16:27:47,2014-10-26 16:57:54,passed,5263,"[39085681, 39085682, 39085683, 39085684, 39085685, 39085686, 39085687, 39085688, 39085689, 39085690, 39085691, 39085692, 39085693, 39085694, 39085695, 39085696, 39085697, 39085698, 39085699, 39085700, 39085701, 39085702, 39085703, 39085704, 39085705, 39085706, 39085707, 39085708, 39085709, 39085710, 39085711, 39085712, 39085713, 39085714, 39085715, 39085716, 39085717, 39085718, 39085719, 39085720, 39085721, 39085722, 39085723, 39085724, 39085725, 39085726, 39085727, 39085728, 39085729, 39085730, 39085731, 39085732, 39085733, 39085734, 39085735, 39085736, 39085737, 39085738, 39085741, 39085742, 39085743, 39085744, 39085745, 39085746, 39085747, 39085748, 39085749, 39085750, 39085751, 39085752, 39085753, 39085754, 39085755, 39085756, 39085757, 39085758, 39085759, 39085760, 39085761, 39085762, 39085763, 39085764, 39085765, 39085766, 39085767, 39085768, 39085769, 39085770, 39085771, 39085772, 39085773, 39085774]",241,39085698,ruby,ok,,ruby,rspec,1.0,,959,0,959,8,,4.43,,0
42048858,activerecord-hackery/squeel,0.0,,,ruby,,master,2,99fb6d7c271520c19d5cc8a66b529a5c6b72a723#96b6b0ef45d371b7493b89787ddc87d3197d45d5,build_found,06ed356a940599a82af70e5e438eff660560555a,39085680,2014-11-25 07:23:37,3,96b6b0ef45d371b7493b89787ddc87d3197d45d5#99fb6d7c271520c19d5cc8a66b529a5c6b72a723,2,96b6b0ef45d371b7493b89787ddc87d3197d45d5,,96b6b0ef45d371b7493b89787ddc87d3197d45d5,,0,,6,0,0,0,2,0,0,2,0,0,71,3032,1237.46701846966,130.606860158311,333.44327176781,1.0,,2014-11-25 07:25:30,2014-11-25 07:26:04,failed,6436,"[42048859, 42048860, 42048861, 42048862, 42048863, 42048864, 42048865, 42048866, 42048867, 42048868, 42048869, 42048870, 42048871, 42048872, 42048873, 42048874, 42048875, 42048876, 42048877, 42048878, 42048879, 42048880, 42048881, 42048882, 42048883, 42048884, 42048885, 42048886, 42048887, 42048888, 42048889, 42048890, 42048891, 42048892, 42048893, 42048894, 42048895, 42048896, 42048897, 42048898, 42048899, 42048900, 42048901, 42048902, 42048903, 42048904, 42048905, 42048906, 42048907, 42048908, 42048909, 42048910, 42048911, 42048912, 42048913, 42048914, 42048915, 42048916, 42048917, 42048918, 42048919, 42048920, 42048921, 42048922, 42048923, 42048924, 42048925, 42048926, 42048927, 42048928, 42048929, 42048930, 42048931, 42048932, 42048933, 42048934, 42048935, 42048936, 42048937, 42048938, 42048939, 42048940, 42048941, 42048942, 42048943, 42048944, 42048945, 42048946, 42048947, 42048948, 42048949, 42048950]",245,42048928,ruby,broken,0,ruby,rspec,1.0,,0,0,,0,,1.3,,0
44667928,activerecord-hackery/squeel,1.0,2014-12-20 12:41:06,354,ruby,commits_in_master,master,9,4cc3a6c0e5af55a7d5a01fd64f3f7b41332e2c0e#d665b0830ad6ebec45577e1b1d51ec516244aad7#8a589369ec9c7b55164602fcbcb339112e5081ef#7d4fca19a0aa2aa6e688e381fd4d2c822c79921c#e7f016834eba7f31ed94cb59ed5d41ee80739dd2#05c90716721a6564db796424fa3002a9438a42f5#6ab44c6a1ecb61660e1dc28d750ca405bd960795#3c96604f85b2a88be762ddb625c1cf40c920c527#f0dbce7bfac845917f63ab4e982d43f0c0b68195,build_found,96b6b0ef45d371b7493b89787ddc87d3197d45d5,42048991,2014-12-20 12:58:14,3,d665b0830ad6ebec45577e1b1d51ec516244aad7#4cc3a6c0e5af55a7d5a01fd64f3f7b41332e2c0e,2,d665b0830ad6ebec45577e1b1d51ec516244aad7,96b6b0ef45d371b7493b89787ddc87d3197d45d5,ec313b5ca30b4135f546322aa03ec81cb4d4652c,0,0,0,26,0,0,0,2,0,0,2,0,0,9,3033,1237.05901747445,130.563798219585,333.333333333333,0.0,68,2015-02-05 13:32:29,2014-12-20 14:01:11,failed,5653,"[44667929, 44667930, 44667931, 44667932, 44667933, 44667934, 44667935, 44667936, 44667937, 44667938, 44667939, 44667940, 44667941, 44667942, 44667943, 44667944, 44667945, 44667946, 44667947, 44667948, 44667949, 44667950, 44667951, 44667952, 44667953, 44667954, 44667955, 44667956, 44667957, 44667958, 44667959, 44667960, 44667961, 44667962, 44667963, 44667964, 44667965, 44667966, 44667967, 44667968, 44667969, 44667970, 44667971, 44667972, 44667973, 44667974, 44667975, 44667976, 44667977, 44667978, 44667979, 44667980, 44667981, 44667982, 44667983, 44667984, 44667985, 44667986, 44667987, 44667988, 44667989, 44667990, 44667991, 44667992, 44667993, 44667994, 44667995, 44667996, 44667997, 44667998, 44667999, 44668000, 44668001, 44668002, 44668003, 44668004, 44668005, 44668006, 44668007, 44668008, 44668009, 44668010, 44668011, 44668012, 44668013, 44668014, 44668015, 44668016, 44668017, 44668018, 44668019, 44668020]",251,44667988,ruby,ok,0,ruby,rspec,1.0,,959,0,959,8,,2.79,,0
44668353,activerecord-hackery/squeel,1.0,2014-12-20 12:41:06,354,ruby,commits_in_master,master,9,4cc3a6c0e5af55a7d5a01fd64f3f7b41332e2c0e#d665b0830ad6ebec45577e1b1d51ec516244aad7#8a589369ec9c7b55164602fcbcb339112e5081ef#7d4fca19a0aa2aa6e688e381fd4d2c822c79921c#e7f016834eba7f31ed94cb59ed5d41ee80739dd2#05c90716721a6564db796424fa3002a9438a42f5#6ab44c6a1ecb61660e1dc28d750ca405bd960795#3c96604f85b2a88be762ddb625c1cf40c920c527#f0dbce7bfac845917f63ab4e982d43f0c0b68195,build_found,d665b0830ad6ebec45577e1b1d51ec516244aad7,44667928,2014-12-20 12:58:14,3,7d4fca19a0aa2aa6e688e381fd4d2c822c79921c#8a589369ec9c7b55164602fcbcb339112e5081ef,2,7d4fca19a0aa2aa6e688e381fd4d2c822c79921c,96b6b0ef45d371b7493b89787ddc87d3197d45d5,ad867e92794e1e5c21373fcbf251ddb7cd11db97,0,0,0,4,0,0,0,1,0,0,1,0,0,16,3033,1237.05901747445,130.563798219585,333.333333333333,0.0,68,2015-02-05 13:32:29,2014-12-20 14:48:19,failed,5531,"[44668354, 44668355, 44668356, 44668357, 44668358, 44668359, 44668360, 44668361, 44668362, 44668363, 44668364, 44668365, 44668366, 44668367, 44668368, 44668369, 44668370, 44668371, 44668372, 44668373, 44668374, 44668375, 44668376, 44668377, 44668378, 44668379, 44668380, 44668381, 44668382, 44668383, 44668384, 44668385, 44668386, 44668387, 44668388, 44668389, 44668390, 44668391, 44668392, 44668393, 44668394, 44668395, 44668396, 44668397, 44668398, 44668399, 44668400, 44668401, 44668402, 44668403, 44668404, 44668405, 44668406, 44668407, 44668408, 44668409, 44668410, 44668411, 44668412, 44668413, 44668414, 44668415, 44668416, 44668417, 44668418, 44668419, 44668420, 44668421, 44668422, 44668423, 44668424, 44668425, 44668426, 44668427, 44668428, 44668429, 44668430, 44668431, 44668432, 44668433, 44668434, 44668435, 44668436, 44668437, 44668438, 44668439, 44668440, 44668441, 44668442, 44668443, 44668444, 44668445]",253,44668437,ruby,ok,0,ruby,rspec,1.0,,959,0,959,5,,3.01,,0
49606137,activerecord-hackery/squeel,0.0,,,ruby,,master,12,4cc3a6c0e5af55a7d5a01fd64f3f7b41332e2c0e#d665b0830ad6ebec45577e1b1d51ec516244aad7#8a589369ec9c7b55164602fcbcb339112e5081ef#7d4fca19a0aa2aa6e688e381fd4d2c822c79921c#e7f016834eba7f31ed94cb59ed5d41ee80739dd2#05c90716721a6564db796424fa3002a9438a42f5#6ab44c6a1ecb61660e1dc28d750ca405bd960795#3c96604f85b2a88be762ddb625c1cf40c920c527#f0dbce7bfac845917f63ab4e982d43f0c0b68195#6562716c95589e6f6a41eb2855f07f9e9432c516#ddf209a4c78949bf9678a65ed1f845cff9c015f4#32f13d153f2dd89f114b930cf9addc29425524a4,merge_found,,,2014-12-20 12:58:14,3,32f13d153f2dd89f114b930cf9addc29425524a4,1,32f13d153f2dd89f114b930cf9addc29425524a4,,32f13d153f2dd89f114b930cf9addc29425524a4,,0,,56,14,0,0,6,0,0,5,0,1,117,3053,1231.57549950868,129.708483458893,331.804782181461,1.0,,2015-02-05 14:37:55,2015-02-05 14:49:21,passed,4184,"[49606138, 49606139, 49606140, 49606141, 49606142, 49606143, 49606144, 49606145, 49606146, 49606147, 49606148, 49606149, 49606150, 49606151, 49606152, 49606153, 49606154, 49606155, 49606156, 49606157, 49606158, 49606159, 49606160, 49606161, 49606162, 49606163, 49606164, 49606165, 49606167, 49606168, 49606170, 49606171, 49606172, 49606174, 49606176, 49606177, 49606178, 49606179, 49606180, 49606181, 49606182, 49606183, 49606184, 49606185, 49606186, 49606187, 49606188, 49606189, 49606190, 49606191, 49606192, 49606193, 49606194, 49606195, 49606196, 49606197, 49606198, 49606199, 49606200, 49606201, 49606202, 49606203, 49606204, 49606205, 49606206, 49606207, 49606208, 49606209, 49606210]",264,49606208,ruby,ok,0,ruby,rspec,1.0,,959,0,959,8,,2.71,,0
49607419,activerecord-hackery/squeel,0.0,,,ruby,,master,1,5542266d502db8022e14105f9dfb455a79d6fc4a,build_found,32f13d153f2dd89f114b930cf9addc29425524a4,49606137,2015-02-05 14:48:17,3,5542266d502db8022e14105f9dfb455a79d6fc4a,1,5542266d502db8022e14105f9dfb455a79d6fc4a,,5542266d502db8022e14105f9dfb455a79d6fc4a,,0,,2,0,0,0,1,0,0,1,0,0,45,3053,1231.57549950868,129.708483458893,331.804782181461,1.0,,2015-02-05 14:48:23,2015-02-05 15:16:42,passed,4470,"[49607420, 49607421, 49607422, 49607423, 49607424, 49607425, 49607426, 49607427, 49607428, 49607429, 49607430, 49607431, 49607432, 49607433, 49607434, 49607435, 49607437, 49607439, 49607440, 49607441, 49607442, 49607444, 49607446, 49607447, 49607449, 49607451, 49607452, 49607454, 49607455, 49607457, 49607458, 49607459, 49607460, 49607461, 49607462, 49607463, 49607464, 49607465, 49607466, 49607467, 49607468, 49607469, 49607470, 49607471, 49607472, 49607473, 49607474, 49607475, 49607476, 49607477, 49607478, 49607479, 49607480, 49607481, 49607482, 49607483, 49607484, 49607485, 49607486, 49607488, 49607489, 49607491, 49607492, 49607494, 49607496, 49607498, 49607501, 49607502, 49607504]",265,49607469,ruby,ok,0,ruby,rspec,1.0,,959,0,959,7,,3.84,,0
