tr_build_id,gh_project_name,gh_is_pr,gh_pr_created_at,gh_pull_req_num,gh_lang,git_merged_with,git_branch,gh_num_commits_in_push,gh_commits_in_push,git_prev_commit_resolution_status,git_prev_built_commit,tr_prev_build,gh_first_commit_created_at,gh_team_size,git_all_built_commits,git_num_all_built_commits,git_trigger_commit,tr_virtual_merged_into,tr_original_commit,gh_num_issue_comments,gh_num_commit_comments,gh_num_pr_comments,git_diff_src_churn,git_diff_test_churn,gh_diff_files_added,gh_diff_files_deleted,gh_diff_files_modified,gh_diff_tests_added,gh_diff_tests_deleted,gh_diff_src_files,gh_diff_doc_files,gh_diff_other_files,gh_num_commits_on_files_touched,gh_sloc,gh_test_lines_per_kloc,gh_test_cases_per_kloc,gh_asserts_cases_per_kloc,gh_by_core_team_member,gh_description_complexity,gh_pushed_at,gh_build_started_at,tr_status,tr_duration,tr_jobs,tr_build_number,tr_job_id,tr_log_lan,tr_log_status,tr_log_setup_time,tr_log_analyzer,tr_log_frameworks,tr_log_bool_tests_ran,tr_log_bool_tests_failed,tr_log_num_tests_ok,tr_log_num_tests_failed,tr_log_num_tests_run,tr_log_num_tests_skipped,tr_log_tests_failed,tr_log_testduration,tr_log_buildduration,build_successful
281266,jnicklas/turnip,0.0,,,ruby,,master,,,merge_found,,,,4,7b35ae46872a5f2a80d6352407e5a42ceacf384d#ba47ad662abb7fea9c971c5e8e1386bb84c1f101#9fc21ea8d40aa527e29a9d790259350c98a429e5#965eb17fda22f3a661e3eaf9e7efac1c79d8e97f#fb84e8457c87f6882f3401fb62d17d32170a5d85#0796e2897a8b183ed91a268b99436d6207c4a7e6#14f147bbbbff9d5eb5f4cd8ec18d07e79d02f05d#e7c630b67eb8fca5c6a3709b2abdf8b7644e58ed#dd0eaac12efbeb500d7885fc81fd65f748b8d7f8#b6217d72aafe43cbb78d65713be150f1f6416fba#afcfea8efeceed39acef3638a50ff0cf631d71b9#0d77247eca42a33244f5a50616418489fa7f1a01#b0c7677f7c8707cedc1dc3013b453cdb8506f9ce#dce8a22e1321453a2803ff5c5e8d7aae556082a2#811e114532fe4fc72c95bff4437ed8be740396c0#d0cba6385febc0f407966393ff05498bb2fa646b#472879328f558464e42cc07b9c8a213005069ef2,17,7b35ae46872a5f2a80d6352407e5a42ceacf384d,,7b35ae46872a5f2a80d6352407e5a42ceacf384d,,0,,476,442,19,2,15,0,0,29,0,2,16,433,672.055427251732,90.0692840646651,154.73441108545,1.0,,,2011-11-06 10:52:15,failed,807,"[281271, 281274, 281267, 281273, 281268, 281269, 281272, 281270]",1,281268,ruby,unknown,,ruby,rspec,1.0,,39,0,39,0,,1.67,,0
281281,jnicklas/turnip,0.0,,,ruby,,master,,,build_found,7b35ae46872a5f2a80d6352407e5a42ceacf384d,281266,,4,ec2f584ad0babae7de4ff0c8a07bb7cf6fbf4b76,1,ec2f584ad0babae7de4ff0c8a07bb7cf6fbf4b76,,ec2f584ad0babae7de4ff0c8a07bb7cf6fbf4b76,,0,,2,0,0,0,1,0,0,1,0,0,9,433,672.055427251732,90.0692840646651,154.73441108545,1.0,,,2011-11-06 10:54:24,failed,808,"[281282, 281289, 281286, 281288, 281285, 281283, 281287, 281284]",2,281282,ruby,unknown,,ruby,rspec,1.0,,56,47,103,2,,1.09,,0
281291,jnicklas/turnip,0.0,,,ruby,,master,,,build_found,ec2f584ad0babae7de4ff0c8a07bb7cf6fbf4b76,281281,,4,3b43cb0d3e49de7aa733f51c53ddb7fadb4bb877,1,3b43cb0d3e49de7aa733f51c53ddb7fadb4bb877,,3b43cb0d3e49de7aa733f51c53ddb7fadb4bb877,,0,,0,0,0,0,1,0,0,0,0,1,1,433,672.055427251732,90.0692840646651,154.73441108545,1.0,,,2011-11-06 10:55:41,failed,443,"[281296, 281292, 281294, 281295, 281293]",3,281295,unknown,unknown,,plain,,0.0,,,,,,,,,0
281305,jnicklas/turnip,0.0,,,ruby,,master,,,build_found,3b43cb0d3e49de7aa733f51c53ddb7fadb4bb877,281291,,4,812a9ebf084e740bab4088f40dcfe687f815e898,1,812a9ebf084e740bab4088f40dcfe687f815e898,,812a9ebf084e740bab4088f40dcfe687f815e898,,0,,0,0,0,0,1,0,0,0,0,1,2,433,672.055427251732,90.0692840646651,154.73441108545,1.0,,,2011-11-06 10:59:19,passed,326,"[281309, 281308, 281307, 281306]",4,281306,ruby,unknown,,ruby,rspec,1.0,,39,0,39,0,,1.82,,0
304440,jnicklas/turnip,0.0,,,ruby,,master,,,build_found,812a9ebf084e740bab4088f40dcfe687f815e898,281305,,4,2d803cc4dfbfbfb105e9edf86af884ce4cab65b0#3d6a62dba5b94253ccc875e7683bfe51b3d8b880#4f0176b80188f5ebcbd14e1c81caa0a288002cfc#3499b85f6d957570c9c2dfef26a4bcf479c2e20a#f45c3ff225c4491d19fab7a09a79878dea50dc3a#6332c45aa33130c5b0ea86442aba0e20f702ab2c#1514f2c788607298e706d95de259f026474828e1#add28d04a5b78c6a365dbfa394737e2ec35e1b6c#85d3cf40e35b39a15ed0eaca07ba29c03d507bf1#b2a530212504cb613a6fd22f542e5afd88a539a2#41de172123007e46836e0c1dff23519bed3138c6#cbc212b97961af9a932cdea771b6fcf19070d033#d8c08d4f373c85bfac4c305090980fcff31809c3#574fca47793418b2dee71834e0546e1129a3fcec,14,2d803cc4dfbfbfb105e9edf86af884ce4cab65b0,,2d803cc4dfbfbfb105e9edf86af884ce4cab65b0,,0,,589,248,10,0,13,0,0,18,0,0,23,562,637.010676156584,85.4092526690391,140.569395017794,0.0,,,2011-11-14 08:57:52,failed,348,"[304444, 304441, 304442, 304443]",5,304443,ruby,unknown,,ruby,rspec,1.0,,48,0,48,0,,1.3,,0
319244,jnicklas/turnip,0.0,,,ruby,,master,,,merge_found,,,,4,373501e958ba5aee995d0213cf8c7e10268c67b7,1,373501e958ba5aee995d0213cf8c7e10268c67b7,,373501e958ba5aee995d0213cf8c7e10268c67b7,,0,,0,13,0,0,2,0,0,1,0,1,9,562,635.231316725979,85.4092526690391,140.569395017794,1.0,,,2011-11-18 07:38:33,passed,404,"[319248, 319245, 319247, 319246]",6,319247,ruby,unknown,,ruby,rspec,1.0,,48,0,48,0,,1.38,,0
319303,jnicklas/turnip,0.0,,,ruby,,master,,,merge_found,,,,4,367b104b4febc62d8246160ee205d7a9f752eb83,1,367b104b4febc62d8246160ee205d7a9f752eb83,,367b104b4febc62d8246160ee205d7a9f752eb83,,0,,282,66,4,0,9,0,0,13,0,0,36,594,675.084175084175,92.5925925925926,144.781144781145,1.0,,,2011-11-18 07:51:35,passed,382,"[319307, 319306, 319304, 319305]",7,319304,ruby,unknown,,ruby,rspec,1.0,,55,0,55,0,,0.0,,0
319316,jnicklas/turnip,0.0,,,ruby,,master,,,merge_found,,,,4,ab28cd7c70ff8c6a1ad5d241d1b904fd8383ae7d,1,ab28cd7c70ff8c6a1ad5d241d1b904fd8383ae7d,,ab28cd7c70ff8c6a1ad5d241d1b904fd8383ae7d,,0,,2,6,0,0,2,0,0,2,0,0,13,594,683.501683501683,94.2760942760943,148.148148148148,1.0,,,2011-11-18 07:54:15,passed,361,"[319319, 319320, 319318, 319317]",8,319318,ruby,unknown,,ruby,rspec,1.0,,56,0,56,0,,0.88,,0
327385,jnicklas/turnip,0.0,,,ruby,,master,,,merge_found,,,,4,210dc38506096c36884a52845133165742747df2,1,210dc38506096c36884a52845133165742747df2,,210dc38506096c36884a52845133165742747df2,,0,,96,0,1,0,4,0,0,5,0,0,17,618,656.957928802589,90.6148867313916,142.394822006472,1.0,,,2011-11-21 09:26:42,passed,380,"[327389, 327388, 327387, 327386]",9,327386,ruby,unknown,,ruby,rspec,1.0,,56,0,56,0,,2.39,,0
331043,jnicklas/turnip,0.0,,,ruby,,master,,,merge_found,,,,4,f3b63f984bd235a4b6fc19ea8f47ed6ea05b2cf3,1,f3b63f984bd235a4b6fc19ea8f47ed6ea05b2cf3,,f3b63f984bd235a4b6fc19ea8f47ed6ea05b2cf3,,0,,43,30,2,0,5,0,0,7,0,0,24,635,675.590551181102,92.9133858267717,143.307086614173,1.0,,,2011-11-22 08:26:18,passed,442,"[331047, 331046, 331045, 331044]",10,331045,ruby,unknown,,ruby,rspec,1.0,,59,0,59,0,,0.85,,0
338860,jnicklas/turnip,0.0,,,ruby,,master,,,merge_found,,,,4,0bc5fa36087fa4c93169bf466953ae3f46450f63,1,0bc5fa36087fa4c93169bf466953ae3f46450f63,,0bc5fa36087fa4c93169bf466953ae3f46450f63,,0,,2,0,0,0,1,0,0,1,0,0,3,635,675.590551181102,92.9133858267717,143.307086614173,1.0,,,2011-11-24 20:03:40,passed,335,"[338864, 338863, 338861, 338862]",11,338863,ruby,unknown,,ruby,rspec,1.0,,59,0,59,0,,1.05,,0
349122,jnicklas/turnip,0.0,,,ruby,,master,,,merge_found,,,,4,d03a815571772c1f585fc822b229aa650c49533f,1,d03a815571772c1f585fc822b229aa650c49533f,,d03a815571772c1f585fc822b229aa650c49533f,,0,,2,0,0,0,1,0,0,1,0,0,15,636,674.528301886793,92.7672955974843,143.081761006289,1.0,,,2011-11-28 07:56:59,passed,313,"[349126, 349125, 349123, 349124]",12,349123,ruby,unknown,,ruby,rspec,1.0,,59,0,59,0,,1.83,,0
349280,jnicklas/turnip,0.0,,,ruby,,master,,,merge_found,,,,4,16ccc62f455a8f392ab67bd76034ccd824dbea49,1,16ccc62f455a8f392ab67bd76034ccd824dbea49,,16ccc62f455a8f392ab67bd76034ccd824dbea49,,0,,397,115,7,0,17,0,0,23,0,1,62,636,674.528301886793,92.7672955974843,143.081761006289,1.0,,,2011-11-28 09:08:13,passed,364,"[349282, 349283, 349284, 349281]",13,349283,ruby,unknown,,ruby,rspec,1.0,,59,0,59,0,,1.74,,0
349286,jnicklas/turnip,0.0,,,ruby,,master,,,merge_found,,,,4,0c8c37a994f4cc049981c5bfba2f2cce1923c637,1,0c8c37a994f4cc049981c5bfba2f2cce1923c637,,0c8c37a994f4cc049981c5bfba2f2cce1923c637,,0,,12,9,0,0,2,0,0,2,0,0,2,645,674.418604651163,93.0232558139535,142.635658914729,1.0,,,2011-11-28 09:09:19,passed,375,"[349287, 349288, 349289, 349290]",14,349290,ruby,unknown,,ruby,rspec,1.0,,60,0,60,0,,10.9,,0
431340,jnicklas/turnip,0.0,,,ruby,,master,,,merge_found,,,,4,3b799c3b2f32e24d577a2eebd32caa8769e90f59,1,3b799c3b2f32e24d577a2eebd32caa8769e90f59,,3b799c3b2f32e24d577a2eebd32caa8769e90f59,,0,,18,11,0,0,3,0,0,3,0,0,20,643,668.740279937792,91.7573872472784,139.968895800933,1.0,,,2011-12-21 11:52:50,passed,372,"[431344, 431342, 431341, 431343]",15,431344,ruby,unknown,,ruby,rspec,1.0,,59,0,59,0,,11.43,,0
472680,jnicklas/turnip,0.0,,,ruby,,master,4,825018a57c55d441f2e0f04fc5a96a4f0f5f086d#dd777c2809acd8975e5a0169cf13b41f66bf83e1#b300a3b9db836f96cf6a7b7ad388ec014e0e75a4#f9c26a3557f02b423c0b2748b5d8bfe35db6cd93,merge_found,,,2011-12-31 07:52:32,4,f9c26a3557f02b423c0b2748b5d8bfe35db6cd93,1,f9c26a3557f02b423c0b2748b5d8bfe35db6cd93,,f9c26a3557f02b423c0b2748b5d8bfe35db6cd93,,0,,98,122,4,0,1,0,0,5,0,0,20,691,765.557163531114,105.643994211288,150.506512301013,1.0,,2012-01-03 15:09:37,2012-01-03 15:17:53,passed,336,"[472684, 472683, 472682, 472681]",16,472681,ruby,unknown,,ruby,rspec,1.0,,73,0,73,0,,1.85,,0
472703,jnicklas/turnip,0.0,,,ruby,,master,,,merge_found,,,,4,1f27a8425e353eebe9fbbbffdb2b928b99bd29e9,1,1f27a8425e353eebe9fbbbffdb2b928b99bd29e9,,1f27a8425e353eebe9fbbbffdb2b928b99bd29e9,,0,,2,0,0,0,1,0,0,1,0,0,19,691,765.557163531114,105.643994211288,150.506512301013,1.0,,,2012-01-03 15:21:15,passed,342,"[472707, 472706, 472704, 472705]",17,472705,ruby,unknown,,ruby,rspec,1.0,,73,0,73,0,,1.71,,0
472712,jnicklas/turnip,0.0,,,ruby,,master,,,build_found,1f27a8425e353eebe9fbbbffdb2b928b99bd29e9,472703,,4,6c2d7d6d911625c9b7e39f144296d379664a8cf7,1,6c2d7d6d911625c9b7e39f144296d379664a8cf7,,6c2d7d6d911625c9b7e39f144296d379664a8cf7,,0,,5,0,0,0,1,0,0,1,0,0,7,694,762.247838616715,105.187319884726,149.85590778098,1.0,,,2012-01-03 15:22:21,passed,377,"[472716, 472714, 472715, 472713]",18,472713,ruby,unknown,,ruby,rspec,1.0,,73,0,73,0,,1.74,,0
478635,jnicklas/turnip,0.0,,,ruby,,master,,,merge_found,,,,4,ce4c0ed74ba9779faef74b6cb11ab7b2764a5239,1,ce4c0ed74ba9779faef74b6cb11ab7b2764a5239,,ce4c0ed74ba9779faef74b6cb11ab7b2764a5239,,0,,49,33,4,0,4,0,0,8,0,0,27,724,766.574585635359,104.972375690608,150.552486187845,1.0,,,2012-01-04 19:38:05,passed,336,"[478639, 478637, 478636, 478638]",19,478636,ruby,unknown,,ruby,rspec,1.0,,76,0,76,0,,1.64,,0
478658,jnicklas/turnip,0.0,,,ruby,,master,,,build_found,ce4c0ed74ba9779faef74b6cb11ab7b2764a5239,478635,,4,c738651c297090ba98382fb9d9e3064a456b2c1c,1,c738651c297090ba98382fb9d9e3064a456b2c1c,,c738651c297090ba98382fb9d9e3064a456b2c1c,,0,,2,0,0,0,1,0,0,1,0,0,3,724,766.574585635359,104.972375690608,150.552486187845,1.0,,,2012-01-04 19:42:09,passed,360,"[478662, 478659, 478661, 478660]",20,478662,ruby,unknown,,ruby,rspec,1.0,,76,0,76,0,,11.34,,0
637316,jnicklas/turnip,0.0,,,ruby,,master,2,eb125070dbbca358019acc7ec80a44563649a381#0413e15c2edce0159121062a8fef10227354043b,merge_found,,,2012-02-07 00:44:25,4,0413e15c2edce0159121062a8fef10227354043b,1,0413e15c2edce0159121062a8fef10227354043b,,0413e15c2edce0159121062a8fef10227354043b,,0,,26,0,0,0,1,0,0,1,0,0,21,724,766.574585635359,104.972375690608,150.552486187845,0.0,,2012-02-07 05:29:04,2012-02-07 05:29:04,failed,196,"[637320, 637318, 637319, 637317]",21,637318,ruby,unknown,,ruby,rspec,1.0,,76,0,76,0,,0.86,,0
639381,jnicklas/turnip,0.0,,,ruby,,master,1,ed2d14343e6d6ae31f25a9eca3efef8b3f9c289d,build_found,0413e15c2edce0159121062a8fef10227354043b,637316,2012-02-07 16:28:04,5,ed2d14343e6d6ae31f25a9eca3efef8b3f9c289d,1,ed2d14343e6d6ae31f25a9eca3efef8b3f9c289d,,ed2d14343e6d6ae31f25a9eca3efef8b3f9c289d,,0,,4,0,0,0,1,0,0,1,0,0,22,724,766.574585635359,104.972375690608,150.552486187845,0.0,,2012-02-07 16:32:59,2012-02-07 16:32:37,failed,186,"[639385, 639384, 639382, 639383]",23,639385,unknown,unknown,,plain,,0.0,,,,,,,,,0
675613,jnicklas/turnip,0.0,,,ruby,,master,2,6d1847ea9721a55eca766e5500cb561ba1da5bc5#7cb06a61934b3e907abe3c9fd3f454a7e755a862,merge_found,,,2012-02-13 16:17:51,5,7cb06a61934b3e907abe3c9fd3f454a7e755a862,1,7cb06a61934b3e907abe3c9fd3f454a7e755a862,,7cb06a61934b3e907abe3c9fd3f454a7e755a862,,0,,0,0,0,0,1,0,0,0,0,1,4,724,766.574585635359,104.972375690608,150.552486187845,1.0,,2012-02-14 10:11:31,2012-02-14 10:11:33,passed,401,"[675617, 675615, 675616, 675614]",24,675615,ruby,unknown,,ruby,rspec,1.0,,76,0,76,0,,1.07,,0
700121,jnicklas/turnip,0.0,,,ruby,,master,3,4f791f3c26702c436ce28de82f2d03ac3666fb79#3fbd15ca9bf4eef5378db3030e8d51c0a0bab2e1#b1938b7a9755d3c77144fb7fab90dc30fe1f63b6,merge_found,,,2012-02-19 01:12:10,6,b1938b7a9755d3c77144fb7fab90dc30fe1f63b6,1,b1938b7a9755d3c77144fb7fab90dc30fe1f63b6,,b1938b7a9755d3c77144fb7fab90dc30fe1f63b6,,0,,13,6,2,0,2,0,0,4,0,0,20,731,766.073871409029,105.335157318741,151.846785225718,0.0,,2012-02-19 03:49:23,2012-02-19 03:49:23,failed,322,"[700122, 700124, 700125, 700123]",25,700124,ruby,unknown,,ruby,rspec,1.0,,166,5,171,8,,0.9,,0
700209,jnicklas/turnip,0.0,,,ruby,,master,2,02153a5f969cc364d4c3e406de50dfabfe4aaa7f#176c3df2663028345b8350b8ab19626693ab4322,merge_found,,,2012-02-19 04:40:20,6,176c3df2663028345b8350b8ab19626693ab4322,1,176c3df2663028345b8350b8ab19626693ab4322,,176c3df2663028345b8350b8ab19626693ab4322,,0,,0,2,0,0,1,0,0,1,0,0,14,731,766.073871409029,105.335157318741,151.846785225718,0.0,,2012-02-19 04:42:06,2012-02-19 04:42:06,passed,305,"[700213, 700212, 700211, 700210]",26,700213,ruby,unknown,,ruby,rspec,1.0,,77,0,77,0,,3.96,,0
700218,jnicklas/turnip,0.0,,,ruby,,master,1,324d596f496344f333c04a30facbd44aa6c0ae67,merge_found,,,2012-02-19 04:44:48,6,324d596f496344f333c04a30facbd44aa6c0ae67,1,324d596f496344f333c04a30facbd44aa6c0ae67,,324d596f496344f333c04a30facbd44aa6c0ae67,,0,,21,0,0,0,1,0,0,1,0,0,25,731,766.073871409029,105.335157318741,151.846785225718,0.0,,2012-02-19 04:44:49,2012-02-19 04:44:51,passed,295,"[700222, 700221, 700219, 700220]",27,700219,ruby,unknown,,ruby,rspec,1.0,,77,0,77,0,,1.43,,0
710782,jnicklas/turnip,0.0,,,ruby,,master,3,ff4b61be9c39b9052610ea01582430a12f614616#1121e7dd6fd369d4dcc7a6864323ad3666d7496d#a74537ad02520cddedc9bb722e3e5c4bc2aecadc,merge_found,,,2012-02-14 23:38:19,6,a74537ad02520cddedc9bb722e3e5c4bc2aecadc,1,a74537ad02520cddedc9bb722e3e5c4bc2aecadc,,a74537ad02520cddedc9bb722e3e5c4bc2aecadc,,0,,31,35,0,0,2,0,0,2,0,0,6,738,776.422764227642,107.046070460705,153.116531165312,1.0,,2012-02-20 23:03:33,2012-02-20 23:04:07,passed,349,"[710786, 710785, 710784, 710783]",28,710786,ruby,unknown,,ruby,rspec,1.0,,79,0,79,0,,4.59,,0
787897,jnicklas/turnip,0.0,,,ruby,,master,2,0284c4b9685be16db44dd73c51993223da3e0322#f683fa71d2a9f00d3994bdfaf08430c9b6afcd83,merge_found,,,2012-03-03 15:20:51,6,f683fa71d2a9f00d3994bdfaf08430c9b6afcd83,1,f683fa71d2a9f00d3994bdfaf08430c9b6afcd83,,f683fa71d2a9f00d3994bdfaf08430c9b6afcd83,,0,,17,2,0,0,4,0,0,4,0,0,22,744,770.161290322581,106.182795698925,151.881720430108,0.0,,2012-03-03 19:31:48,2012-03-03 19:31:49,passed,330,"[787901, 787898, 787900, 787899]",29,787898,ruby,unknown,,ruby,rspec,1.0,,79,0,79,0,,1.79,,0
793167,jnicklas/turnip,0.0,,,ruby,,master,2,971774666e7eac6a2a4e3e655042a53a300a9a46#9d749ddd07170705477612a5b8c47a1086e247db,merge_found,,,2012-03-03 19:37:40,6,9d749ddd07170705477612a5b8c47a1086e247db,1,9d749ddd07170705477612a5b8c47a1086e247db,,9d749ddd07170705477612a5b8c47a1086e247db,,0,,4,0,0,0,1,0,0,1,0,0,7,744,770.161290322581,106.182795698925,151.881720430108,1.0,,2012-03-04 17:38:45,2012-03-04 17:38:46,passed,308,"[793169, 793170, 793171, 793168]",30,793171,ruby,unknown,,ruby,rspec,1.0,,79,0,79,0,,4.22,,0
984417,jnicklas/turnip,0.0,,,ruby,,master,2,8be74086faba73825063923f1714f894a756b80a#1b237ede5693a4f9eec231a472236e7edaae25b8,merge_found,,,2012-03-30 19:12:28,6,1b237ede5693a4f9eec231a472236e7edaae25b8,1,1b237ede5693a4f9eec231a472236e7edaae25b8,,1b237ede5693a4f9eec231a472236e7edaae25b8,,0,,12,2,0,0,4,0,0,4,0,0,26,747,767.06827309237,105.756358768407,151.271753681392,0.0,,2012-03-30 20:07:57,2012-03-30 20:07:59,passed,250,"[984421, 984419, 984418, 984420]",31,984420,ruby,unknown,,ruby,rspec,1.0,,79,0,79,0,,1.16,,0
1112712,jnicklas/turnip,0.0,,,ruby,,master,1,05cbbc6d28927e38b3fafe4e1e9de43c65967845,build_found,1b237ede5693a4f9eec231a472236e7edaae25b8,984417,2012-04-17 15:20:29,6,05cbbc6d28927e38b3fafe4e1e9de43c65967845,1,05cbbc6d28927e38b3fafe4e1e9de43c65967845,,05cbbc6d28927e38b3fafe4e1e9de43c65967845,,0,,2,0,0,0,1,0,0,1,0,0,4,747,767.06827309237,105.756358768407,151.271753681392,1.0,,2012-04-17 15:21:10,2012-04-17 15:22:51,passed,219,"[1112715, 1112713, 1112716, 1112714]",32,1112714,ruby,unknown,,ruby,rspec,1.0,,79,0,79,0,,0.95,,0
1160391,jnicklas/turnip,0.0,,,ruby,,master,12,a23f8c065c555467a2b3a03ffaa8715a3daf7df1#dfa7f4be809c919f7c2ae09802d2c46cb5b06412#9890f30ee2c6579e70692f273f9d0196a9549c38#f9daefcbfd8fc5784cc2fcd7a355ae3e0eb57c85#7fcc56b8cbb632961fba92db68439c7e8b1c0053#0055572d35599427c29e37782dd87fc6fa45e052#9b059b7bb32e3c5e55a1ea1f20645502485f9585#5936d070dace80547d598808b57d3fb5d2154d56#c4d961a54770ab90c48ac4058db2293335aabcdd#9ca6c862daf35bfc8006e651c79dd5154c837dfa#464606e623d70bfb48788b9bd912a439fcd8b094#293ccee256753b1540685459f4c6bfd0be08c67a,build_found,91a42f9dfea4e7675868c1079de6d0a83e67da8a,1140449,2012-04-24 04:47:42,6,293ccee256753b1540685459f4c6bfd0be08c67a#464606e623d70bfb48788b9bd912a439fcd8b094#9ca6c862daf35bfc8006e651c79dd5154c837dfa#c4d961a54770ab90c48ac4058db2293335aabcdd#5936d070dace80547d598808b57d3fb5d2154d56#9b059b7bb32e3c5e55a1ea1f20645502485f9585#0055572d35599427c29e37782dd87fc6fa45e052#7fcc56b8cbb632961fba92db68439c7e8b1c0053#f9daefcbfd8fc5784cc2fcd7a355ae3e0eb57c85#9890f30ee2c6579e70692f273f9d0196a9549c38#dfa7f4be809c919f7c2ae09802d2c46cb5b06412#a23f8c065c555467a2b3a03ffaa8715a3daf7df1,12,293ccee256753b1540685459f4c6bfd0be08c67a,,293ccee256753b1540685459f4c6bfd0be08c67a,,0,,737,277,4,9,15,0,0,23,0,0,86,593,504.215851602024,69.1399662731872,123.102866779089,1.0,,2012-04-24 07:14:17,2012-04-24 07:14:50,failed,257,"[1160392, 1160395, 1160393, 1160394]",39,1160394,ruby,unknown,,ruby,rspec,1.0,,36,0,36,0,,1.43,,0
1160403,jnicklas/turnip,0.0,,,ruby,,master,1,2dcfa4480ccf7b41709984e9e0f9f14e47bef14b,build_found,293ccee256753b1540685459f4c6bfd0be08c67a,1160391,2012-04-24 07:16:21,6,2dcfa4480ccf7b41709984e9e0f9f14e47bef14b,1,2dcfa4480ccf7b41709984e9e0f9f14e47bef14b,,2dcfa4480ccf7b41709984e9e0f9f14e47bef14b,,0,,1,0,0,0,1,0,0,1,0,0,27,593,504.215851602024,69.1399662731872,123.102866779089,1.0,,2012-04-24 07:18:04,2012-04-24 07:18:06,failed,226,"[1160404, 1160407, 1160405, 1160406]",40,1160407,ruby,unknown,,ruby,rspec,1.0,,36,0,36,0,,9.43,,0
1176153,jnicklas/turnip,0.0,,,ruby,,master,2,05e84cbab005bf7a5a8bcd54e88c631c18325a40#6a2b870f5dc76eb51890a7a7c95161e5cac92958,merge_found,,,2012-04-25 20:17:20,6,6a2b870f5dc76eb51890a7a7c95161e5cac92958,1,6a2b870f5dc76eb51890a7a7c95161e5cac92958,,6a2b870f5dc76eb51890a7a7c95161e5cac92958,,0,,5,0,0,0,1,0,0,1,0,0,17,596,501.677852348993,68.7919463087248,122.48322147651,1.0,,2012-04-25 21:27:46,2012-04-25 21:27:48,passed,227,"[1176156, 1176157, 1176154, 1176155]",41,1176155,ruby,unknown,,ruby,rspec,1.0,,36,0,36,0,,1.27,,0
1180329,jnicklas/turnip,0.0,,,ruby,,master,1,73e6af33507568ca0c4ac90f0863941c39f3bbc1,build_found,6a2b870f5dc76eb51890a7a7c95161e5cac92958,1176153,2012-04-26 11:59:32,6,73e6af33507568ca0c4ac90f0863941c39f3bbc1,1,73e6af33507568ca0c4ac90f0863941c39f3bbc1,,73e6af33507568ca0c4ac90f0863941c39f3bbc1,,0,,47,2,1,0,3,0,0,4,0,0,35,611,489.36170212766,67.1031096563011,119.476268412439,1.0,,2012-04-26 11:59:45,2012-04-26 11:59:48,passed,250,"[1180333, 1180330, 1180332, 1180331]",42,1180333,ruby,unknown,,ruby,rspec,1.0,,36,0,36,0,,9.04,,0
1180429,jnicklas/turnip,0.0,,,ruby,,master,1,6fd445733696ab7ec551c0a1079e98794b9422f1,build_found,73e6af33507568ca0c4ac90f0863941c39f3bbc1,1180329,2012-04-26 12:18:47,6,6fd445733696ab7ec551c0a1079e98794b9422f1,1,6fd445733696ab7ec551c0a1079e98794b9422f1,,6fd445733696ab7ec551c0a1079e98794b9422f1,,0,,2,0,0,0,1,0,0,1,0,0,5,611,489.36170212766,67.1031096563011,119.476268412439,1.0,,2012-04-26 12:18:52,2012-04-26 12:18:56,passed,241,"[1180433, 1180431, 1180430, 1180432]",43,1180433,ruby,unknown,,ruby,rspec,1.0,,36,0,36,0,,8.89,,0
1180992,jnicklas/turnip,0.0,,,ruby,,master,2,227a21018e0d3ac1a0080fdcee009b68033e3483#fbb158f03894a3cb1231238f7067a291846caa85,merge_found,,,2012-04-26 13:32:43,6,fbb158f03894a3cb1231238f7067a291846caa85,1,fbb158f03894a3cb1231238f7067a291846caa85,,fbb158f03894a3cb1231238f7067a291846caa85,,0,,3,0,0,0,1,0,0,1,0,0,29,611,489.36170212766,67.1031096563011,119.476268412439,1.0,,2012-04-26 13:59:11,2012-04-26 13:59:12,passed,239,"[1180994, 1180993, 1180996, 1180995]",44,1180995,ruby,unknown,,ruby,rspec,1.0,,36,0,36,0,,1.86,,0
1303276,jnicklas/turnip,0.0,,,ruby,,master,3,2a7a501ae3ee8a58992b685d1e37223a53ba96ac#b01b755fb9f3535d901af37f2a26d43ee63a3be2#f3050490c56fff1c192afc191f4a4ed193199793,build_found,fbb158f03894a3cb1231238f7067a291846caa85,1180992,2012-04-27 16:50:11,6,f3050490c56fff1c192afc191f4a4ed193199793#b01b755fb9f3535d901af37f2a26d43ee63a3be2#2a7a501ae3ee8a58992b685d1e37223a53ba96ac,3,f3050490c56fff1c192afc191f4a4ed193199793,,f3050490c56fff1c192afc191f4a4ed193199793,,0,,58,30,0,0,7,0,0,7,0,0,53,612,513.071895424837,71.8954248366013,122.549019607843,1.0,,2012-05-11 09:12:19,2012-05-11 09:12:21,passed,233,"[1303278, 1303280, 1303279, 1303277]",45,1303279,ruby,unknown,,ruby,rspec,1.0,,38,0,38,0,,1.24,,0
1313009,jnicklas/turnip,0.0,,,ruby,,master,2,e69876ace923aa067b5af98eafff4eae78668b87#356dfa19b10ae57ece40d8f8074ca295f6d7312b,merge_found,,,2012-05-12 07:58:41,6,356dfa19b10ae57ece40d8f8074ca295f6d7312b,1,356dfa19b10ae57ece40d8f8074ca295f6d7312b,,356dfa19b10ae57ece40d8f8074ca295f6d7312b,,0,,4,17,0,0,2,0,0,2,0,0,26,614,534.201954397394,74.9185667752443,125.407166123778,1.0,,2012-05-12 11:21:40,2012-05-12 11:21:43,passed,227,"[1313013, 1313012, 1313010, 1313011]",46,1313010,ruby,unknown,,ruby,rspec,1.0,,40,0,40,0,,2.63,,0
1550253,jnicklas/turnip,0.0,,,ruby,,master,1,b0adaf4c1f8160d65f3d659db89d3def3070fd82,build_found,356dfa19b10ae57ece40d8f8074ca295f6d7312b,1313009,2012-06-06 18:18:21,4,b0adaf4c1f8160d65f3d659db89d3def3070fd82,1,b0adaf4c1f8160d65f3d659db89d3def3070fd82,,b0adaf4c1f8160d65f3d659db89d3def3070fd82,,0,,25,4,0,0,4,0,0,4,0,0,71,605,538.842975206612,76.0330578512397,127.272727272727,1.0,,2012-06-06 18:23:27,2012-06-06 18:18:33,failed,245,"[1550256, 1550255, 1550254, 1550257]",47,1550256,ruby,unknown,,ruby,rspec,1.0,,39,1,40,0,,1.51,,0
1550298,jnicklas/turnip,0.0,,,ruby,,master,1,30c290dbe3e5478a2315d3faaaa1252fe0682361,build_found,b0adaf4c1f8160d65f3d659db89d3def3070fd82,1550253,2012-06-06 18:25:36,4,30c290dbe3e5478a2315d3faaaa1252fe0682361,1,30c290dbe3e5478a2315d3faaaa1252fe0682361,,30c290dbe3e5478a2315d3faaaa1252fe0682361,,0,,2,0,0,0,1,0,0,1,0,0,5,605,538.842975206612,76.0330578512397,127.272727272727,1.0,,2012-06-06 18:29:00,2012-06-06 18:26:18,failed,203,"[1550302, 1550300, 1550299, 1550301]",48,1550299,ruby,unknown,,ruby,rspec,1.0,,39,1,40,0,,2.12,,0
1673733,jnicklas/turnip,0.0,,,ruby,,master,1,3de493e8aa7bd110a85e5f7c61adbb9c00f8286c,build_found,30c290dbe3e5478a2315d3faaaa1252fe0682361,1550298,2012-06-21 13:12:24,4,3de493e8aa7bd110a85e5f7c61adbb9c00f8286c,1,3de493e8aa7bd110a85e5f7c61adbb9c00f8286c,,3de493e8aa7bd110a85e5f7c61adbb9c00f8286c,,0,,0,6,0,0,1,0,0,1,0,0,21,605,543.801652892562,76.0330578512397,127.272727272727,1.0,,2012-06-21 13:12:29,2012-06-21 13:12:30,passed,225,"[1673737, 1673736, 1673735, 1673734]",49,1673735,ruby,unknown,,ruby,rspec,1.0,,40,0,40,0,,1.71,,0
1723170,jnicklas/turnip,0.0,,,ruby,,master,4,7c5587221f64b76120f6d7b346d12da0eb13204f#a5463f3d0f992a08943039345310c1873722d893#862022b5c94bdce1b9da9d4914c019bea95c54d1#4013b6bee04232411b40d1c05b3ed000676a0f20,merge_found,,,2012-06-26 10:45:47,4,4013b6bee04232411b40d1c05b3ed000676a0f20,1,4013b6bee04232411b40d1c05b3ed000676a0f20,,4013b6bee04232411b40d1c05b3ed000676a0f20,,0,,8,16,0,0,1,0,0,2,0,0,6,610,562.295081967213,78.6885245901639,129.508196721311,1.0,,2012-06-27 18:46:46,2012-06-27 18:47:12,failed,234,"[1723172, 1723171, 1723174, 1723173]",50,1723172,ruby,unknown,,ruby,rspec,1.0,,44,4,48,0,,1.89,,0
1853547,jnicklas/turnip,0.0,,,ruby,,master,2,70ee87d2eb1f4a568c2747701105a98aa3878b5c#2bf007b3cc03847cd8b3d45792ae9648679271a6,merge_found,,,2012-07-13 04:59:02,4,2bf007b3cc03847cd8b3d45792ae9648679271a6,1,2bf007b3cc03847cd8b3d45792ae9648679271a6,,2bf007b3cc03847cd8b3d45792ae9648679271a6,,0,,2,0,0,0,1,0,0,1,0,0,19,610,562.295081967213,78.6885245901639,129.508196721311,1.0,,2012-07-13 07:22:01,2012-07-13 07:22:03,failed,218,"[1853551, 1853548, 1853550, 1853549]",51,1853548,ruby,unknown,,ruby,rspec,1.0,,44,4,48,0,,2.4,,0
1926344,jnicklas/turnip,0.0,,,ruby,,master,1,110af0f0bb3219ce4ba10f1dea6b168a82266760,build_found,2bf007b3cc03847cd8b3d45792ae9648679271a6,1853547,2012-07-22 14:17:50,4,110af0f0bb3219ce4ba10f1dea6b168a82266760,1,110af0f0bb3219ce4ba10f1dea6b168a82266760,,110af0f0bb3219ce4ba10f1dea6b168a82266760,,0,,11,0,0,0,2,0,0,2,0,0,38,608,564.144736842105,78.9473684210526,129.934210526316,1.0,,2012-07-22 14:20:49,2012-07-22 14:20:50,failed,206,"[1926348, 1926347, 1926345, 1926346]",52,1926346,ruby,unknown,,ruby,rspec,1.0,,44,4,48,0,,1.52,,0
2244229,jnicklas/turnip,1.0,2012-08-26 18:04:01,71,ruby,merge_button,master,2,7930ae65f7de90b7d2deb42ec11bb78c35493546#e811d0ecf2bc83aba71a1bf96018733b8dc22b66,build_found,110af0f0bb3219ce4ba10f1dea6b168a82266760,1926344,2012-08-26 19:28:14,4,7930ae65f7de90b7d2deb42ec11bb78c35493546,1,7930ae65f7de90b7d2deb42ec11bb78c35493546,110af0f0bb3219ce4ba10f1dea6b168a82266760,f0604b14b4b9d5f1948ec6c86b720f6ce0117b87,1,0,0,0,0,0,0,1,0,0,0,0,1,5,608,564.144736842105,78.9473684210526,129.934210526316,0.0,25,2012-08-26 20:42:55,2012-08-26 20:04:07,passed,219,"[2244232, 2244231, 2244233, 2244230]",56,2244233,ruby,unknown,,ruby,rspec,1.0,,48,0,48,0,,6.09,,0
2244484,jnicklas/turnip,0.0,,,ruby,,master,2,7930ae65f7de90b7d2deb42ec11bb78c35493546#e811d0ecf2bc83aba71a1bf96018733b8dc22b66,merge_found,,,2012-08-26 19:28:14,4,e811d0ecf2bc83aba71a1bf96018733b8dc22b66,1,e811d0ecf2bc83aba71a1bf96018733b8dc22b66,,e811d0ecf2bc83aba71a1bf96018733b8dc22b66,,0,,0,0,0,0,1,0,0,0,0,1,6,608,564.144736842105,78.9473684210526,129.934210526316,1.0,,2012-08-26 20:42:55,2012-08-26 20:42:58,passed,219,"[2244487, 2244485, 2244488, 2244486]",57,2244488,ruby,unknown,,ruby,rspec,1.0,,48,0,48,0,,7.56,,0
2244516,jnicklas/turnip,0.0,,,ruby,,master,17,6af87d047d259c442e1efd1cd684bfaef93162b8#129464485bdc3855328a1303096728a1f442af2c#decf034425bc24eff663626a5b7109337743ae74#65d5dacf99fc7f5fa7aee63fcf8583f8b3d40342#9b4e27fa983b540dda05e57f289047453d21d223#b5d5796ab73ee7f6f939001ffa743fc51398ffc6#86a3af63696e7377745cc0e821a3a7c8400b635c#5e34f9c932e72fdd911d2757954eaf1f30b10168#886dc3aae05184271858a763b5056320bbd06fd1#c9be3979ced4a6e77b5c00e41bdccc854e05ea49#dd1113cac86c5140e0b177cd7dd99650266d9b94#66069581e1f165b01edd67f22010da3edd7c3e03#bc58878f8a12537a65e18c34fb2ba1d34eaf8a8e#1710690713a878b0721c1d7feb1eb6ac51c46144#aafba623bb8fb877be33a01fa30b24d72d148c5a#0bca4468ea583600013f2c401b48f4c992c11232#e3be114b0f711601a7196151fabf52842a23f2b4,merge_found,,,2012-08-18 21:17:46,4,e3be114b0f711601a7196151fabf52842a23f2b4,1,e3be114b0f711601a7196151fabf52842a23f2b4,,e3be114b0f711601a7196151fabf52842a23f2b4,,0,,26,27,1,0,4,0,0,5,0,0,55,616,589.285714285714,81.1688311688312,136.363636363636,1.0,,2012-08-26 20:45:51,2012-08-26 20:45:54,passed,199,"[2244519, 2244518, 2244517, 2244520]",58,2244517,ruby,unknown,,ruby,rspec,1.0,,50,0,50,0,,2.19,,0
2248121,jnicklas/turnip,1.0,2012-08-27 07:09:30,72,ruby,merge_button,master,2,5b0b3f4c802844fe4ad18c7815c9d254b8821741#d430c01ee78eeeb428dfbc04d5203d0c52cef29b,build_found,7930ae65f7de90b7d2deb42ec11bb78c35493546,2244229,2012-08-27 09:06:35,4,5b0b3f4c802844fe4ad18c7815c9d254b8821741,1,5b0b3f4c802844fe4ad18c7815c9d254b8821741,e3be114b0f711601a7196151fabf52842a23f2b4,c00a1ddca3d83025a8c346cac8973caaf703baac,1,0,0,1,0,0,0,1,0,0,1,0,0,33,608,564.144736842105,78.9473684210526,129.934210526316,0.0,30,2012-08-27 16:46:37,2012-08-27 09:09:36,passed,221,"[2248124, 2248125, 2248122, 2248123]",59,2248124,ruby,unknown,,ruby,,0.0,,,,,,,,,0
2251910,jnicklas/turnip,0.0,,,ruby,,master,2,5b0b3f4c802844fe4ad18c7815c9d254b8821741#d430c01ee78eeeb428dfbc04d5203d0c52cef29b,merge_found,,,2012-08-27 09:06:35,4,d430c01ee78eeeb428dfbc04d5203d0c52cef29b,1,d430c01ee78eeeb428dfbc04d5203d0c52cef29b,,d430c01ee78eeeb428dfbc04d5203d0c52cef29b,,0,,1,0,0,0,1,0,0,1,0,0,34,616,589.285714285714,81.1688311688312,136.363636363636,1.0,,2012-08-27 16:46:37,2012-08-27 16:46:40,passed,208,"[2251913, 2251914, 2251912, 2251911]",60,2251912,ruby,unknown,,ruby,rspec,1.0,,50,0,50,0,,1.19,,0
2372513,jnicklas/turnip,1.0,2012-09-07 17:06:31,76,ruby,merge_button,master,2,642e6c5cc61c72450aed35fa7813ecddba976fdb#822ef6314e81a1b1eb422eab1fd0fc6e7c0af30e,build_found,d430c01ee78eeeb428dfbc04d5203d0c52cef29b,2251910,2012-09-07 11:25:51,4,642e6c5cc61c72450aed35fa7813ecddba976fdb,1,642e6c5cc61c72450aed35fa7813ecddba976fdb,d430c01ee78eeeb428dfbc04d5203d0c52cef29b,2b57091dfee34ad5c69606af954116ddb4b02527,3,0,0,14,0,0,0,1,0,0,1,0,0,8,622,583.601286173634,80.3858520900322,135.048231511254,1.0,41,2012-09-07 19:09:53,2012-09-07 19:06:38,passed,245,"[2372516, 2372517, 2372514, 2372515]",63,2372516,ruby,unknown,,ruby,,0.0,,,,,,,,,0
2372553,jnicklas/turnip,0.0,,,ruby,,master,2,642e6c5cc61c72450aed35fa7813ecddba976fdb#822ef6314e81a1b1eb422eab1fd0fc6e7c0af30e,merge_found,,,2012-09-07 11:25:51,4,822ef6314e81a1b1eb422eab1fd0fc6e7c0af30e,1,822ef6314e81a1b1eb422eab1fd0fc6e7c0af30e,,822ef6314e81a1b1eb422eab1fd0fc6e7c0af30e,,0,,14,0,0,0,1,0,0,1,0,0,9,622,583.601286173634,80.3858520900322,135.048231511254,1.0,,2012-09-07 19:09:53,2012-09-07 19:09:54,passed,217,"[2372556, 2372554, 2372555, 2372557]",64,2372557,ruby,unknown,,ruby,rspec,1.0,,50,0,50,0,,8.99,,0
2372703,jnicklas/turnip,0.0,,,ruby,,master,2,7404d1874ef3f6c56cc3895a94363d54e4fd8d90#9e7d2a92cdece68bbfad3019292aa2a4d7192637,merge_found,,,2012-09-07 14:43:39,4,9e7d2a92cdece68bbfad3019292aa2a4d7192637,1,9e7d2a92cdece68bbfad3019292aa2a4d7192637,,9e7d2a92cdece68bbfad3019292aa2a4d7192637,,0,,4,0,0,0,1,0,0,1,0,0,11,622,583.601286173634,80.3858520900322,135.048231511254,1.0,,2012-09-07 19:22:05,2012-09-07 19:22:30,passed,217,"[2372706, 2372707, 2372704, 2372705]",65,2372705,ruby,unknown,,ruby,rspec,1.0,,50,0,50,0,,1.28,,0
2373150,jnicklas/turnip,0.0,,,ruby,,master,3,e3bb853fead4495e321a74cbc10fff40d2cf75b7#51930f00918519938aededc33ca7f55f683198db#63139f03383d17ec58c2774f8ca83148870fb1dd,build_found,9e7d2a92cdece68bbfad3019292aa2a4d7192637,2372703,2012-09-07 19:43:23,4,63139f03383d17ec58c2774f8ca83148870fb1dd#51930f00918519938aededc33ca7f55f683198db#e3bb853fead4495e321a74cbc10fff40d2cf75b7,3,63139f03383d17ec58c2774f8ca83148870fb1dd,,63139f03383d17ec58c2774f8ca83148870fb1dd,,0,,79,16,0,0,6,0,0,5,0,1,62,632,596.518987341772,83.8607594936709,136.075949367089,1.0,,2012-09-07 20:10:33,2012-09-07 20:10:37,passed,207,"[2373153, 2373154, 2373151, 2373152]",66,2373151,ruby,unknown,,ruby,rspec,1.0,,52,0,52,0,,2.27,,0
2386363,jnicklas/turnip,0.0,,,ruby,,master,1,1ac5f668ae0bea91156410f131b60dcc0c223588,build_found,63139f03383d17ec58c2774f8ca83148870fb1dd,2373150,2012-09-09 14:46:15,4,1ac5f668ae0bea91156410f131b60dcc0c223588,1,1ac5f668ae0bea91156410f131b60dcc0c223588,,1ac5f668ae0bea91156410f131b60dcc0c223588,,0,,10,0,0,0,3,0,0,3,0,0,54,627,601.275917065391,84.5295055821372,137.161084529506,1.0,,2012-09-09 14:46:25,2012-09-09 14:46:29,passed,203,"[2386366, 2386364, 2386365, 2386367]",67,2386365,ruby,unknown,,ruby,rspec,1.0,,52,0,52,0,,1.26,,0
3362244,jnicklas/turnip,0.0,,,ruby,,master,,,build_found,1ac5f668ae0bea91156410f131b60dcc0c223588,2386363,,4,514118a9db04562921bfa10b04b148df26cf2c29#5c897070d22555a4a6829e5e0eb7ace531d7f0f8,2,514118a9db04562921bfa10b04b148df26cf2c29,,514118a9db04562921bfa10b04b148df26cf2c29,,0,,14,0,0,0,3,0,0,3,0,0,55,631,597.464342313788,83.9936608557845,136.291600633914,1.0,,,2012-11-26 11:30:24,passed,278,"[3362247, 3362246, 3362248, 3362245]",70,3362245,ruby,unknown,,ruby,rspec,1.0,,52,0,52,0,,4.09,,0
3362381,jnicklas/turnip,0.0,,,ruby,,master,,,build_found,514118a9db04562921bfa10b04b148df26cf2c29,3362244,,4,545228e4fddbbb8561d2062f2e35b1ea35b2a1f3,1,545228e4fddbbb8561d2062f2e35b1ea35b2a1f3,,545228e4fddbbb8561d2062f2e35b1ea35b2a1f3,,0,,2,0,0,0,1,0,0,1,0,0,8,631,597.464342313788,83.9936608557845,136.291600633914,1.0,,,2012-11-26 11:40:36,passed,308,"[3362384, 3362385, 3362382, 3362383]",71,3362385,ruby,unknown,,ruby,rspec,1.0,,52,0,52,0,,6.72,,0
3919232,jnicklas/turnip,1.0,2013-01-02 16:26:55,87,ruby,merge_button,master,2,7fd5d12d256dece3288702e42c1e5ebff3c5541e#6ed9ec1e6eeb9e10a1c6c2f9743135f38f19d59f,build_found,545228e4fddbbb8561d2062f2e35b1ea35b2a1f3,3362381,2013-01-02 17:26:06,4,7fd5d12d256dece3288702e42c1e5ebff3c5541e,1,7fd5d12d256dece3288702e42c1e5ebff3c5541e,545228e4fddbbb8561d2062f2e35b1ea35b2a1f3,cedabb892d770db25b6b39805f61362629c92661,0,0,0,2,0,0,0,1,0,0,1,0,0,37,631,597.464342313788,83.9936608557845,136.291600633914,0.0,7,2013-01-02 17:43:53,2013-01-02 17:27:00,passed,268,"[3919236, 3919234, 3919235, 3919233]",73,3919236,ruby,unknown,,ruby,rspec,1.0,,52,0,52,0,,7.6,,0
3919433,jnicklas/turnip,0.0,,,ruby,,master,2,7fd5d12d256dece3288702e42c1e5ebff3c5541e#6ed9ec1e6eeb9e10a1c6c2f9743135f38f19d59f,merge_found,,,2013-01-02 17:26:06,4,6ed9ec1e6eeb9e10a1c6c2f9743135f38f19d59f,1,6ed9ec1e6eeb9e10a1c6c2f9743135f38f19d59f,,6ed9ec1e6eeb9e10a1c6c2f9743135f38f19d59f,,0,,2,0,0,0,1,0,0,1,0,0,38,631,597.464342313788,83.9936608557845,136.291600633914,1.0,,2013-01-02 17:43:53,2013-01-02 17:43:58,passed,258,"[3919435, 3919437, 3919436, 3919434]",74,3919436,ruby,unknown,,ruby,rspec,1.0,,52,0,52,0,,1.56,,0
6006707,jnicklas/turnip,1.0,2013-04-03 02:52:51,94,ruby,merge_button,master,2,2ca0e20fd1db052fdac932e30781bd50d0de58e3#fc5ca64c42267dc6b7cd8b150f9676fe39300392,build_found,6ed9ec1e6eeb9e10a1c6c2f9743135f38f19d59f,3919433,2013-04-03 04:51:49,4,2ca0e20fd1db052fdac932e30781bd50d0de58e3,1,2ca0e20fd1db052fdac932e30781bd50d0de58e3,6ed9ec1e6eeb9e10a1c6c2f9743135f38f19d59f,f410a225b081f07f5ab420774567129c7a2681b7,1,0,0,2,0,0,0,1,0,0,1,0,0,39,631,597.464342313788,83.9936608557845,136.291600633914,1.0,14,2013-04-03 06:37:51,2013-04-03 05:06:20,passed,394,"[6006708, 6006709, 6006711, 6006710]",81,6006709,ruby,ok,,ruby,rspec,1.0,,52,0,52,0,,1.38,,0
6008235,jnicklas/turnip,0.0,,,ruby,,master,2,2ca0e20fd1db052fdac932e30781bd50d0de58e3#fc5ca64c42267dc6b7cd8b150f9676fe39300392,merge_found,,,2013-04-03 04:51:49,4,fc5ca64c42267dc6b7cd8b150f9676fe39300392,1,fc5ca64c42267dc6b7cd8b150f9676fe39300392,,fc5ca64c42267dc6b7cd8b150f9676fe39300392,,0,,2,0,0,0,1,0,0,1,0,0,40,631,597.464342313788,83.9936608557845,136.291600633914,1.0,,2013-04-03 06:37:51,2013-04-03 07:04:58,passed,334,"[6008236, 6008238, 6008237, 6008239]",82,6008237,ruby,ok,,ruby,rspec,1.0,,52,0,52,0,,1.31,,0
6818597,jnicklas/turnip,1.0,2013-05-02 10:53:17,95,ruby,merge_button,master,2,d69b6adf9d8dffa37b5551e812630d1937ca9d4d#c778956757af87595f405b07cdb93b668a36d6d0,build_found,fc5ca64c42267dc6b7cd8b150f9676fe39300392,6008235,2013-05-02 12:24:03,4,d69b6adf9d8dffa37b5551e812630d1937ca9d4d,1,d69b6adf9d8dffa37b5551e812630d1937ca9d4d,fc5ca64c42267dc6b7cd8b150f9676fe39300392,3065914b89fe7f4520cd1500e6dc4dc8d7f422ea,0,0,0,15,18,0,0,2,0,0,2,0,0,12,644,608.695652173913,86.9565217391304,138.198757763975,1.0,110,2014-01-26 16:07:24,2013-05-02 12:53:52,passed,291,"[6818601, 6818600, 6818599, 6818598]",83,6818599,ruby,ok,,ruby,rspec,1.0,,55,0,55,0,,1.49,,0
9146917,jnicklas/turnip,1.0,2013-07-16 15:16:35,98,ruby,merge_button,master,2,6eba1e8599eaeff51f265c51b48e0379fe0a2007#3970936ab1978fa52233e2015efa2e173dbee3a9,build_found,fc5ca64c42267dc6b7cd8b150f9676fe39300392,6008235,2013-07-16 17:03:17,3,6eba1e8599eaeff51f265c51b48e0379fe0a2007,1,6eba1e8599eaeff51f265c51b48e0379fe0a2007,fc5ca64c42267dc6b7cd8b150f9676fe39300392,1d9bedb54b4b330fc505f4ae7202975fea7be4bb,0,0,0,23,13,0,0,3,0,0,3,0,0,56,636,610.062893081761,86.4779874213836,144.654088050314,1.0,73,2014-01-26 15:31:52,2013-07-16 17:19:22,passed,316,"[9146922, 9146918, 9146920, 9146921]",85,9146918,ruby,ok,,ruby,rspec,1.0,,54,0,54,0,,4.53,,0
9447717,jnicklas/turnip,1.0,2013-07-24 18:25:52,99,ruby,merge_button,master,2,106a944f971d67c081fe8c31c7e11605516fad5e#bcf2e451f69e04c7db8c9fc8f08e8dc8588f3915,build_found,fc5ca64c42267dc6b7cd8b150f9676fe39300392,6008235,2013-07-24 20:20:32,4,106a944f971d67c081fe8c31c7e11605516fad5e,1,106a944f971d67c081fe8c31c7e11605516fad5e,fc5ca64c42267dc6b7cd8b150f9676fe39300392,a58a4ed6a13cc57cb09bbf683b39737714f67736,1,0,0,4,4,0,0,2,0,0,2,0,0,35,631,602.218700475436,85.5784469096672,137.876386687797,1.0,60,2013-07-24 22:22:19,2013-07-24 20:32:40,passed,267,"[9447721, 9447720, 9447719, 9447718]",86,9447719,ruby,ok,,ruby,rspec,1.0,,53,0,53,0,,2.06,,0
9451799,jnicklas/turnip,0.0,,,ruby,,master,2,106a944f971d67c081fe8c31c7e11605516fad5e#bcf2e451f69e04c7db8c9fc8f08e8dc8588f3915,merge_found,,,2013-07-24 20:20:32,4,bcf2e451f69e04c7db8c9fc8f08e8dc8588f3915,1,bcf2e451f69e04c7db8c9fc8f08e8dc8588f3915,,bcf2e451f69e04c7db8c9fc8f08e8dc8588f3915,,0,,4,4,0,0,2,0,0,2,0,0,36,631,602.218700475436,85.5784469096672,137.876386687797,1.0,,2013-07-24 22:22:19,2013-07-24 22:23:01,passed,321,"[9451803, 9451800, 9451802, 9451801]",87,9451800,ruby,ok,,ruby,rspec,1.0,,53,0,53,0,,3.88,,0
17649040,jnicklas/turnip,0.0,,,ruby,,master,1,694d41455ac5880471aead0a68c06b76a02f9d8f,build_found,60f2094a7038631d083ec392e80dc12dae886e43,17648945,2014-01-26 15:47:02,4,694d41455ac5880471aead0a68c06b76a02f9d8f,1,694d41455ac5880471aead0a68c06b76a02f9d8f,,694d41455ac5880471aead0a68c06b76a02f9d8f,,0,,0,0,0,0,1,0,0,0,0,1,7,638,614.420062695925,87.7742946708464,145.76802507837,1.0,,2014-01-26 15:47:21,2014-01-26 15:47:50,passed,274,"[17649041, 17649042, 17649043, 17649044]",98,17649044,ruby,ok,,ruby,rspec,1.0,,55,0,55,0,,34.36,,0
17649693,jnicklas/turnip,0.0,,,ruby,,master,2,d69b6adf9d8dffa37b5551e812630d1937ca9d4d#c778956757af87595f405b07cdb93b668a36d6d0,merge_found,,,2013-05-02 12:24:03,4,c778956757af87595f405b07cdb93b668a36d6d0,1,c778956757af87595f405b07cdb93b668a36d6d0,,c778956757af87595f405b07cdb93b668a36d6d0,,0,,15,18,0,0,2,0,0,2,0,0,13,651,625.192012288786,90.6298003072197,147.465437788018,1.0,,2014-01-26 16:07:24,2014-01-26 16:07:57,passed,288,"[17649694, 17649695, 17649696, 17649697]",99,17649696,ruby,ok,,ruby,rspec,1.0,,58,0,58,0,,4.58,,0
17649758,jnicklas/turnip,0.0,,,ruby,,master,1,4a78c4bde4e3201a535048086b926e73480fe393,build_found,c778956757af87595f405b07cdb93b668a36d6d0,17649693,2014-01-26 16:09:32,4,4a78c4bde4e3201a535048086b926e73480fe393,1,4a78c4bde4e3201a535048086b926e73480fe393,,4a78c4bde4e3201a535048086b926e73480fe393,,0,,24,0,0,0,1,0,0,1,0,0,10,651,625.192012288786,90.6298003072197,147.465437788018,1.0,,2014-01-26 16:09:43,2014-01-26 16:10:13,passed,280,"[17649759, 17649760, 17649761, 17649762]",100,17649761,ruby,ok,,ruby,rspec,1.0,,58,0,58,0,,5.98,,0
17650807,jnicklas/turnip,0.0,,,ruby,,master,1,a00d08c7f3a41e39fe9f9b2b237b9ac70854ddbb,build_found,4a78c4bde4e3201a535048086b926e73480fe393,17649758,2014-01-26 16:42:04,4,a00d08c7f3a41e39fe9f9b2b237b9ac70854ddbb,1,a00d08c7f3a41e39fe9f9b2b237b9ac70854ddbb,,a00d08c7f3a41e39fe9f9b2b237b9ac70854ddbb,,0,,10,7,0,0,2,0,0,2,0,0,31,660,624.242424242424,89.3939393939394,146.969696969697,1.0,,2014-01-26 16:42:41,2014-01-26 16:43:17,passed,267,"[17650808, 17650809, 17650810, 17650811]",101,17650811,ruby,ok,,ruby,rspec,1.0,,58,0,58,0,,36.58,,0
17650857,jnicklas/turnip,0.0,,,ruby,,master,1,d9c39a372c82ca27a33e73957b79951e775a0ba5,build_found,a00d08c7f3a41e39fe9f9b2b237b9ac70854ddbb,17650807,2014-01-26 16:43:45,4,d9c39a372c82ca27a33e73957b79951e775a0ba5,1,d9c39a372c82ca27a33e73957b79951e775a0ba5,,d9c39a372c82ca27a33e73957b79951e775a0ba5,,0,,2,0,0,0,1,0,0,1,0,0,9,660,624.242424242424,89.3939393939394,146.969696969697,1.0,,2014-01-26 16:44:03,2014-01-26 16:44:46,passed,272,"[17650858, 17650859, 17650860, 17650861]",102,17650858,ruby,ok,,ruby,rspec,1.0,,58,0,58,0,,4.21,,0
18634206,jnicklas/turnip,1.0,2014-02-11 06:20:24,118,ruby,commits_in_master,master,3,1b89da896c11f7c4430690e53040daabdfdb9acc#ed446852a32d5673cbbd72baba37d0d29a7a35ad#89351fbdf8eb38621522a008b3b57618beda6ac1,build_found,d9c39a372c82ca27a33e73957b79951e775a0ba5,17650864,2014-02-11 07:14:22,4,ed446852a32d5673cbbd72baba37d0d29a7a35ad#1b89da896c11f7c4430690e53040daabdfdb9acc,2,ed446852a32d5673cbbd72baba37d0d29a7a35ad,d9c39a372c82ca27a33e73957b79951e775a0ba5,8bbfe6946b5d05963dde17e111c0336da323f4fd,0,0,0,4,0,0,0,2,0,0,2,0,0,30,660,624.242424242424,89.3939393939394,146.969696969697,0.0,12,2014-04-04 14:21:14,2014-02-11 07:20:53,passed,279,"[18634207, 18634208, 18634209, 18634210]",104,18634207,ruby,ok,,ruby,rspec,1.0,,58,0,58,0,,4.75,,0
18723373,jnicklas/turnip,0.0,,,ruby,,master,2,aea4b4e69be01da8da25b6b17a26ff880a36a40c#fd8f0104f161aedfaa1ff3f8933c93d08291ca89,build_found,d9c39a372c82ca27a33e73957b79951e775a0ba5,17650864,2014-02-12 11:52:28,4,fd8f0104f161aedfaa1ff3f8933c93d08291ca89#aea4b4e69be01da8da25b6b17a26ff880a36a40c,2,fd8f0104f161aedfaa1ff3f8933c93d08291ca89,,fd8f0104f161aedfaa1ff3f8933c93d08291ca89,,0,,4,0,0,0,2,0,0,2,0,0,15,660,624.242424242424,89.3939393939394,146.969696969697,1.0,,2014-02-12 11:53:33,2014-02-12 11:54:15,passed,319,"[18723374, 18723375, 18723376, 18723377]",107,18723374,ruby,ok,,ruby,rspec,1.0,,58,0,58,0,,5.07,,0
20313434,jnicklas/turnip,1.0,2014-03-07 20:02:00,120,ruby,commits_in_master,master,3,73cc42f8435a9abcf7bf3082d5ff09555290119c#22500c3b3e6718be4d2fee9fdda02e881ac935f3#0c7aa5f5e7d6667211b8ae090171c0be4818039f,build_found,fd8f0104f161aedfaa1ff3f8933c93d08291ca89,18723391,2014-03-07 20:59:51,4,73cc42f8435a9abcf7bf3082d5ff09555290119c,1,73cc42f8435a9abcf7bf3082d5ff09555290119c,fd8f0104f161aedfaa1ff3f8933c93d08291ca89,54cefef7877e5c32dc571fd5b0907086d26c9a9a,0,0,0,2,0,0,0,1,0,0,1,0,0,19,660,624.242424242424,89.3939393939394,146.969696969697,1.0,30,2014-04-04 14:20:50,2014-03-07 21:02:33,passed,341,"[20313435, 20313436, 20313437, 20313438]",109,20313435,ruby,ok,,ruby,rspec,1.0,,58,0,58,0,,5.76,,0
22272279,jnicklas/turnip,0.0,,,ruby,,master,3,73cc42f8435a9abcf7bf3082d5ff09555290119c#22500c3b3e6718be4d2fee9fdda02e881ac935f3#0c7aa5f5e7d6667211b8ae090171c0be4818039f,merge_found,,,2014-03-07 20:59:51,4,0c7aa5f5e7d6667211b8ae090171c0be4818039f,1,0c7aa5f5e7d6667211b8ae090171c0be4818039f,,0c7aa5f5e7d6667211b8ae090171c0be4818039f,,0,,11,0,0,0,2,0,0,2,0,0,25,662,622.356495468278,89.1238670694864,146.525679758308,1.0,,2014-04-04 14:20:50,2014-04-04 14:21:45,passed,411,"[22272280, 22272281, 22272282, 22272283]",111,22272280,ruby,ok,,ruby,rspec,1.0,,58,0,58,0,,7.03,,0
22272310,jnicklas/turnip,0.0,,,ruby,,master,3,1b89da896c11f7c4430690e53040daabdfdb9acc#ed446852a32d5673cbbd72baba37d0d29a7a35ad#89351fbdf8eb38621522a008b3b57618beda6ac1,merge_found,,,2014-02-11 07:14:22,4,89351fbdf8eb38621522a008b3b57618beda6ac1,1,89351fbdf8eb38621522a008b3b57618beda6ac1,,89351fbdf8eb38621522a008b3b57618beda6ac1,,0,,4,0,0,0,2,0,0,2,0,0,32,662,622.356495468278,89.1238670694864,146.525679758308,1.0,,2014-04-04 14:21:14,2014-04-04 14:22:27,passed,427,"[22272311, 22272312, 22272315, 22272316]",112,22272316,ruby,ok,,ruby,rspec,1.0,,58,0,58,0,,43.54,,0
26089880,jnicklas/turnip,1.0,2014-05-26 22:48:34,122,ruby,commits_in_master,master,2,f2b8068d3c2e8e4bb7496473cc27c72ee2c99276#50c19766a6b03c5d3e1a5347163b76664eec7ced,build_found,89351fbdf8eb38621522a008b3b57618beda6ac1,22272310,2014-05-27 00:48:31,4,f2b8068d3c2e8e4bb7496473cc27c72ee2c99276,1,f2b8068d3c2e8e4bb7496473cc27c72ee2c99276,89351fbdf8eb38621522a008b3b57618beda6ac1,f6c08d4b305d1919dda3720fe7db4b8a18a17c7f,0,0,0,24,0,0,0,1,0,0,1,0,0,42,662,622.356495468278,89.1238670694864,146.525679758308,0.0,27,2014-05-27 06:39:45,2014-05-27 00:49:12,passed,333,"[26089881, 26089882, 26089883, 26089884]",114,26089883,ruby,ok,,ruby,rspec,1.0,,58,0,58,0,,5.44,,0
26102958,jnicklas/turnip,0.0,,,ruby,,master,2,f2b8068d3c2e8e4bb7496473cc27c72ee2c99276#50c19766a6b03c5d3e1a5347163b76664eec7ced,merge_found,,,2014-05-27 00:48:31,4,50c19766a6b03c5d3e1a5347163b76664eec7ced,1,50c19766a6b03c5d3e1a5347163b76664eec7ced,,50c19766a6b03c5d3e1a5347163b76664eec7ced,,0,,24,0,0,0,1,0,0,1,0,0,43,662,622.356495468278,89.1238670694864,146.525679758308,1.0,,2014-05-27 06:39:45,2014-05-27 06:40:14,passed,328,"[26102959, 26102960, 26102961, 26102962]",115,26102961,ruby,ok,,ruby,rspec,1.0,,116,0,116,0,,9.4,,0
26579904,jnicklas/turnip,1.0,2014-06-02 12:30:14,123,ruby,commits_in_master,master,4,9b4cb4b0ffbbce306d8a6c6cf9bc79807b553625#93b0dcb5b2bc51055d59060e98d3aef954b3204e#fef89d71db28efcab1ef84285c0cd9d67723a2da#1b7ed0e52ff0117d129afddbf9279e7dd5c74ea5,build_found,50c19766a6b03c5d3e1a5347163b76664eec7ced,26102958,2014-06-02 13:54:28,4,fef89d71db28efcab1ef84285c0cd9d67723a2da#93b0dcb5b2bc51055d59060e98d3aef954b3204e#9b4cb4b0ffbbce306d8a6c6cf9bc79807b553625,3,fef89d71db28efcab1ef84285c0cd9d67723a2da,50c19766a6b03c5d3e1a5347163b76664eec7ced,9f75f918064e98bfed0774e21049f20a90d2f8e4,0,1,0,8,4,0,0,2,0,0,2,0,0,44,667,617.691154422789,88.455772113943,145.427286356822,1.0,129,2014-06-25 22:58:39,2014-06-02 14:32:50,passed,524,"[26579905, 26579906, 26579907, 26579908]",116,26579905,ruby,ok,,ruby,rspec,1.0,,58,0,58,0,,5.47,,0
28455739,jnicklas/turnip,0.0,,,ruby,,master,4,9b4cb4b0ffbbce306d8a6c6cf9bc79807b553625#93b0dcb5b2bc51055d59060e98d3aef954b3204e#fef89d71db28efcab1ef84285c0cd9d67723a2da#1b7ed0e52ff0117d129afddbf9279e7dd5c74ea5,merge_found,,,2014-06-02 13:54:28,5,1b7ed0e52ff0117d129afddbf9279e7dd5c74ea5,1,1b7ed0e52ff0117d129afddbf9279e7dd5c74ea5,,1b7ed0e52ff0117d129afddbf9279e7dd5c74ea5,,0,,8,4,0,0,2,0,0,2,0,0,47,667,617.691154422789,88.455772113943,145.427286356822,1.0,,2014-06-25 22:58:39,2014-06-25 22:59:26,passed,336,"[28455740, 28455741, 28455742, 28455743]",118,28455741,ruby,ok,,ruby,rspec,1.0,,58,0,58,0,,4.56,,0
28690328,jnicklas/turnip,0.0,,,ruby,,master,2,8c669d3d4fd4768fda16fc0280c21561209ad53b#ef88b921451e5683a1d1034c3b87305544d4d81d,merge_found,,,2014-06-06 06:38:06,5,ef88b921451e5683a1d1034c3b87305544d4d81d,1,ef88b921451e5683a1d1034c3b87305544d4d81d,,ef88b921451e5683a1d1034c3b87305544d4d81d,,0,,8,0,0,0,1,0,0,1,0,0,45,667,617.691154422789,88.455772113943,145.427286356822,1.0,,2014-06-29 01:49:34,2014-06-29 01:50:15,passed,267,"[28690329, 28690330, 28690331, 28690332]",120,28690329,ruby,ok,,ruby,rspec,1.0,,58,0,58,0,,5.04,,0
28770550,jnicklas/turnip,1.0,2014-06-30 09:51:53,127,ruby,commits_in_master,master,2,185eed7ee47a35e3526d1f855f946ca7da699e32#4b370501ab036f2b211c4e8075e973b288b59961,build_found,ef88b921451e5683a1d1034c3b87305544d4d81d,28690328,2014-06-30 11:48:20,5,185eed7ee47a35e3526d1f855f946ca7da699e32,1,185eed7ee47a35e3526d1f855f946ca7da699e32,ef88b921451e5683a1d1034c3b87305544d4d81d,0e280e0026335db11c3b3ac2be0e6d0b6c38c497,1,0,0,2,0,0,0,1,0,0,1,0,0,46,667,617.691154422789,88.455772113943,145.427286356822,1.0,24,2014-06-30 13:28:02,2014-06-30 11:52:37,passed,353,"[28770551, 28770552, 28770553, 28770554]",122,28770553,ruby,ok,,ruby,rspec,1.0,,58,0,58,0,,7.03,,0
28777564,jnicklas/turnip,0.0,,,ruby,,master,2,185eed7ee47a35e3526d1f855f946ca7da699e32#4b370501ab036f2b211c4e8075e973b288b59961,merge_found,,,2014-06-30 11:48:20,5,4b370501ab036f2b211c4e8075e973b288b59961,1,4b370501ab036f2b211c4e8075e973b288b59961,,4b370501ab036f2b211c4e8075e973b288b59961,,0,,2,0,0,0,1,0,0,1,0,0,47,667,617.691154422789,88.455772113943,145.427286356822,1.0,,2014-06-30 13:28:02,2014-06-30 13:28:43,passed,348,"[28777565, 28777566, 28777567, 28777568]",123,28777565,ruby,ok,,ruby,rspec,1.0,,58,0,58,0,,5.12,,0
29145376,jnicklas/turnip,1.0,2014-07-04 12:03:34,129,ruby,commits_in_master,master,4,01d45f956264f5233525ada93b90f2887cfef2a1#ba9da1e19b062236e217ef68eaa947e0edf6d8a5#0ffa0b398dfc272cbe90cef250f29e105e09a369#fc055e41649028a5504feda5bfa336860cf4d636,build_found,ef88b921451e5683a1d1034c3b87305544d4d81d,28690328,2014-07-04 13:47:51,5,0ffa0b398dfc272cbe90cef250f29e105e09a369#ba9da1e19b062236e217ef68eaa947e0edf6d8a5#01d45f956264f5233525ada93b90f2887cfef2a1,3,0ffa0b398dfc272cbe90cef250f29e105e09a369,4b370501ab036f2b211c4e8075e973b288b59961,f55208a039f62dc9814d025651c8dc26c61b2a83,2,0,0,6,29,0,0,2,0,0,2,0,0,35,667,640.179910044978,92.9535232383808,151.424287856072,1.0,23,2014-07-04 15:07:16,2014-07-04 14:04:02,passed,298,"[29145377, 29145378, 29145379, 29145380]",125,29145377,ruby,ok,,ruby,rspec,1.0,,61,0,61,0,,5.91,,0
29150314,jnicklas/turnip,0.0,,,ruby,,master,4,01d45f956264f5233525ada93b90f2887cfef2a1#ba9da1e19b062236e217ef68eaa947e0edf6d8a5#0ffa0b398dfc272cbe90cef250f29e105e09a369#fc055e41649028a5504feda5bfa336860cf4d636,merge_found,,,2014-07-04 13:47:51,5,fc055e41649028a5504feda5bfa336860cf4d636,1,fc055e41649028a5504feda5bfa336860cf4d636,,fc055e41649028a5504feda5bfa336860cf4d636,,0,,6,29,0,0,2,0,0,2,0,0,38,667,640.179910044978,92.9535232383808,151.424287856072,1.0,,2014-07-04 15:07:16,2014-07-04 15:07:58,passed,305,"[29150315, 29150316, 29150317, 29150318]",126,29150318,ruby,ok,,ruby,rspec,1.0,,61,0,61,0,,49.17,,0
29502035,jnicklas/turnip,0.0,,,ruby,,master,2,a66318f9104a96b93915857a82800969ca34a47b#d40effdd5247f5f38842ac8717b7482c02d9ca6d,merge_found,,,2014-04-17 02:23:40,5,d40effdd5247f5f38842ac8717b7482c02d9ca6d,1,d40effdd5247f5f38842ac8717b7482c02d9ca6d,,d40effdd5247f5f38842ac8717b7482c02d9ca6d,,0,,27,2,1,0,3,0,0,4,0,0,58,676,631.656804733728,91.7159763313609,149.408284023669,1.0,,2014-07-09 12:57:49,2014-07-09 12:58:20,passed,313,"[29502036, 29502037, 29502038, 29502039]",129,29502037,ruby,ok,,ruby,rspec,1.0,,61,0,61,0,,4.35,,0
29504988,jnicklas/turnip,1.0,2014-07-09 11:34:48,130,ruby,commits_in_master,master,1,20119d4a9ab21b62577f15f5b25d78615dda3cfd,build_found,d40effdd5247f5f38842ac8717b7482c02d9ca6d,29502035,2014-07-09 13:30:27,5,20119d4a9ab21b62577f15f5b25d78615dda3cfd#d23a847ea9c8bb9d1e2f78d6a93f51ff5ec8fd1a,2,20119d4a9ab21b62577f15f5b25d78615dda3cfd,d40effdd5247f5f38842ac8717b7482c02d9ca6d,9bcd61c690cf44f82b76d07e4e25b380c67e1588,0,0,0,20,14,0,0,2,0,0,2,0,0,60,676,649.408284023669,93.1952662721894,152.366863905325,1.0,16,2014-07-09 13:33:47,2014-07-09 13:35:42,passed,398,"[29504989, 29504990, 29504991, 29504992]",132,29504989,ruby,ok,,ruby,rspec,1.0,,62,0,62,0,,7.83,,0
29600691,jnicklas/turnip,0.0,,,ruby,,master,3,d23a847ea9c8bb9d1e2f78d6a93f51ff5ec8fd1a#20119d4a9ab21b62577f15f5b25d78615dda3cfd#2e2a42377dacabcbc9900af671a76b680778d5b7,merge_found,,,2014-07-09 13:30:01,5,2e2a42377dacabcbc9900af671a76b680778d5b7,1,2e2a42377dacabcbc9900af671a76b680778d5b7,,2e2a42377dacabcbc9900af671a76b680778d5b7,,0,,20,14,0,0,2,0,0,2,0,0,62,676,649.408284023669,93.1952662721894,152.366863905325,1.0,,2014-07-10 13:31:52,2014-07-10 13:32:39,passed,339,"[29600692, 29600693, 29600694, 29600695]",133,29600693,ruby,ok,,ruby,rspec,1.0,,62,0,62,0,,5.37,,0
29759684,jnicklas/turnip,0.0,,,ruby,,master,1,755ec1cb87383f5b425b10606d136750e1e338af,build_found,2e2a42377dacabcbc9900af671a76b680778d5b7,29600691,2014-07-12 08:14:50,5,755ec1cb87383f5b425b10606d136750e1e338af,1,755ec1cb87383f5b425b10606d136750e1e338af,,755ec1cb87383f5b425b10606d136750e1e338af,,0,,5,0,0,0,1,0,0,1,0,0,50,676,649.408284023669,93.1952662721894,152.366863905325,1.0,,2014-07-12 08:14:50,2014-07-12 08:15:12,passed,257,"[29759685, 29759686, 29759687, 29759688]",134,29759688,ruby,ok,,ruby,rspec,1.0,,62,0,62,0,,34.19,,0
29760556,jnicklas/turnip,0.0,,,ruby,,master,1,ae6b2be51aa24de412e638e22a784c03d711f654,build_found,755ec1cb87383f5b425b10606d136750e1e338af,29759684,2014-07-12 08:52:34,5,ae6b2be51aa24de412e638e22a784c03d711f654,1,ae6b2be51aa24de412e638e22a784c03d711f654,,ae6b2be51aa24de412e638e22a784c03d711f654,,0,,2,0,0,0,1,0,0,1,0,0,11,676,649.408284023669,93.1952662721894,152.366863905325,1.0,,2014-07-12 08:52:58,2014-07-12 08:53:26,passed,245,"[29760557, 29760558, 29760559, 29760560]",135,29760558,ruby,ok,,ruby,rspec,1.0,,62,0,62,0,,4.19,,0
30065525,jnicklas/turnip,1.0,2014-07-16 10:15:48,131,ruby,commits_in_master,master,3,d2fe4ec138bbc02f39a52869dca8266aad1b29e9#060eace8f6260fc90c0d09b87fb799d21f6f1424#b4aaf3e8a2786449b11cb95056d0c41f5638dec7,build_found,ae6b2be51aa24de412e638e22a784c03d711f654,29760628,2014-07-16 11:39:45,5,060eace8f6260fc90c0d09b87fb799d21f6f1424#d2fe4ec138bbc02f39a52869dca8266aad1b29e9,2,060eace8f6260fc90c0d09b87fb799d21f6f1424,ae6b2be51aa24de412e638e22a784c03d711f654,16d4b5b7a4bbe92485394166b563cbe84f519ea3,3,0,0,22,0,3,0,2,0,0,4,0,1,14,676,649.408284023669,93.1952662721894,152.366863905325,0.0,148,2014-07-16 12:45:58,2014-07-16 12:16:49,passed,1161,"[30065526, 30065527, 30065528, 30065529, 30065534, 30065535, 30065536, 30065537, 30065538, 30065539, 30065540, 30065541]",137,30065526,ruby,ok,,ruby,rspec,1.0,,62,0,62,0,,6.35,,0
30067297,jnicklas/turnip,0.0,,,ruby,,master,3,d2fe4ec138bbc02f39a52869dca8266aad1b29e9#060eace8f6260fc90c0d09b87fb799d21f6f1424#b4aaf3e8a2786449b11cb95056d0c41f5638dec7,merge_found,,,2014-07-16 11:39:45,5,b4aaf3e8a2786449b11cb95056d0c41f5638dec7,1,b4aaf3e8a2786449b11cb95056d0c41f5638dec7,,b4aaf3e8a2786449b11cb95056d0c41f5638dec7,,0,,22,0,3,0,2,0,0,4,0,1,16,676,649.408284023669,93.1952662721894,152.366863905325,1.0,,2014-07-16 12:45:58,2014-07-16 12:46:51,passed,1023,"[30067298, 30067299, 30067300, 30067301, 30067302, 30067303, 30067304, 30067305, 30067306, 30067307, 30067308, 30067309]",138,30067305,ruby,ok,,ruby,rspec,1.0,,62,0,62,0,,5.96,,0
30281166,jnicklas/turnip,0.0,,,ruby,,master,2,d31bb9759cf939cdaed0482f8dc42a14b4f5c917#cdadd978eac54f7148313d7ae4513cdff6fc6543,merge_found,,,2014-07-18 14:52:11,5,cdadd978eac54f7148313d7ae4513cdff6fc6543,1,cdadd978eac54f7148313d7ae4513cdff6fc6543,,cdadd978eac54f7148313d7ae4513cdff6fc6543,,0,,2,0,0,0,1,0,0,1,0,0,8,676,649.408284023669,93.1952662721894,152.366863905325,1.0,,2014-07-18 15:48:35,2014-07-18 15:57:19,passed,1105,"[30281167, 30281168, 30281169, 30281170, 30281171, 30281172, 30281173, 30281174, 30281175, 30281176, 30281177, 30281178]",143,30281169,ruby,ok,,ruby,rspec,1.0,,62,0,62,0,,6.12,,0
30286041,jnicklas/turnip,0.0,,,ruby,,master,2,ad8d317b554ade61d603e819a66cafbc317b50de#9391292db9a4cad97113725b7bf93476ead5ecee,merge_found,,,2014-07-17 13:32:29,5,9391292db9a4cad97113725b7bf93476ead5ecee,1,9391292db9a4cad97113725b7bf93476ead5ecee,,9391292db9a4cad97113725b7bf93476ead5ecee,,0,,23,11,0,0,5,0,0,5,0,0,106,681,656.387665198238,92.511013215859,158.590308370044,1.0,,2014-07-18 16:43:28,2014-07-18 16:49:17,passed,1157,"[30286042, 30286044, 30286045, 30286047, 30286049, 30286050, 30286053, 30286056, 30286058, 30286060, 30286063, 30286064]",145,30286049,ruby,ok,,ruby,rspec,1.0,,62,0,62,0,,5.22,,0
30639342,jnicklas/turnip,0.0,,,ruby,,master,2,a1b4979572054eb1a0e73cda84b402e6348c19bf#8cbdf1a8a90823aee73546007034e2f74b0ed0b9,merge_found,,,2014-07-22 14:42:57,5,8cbdf1a8a90823aee73546007034e2f74b0ed0b9,1,8cbdf1a8a90823aee73546007034e2f74b0ed0b9,,8cbdf1a8a90823aee73546007034e2f74b0ed0b9,,0,,2,0,0,0,2,0,0,1,0,1,40,680,657.352941176471,92.6470588235294,158.823529411765,1.0,,2014-07-23 10:50:21,2014-07-23 10:51:02,passed,988,"[30639344, 30639346, 30639347, 30639348, 30639349, 30639350, 30639351, 30639352, 30639353, 30639354, 30639355, 30639356]",148,30639354,ruby,ok,,ruby,rspec,1.0,,62,0,62,0,,43.23,,0
31137694,jnicklas/turnip,1.0,2014-07-29 11:11:36,137,ruby,commits_in_master,master,2,ddf955d631e39012c49a1f8093028cda482471f7#edc553e2301cc51495c31bbc91d6755edfa6b867,build_found,8cbdf1a8a90823aee73546007034e2f74b0ed0b9,30639342,2014-07-29 13:01:54,5,ddf955d631e39012c49a1f8093028cda482471f7,1,ddf955d631e39012c49a1f8093028cda482471f7,8cbdf1a8a90823aee73546007034e2f74b0ed0b9,154d8975fbc4759803601298bbe8bf8c8ccab373,1,0,0,2,0,0,0,1,0,0,1,0,0,26,680,657.352941176471,92.6470588235294,158.823529411765,1.0,210,2014-07-29 13:23:50,2014-07-29 13:12:19,passed,1035,"[31137695, 31137696, 31137698, 31137700, 31137702, 31137705, 31137707, 31137708, 31137709, 31137710, 31137711, 31137712]",150,31137707,ruby,ok,,ruby,rspec,1.0,,62,0,62,0,,4.71,,0
31138847,jnicklas/turnip,0.0,,,ruby,,master,2,ddf955d631e39012c49a1f8093028cda482471f7#edc553e2301cc51495c31bbc91d6755edfa6b867,merge_found,,,2014-07-29 13:01:54,5,edc553e2301cc51495c31bbc91d6755edfa6b867,1,edc553e2301cc51495c31bbc91d6755edfa6b867,,edc553e2301cc51495c31bbc91d6755edfa6b867,,0,,2,0,0,0,1,0,0,1,0,0,27,680,657.352941176471,92.6470588235294,158.823529411765,1.0,,2014-07-29 13:23:50,2014-07-29 13:31:18,passed,907,"[31138848, 31138849, 31138850, 31138851, 31138852, 31138853, 31138854, 31138855, 31138856, 31138857, 31138858, 31138859]",151,31138854,ruby,ok,,ruby,rspec,1.0,,62,0,62,0,,4.93,,0
32121859,jnicklas/turnip,0.0,,,ruby,,master,2,3b00566afd82c9a1d88b076218c9fba93170d740#c2e63a925994bd46341d8660bcfcfc1e308207d6,merge_found,,,2014-08-07 15:14:35,5,c2e63a925994bd46341d8660bcfcfc1e308207d6,1,c2e63a925994bd46341d8660bcfcfc1e308207d6,,c2e63a925994bd46341d8660bcfcfc1e308207d6,,0,,15,15,0,0,6,0,0,6,0,0,92,685,664.233576642336,93.4306569343066,162.043795620438,1.0,,2014-08-10 00:12:36,2014-08-10 00:13:14,passed,795,"[32121860, 32121861, 32121862, 32121863, 32121864, 32121865, 32121866, 32121867, 32121868, 32121869, 32121870, 32121871]",154,32121868,ruby,ok,,ruby,rspec,1.0,,63,0,63,0,,4.78,,0
34787924,jnicklas/turnip,1.0,2014-09-09 05:47:57,140,ruby,merge_button,master,2,b993759623f2cf166330de340e5aeaed691a857f#7f5ab98d0205e0031198f6740f09c0f4e04af533,build_found,c2e63a925994bd46341d8660bcfcfc1e308207d6,32121859,2014-09-08 17:01:32,5,b993759623f2cf166330de340e5aeaed691a857f,1,b993759623f2cf166330de340e5aeaed691a857f,c2e63a925994bd46341d8660bcfcfc1e308207d6,a1bb11e018c1b149944b04bef3b8b95f4d709e26,0,0,0,6,6,0,0,2,0,0,2,0,0,16,687,669.57787481805,94.6142649199418,164.48326055313,1.0,41,2014-09-09 11:23:08,2014-09-09 07:48:27,passed,798,"[34787927, 34787928, 34787929, 34787930, 34787931, 34787932, 34787933, 34787934, 34787935, 34787936, 34787937, 34787938]",155,34787932,ruby,ok,,ruby,rspec,1.0,,64,0,64,0,,5.76,,0
34802664,jnicklas/turnip,0.0,,,ruby,,master,2,b993759623f2cf166330de340e5aeaed691a857f#7f5ab98d0205e0031198f6740f09c0f4e04af533,merge_found,,,2014-09-08 17:01:32,5,7f5ab98d0205e0031198f6740f09c0f4e04af533,1,7f5ab98d0205e0031198f6740f09c0f4e04af533,,7f5ab98d0205e0031198f6740f09c0f4e04af533,,0,,6,6,0,0,2,0,0,2,0,0,17,687,669.57787481805,94.6142649199418,164.48326055313,1.0,,2014-09-09 11:23:08,2014-09-09 11:23:47,passed,823,"[34802665, 34802666, 34802667, 34802668, 34802669, 34802670, 34802671, 34802672, 34802673, 34802674, 34802677, 34802679]",156,34802667,ruby,ok,,ruby,rspec,1.0,,64,0,64,0,,5.55,,0
34808647,jnicklas/turnip,1.0,2014-09-09 10:35:15,141,ruby,merge_button,master,2,60327337006cc3b5dcf130d0052e1062f92aed63#52e957b030082503ebac6f5adc2d481db58803c2,build_found,7f5ab98d0205e0031198f6740f09c0f4e04af533,34802664,2014-09-09 12:07:41,5,60327337006cc3b5dcf130d0052e1062f92aed63,1,60327337006cc3b5dcf130d0052e1062f92aed63,7f5ab98d0205e0031198f6740f09c0f4e04af533,30d3e10b048408bbf0d3e18154d84f1ec63ea373,0,0,0,4,0,0,0,1,0,0,1,0,0,30,687,669.57787481805,94.6142649199418,164.48326055313,1.0,454,2014-09-10 17:06:00,2014-09-09 12:35:55,passed,820,"[34808648, 34808649, 34808650, 34808651, 34808652, 34808653, 34808654, 34808655, 34808656, 34808657, 34808658, 34808659]",158,34808653,ruby,ok,,ruby,rspec,1.0,,64,0,64,0,,5.64,,0
34933615,jnicklas/turnip,0.0,,,ruby,,master,2,60327337006cc3b5dcf130d0052e1062f92aed63#52e957b030082503ebac6f5adc2d481db58803c2,merge_found,,,2014-09-09 12:07:41,5,52e957b030082503ebac6f5adc2d481db58803c2,1,52e957b030082503ebac6f5adc2d481db58803c2,,52e957b030082503ebac6f5adc2d481db58803c2,,0,,4,0,0,0,1,0,0,1,0,0,31,687,669.57787481805,94.6142649199418,164.48326055313,1.0,,2014-09-10 17:06:00,2014-09-10 17:09:09,passed,986,"[34933616, 34933617, 34933618, 34933619, 34933620, 34933622, 34933624, 34933625, 34933626, 34933627, 34933628, 34933629]",159,34933624,ruby,ok,,ruby,rspec,1.0,,64,0,64,0,,5.91,,0
34934954,jnicklas/turnip,0.0,,,ruby,,master,1,967258cb2b0835aca75f219e8179c11ecf969c2c,build_found,52e957b030082503ebac6f5adc2d481db58803c2,34933615,2014-09-10 17:19:45,5,967258cb2b0835aca75f219e8179c11ecf969c2c,1,967258cb2b0835aca75f219e8179c11ecf969c2c,,967258cb2b0835aca75f219e8179c11ecf969c2c,,0,,2,4,0,0,2,0,0,2,0,0,29,687,673.944687045124,94.6142649199418,164.48326055313,1.0,,2014-09-10 17:20:07,2014-09-10 17:21:47,passed,931,"[34934955, 34934957, 34934959, 34934960, 34934961, 34934962, 34934963, 34934965, 34934966, 34934967, 34934971, 34934972]",160,34934957,ruby,ok,,ruby,rspec,1.0,,64,0,64,0,,5.6,,0
35126270,jnicklas/turnip,1.0,2014-09-12 12:49:09,142,ruby,merge_button,master,2,7f8a99dc250609037fc5cd1c1f88946871695f84#49af272c7ad35b6810435acaf36580bb877b75fb,build_found,967258cb2b0835aca75f219e8179c11ecf969c2c,34937997,2014-09-12 14:42:32,5,7f8a99dc250609037fc5cd1c1f88946871695f84,1,7f8a99dc250609037fc5cd1c1f88946871695f84,967258cb2b0835aca75f219e8179c11ecf969c2c,955eb5d37f1ccba5e893a27587c8dd4a81d52255,0,0,0,8,0,0,0,1,0,0,1,0,0,32,689,671.988388969521,94.3396226415094,164.005805515239,1.0,170,2014-09-12 15:00:44,2014-09-12 14:53:12,passed,949,"[35126271, 35126272, 35126273, 35126274, 35126275, 35126276, 35126277, 35126278, 35126279, 35126280, 35126281, 35126282]",163,35126275,ruby,ok,,ruby,rspec,1.0,,64,0,64,0,,5.51,,0
35127539,jnicklas/turnip,0.0,,,ruby,,master,2,7f8a99dc250609037fc5cd1c1f88946871695f84#49af272c7ad35b6810435acaf36580bb877b75fb,merge_found,,,2014-09-12 14:42:32,5,49af272c7ad35b6810435acaf36580bb877b75fb,1,49af272c7ad35b6810435acaf36580bb877b75fb,,49af272c7ad35b6810435acaf36580bb877b75fb,,0,,8,0,0,0,1,0,0,1,0,0,33,689,671.988388969521,94.3396226415094,164.005805515239,1.0,,2014-09-12 15:00:44,2014-09-12 15:01:51,passed,989,"[35127540, 35127541, 35127542, 35127543, 35127544, 35127545, 35127546, 35127547, 35127548, 35127549, 35127550, 35127551]",164,35127547,ruby,ok,,ruby,rspec,1.0,,64,0,64,0,,6.16,,0
35335668,jnicklas/turnip,1.0,2014-09-15 11:32:07,144,ruby,merge_button,master,2,3965ced0b141ed34c804a97539e0b5bd5ef72b9a#0b4df990fce266adde6aea404dbaf30ff99ebbf7,build_found,49af272c7ad35b6810435acaf36580bb877b75fb,35127539,2014-09-15 13:15:38,5,3965ced0b141ed34c804a97539e0b5bd5ef72b9a,1,3965ced0b141ed34c804a97539e0b5bd5ef72b9a,49af272c7ad35b6810435acaf36580bb877b75fb,dce418872c07a373491e76ee40325a8cbc57bdc4,1,0,0,2,0,0,0,1,0,0,1,0,0,34,689,671.988388969521,94.3396226415094,164.005805515239,1.0,89,2014-09-15 22:44:36,2014-09-15 13:33:17,passed,921,"[35335669, 35335670, 35335671, 35335672, 35335673, 35335674, 35335675, 35335676, 35335677, 35335678, 35335679, 35335680]",166,35335678,ruby,ok,,ruby,rspec,1.0,,64,0,64,0,,33.23,,0
35385177,jnicklas/turnip,0.0,,,ruby,,master,2,3965ced0b141ed34c804a97539e0b5bd5ef72b9a#0b4df990fce266adde6aea404dbaf30ff99ebbf7,merge_found,,,2014-09-15 13:15:38,5,0b4df990fce266adde6aea404dbaf30ff99ebbf7,1,0b4df990fce266adde6aea404dbaf30ff99ebbf7,,0b4df990fce266adde6aea404dbaf30ff99ebbf7,,0,,2,0,0,0,1,0,0,1,0,0,35,689,671.988388969521,94.3396226415094,164.005805515239,1.0,,2014-09-15 22:44:36,2014-09-15 22:45:17,passed,870,"[35385178, 35385179, 35385180, 35385181, 35385182, 35385183, 35385184, 35385185, 35385186, 35385187, 35385188, 35385189]",167,35385183,ruby,ok,,ruby,rspec,1.0,,64,0,64,0,,7.51,,0
35685096,jnicklas/turnip,0.0,,,ruby,,master,1,ef3b50673d25253112d011b72101984a1be289d9,build_found,0b4df990fce266adde6aea404dbaf30ff99ebbf7,35385177,2014-09-18 23:06:24,5,ef3b50673d25253112d011b72101984a1be289d9,1,ef3b50673d25253112d011b72101984a1be289d9,,ef3b50673d25253112d011b72101984a1be289d9,,0,,2,0,0,0,1,0,0,1,0,0,13,689,671.988388969521,94.3396226415094,164.005805515239,1.0,,2014-09-18 23:06:40,2014-09-19 02:13:55,passed,717,"[35685097, 35685098, 35685099, 35685100, 35685101, 35685102, 35685103, 35685104, 35685105, 35685106, 35685107, 35685108]",168,35685103,ruby,ok,,ruby,rspec,1.0,,64,0,64,0,,4.75,,0
37061246,jnicklas/turnip,1.0,2014-10-04 16:53:39,145,ruby,commits_in_master,master,2,fc1dbafb4ed1289f5cf187e7a371f183564a510a#7facd23e198f58d6b09d52d002d4a867eb5feab0,build_found,ef3b50673d25253112d011b72101984a1be289d9,35685327,2014-10-04 18:43:22,5,fc1dbafb4ed1289f5cf187e7a371f183564a510a,1,fc1dbafb4ed1289f5cf187e7a371f183564a510a,ef3b50673d25253112d011b72101984a1be289d9,e6f8d7493007d6417c91d27567671f42c969e8ed,0,0,0,2,0,0,0,1,0,0,1,0,0,23,689,671.988388969521,94.3396226415094,164.005805515239,0.0,23,2014-10-05 01:23:44,2014-10-04 18:54:22,passed,813,"[37061247, 37061248, 37061249, 37061250, 37061251, 37061252, 37061253, 37061254, 37061255, 37061256, 37061257, 37061258]",170,37061247,ruby,ok,,ruby,rspec,1.0,,64,0,64,0,,6.12,,0
37079297,jnicklas/turnip,0.0,,,ruby,,master,2,fc1dbafb4ed1289f5cf187e7a371f183564a510a#7facd23e198f58d6b09d52d002d4a867eb5feab0,merge_found,,,2014-10-04 18:43:22,5,7facd23e198f58d6b09d52d002d4a867eb5feab0,1,7facd23e198f58d6b09d52d002d4a867eb5feab0,,7facd23e198f58d6b09d52d002d4a867eb5feab0,,0,,2,0,0,0,1,0,0,1,0,0,24,689,671.988388969521,94.3396226415094,164.005805515239,1.0,,2014-10-05 01:23:44,2014-10-05 01:24:26,passed,718,"[37079298, 37079299, 37079300, 37079301, 37079302, 37079303, 37079304, 37079305, 37079306, 37079307, 37079308, 37079309]",171,37079299,ruby,ok,,ruby,rspec,1.0,,64,0,64,0,,4.88,,0
39138758,jnicklas/turnip,1.0,2014-10-27 09:47:07,146,ruby,commits_in_master,master,4,6eafab5c2e8a46ab7610d05edebd9d7661550650#45f8d1a945fa8f49b8672359d867cc01713b07b1#f936d185f131ad2cfff72b14b1f46ad1f604c160#342d2a89edef0282b73b18cee4effd77bcc9b8c2,build_found,7facd23e198f58d6b09d52d002d4a867eb5feab0,37079297,2014-10-27 10:41:06,4,45f8d1a945fa8f49b8672359d867cc01713b07b1#6eafab5c2e8a46ab7610d05edebd9d7661550650,2,45f8d1a945fa8f49b8672359d867cc01713b07b1,7facd23e198f58d6b09d52d002d4a867eb5feab0,4d8caa6d6c54193c817d8d3ba9b5cdfeb30e1fc9,0,0,0,6,0,1,0,1,0,0,1,0,1,10,689,671.988388969521,94.3396226415094,164.005805515239,0.0,19,2014-10-27 11:49:34,2014-10-27 10:47:43,passed,976,"[39138759, 39138760, 39138761, 39138762, 39138763, 39138764, 39138765, 39138766, 39138767, 39138768, 39138769, 39138770, 39138771, 39138772, 39138773, 39138774]",172,39138768,ruby,ok,,ruby,rspec,1.0,,64,0,64,0,,4.33,,0
39143096,jnicklas/turnip,0.0,,,ruby,,master,4,6eafab5c2e8a46ab7610d05edebd9d7661550650#45f8d1a945fa8f49b8672359d867cc01713b07b1#f936d185f131ad2cfff72b14b1f46ad1f604c160#342d2a89edef0282b73b18cee4effd77bcc9b8c2,merge_found,,,2014-10-27 10:41:06,4,342d2a89edef0282b73b18cee4effd77bcc9b8c2,1,342d2a89edef0282b73b18cee4effd77bcc9b8c2,,342d2a89edef0282b73b18cee4effd77bcc9b8c2,,0,,6,0,1,0,1,0,0,1,0,1,13,689,671.988388969521,94.3396226415094,164.005805515239,1.0,,2014-10-27 11:49:34,2014-10-27 11:50:15,passed,1562,"[39143097, 39143098, 39143099, 39143100, 39143101, 39143102, 39143103, 39143104, 39143105, 39143106, 39143107, 39143108, 39143109, 39143110, 39143111, 39143112, 39143113, 39143114, 39143115, 39143116, 39143117, 39143118, 39143119, 39143120, 39143121]",174,39143113,ruby,ok,,ruby,rspec,1.0,,64,0,64,0,,4.61,,0
49425769,jnicklas/turnip,1.0,2015-02-04 07:09:10,149,ruby,commits_in_master,master,3,06a3b73729d3e950d18302fb5531eb74bce1e4ab#35114aae81f5b43aa470bb9a5e4fffcee655b6f8#49a13357e5722057d2c4bd4689bb859c59fa2c7f,build_found,342d2a89edef0282b73b18cee4effd77bcc9b8c2,39143096,2015-02-04 08:03:27,4,35114aae81f5b43aa470bb9a5e4fffcee655b6f8#06a3b73729d3e950d18302fb5531eb74bce1e4ab,2,35114aae81f5b43aa470bb9a5e4fffcee655b6f8,342d2a89edef0282b73b18cee4effd77bcc9b8c2,e64921f85f33f5bce939265d75850daee01a5d17,2,0,0,6,0,1,0,1,0,0,1,0,1,14,689,671.988388969521,94.3396226415094,164.005805515239,0.0,12,2015-02-04 08:26:05,2015-02-04 08:09:48,passed,2026,"[49425770, 49425771, 49425772, 49425773, 49425774, 49425775, 49425776, 49425777, 49425778, 49425779, 49425780, 49425781, 49425782, 49425783, 49425784, 49425785, 49425786, 49425787, 49425788, 49425789, 49425790, 49425791, 49425792, 49425793, 49425794, 49425795, 49425796, 49425797, 49425798, 49425799, 49425800, 49425801, 49425802, 49425803, 49425804, 49425805]",177,49425800,ruby,ok,0,ruby,rspec,1.0,,64,0,64,0,,33.39,,0
49426896,jnicklas/turnip,0.0,,,ruby,,master,3,06a3b73729d3e950d18302fb5531eb74bce1e4ab#35114aae81f5b43aa470bb9a5e4fffcee655b6f8#49a13357e5722057d2c4bd4689bb859c59fa2c7f,merge_found,,,2015-02-04 08:03:27,4,49a13357e5722057d2c4bd4689bb859c59fa2c7f,1,49a13357e5722057d2c4bd4689bb859c59fa2c7f,,49a13357e5722057d2c4bd4689bb859c59fa2c7f,,0,,6,0,1,0,1,0,0,1,0,1,16,689,671.988388969521,94.3396226415094,164.005805515239,1.0,,2015-02-04 08:26:05,2015-02-04 08:26:46,passed,2036,"[49426897, 49426898, 49426899, 49426900, 49426901, 49426902, 49426903, 49426904, 49426905, 49426906, 49426907, 49426908, 49426909, 49426910, 49426911, 49426912, 49426913, 49426914, 49426915, 49426916, 49426917, 49426918, 49426919, 49426920, 49426921, 49426922, 49426923, 49426924, 49426925, 49426926, 49426927, 49426928, 49426929, 49426930, 49426931, 49426932]",178,49426920,ruby,ok,1,ruby,rspec,1.0,,64,0,64,0,,4.9,,0
52131645,jnicklas/turnip,1.0,2015-02-25 12:16:18,151,ruby,commits_in_master,master,3,dc7141d77b3df94f31647a6230dc2c5a5dead149#33032d010815ded2b66896483c296029b90dd816#744d8bb2982c77435f1beee9b4763731d64ab158,build_found,49a13357e5722057d2c4bd4689bb859c59fa2c7f,49426896,2015-02-25 13:14:10,4,dc7141d77b3df94f31647a6230dc2c5a5dead149,1,dc7141d77b3df94f31647a6230dc2c5a5dead149,49a13357e5722057d2c4bd4689bb859c59fa2c7f,d24731d2e9039675ebf9dcac0dce7861207f2b89,1,0,0,5,0,0,0,2,0,0,1,0,1,57,686,674.927113702624,94.7521865889213,164.723032069971,1.0,5,2015-02-25 13:52:40,2015-02-25 13:29:15,passed,1911,"[52131646, 52131647, 52131648, 52131649, 52131650, 52131651, 52131652, 52131653, 52131654, 52131655, 52131656, 52131657, 52131658, 52131659, 52131660, 52131661, 52131662, 52131663, 52131664, 52131665, 52131666, 52131667, 52131668, 52131669, 52131670, 52131671, 52131672, 52131673, 52131674, 52131675]",180,52131674,ruby,ok,0,ruby,rspec,1.0,,64,0,64,0,,37.14,,0
52136054,jnicklas/turnip,0.0,,,ruby,,master,3,dc7141d77b3df94f31647a6230dc2c5a5dead149#33032d010815ded2b66896483c296029b90dd816#744d8bb2982c77435f1beee9b4763731d64ab158,merge_found,,,2015-02-25 13:14:10,4,744d8bb2982c77435f1beee9b4763731d64ab158,1,744d8bb2982c77435f1beee9b4763731d64ab158,,744d8bb2982c77435f1beee9b4763731d64ab158,,0,,10,0,0,0,3,0,0,2,0,1,110,686,674.927113702624,94.7521865889213,164.723032069971,1.0,,2015-02-25 13:52:40,2015-02-25 13:55:45,passed,1959,"[52136055, 52136056, 52136057, 52136058, 52136059, 52136060, 52136061, 52136062, 52136063, 52136064, 52136065, 52136066, 52136067, 52136068, 52136069, 52136070, 52136071, 52136072, 52136073, 52136074, 52136075, 52136076, 52136077, 52136078, 52136079, 52136080, 52136081, 52136082, 52136083, 52136084]",181,52136077,ruby,ok,0,ruby,rspec,1.0,,64,0,64,0,,4.33,,0
52731204,jnicklas/turnip,0.0,,,ruby,,master,2,a92d2c5c1997e9fee5b42e0722d45e82fa62df39#4fe350672ab8ef67cf69cb7b693e1aa888603fcf,merge_found,,,2015-03-02 11:54:19,4,4fe350672ab8ef67cf69cb7b693e1aa888603fcf,1,4fe350672ab8ef67cf69cb7b693e1aa888603fcf,,4fe350672ab8ef67cf69cb7b693e1aa888603fcf,,0,,33,0,0,0,1,0,0,1,0,0,56,686,674.927113702624,94.7521865889213,164.723032069971,1.0,,2015-03-02 12:16:21,2015-03-02 12:16:57,passed,1869,"[52731205, 52731206, 52731207, 52731208, 52731209, 52731210, 52731211, 52731212, 52731213, 52731214, 52731215, 52731216, 52731217, 52731218, 52731219, 52731220, 52731221, 52731222, 52731223, 52731224, 52731225, 52731226, 52731227, 52731228, 52731229, 52731231, 52731234, 52731236, 52731238, 52731240]",183,52731216,ruby,ok,0,ruby,rspec,1.0,,64,0,64,0,,6.42,,0
57741802,jnicklas/turnip,1.0,2015-04-08 23:56:28,154,ruby,commits_in_master,master,2,76a7d9e36f4d915c432e2d8898381429aa10310b#2d28a5ae5857635025298439e7d886a72b067707,build_found,4fe350672ab8ef67cf69cb7b693e1aa888603fcf,52731204,2015-04-09 01:56:28,4,76a7d9e36f4d915c432e2d8898381429aa10310b#a8aedf5273a1f37906cde25c8d5b37f1dd1e4f86,2,76a7d9e36f4d915c432e2d8898381429aa10310b,a8aedf5273a1f37906cde25c8d5b37f1dd1e4f86,a9f311f47caf14592a032e4b617057ce10f0a931,0,0,0,47,0,0,0,1,0,0,1,0,0,57,686,674.927113702624,94.7521865889213,164.723032069971,0.0,67,2015-04-09 02:14:34,2015-04-09 02:00:13,passed,1695,"[57741805, 57741808, 57741810, 57741812, 57741814, 57741816, 57741818, 57741821, 57741827, 57741834, 57741837, 57741840, 57741846, 57741854, 57741857, 57741859, 57741861, 57741864, 57741867, 57741869, 57741872, 57741875, 57741879, 57741883, 57741885, 57741889, 57741890, 57741894, 57741898, 57741901]",184,57741814,ruby,ok,0,ruby,rspec,1.0,,64,0,64,0,,4.75,,0
57742963,jnicklas/turnip,0.0,,,ruby,,master,2,76a7d9e36f4d915c432e2d8898381429aa10310b#2d28a5ae5857635025298439e7d886a72b067707,merge_found,,,2015-04-09 01:56:28,4,2d28a5ae5857635025298439e7d886a72b067707,1,2d28a5ae5857635025298439e7d886a72b067707,,2d28a5ae5857635025298439e7d886a72b067707,,0,,2,0,0,0,1,0,0,1,0,0,59,686,674.927113702624,94.7521865889213,164.723032069971,1.0,,2015-04-09 02:14:34,2015-04-09 02:15:43,passed,1783,"[57742964, 57742965, 57742966, 57742967, 57742969, 57742971, 57742973, 57742975, 57742977, 57742978, 57742979, 57742980, 57742981, 57742982, 57742983, 57742984, 57742985, 57742986, 57742987, 57742988, 57742989, 57742990, 57742991, 57742992, 57742993, 57742994, 57742995, 57742996, 57742998, 57743000]",185,57742965,ruby,ok,0,ruby,rspec,1.0,,64,0,64,0,,4.86,,0
57750422,jnicklas/turnip,0.0,,,ruby,,master,2,0219a89996d6d936becb58560cc7019d9cb40537#a887e0088a2cc7909246d05747a63555364b5ca7,merge_found,,,2015-04-09 02:19:27,4,a887e0088a2cc7909246d05747a63555364b5ca7,1,a887e0088a2cc7909246d05747a63555364b5ca7,,a887e0088a2cc7909246d05747a63555364b5ca7,,0,,0,0,0,0,1,0,0,0,0,1,20,686,674.927113702624,94.7521865889213,164.723032069971,1.0,,2015-04-09 04:23:49,2015-04-09 04:24:04,passed,1668,"[57750423, 57750424, 57750425, 57750426, 57750427, 57750428, 57750429, 57750430, 57750431, 57750432, 57750433, 57750434, 57750435, 57750436, 57750437, 57750438, 57750439, 57750440, 57750441, 57750442, 57750443, 57750444, 57750445, 57750446, 57750447, 57750448, 57750449, 57750450, 57750451, 57750452]",188,57750444,ruby,ok,0,ruby,rspec,1.0,,64,0,64,0,,3.12,,0
59223962,jnicklas/turnip,0.0,,,ruby,,master,1,cf86dd8252c4396ae69c8a03d65be78003f24d38,build_found,a887e0088a2cc7909246d05747a63555364b5ca7,57750422,2015-04-20 11:01:57,4,cf86dd8252c4396ae69c8a03d65be78003f24d38,1,cf86dd8252c4396ae69c8a03d65be78003f24d38,,cf86dd8252c4396ae69c8a03d65be78003f24d38,,0,,2,0,0,0,1,0,0,1,0,0,14,686,674.927113702624,94.7521865889213,164.723032069971,1.0,,2015-04-20 11:02:24,2015-04-20 11:03:43,passed,874,"[59223963, 59223964, 59223965, 59223966, 59223967, 59223968, 59223969, 59223970, 59223971, 59223972, 59223973, 59223974, 59223975, 59223976, 59223977, 59223978, 59223979, 59223980, 59223981, 59223982, 59223983, 59223984, 59223985, 59223986, 59223987, 59223988, 59223989, 59223990, 59223991, 59223992]",189,59223971,ruby,ok,1,ruby,rspec,1.0,,64,0,64,0,,3.1,,0
67945092,jnicklas/turnip,1.0,2015-06-23 01:59:06,157,ruby,merge_button,master,1,ce9a5ce3e6ab509b162091ae633860a21a923dac,build_found,c1289542dc0c48d7bc047472b34cf120c22b8610,67939850,2015-06-23 03:36:06,4,ce9a5ce3e6ab509b162091ae633860a21a923dac,1,ce9a5ce3e6ab509b162091ae633860a21a923dac,cf86dd8252c4396ae69c8a03d65be78003f24d38,6aaa1aa5ad744629835fe7529a2fcbf299439f63,3,0,0,42,0,0,0,1,0,0,1,0,0,36,689,671.988388969521,94.3396226415094,164.005805515239,1.0,144,2015-06-23 05:07:51,2015-06-23 05:11:49,passed,957,"[67945093, 67945094, 67945095, 67945096, 67945097, 67945098, 67945099, 67945100, 67945101, 67945102, 67945103, 67945104, 67945105, 67945106, 67945107, 67945108, 67945109, 67945110, 67945111, 67945112, 67945113, 67945114, 67945115, 67945116, 67945117, 67945118, 67945119, 67945120, 67945121, 67945122, 67945123, 67945124, 67945125, 67945126, 67945127]",194,67945107,ruby,ok,0,ruby,rspec,1.0,,64,0,64,0,,3.13,,0
67945709,jnicklas/turnip,1.0,2015-06-23 01:59:06,157,ruby,merge_button,master,1,3855f1873954c3712da56d2b5bfdd2ac485ecabf,build_found,ce9a5ce3e6ab509b162091ae633860a21a923dac,67945092,2015-06-23 05:16:37,4,3855f1873954c3712da56d2b5bfdd2ac485ecabf,1,3855f1873954c3712da56d2b5bfdd2ac485ecabf,cf86dd8252c4396ae69c8a03d65be78003f24d38,05a5d5a92c3d8bb8c3d8d096c44f7b418f0204e9,0,0,0,0,0,0,0,1,0,0,0,0,1,22,689,671.988388969521,94.3396226415094,164.005805515239,1.0,144,2015-06-23 05:17:16,2015-06-23 05:17:29,passed,998,"[67945710, 67945711, 67945712, 67945713, 67945714, 67945715, 67945716, 67945717, 67945718, 67945719, 67945720, 67945721, 67945722, 67945723, 67945724, 67945725, 67945726, 67945727, 67945728, 67945729, 67945730, 67945731, 67945732, 67945733, 67945734, 67945735, 67945736, 67945737, 67945738, 67945739, 67945740, 67945741, 67945742, 67945743, 67945744]",195,67945717,ruby,ok,0,ruby,rspec,1.0,,64,0,64,0,,3.28,,0
67947695,jnicklas/turnip,0.0,,,ruby,,master,4,c1289542dc0c48d7bc047472b34cf120c22b8610#ce9a5ce3e6ab509b162091ae633860a21a923dac#3855f1873954c3712da56d2b5bfdd2ac485ecabf#635e8b579cc1857690505b381aee635927b76e35,merge_found,,,2015-06-23 03:36:06,4,635e8b579cc1857690505b381aee635927b76e35,1,635e8b579cc1857690505b381aee635927b76e35,,635e8b579cc1857690505b381aee635927b76e35,,0,,48,0,1,0,2,0,0,2,0,1,60,689,671.988388969521,94.3396226415094,164.005805515239,1.0,,2015-06-23 05:48:04,2015-06-23 05:48:13,passed,1690,"[67947696, 67947697, 67947698, 67947699, 67947700, 67947701, 67947702, 67947703, 67947704, 67947705, 67947706, 67947707, 67947708, 67947709, 67947710, 67947711, 67947712, 67947713, 67947714, 67947715, 67947716, 67947717, 67947718, 67947719, 67947720, 67947721, 67947722, 67947723, 67947724, 67947725, 67947726, 67947727, 67947728, 67947729, 67947730]",196,67947727,ruby,ok,0,ruby,rspec,1.0,,64,0,64,0,,22.91,,0
67977600,jnicklas/turnip,0.0,,,ruby,,master,1,1d634d2d53f93be86fd7836eaeed26f6e8d4c586,build_found,635e8b579cc1857690505b381aee635927b76e35,67947695,2015-06-23 10:45:15,4,1d634d2d53f93be86fd7836eaeed26f6e8d4c586,1,1d634d2d53f93be86fd7836eaeed26f6e8d4c586,,1d634d2d53f93be86fd7836eaeed26f6e8d4c586,,0,,2,0,0,0,1,0,0,1,0,0,15,689,671.988388969521,94.3396226415094,164.005805515239,1.0,,2015-06-23 10:45:46,2015-06-23 10:46:13,passed,1075,"[67977601, 67977602, 67977603, 67977604, 67977605, 67977606, 67977607, 67977608, 67977609, 67977610, 67977611, 67977612, 67977613, 67977614, 67977615, 67977616, 67977617, 67977618, 67977619, 67977620, 67977621, 67977622, 67977623, 67977624, 67977625, 67977626, 67977627, 67977628, 67977629, 67977630, 67977631, 67977632, 67977633, 67977634, 67977635]",197,67977602,ruby,ok,0,ruby,rspec,1.0,,64,0,64,0,,3.41,,0
87274940,jnicklas/turnip,0.0,,,ruby,,master,2,e1899948418eb8c7b4eb20c9a61198742d80f60d#57b2848f9bb7f738d25c018f4132bfce6b708290,merge_found,,,2015-10-25 03:10:31,4,57b2848f9bb7f738d25c018f4132bfce6b708290,1,57b2848f9bb7f738d25c018f4132bfce6b708290,,57b2848f9bb7f738d25c018f4132bfce6b708290,,0,,14,0,0,0,7,0,0,7,0,0,10,689,671.988388969521,94.3396226415094,164.005805515239,1.0,,2015-10-25 05:00:38,2015-10-25 05:00:54,passed,2008,"[87274941, 87274942, 87274943, 87274944, 87274945, 87274946, 87274947, 87274948, 87274949, 87274950, 87274951, 87274952, 87274953, 87274954, 87274955, 87274956, 87274957, 87274958, 87274959, 87274960, 87274961, 87274962, 87274963, 87274964, 87274965, 87274966, 87274967, 87274968, 87274969, 87274970, 87274971, 87274972, 87274973, 87274974, 87274975]",202,87274967,ruby,ok,0,ruby,rspec,1.0,,64,0,64,0,,4.11,,0
92019558,jnicklas/turnip,0.0,,,ruby,,master,12,7a98c9fd31f324f2fc2d2e8f9a745fb4698b2314#ce4dcb9046850bdc6e39a1561c5e970a33922612#d1b384134f49fa4d25267912710d431a140175b5#598ca4355f4ca2909735fe4a385c34aceabd7406#980742c97686b7603737cd765ad4043ec15f53aa#02a5faae7c507c48e96ab3109f26ae39dd65ecf6#8cf7d0030633a94efc8b478ee0fce563cd5660b8#7e7cb27b33b997dd2640623842af998aedb42686#ca8d933f493c3c33dc968455103a7f73ab27a3fb#0d695e968b3e58a3824e7f152098eb0d5717cec5#8c8ae5ce538ce0fe7266323dd8f4010a81ee3bc2#6ffd075dfa25ec56640b71de04e9d1617522a4c4,merge_found,,,2015-07-07 08:51:13,4,6ffd075dfa25ec56640b71de04e9d1617522a4c4,1,6ffd075dfa25ec56640b71de04e9d1617522a4c4,,6ffd075dfa25ec56640b71de04e9d1617522a4c4,,0,,44,0,0,3,5,0,0,8,0,1,102,677,683.899556868538,96.0118168389956,166.912850812408,1.0,,2015-11-19 11:15:51,2015-11-19 11:16:06,passed,791,"[92019559, 92019560, 92019561, 92019562, 92019563, 92019564, 92019565, 92019566, 92019567, 92019568, 92019569, 92019570, 92019571, 92019572, 92019573, 92019574, 92019575, 92019576, 92019577, 92019578]",206,92019570,ruby,ok,1,ruby,rspec,1.0,,64,0,64,0,,3.7,,0
92023149,jnicklas/turnip,0.0,,,ruby,,master,1,ce69a1d669d11fcb8e60f69fc05e33786100f481,build_found,6ffd075dfa25ec56640b71de04e9d1617522a4c4,92019558,2015-11-19 11:41:13,4,ce69a1d669d11fcb8e60f69fc05e33786100f481,1,ce69a1d669d11fcb8e60f69fc05e33786100f481,,ce69a1d669d11fcb8e60f69fc05e33786100f481,,0,,26,0,0,0,1,0,0,1,0,0,60,677,683.899556868538,96.0118168389956,166.912850812408,1.0,,2015-11-19 11:41:13,2015-11-19 11:41:30,passed,645,"[92023150, 92023151, 92023152, 92023153, 92023154, 92023155, 92023156, 92023157, 92023158, 92023159, 92023160, 92023161, 92023162, 92023163, 92023164, 92023165, 92023166, 92023167, 92023168, 92023169]",207,92023163,ruby,ok,0,ruby,rspec,1.0,,64,0,64,0,,3.63,,0
98672107,jnicklas/turnip,0.0,,,ruby,,master,4,7205e6d207d66e920bc302b99de8f74f39d000ae#9327c47a56fe8aef182ae2e2604b808a2fff37a9#c7babe493f0edd9ac776b6b64f1fb8744efc98f6#9b1e212ba63d5fce1b86f4d3556131c2784800ca,merge_found,,,2015-12-24 12:44:13,4,9b1e212ba63d5fce1b86f4d3556131c2784800ca,1,9b1e212ba63d5fce1b86f4d3556131c2784800ca,,9b1e212ba63d5fce1b86f4d3556131c2784800ca,,0,,24,0,0,0,1,0,0,1,0,0,46,681,679.882525697504,95.4478707782673,165.932452276065,1.0,,2015-12-24 13:03:57,2015-12-24 13:04:06,passed,1108,"[98672108, 98672109, 98672110, 98672111, 98672112, 98672113, 98672114, 98672115, 98672116, 98672117, 98672118, 98672119, 98672120, 98672121, 98672122, 98672123, 98672124, 98672125, 98672126, 98672128]",209,98672109,ruby,ok,0,ruby,rspec,1.0,,64,0,64,0,,3.73,,0
98672241,jnicklas/turnip,0.0,,,ruby,,master,1,701bb0c4fb6f5035df50959d4704efdcef885c99,build_found,9b1e212ba63d5fce1b86f4d3556131c2784800ca,98672107,2015-12-24 13:04:44,4,701bb0c4fb6f5035df50959d4704efdcef885c99,1,701bb0c4fb6f5035df50959d4704efdcef885c99,,701bb0c4fb6f5035df50959d4704efdcef885c99,,0,,2,0,0,0,1,0,0,1,0,0,18,681,679.882525697504,95.4478707782673,165.932452276065,1.0,,2015-12-24 13:05:06,2015-12-24 13:07:30,passed,619,"[98672242, 98672243, 98672244, 98672245, 98672246, 98672247, 98672248, 98672249, 98672250, 98672251, 98672252, 98672253, 98672254, 98672255, 98672256, 98672257, 98672258, 98672259, 98672260, 98672261]",210,98672249,ruby,ok,1,ruby,rspec,1.0,,64,0,64,0,,5.88,,0
101986019,jnicklas/turnip,1.0,2016-01-13 00:15:16,170,ruby,commits_in_master,master,2,65f7a39edafedd364674a6e67acdd4e27c2cb543#4c11af4616c136e5eaeb26291fda253fdabcda7a,build_found,701bb0c4fb6f5035df50959d4704efdcef885c99,98672241,2016-01-13 00:13:27,4,65f7a39edafedd364674a6e67acdd4e27c2cb543,1,65f7a39edafedd364674a6e67acdd4e27c2cb543,701bb0c4fb6f5035df50959d4704efdcef885c99,012877e2908f898a6ee521fb0b887c54b9c06d9e,0,0,0,2,0,0,0,1,0,0,1,0,0,11,681,679.882525697504,95.4478707782673,165.932452276065,1.0,10,2016-01-13 00:20:59,2016-01-13 00:15:33,passed,831,"[101986020, 101986021, 101986022, 101986023, 101986024, 101986025, 101986026, 101986027, 101986028, 101986029, 101986030, 101986031, 101986032, 101986033, 101986034, 101986035, 101986036, 101986037, 101986038, 101986039]",212,101986029,ruby,ok,1,ruby,rspec,1.0,,64,0,64,0,,3.7,,0
101987008,jnicklas/turnip,0.0,,,ruby,,master,2,65f7a39edafedd364674a6e67acdd4e27c2cb543#4c11af4616c136e5eaeb26291fda253fdabcda7a,merge_found,,,2016-01-13 00:13:27,4,4c11af4616c136e5eaeb26291fda253fdabcda7a,1,4c11af4616c136e5eaeb26291fda253fdabcda7a,,4c11af4616c136e5eaeb26291fda253fdabcda7a,,0,,2,0,0,0,1,0,0,1,0,0,12,681,679.882525697504,95.4478707782673,165.932452276065,1.0,,2016-01-13 00:20:59,2016-01-13 00:21:09,passed,784,"[101987009, 101987010, 101987011, 101987012, 101987013, 101987014, 101987015, 101987016, 101987017, 101987018, 101987019, 101987020, 101987021, 101987022, 101987023, 101987024, 101987025, 101987026, 101987027, 101987028]",213,101987023,ruby,ok,0,ruby,rspec,1.0,,64,0,64,0,,3.62,,0
101987219,jnicklas/turnip,0.0,,,ruby,,master,1,0d8329a5a9e19e54e857bd2b79044b07bfdfcd9a,build_found,4c11af4616c136e5eaeb26291fda253fdabcda7a,101987008,2016-01-13 00:21:49,4,0d8329a5a9e19e54e857bd2b79044b07bfdfcd9a,1,0d8329a5a9e19e54e857bd2b79044b07bfdfcd9a,,0d8329a5a9e19e54e857bd2b79044b07bfdfcd9a,,0,,2,0,0,0,1,0,0,1,0,0,19,681,679.882525697504,95.4478707782673,165.932452276065,1.0,,2016-01-13 00:22:09,2016-01-13 00:23:40,passed,640,"[101987220, 101987221, 101987222, 101987223, 101987224, 101987225, 101987226, 101987227, 101987228, 101987229, 101987230, 101987231, 101987232, 101987235, 101987236, 101987237, 101987238, 101987239, 101987240, 101987241]",214,101987224,ruby,ok,0,ruby,rspec,1.0,,64,0,64,0,,3.46,,0
103503740,jnicklas/turnip,0.0,,,ruby,,master,3,1dc19a0ac2bbf9448275535481ab819a10f66a76#39f7e71fa2c200d66052a361f5e27609fb8e844a#b3912345606f1fa445b4a05bee07333b8c1a453c,merge_found,,,2016-01-19 23:22:51,4,b3912345606f1fa445b4a05bee07333b8c1a453c,1,b3912345606f1fa445b4a05bee07333b8c1a453c,,b3912345606f1fa445b4a05bee07333b8c1a453c,,0,,0,0,0,0,1,0,0,0,0,1,33,681,679.882525697504,95.4478707782673,165.932452276065,1.0,,2016-01-20 01:21:31,2016-01-20 01:21:39,passed,930,"[103503741, 103503742, 103503743, 103503744, 103503745, 103503746, 103503747, 103503748, 103503749, 103503750, 103503751, 103503752, 103503753, 103503754, 103503755, 103503756, 103503757, 103503758, 103503759, 103503760, 103503761, 103503762, 103503763, 103503764]",217,103503763,ruby,ok,0,ruby,rspec,1.0,,64,0,64,0,,21.49,,0
106507862,jnicklas/turnip,0.0,,,ruby,,master,4,a1c4434c23f73c7820d783cf63e3a1c839d419fb#a79a7a84260a249c99542b672551fcec581e4c06#5d9be6ecad370860e0a74255b22abf040b95040a#f91182a1866ffffe309033363bb8b653eadca3bb,merge_found,,,2016-02-02 12:58:18,4,f91182a1866ffffe309033363bb8b653eadca3bb,1,f91182a1866ffffe309033363bb8b653eadca3bb,,f91182a1866ffffe309033363bb8b653eadca3bb,,0,,0,147,0,0,1,0,0,1,0,0,4,681,754.772393538913,96.9162995594714,180.616740088106,1.0,,2016-02-02 16:15:15,2016-02-02 16:15:44,passed,1051,"[106507863, 106507864, 106507865, 106507866, 106507867, 106507868, 106507869, 106507870, 106507871, 106507872, 106507873, 106507874, 106507875, 106507876, 106507877, 106507878, 106507879, 106507880, 106507881, 106507882, 106507883, 106507884, 106507885, 106507886]",220,106507875,ruby,ok,0,ruby,rspec,1.0,,65,0,65,0,,3.88,,0
106889228,jnicklas/turnip,0.0,,,ruby,,master,5,4dba72b6d64548dcdc4a39ef741d181b558daf94#3a558cfc1a3e7556643773cb1b16ac2693fc06ac#9d382d082949efeb37294fa1bb2e5900af91bda3#11258ced2649c1eb3439af9c55067e3d634b987c#6940f54fed1009697ac463917814a556134c5378,merge_found,,,2016-02-01 14:39:26,4,6940f54fed1009697ac463917814a556134c5378,1,6940f54fed1009697ac463917814a556134c5378,,6940f54fed1009697ac463917814a556134c5378,,0,,30,5,0,0,4,0,0,4,0,0,84,686,753.644314868805,96.2099125364431,182.215743440233,1.0,,2016-02-04 01:54:54,2016-02-04 01:55:18,passed,853,"[106889229, 106889230, 106889231, 106889232, 106889233, 106889234, 106889235, 106889236, 106889237, 106889238, 106889239, 106889240, 106889241, 106889242, 106889243, 106889244, 106889245, 106889246, 106889247, 106889248, 106889249, 106889250, 106889251, 106889252]",227,106889252,ruby,ok,0,ruby,rspec,1.0,,65,0,65,0,,27.53,,0
112868351,jnicklas/turnip,0.0,,,ruby,,master,4,61968a063fd595b909b324033fee087710df6bde#11ac4aedc90985be04c102695514aac0b7e3aea8#56da86aa43712fd527d05b4358d5cc7c335ce71b#85082af624403c715c3068235e8fba3a34b6633b,merge_found,,,2016-02-25 09:20:40,4,85082af624403c715c3068235e8fba3a34b6633b,1,85082af624403c715c3068235e8fba3a34b6633b,,85082af624403c715c3068235e8fba3a34b6633b,,0,,26,5,0,0,4,0,0,4,0,0,88,698,742.120343839542,94.5558739255014,179.083094555874,1.0,,2016-03-01 14:27:30,2016-03-01 14:29:03,passed,1886,"[112868352, 112868353, 112868354, 112868355, 112868356, 112868357, 112868358, 112868359, 112868360, 112868361, 112868362, 112868363, 112868364, 112868365, 112868366, 112868367, 112868368, 112868369, 112868370, 112868371, 112868372, 112868373, 112868374, 112868375]",229,112868358,ruby,ok,7,ruby,rspec,1.0,,65,0,65,0,,6.07,,0
113373871,jnicklas/turnip,0.0,,,ruby,,master,3,482853cd44855913bd208c8e63c8792ac7ea70b8#b4279edf4ac760b527365a2507e099406db8d5a1#bfc578b0fb98c3c0eb663ff74c65893fd341f9d1,merge_found,,,2016-03-01 14:42:38,4,bfc578b0fb98c3c0eb663ff74c65893fd341f9d1,1,bfc578b0fb98c3c0eb663ff74c65893fd341f9d1,,bfc578b0fb98c3c0eb663ff74c65893fd341f9d1,,0,,4,0,0,0,2,0,0,1,0,1,100,698,742.120343839542,94.5558739255014,179.083094555874,1.0,,2016-03-03 11:16:07,2016-03-03 11:16:35,passed,1313,"[113373872, 113373873, 113373875, 113373878, 113373880, 113373883, 113373884, 113373885, 113373886, 113373887, 113373888, 113373889, 113373890, 113373891, 113373892, 113373893, 113373894, 113373895, 113373896, 113373897]",231,113373887,ruby,ok,0,ruby,rspec,1.0,,65,0,65,0,,3.42,,0
135543572,jnicklas/turnip,1.0,2016-06-06 07:48:31,182,ruby,merge_button,master,,,build_found,bfc578b0fb98c3c0eb663ff74c65893fd341f9d1,113373871,,3,02f743d1ef78ba2b3b545d4684c8744a2f8937d7#b96b8435b24a219c7d7a6c560389ea62a90bec66#a7efda5ca050a96c876462ac5a4c64a13da5c23c,3,02f743d1ef78ba2b3b545d4684c8744a2f8937d7,a7efda5ca050a96c876462ac5a4c64a13da5c23c,22d34b448d93bbd3c3d6046527d4563783608f80,0,0,0,15,12,0,0,3,0,0,3,0,0,43,698,756.446991404012,95.9885386819484,183.381088825215,1.0,,,2016-06-06 09:22:13,passed,1118,"[135543573, 135543574, 135543575, 135543576, 135543577, 135543578, 135543579, 135543580, 135543582, 135543584, 135543585, 135543586, 135543587, 135543588, 135543589, 135543590, 135543591, 135543593, 135543595, 135543597]",233,135543573,ruby,ok,0,ruby,rspec,1.0,,66,0,66,0,,3.92,,0
136139865,jnicklas/turnip,1.0,2016-06-06 07:48:31,182,ruby,merge_button,master,,,build_found,02f743d1ef78ba2b3b545d4684c8744a2f8937d7,135543572,,3,79b91153339eed75adfe9cd98d9e5ddcc8f4afbf,1,79b91153339eed75adfe9cd98d9e5ddcc8f4afbf,a7efda5ca050a96c876462ac5a4c64a13da5c23c,f92161b8c538414f2a7b2fc0cc806e13ae2ae9f4,0,0,0,2,3,0,0,2,0,0,2,0,0,25,698,759.312320916905,95.9885386819484,186.246418338109,1.0,,,2016-06-08 12:54:40,passed,1203,"[136139866, 136139867, 136139868, 136139869, 136139870, 136139871, 136139872, 136139873, 136139874, 136139875, 136139876, 136139877, 136139878, 136139879, 136139880, 136139881, 136139882, 136139883, 136139884, 136139885]",234,136139870,ruby,ok,2,ruby,rspec,1.0,,66,0,66,0,,6.11,,0
136442125,jnicklas/turnip,0.0,,,ruby,,master,,,merge_found,,,,4,ae9a2aff8f0418c2c2d82104c4d52798b048e1d8,1,ae9a2aff8f0418c2c2d82104c4d52798b048e1d8,,ae9a2aff8f0418c2c2d82104c4d52798b048e1d8,,0,,13,15,0,0,2,0,0,2,0,0,26,698,759.312320916905,95.9885386819484,186.246418338109,1.0,,,2016-06-09 14:08:47,passed,1732,"[136442126, 136442128, 136442129, 136442130, 136442131, 136442132, 136442133, 136442134, 136442135, 136442136, 136442137, 136442138, 136442139, 136442140, 136442141, 136442142, 136442143, 136442144, 136442145, 136442146]",235,136442141,ruby,ok,0,ruby,rspec,1.0,,66,0,66,0,,3.71,,0
