tr_build_id,gh_project_name,gh_is_pr,gh_pr_created_at,gh_pull_req_num,gh_lang,git_merged_with,git_branch,gh_num_commits_in_push,gh_commits_in_push,git_prev_commit_resolution_status,git_prev_built_commit,tr_prev_build,gh_first_commit_created_at,gh_team_size,git_all_built_commits,git_num_all_built_commits,git_trigger_commit,tr_virtual_merged_into,tr_original_commit,gh_num_issue_comments,gh_num_commit_comments,gh_num_pr_comments,git_diff_src_churn,git_diff_test_churn,gh_diff_files_added,gh_diff_files_deleted,gh_diff_files_modified,gh_diff_tests_added,gh_diff_tests_deleted,gh_diff_src_files,gh_diff_doc_files,gh_diff_other_files,gh_num_commits_on_files_touched,gh_sloc,gh_test_lines_per_kloc,gh_test_cases_per_kloc,gh_asserts_cases_per_kloc,gh_by_core_team_member,gh_description_complexity,gh_pushed_at,gh_build_started_at,tr_status,tr_duration,tr_jobs,tr_build_number,tr_job_id,tr_log_lan,tr_log_status,tr_log_setup_time,tr_log_analyzer,tr_log_frameworks,tr_log_bool_tests_ran,tr_log_bool_tests_failed,tr_log_num_tests_ok,tr_log_num_tests_failed,tr_log_num_tests_run,tr_log_num_tests_skipped,tr_log_tests_failed,tr_log_testduration,tr_log_buildduration,build_successful
3881857,mikaelhg/urlbuilder,0.0,,,java,,master,1,a3f546174273bbcd885ddd18975db39bc0c4646c,merge_found,,,2012-12-30 15:10:59,3,a3f546174273bbcd885ddd18975db39bc0c4646c#ce30d892622514a29128be45e9a08cf6a361805f,2,a3f546174273bbcd885ddd18975db39bc0c4646c,,a3f546174273bbcd885ddd18975db39bc0c4646c,,0,,0,17,1,0,1,0,0,1,0,1,19,521,349.328214971209,57.5815738963532,105.566218809981,1.0,,2012-12-30 15:11:06,2012-12-30 15:15:00,passed,91,"[3881858, 3881860, 3881859]",1,3881858,java,unknown,,java-ant,,0.0,,,,,,,,0.0,0
3881983,mikaelhg/urlbuilder,0.0,,,java,,master,1,a9830bfbe210a63ceaf7511aab5d66071746b85b,build_found,a3f546174273bbcd885ddd18975db39bc0c4646c,3881857,2012-12-30 15:23:37,3,a9830bfbe210a63ceaf7511aab5d66071746b85b,1,a9830bfbe210a63ceaf7511aab5d66071746b85b,,a9830bfbe210a63ceaf7511aab5d66071746b85b,,0,,2,0,0,0,1,0,0,1,0,0,4,521,349.328214971209,57.5815738963532,105.566218809981,1.0,,2012-12-30 15:23:43,2012-12-30 15:27:38,passed,90,"[3881986, 3881984, 3881985]",2,3881984,java,unknown,,java-ant,,0.0,,,,,,,,0.0,0
4618865,mikaelhg/urlbuilder,0.0,,,java,,master,1,37351ae7ddefa7fbe4f90e392777739f03ceb9e6,build_found,a9830bfbe210a63ceaf7511aab5d66071746b85b,3881983,2013-02-06 15:24:43,3,37351ae7ddefa7fbe4f90e392777739f03ceb9e6,1,37351ae7ddefa7fbe4f90e392777739f03ceb9e6,,37351ae7ddefa7fbe4f90e392777739f03ceb9e6,,0,,0,0,1,0,1,0,0,0,0,1,14,521,349.328214971209,57.5815738963532,105.566218809981,1.0,,2013-02-06 15:24:50,2013-02-06 15:26:29,passed,261,"[4618867, 4618866, 4618868]",3,4618868,java,unknown,,java-ant,,0.0,,,,,,,,0.0,0
4704925,mikaelhg/urlbuilder,0.0,,,java,,master,1,cb3449e8e9af866bc6b1599ceea823202150c2a4,build_found,37351ae7ddefa7fbe4f90e392777739f03ceb9e6,4618865,2013-02-10 16:43:48,3,cb3449e8e9af866bc6b1599ceea823202150c2a4,1,cb3449e8e9af866bc6b1599ceea823202150c2a4,,cb3449e8e9af866bc6b1599ceea823202150c2a4,,0,,0,11,0,0,1,0,2,1,0,0,20,521,366.602687140115,61.4203454894434,109.404990403071,1.0,,2013-02-10 16:43:56,2013-02-10 16:44:55,failed,243,"[4704926, 4704928, 4704927]",4,4704928,java,unknown,,java-ant,,0.0,,,,,,,,0.0,0
4744340,mikaelhg/urlbuilder,1.0,2013-02-11 05:40:45,12,java,merge_button,master,3,66b648259e06b3d47597438c638a9e163d9d65d4#ab0ec8812e1a7ff619f3550335fdf75613844aa3#038b72988f5a29d4d56575f21497aac0990d247c,build_found,cb3449e8e9af866bc6b1599ceea823202150c2a4,4704925,2013-02-11 06:31:54,3,ab0ec8812e1a7ff619f3550335fdf75613844aa3#66b648259e06b3d47597438c638a9e163d9d65d4,2,ab0ec8812e1a7ff619f3550335fdf75613844aa3,cb3449e8e9af866bc6b1599ceea823202150c2a4,34cfbc428e5184e00022b48a8ceb985d7c377768,1,0,0,16,12,0,0,3,0,1,3,0,0,35,521,383.877159309021,63.3397312859885,113.243761996161,0.0,18,2013-02-12 22:10:40,2013-02-12 12:57:51,passed,252,"[4744342, 4744341, 4744343]",11,4744342,java,unknown,,java-ant,,0.0,,,,,,,,0.0,0
4755979,mikaelhg/urlbuilder,0.0,,,java,,master,3,66b648259e06b3d47597438c638a9e163d9d65d4#ab0ec8812e1a7ff619f3550335fdf75613844aa3#038b72988f5a29d4d56575f21497aac0990d247c,merge_found,,,2013-02-11 06:31:54,3,038b72988f5a29d4d56575f21497aac0990d247c,1,038b72988f5a29d4d56575f21497aac0990d247c,,038b72988f5a29d4d56575f21497aac0990d247c,,0,,16,12,0,0,3,0,0,3,0,0,37,521,383.877159309021,63.3397312859885,113.243761996161,1.0,,2013-02-12 22:10:40,2013-02-12 22:11:23,passed,259,"[4755980, 4755981, 4755982]",12,4755982,java,unknown,,java-ant,,0.0,,,,,,,,0.0,0
4778571,mikaelhg/urlbuilder,0.0,,,java,,master,1,4da4b706860c33139f30fdb441680974ad9f276e,build_found,038b72988f5a29d4d56575f21497aac0990d247c,4755979,2013-02-13 20:30:12,3,4da4b706860c33139f30fdb441680974ad9f276e,1,4da4b706860c33139f30fdb441680974ad9f276e,,4da4b706860c33139f30fdb441680974ad9f276e,,1,,235,1,1,0,2,0,0,3,0,0,36,659,301.972685887709,50.0758725341426,89.5295902883156,1.0,,2013-02-13 20:30:20,2013-02-13 22:05:22,passed,262,"[4778573, 4778574, 4778572]",13,4778574,java,unknown,,java-ant,,0.0,,,,,,,,0.0,0
4833973,mikaelhg/urlbuilder,0.0,,,java,,master,1,cb52af97c2ff69aca7dcf2ccb3637b483fd0e83a,build_found,4da4b706860c33139f30fdb441680974ad9f276e,4778571,2013-02-16 09:34:45,3,cb52af97c2ff69aca7dcf2ccb3637b483fd0e83a,1,cb52af97c2ff69aca7dcf2ccb3637b483fd0e83a,,cb52af97c2ff69aca7dcf2ccb3637b483fd0e83a,,0,,85,0,0,0,2,0,0,2,0,0,29,675,294.814814814815,48.8888888888889,87.4074074074074,1.0,,2013-02-16 09:34:53,2013-02-16 09:35:28,passed,259,"[4833975, 4833974, 4833976]",14,4833974,java,unknown,,java-ant,,0.0,,,,,,,,0.0,0
4931523,mikaelhg/urlbuilder,0.0,,,java,,master,1,015128001ec8ff415fc3cade5a46bfe64ab5452a,build_found,cb52af97c2ff69aca7dcf2ccb3637b483fd0e83a,4833973,2013-02-20 15:12:17,3,015128001ec8ff415fc3cade5a46bfe64ab5452a,1,015128001ec8ff415fc3cade5a46bfe64ab5452a,,015128001ec8ff415fc3cade5a46bfe64ab5452a,,0,,8,0,0,0,1,0,0,1,0,0,2,675,294.814814814815,48.8888888888889,87.4074074074074,1.0,,2013-02-20 15:12:26,2013-02-20 15:14:12,passed,289,"[4931526, 4931525, 4931524]",15,4931525,java,ok,,java-maven,junit,1.0,,20,0,20,0,,0.83,,0
4934441,mikaelhg/urlbuilder,0.0,,,java,,master,1,7ef505684e2a7b1c860df7a78c8d91217147f464,build_found,015128001ec8ff415fc3cade5a46bfe64ab5452a,4931523,2013-02-20 16:53:41,3,7ef505684e2a7b1c860df7a78c8d91217147f464,1,7ef505684e2a7b1c860df7a78c8d91217147f464,,7ef505684e2a7b1c860df7a78c8d91217147f464,,0,,7,0,0,0,2,0,0,2,0,0,31,677,293.943870014771,48.7444608567208,87.1491875923191,1.0,,2013-02-20 16:53:51,2013-02-20 17:10:09,passed,287,"[4934444, 4934442, 4934443]",16,4934444,java,unknown,,java-ant,,0.0,,,,,,,,0.0,0
5004562,mikaelhg/urlbuilder,0.0,,,java,,master,1,dc4e1b949f59be8ad509c4bee9f2c098bc7d33d1,build_found,7ef505684e2a7b1c860df7a78c8d91217147f464,4934441,2013-02-23 17:41:39,3,dc4e1b949f59be8ad509c4bee9f2c098bc7d33d1,1,dc4e1b949f59be8ad509c4bee9f2c098bc7d33d1,,dc4e1b949f59be8ad509c4bee9f2c098bc7d33d1,,0,,187,0,0,3,0,0,0,2,0,0,12,542,367.158671586716,60.8856088560886,108.856088560886,1.0,,2013-02-23 17:41:46,2013-02-23 17:42:24,passed,258,"[5004564, 5004563, 5004565]",17,5004563,java,ok,,java-maven,junit,1.0,,20,0,20,0,,0.22,,0
5025550,mikaelhg/urlbuilder,0.0,,,java,,master,3,f69aecb22cff67513596fad3a362b4c04198e6ad#da1bf61d8f415dfe59f31467116a39b7024e94d8#322601d4699fc83589f690b29399f08528f640bc,build_found,dc4e1b949f59be8ad509c4bee9f2c098bc7d33d1,5004562,2013-02-24 12:38:16,3,322601d4699fc83589f690b29399f08528f640bc#da1bf61d8f415dfe59f31467116a39b7024e94d8#f69aecb22cff67513596fad3a362b4c04198e6ad,3,322601d4699fc83589f690b29399f08528f640bc,,322601d4699fc83589f690b29399f08528f640bc,,0,,38,49,1,0,3,0,4,4,0,0,40,559,416.815742397138,66.1896243291592,112.701252236136,1.0,,2013-02-24 20:01:49,2013-02-24 20:02:16,passed,256,"[5025551, 5025553, 5025552]",18,5025553,java,ok,,java-maven,junit,1.0,,24,0,24,0,,0.05,,0
5025628,mikaelhg/urlbuilder,0.0,,,java,,master,1,cecd1073ac8c439816aebcd12296625bb3449429,build_found,322601d4699fc83589f690b29399f08528f640bc,5025550,2013-02-24 20:07:12,3,cecd1073ac8c439816aebcd12296625bb3449429,1,cecd1073ac8c439816aebcd12296625bb3449429,,cecd1073ac8c439816aebcd12296625bb3449429,,0,,0,7,0,0,1,0,1,1,0,0,25,559,423.97137745975,67.9785330948122,114.490161001789,1.0,,2013-02-24 20:07:19,2013-02-24 20:07:54,passed,265,"[5025631, 5025630, 5025629]",19,5025629,java,ok,,java-maven,junit,1.0,,25,0,25,0,,0.21,,0
5085837,mikaelhg/urlbuilder,0.0,,,java,,master,1,7b7ad5486784e404c57e7da1ff6426e82d112670,build_found,cecd1073ac8c439816aebcd12296625bb3449429,5025628,2013-02-26 22:21:36,3,7b7ad5486784e404c57e7da1ff6426e82d112670,1,7b7ad5486784e404c57e7da1ff6426e82d112670,,7b7ad5486784e404c57e7da1ff6426e82d112670,,0,,3,0,0,0,1,0,0,1,0,0,4,560,423.214285714286,67.8571428571428,114.285714285714,1.0,,2013-02-26 22:21:46,2013-03-10 20:47:57,passed,252,"[5085839, 5085838, 5085840]",20,5085840,java,ok,,java-maven,junit,1.0,,25,0,25,0,,0.1,,0
5402895,mikaelhg/urlbuilder,0.0,,,java,,master,1,522cf80263bb53d2fa34930030086eac9effdc5d,build_found,7b7ad5486784e404c57e7da1ff6426e82d112670,5085837,2013-03-10 20:45:37,3,522cf80263bb53d2fa34930030086eac9effdc5d,1,522cf80263bb53d2fa34930030086eac9effdc5d,,522cf80263bb53d2fa34930030086eac9effdc5d,,0,,11,59,3,0,1,0,0,3,0,1,15,560,503.571428571429,67.8571428571428,117.857142857143,1.0,,2013-03-10 20:45:44,2013-03-11 07:24:19,passed,270,"[5402896, 5402897, 5402898]",21,5402897,java,ok,,java-maven,junit,1.0,,32,0,32,0,,2.02,,0
6699889,mikaelhg/urlbuilder,0.0,,,java,,master,1,ac82607201f00809034d920f1650c25709fb36d5,build_found,522cf80263bb53d2fa34930030086eac9effdc5d,5402895,2013-04-28 11:28:27,3,ac82607201f00809034d920f1650c25709fb36d5,1,ac82607201f00809034d920f1650c25709fb36d5,,ac82607201f00809034d920f1650c25709fb36d5,,0,,8,0,0,0,3,0,0,2,0,1,48,560,503.571428571429,67.8571428571428,117.857142857143,1.0,,2013-04-28 11:28:34,2013-04-28 11:29:02,passed,269,"[6699891, 6699890, 6699892]",23,6699892,java,ok,,java-maven,junit,1.0,,32,0,32,0,,0.98,,0
6699911,mikaelhg/urlbuilder,0.0,,,java,,master,1,146ae4f38e9567609ef63ec328f4b3d66e1ce114,build_found,ac82607201f00809034d920f1650c25709fb36d5,6699889,2013-04-28 11:30:08,3,146ae4f38e9567609ef63ec328f4b3d66e1ce114,1,146ae4f38e9567609ef63ec328f4b3d66e1ce114,,146ae4f38e9567609ef63ec328f4b3d66e1ce114,,0,,2,0,0,0,1,0,0,1,0,0,6,560,503.571428571429,67.8571428571428,117.857142857143,1.0,,2013-04-28 11:30:15,2013-04-28 11:30:44,passed,270,"[6699913, 6699912, 6699914]",24,6699912,java,ok,,java-maven,junit,1.0,,32,0,32,0,,1.48,,0
6708546,mikaelhg/urlbuilder,0.0,,,java,,master,1,89d47868cf745da29c5aa9ff82324ee788e085c5,build_found,146ae4f38e9567609ef63ec328f4b3d66e1ce114,6699911,2013-04-28 19:40:34,3,89d47868cf745da29c5aa9ff82324ee788e085c5#2f82eb4b9be11353e5773d853c580097f25ca8a0,2,89d47868cf745da29c5aa9ff82324ee788e085c5,,89d47868cf745da29c5aa9ff82324ee788e085c5,,0,,21,10,1,0,5,0,0,5,0,1,50,560,516.071428571429,67.8571428571428,117.857142857143,1.0,,2013-04-28 19:40:41,2013-04-28 19:41:07,passed,302,"[6708547, 6708549, 6708548]",26,6708548,java,ok,,java-maven,junit,1.0,,35,0,35,0,,1.31,,0
6741780,mikaelhg/urlbuilder,1.0,2013-04-29 20:16:11,14,java,merge_button,master,2,8845035fdc030359d4e32bf052629d43aaa514c6#26ae75c1ffd4a56be27b2aec7329de8c46f40059,build_found,89d47868cf745da29c5aa9ff82324ee788e085c5,6708546,2013-04-29 22:13:20,3,8845035fdc030359d4e32bf052629d43aaa514c6,1,8845035fdc030359d4e32bf052629d43aaa514c6,89d47868cf745da29c5aa9ff82324ee788e085c5,eaaa2f20f55a47fb87148d5e924901f1f3852540,0,0,0,1,0,0,0,1,0,0,1,0,0,8,560,516.071428571429,67.8571428571428,117.857142857143,0.0,13,2013-04-30 08:45:35,2013-04-29 22:17:05,passed,293,"[6741782, 6741781, 6741783]",27,6741782,java,ok,,java-maven,junit,1.0,,35,0,35,0,,1.69,,0
6751668,mikaelhg/urlbuilder,0.0,,,java,,master,2,8845035fdc030359d4e32bf052629d43aaa514c6#26ae75c1ffd4a56be27b2aec7329de8c46f40059,merge_found,,,2013-04-29 22:13:20,3,26ae75c1ffd4a56be27b2aec7329de8c46f40059,1,26ae75c1ffd4a56be27b2aec7329de8c46f40059,,26ae75c1ffd4a56be27b2aec7329de8c46f40059,,0,,1,0,0,0,1,0,0,1,0,0,9,560,516.071428571429,67.8571428571428,117.857142857143,1.0,,2013-04-30 08:45:35,2013-04-30 08:46:06,passed,287,"[6751670, 6751669, 6751671]",28,6751671,java,ok,,java-maven,junit,1.0,,35,0,35,0,,1.07,,0
7462770,mikaelhg/urlbuilder,0.0,,,java,,master,,,build_found,26ae75c1ffd4a56be27b2aec7329de8c46f40059,6751668,,3,de313f9a86828a3e5175ebdb2021906c7565f57b,1,de313f9a86828a3e5175ebdb2021906c7565f57b,,de313f9a86828a3e5175ebdb2021906c7565f57b,,0,,4,12,0,0,2,0,1,2,0,0,5,560,537.5,69.6428571428571,119.642857142857,1.0,,,2013-05-24 13:53:47,passed,361,"[7462772, 7462773, 7462771]",29,7462771,java,ok,,java-maven,junit,1.0,,36,0,36,0,,1.6,,0
7462899,mikaelhg/urlbuilder,0.0,,,java,,master,,,build_found,de313f9a86828a3e5175ebdb2021906c7565f57b,7462770,,3,0a635ecbb324ebf4cd5d19eb9dc9c5f1af88a006,1,0a635ecbb324ebf4cd5d19eb9dc9c5f1af88a006,,0a635ecbb324ebf4cd5d19eb9dc9c5f1af88a006,,0,,4,9,0,0,3,0,0,3,0,0,39,560,535.714285714286,69.6428571428571,119.642857142857,1.0,,,2013-05-24 13:57:14,passed,325,"[7462900, 7462902, 7462901]",30,7462900,java,ok,,java-maven,junit,1.0,,36,0,36,0,,2.38,,0
8521989,mikaelhg/urlbuilder,0.0,,,java,,master,1,a10cf372619545f6290a5b4a2c046b4d1d810d76,build_found,0a635ecbb324ebf4cd5d19eb9dc9c5f1af88a006,7462899,2013-06-27 22:26:59,3,a10cf372619545f6290a5b4a2c046b4d1d810d76,1,a10cf372619545f6290a5b4a2c046b4d1d810d76,,a10cf372619545f6290a5b4a2c046b4d1d810d76,,0,,0,0,0,0,1,0,0,0,0,1,3,560,535.714285714286,69.6428571428571,119.642857142857,1.0,,2013-06-27 22:27:04,2013-06-27 22:27:44,passed,123,"[8521990, 8521991, 8521992]",31,8521990,java,ok,,java-maven,junit,1.0,,36,0,36,0,,2.2,,0
9250750,mikaelhg/urlbuilder,0.0,,,java,,master,2,faf1f9fcc270347699cbfe63af3c56d4eb4a4fee#76fe6578eff080c498d54888c9dc25589eae352d,build_found,a10cf372619545f6290a5b4a2c046b4d1d810d76,8521989,2013-06-25 14:44:14,3,76fe6578eff080c498d54888c9dc25589eae352d#faf1f9fcc270347699cbfe63af3c56d4eb4a4fee,2,76fe6578eff080c498d54888c9dc25589eae352d,,76fe6578eff080c498d54888c9dc25589eae352d,,0,,9,0,0,0,2,0,0,2,0,0,44,560,535.714285714286,69.6428571428571,119.642857142857,1.0,,2013-07-19 01:20:13,2013-07-19 01:20:55,passed,125,"[9250752, 9250753, 9250751]",32,9250752,java,ok,,java-maven,junit,1.0,,36,0,36,0,,1.89,,0
9998018,mikaelhg/urlbuilder,1.0,2013-08-08 16:24:46,16,java,merge_button,master,2,4b68b2b646285a6fb66b1d96f17f9dcf28528fc3#d02b698c4d1e7302d7486896864fbdc905ee766e,build_found,76fe6578eff080c498d54888c9dc25589eae352d,9250750,2013-08-08 18:23:36,3,4b68b2b646285a6fb66b1d96f17f9dcf28528fc3,1,4b68b2b646285a6fb66b1d96f17f9dcf28528fc3,76fe6578eff080c498d54888c9dc25589eae352d,9ea5ea6a587519296cf9a1808d808a2196468fc0,1,0,0,90,0,0,0,1,0,0,1,0,0,11,560,535.714285714286,69.6428571428571,119.642857142857,1.0,7,2013-08-08 19:27:19,2013-08-08 18:25:35,passed,240,"[9998019, 9998020, 9998021]",33,9998020,java,ok,,java-maven,junit,1.0,,36,0,36,0,,2.01,,0
10000562,mikaelhg/urlbuilder,0.0,,,java,,master,2,4b68b2b646285a6fb66b1d96f17f9dcf28528fc3#d02b698c4d1e7302d7486896864fbdc905ee766e,merge_found,,,2013-08-08 18:23:36,3,d02b698c4d1e7302d7486896864fbdc905ee766e,1,d02b698c4d1e7302d7486896864fbdc905ee766e,,d02b698c4d1e7302d7486896864fbdc905ee766e,,0,,90,0,0,0,1,0,0,1,0,0,12,560,535.714285714286,69.6428571428571,119.642857142857,1.0,,2013-08-08 19:27:19,2013-08-08 19:28:16,passed,247,"[10000565, 10000563, 10000564]",34,10000563,java,ok,,java-maven,junit,1.0,,36,0,36,0,,1.95,,0
12466882,mikaelhg/urlbuilder,1.0,2013-10-12 18:17:19,19,java,merge_button,master,2,8b9dbd5dc62ccd8aa029a700dedb522e1e0fb4da#aeb2699ac39da420193e5fe873129e1d338f8399,build_found,d02b698c4d1e7302d7486896864fbdc905ee766e,10000562,2013-10-12 20:11:17,3,8b9dbd5dc62ccd8aa029a700dedb522e1e0fb4da,1,8b9dbd5dc62ccd8aa029a700dedb522e1e0fb4da,d02b698c4d1e7302d7486896864fbdc905ee766e,ac66457092deb7c3d4e814316e927cf37536da58,0,0,0,0,32,0,0,1,0,4,1,0,0,26,560,585.714285714286,76.7857142857143,126.785714285714,0.0,21,2013-10-13 09:12:51,2013-10-12 20:18:02,failed,147,"[12466883, 12466884, 12466885]",38,12466883,java,broken,,java-maven,junit,1.0,,38,2,40,0,#testRemoveThreeParametersByKey#,1.98,,0
12479061,mikaelhg/urlbuilder,0.0,,,java,,master,2,8b9dbd5dc62ccd8aa029a700dedb522e1e0fb4da#aeb2699ac39da420193e5fe873129e1d338f8399,merge_found,,,2013-10-12 20:11:17,3,aeb2699ac39da420193e5fe873129e1d338f8399,1,aeb2699ac39da420193e5fe873129e1d338f8399,,aeb2699ac39da420193e5fe873129e1d338f8399,,0,,0,32,0,0,1,0,0,1,0,0,27,560,585.714285714286,76.7857142857143,126.785714285714,1.0,,2013-10-13 09:12:51,2013-10-13 09:13:17,failed,108,"[12479062, 12479063, 12479064]",39,12479064,java,broken,,java-maven,junit,1.0,,36,4,40,0,#testRemoveOneParameterByKey#testRemoveParameter#testRemoveThreeParametersByKey#,0.94,,0
12479412,mikaelhg/urlbuilder,0.0,,,java,,master,2,cf90c6fd46799d908c7e780aeaf1338596529423#e3374f8da7be1767d0b2026e637db113e320d7c6,build_found,aeb2699ac39da420193e5fe873129e1d338f8399,12479061,2013-10-13 09:36:10,3,e3374f8da7be1767d0b2026e637db113e320d7c6#cf90c6fd46799d908c7e780aeaf1338596529423,2,e3374f8da7be1767d0b2026e637db113e320d7c6,,e3374f8da7be1767d0b2026e637db113e320d7c6,,0,,18,0,0,0,2,0,0,1,0,1,25,566,579.505300353357,75.9717314487633,125.441696113074,1.0,,2013-10-13 09:38:14,2013-10-13 09:38:54,passed,128,"[12479413, 12479414, 12479415]",40,12479415,java,ok,,java-maven,junit,1.0,,40,0,40,0,,1.21,,0
12479643,mikaelhg/urlbuilder,0.0,,,java,,master,1,466a6863eedf2299debe42cd652a9d71e6a00c79,build_found,e3374f8da7be1767d0b2026e637db113e320d7c6,12479412,2013-10-13 09:48:30,3,466a6863eedf2299debe42cd652a9d71e6a00c79,1,466a6863eedf2299debe42cd652a9d71e6a00c79,,466a6863eedf2299debe42cd652a9d71e6a00c79,,0,,4,0,0,0,2,0,0,1,0,1,20,566,579.505300353357,75.9717314487633,125.441696113074,1.0,,2013-10-13 09:48:42,2013-10-13 09:49:06,passed,143,"[12479644, 12479645, 12479646]",41,12479645,java,ok,,java-maven,junit,1.0,,40,0,40,0,,1.8,,0
12479689,mikaelhg/urlbuilder,0.0,,,java,,master,1,1556f4879430dcc0e16eb5a6449295c791c970e1,build_found,466a6863eedf2299debe42cd652a9d71e6a00c79,12479643,2013-10-13 09:51:44,3,1556f4879430dcc0e16eb5a6449295c791c970e1,1,1556f4879430dcc0e16eb5a6449295c791c970e1,,1556f4879430dcc0e16eb5a6449295c791c970e1,,0,,46,0,1,0,1,0,0,1,0,1,4,566,579.505300353357,75.9717314487633,125.441696113074,1.0,,2013-10-13 09:51:53,2013-10-13 09:52:22,passed,125,"[12479690, 12479691, 12479692]",42,12479690,java,ok,,java-maven,junit,1.0,,40,0,40,0,,1.84,,0
12479803,mikaelhg/urlbuilder,0.0,,,java,,master,1,06b135c6898bc3415a55161ed423e9aec6f316af,build_found,1556f4879430dcc0e16eb5a6449295c791c970e1,12479689,2013-10-13 09:59:01,3,06b135c6898bc3415a55161ed423e9aec6f316af,1,06b135c6898bc3415a55161ed423e9aec6f316af,,06b135c6898bc3415a55161ed423e9aec6f316af,,0,,0,0,0,0,1,0,0,0,0,1,20,566,579.505300353357,75.9717314487633,125.441696113074,1.0,,2013-10-13 09:59:05,2013-10-13 09:59:32,passed,161,"[12479804, 12479805, 12479806]",44,12479806,java,ok,,java-maven,junit,1.0,,40,0,40,0,,1.07,,0
12479995,mikaelhg/urlbuilder,0.0,,,java,,master,1,4b51ed995a9485058d34a3af6de600e344edeba3,build_found,06b135c6898bc3415a55161ed423e9aec6f316af,12479803,2013-10-13 10:08:14,3,4b51ed995a9485058d34a3af6de600e344edeba3,1,4b51ed995a9485058d34a3af6de600e344edeba3,,4b51ed995a9485058d34a3af6de600e344edeba3,,0,,2,0,0,0,1,0,0,1,0,0,13,566,579.505300353357,75.9717314487633,125.441696113074,1.0,,2013-10-13 10:08:17,2013-10-13 10:09:07,passed,154,"[12479996, 12479997, 12479998]",45,12479996,java,ok,,java-maven,junit,1.0,,40,0,40,0,,2.01,,0
12480103,mikaelhg/urlbuilder,0.0,,,java,,master,1,b470a93350ed9f9cb4fff6bb653356e279c4ebd7,build_found,4b51ed995a9485058d34a3af6de600e344edeba3,12479995,2013-10-13 10:15:52,3,b470a93350ed9f9cb4fff6bb653356e279c4ebd7,1,b470a93350ed9f9cb4fff6bb653356e279c4ebd7,,b470a93350ed9f9cb4fff6bb653356e279c4ebd7,,0,,0,7,0,0,1,0,1,1,0,0,28,566,590.106007067138,77.7385159010601,128.975265017668,1.0,,2013-10-13 10:15:56,2013-10-13 10:16:32,passed,155,"[12480104, 12480105, 12480106]",46,12480104,java,ok,,java-maven,junit,1.0,,41,0,41,0,,1.41,,0
12661178,mikaelhg/urlbuilder,1.0,2013-10-17 08:20:58,21,java,merge_button,master,3,f27e56b5c047fa50a464a06d2c8bb7b4e292fdb9#d46e4c08ea574e748f2a4818ea47a15435b22b78#ddcf154bd3d8582fd0f895162259ca71c67b88d5,build_found,b470a93350ed9f9cb4fff6bb653356e279c4ebd7,12480103,2013-10-17 10:02:13,3,d46e4c08ea574e748f2a4818ea47a15435b22b78#f27e56b5c047fa50a464a06d2c8bb7b4e292fdb9,2,d46e4c08ea574e748f2a4818ea47a15435b22b78,b470a93350ed9f9cb4fff6bb653356e279c4ebd7,2539b4afcaf4e76b3937bd469776bd8cf327d34d,2,0,0,0,57,0,0,2,0,6,2,0,0,32,566,673.144876325088,88.339222614841,150.17667844523,0.0,17,2013-10-17 12:59:30,2013-10-17 10:21:36,passed,188,"[12661180, 12661182, 12661184]",48,12661184,java,ok,,java-maven,junit,1.0,,47,0,47,0,,0.9,,0
12667562,mikaelhg/urlbuilder,0.0,,,java,,master,3,f27e56b5c047fa50a464a06d2c8bb7b4e292fdb9#d46e4c08ea574e748f2a4818ea47a15435b22b78#ddcf154bd3d8582fd0f895162259ca71c67b88d5,merge_found,,,2013-10-17 10:02:13,3,ddcf154bd3d8582fd0f895162259ca71c67b88d5,1,ddcf154bd3d8582fd0f895162259ca71c67b88d5,,ddcf154bd3d8582fd0f895162259ca71c67b88d5,,0,,0,57,0,0,2,0,0,2,0,0,34,566,673.144876325088,88.339222614841,150.17667844523,1.0,,2013-10-17 12:59:30,2013-10-30 16:56:01,passed,233,"[12667563, 12667564, 12667565]",49,12667563,java,ok,,java-maven,junit,1.0,,47,0,47,0,,2.29,,0
13989649,mikaelhg/urlbuilder,0.0,,,java,,master,1,195728318b76bf49d9c94bf8890aaa98ec6eb8a7,build_found,ddcf154bd3d8582fd0f895162259ca71c67b88d5,12667562,2013-11-14 20:10:43,3,195728318b76bf49d9c94bf8890aaa98ec6eb8a7,1,195728318b76bf49d9c94bf8890aaa98ec6eb8a7,,195728318b76bf49d9c94bf8890aaa98ec6eb8a7,,0,,2,0,0,0,1,0,0,1,0,0,14,566,673.144876325088,88.339222614841,150.17667844523,1.0,,2013-11-14 20:10:48,2013-11-14 20:12:28,passed,233,"[13989650, 13989651, 13989652]",54,13989651,java,ok,,java-maven,junit,1.0,,47,0,47,0,,2.21,,0
14039628,mikaelhg/urlbuilder,0.0,,,java,,master,1,7609fc2fe7338eb98a0cc65adabef54308e09e0b,build_found,195728318b76bf49d9c94bf8890aaa98ec6eb8a7,13989649,2013-11-15 19:40:19,3,7609fc2fe7338eb98a0cc65adabef54308e09e0b,1,7609fc2fe7338eb98a0cc65adabef54308e09e0b,,7609fc2fe7338eb98a0cc65adabef54308e09e0b,,0,,0,2,0,0,2,0,0,1,0,1,21,566,673.144876325088,88.339222614841,150.17667844523,1.0,,2013-11-15 19:40:24,2013-11-15 19:41:25,passed,198,"[14039629, 14039630, 14039631]",55,14039629,java,ok,,java-maven,junit,1.0,,47,0,47,0,,1.6,,0
14059589,mikaelhg/urlbuilder,0.0,,,java,,master,1,95501e60d5d7903ffe62218c4d5fd17028131f32,build_found,7609fc2fe7338eb98a0cc65adabef54308e09e0b,14039628,2013-11-16 08:45:07,3,95501e60d5d7903ffe62218c4d5fd17028131f32,1,95501e60d5d7903ffe62218c4d5fd17028131f32,,95501e60d5d7903ffe62218c4d5fd17028131f32,,0,,3,5,0,0,2,0,0,2,0,0,2,566,680.212014134276,88.339222614841,151.943462897527,1.0,,2013-11-16 08:45:13,2013-11-16 08:45:42,passed,180,"[14059590, 14059591, 14059592]",56,14059591,java,ok,,java-maven,junit,1.0,,50,0,50,0,,1.44,,0
15082715,mikaelhg/urlbuilder,0.0,,,java,,master,3,f581f8143ccd1ad86e05a94f2ed63f91f50219ab#53af685e2ea093170cefce010a0aa500b8642f08#c1c663e7480a43018eaf0d1e5cbe3615478a393a,build_found,95501e60d5d7903ffe62218c4d5fd17028131f32,14059589,2013-12-07 08:44:37,3,c1c663e7480a43018eaf0d1e5cbe3615478a393a#53af685e2ea093170cefce010a0aa500b8642f08#f581f8143ccd1ad86e05a94f2ed63f91f50219ab,3,c1c663e7480a43018eaf0d1e5cbe3615478a393a,,c1c663e7480a43018eaf0d1e5cbe3615478a393a,,0,,33,0,0,0,4,0,0,2,0,2,58,579,664.939550949914,86.3557858376511,148.53195164076,1.0,,2013-12-07 11:14:59,2013-12-07 11:15:35,passed,240,"[15082716, 15082717, 15082718, 15082719]",57,15082716,java,ok,,java-maven,junit,1.0,,50,0,50,0,,0.87,,0
15127898,mikaelhg/urlbuilder,0.0,,,java,,master,1,c54d06e4e5646de9be2e7ddd7c9bfc9ddce1c589,build_found,c1c663e7480a43018eaf0d1e5cbe3615478a393a,15082715,2013-12-08 16:59:41,3,c54d06e4e5646de9be2e7ddd7c9bfc9ddce1c589,1,c54d06e4e5646de9be2e7ddd7c9bfc9ddce1c589,,c54d06e4e5646de9be2e7ddd7c9bfc9ddce1c589,,0,,37,5,1,0,5,0,0,5,0,1,60,578,673.010380622837,86.5051903114187,150.519031141869,1.0,,2013-12-08 16:59:46,2013-12-08 17:00:33,passed,255,"[15127899, 15127900, 15127901, 15127902]",58,15127901,java,ok,,java-maven,junit,1.0,,56,0,56,0,,1.59,,0
15417685,mikaelhg/urlbuilder,1.0,2013-12-13 18:57:55,25,java,merge_button,master,2,497c6a282c2a2f9921853a1c8414694d986955bb#3e6dcb409d371c4e7b19efa214ca50155eb49a8c,build_found,c54d06e4e5646de9be2e7ddd7c9bfc9ddce1c589,15127898,2013-12-13 19:49:10,3,497c6a282c2a2f9921853a1c8414694d986955bb,1,497c6a282c2a2f9921853a1c8414694d986955bb,c54d06e4e5646de9be2e7ddd7c9bfc9ddce1c589,08bc0714f0a584b2f22cfba567fe6f065b7e8dd5,1,0,0,0,50,0,0,1,0,5,1,0,0,5,578,750.865051903114,95.1557093425606,169.550173010381,0.0,12,2013-12-13 20:24:30,2013-12-13 20:01:31,passed,362,"[15417686, 15417687, 15417688, 15417689]",59,15417687,java,ok,,java-maven,junit,1.0,,61,0,61,0,,2.16,,0
15418950,mikaelhg/urlbuilder,0.0,,,java,,master,2,497c6a282c2a2f9921853a1c8414694d986955bb#3e6dcb409d371c4e7b19efa214ca50155eb49a8c,merge_found,,,2013-12-13 19:49:10,3,3e6dcb409d371c4e7b19efa214ca50155eb49a8c,1,3e6dcb409d371c4e7b19efa214ca50155eb49a8c,,3e6dcb409d371c4e7b19efa214ca50155eb49a8c,,0,,0,50,0,0,1,0,0,1,0,0,6,578,750.865051903114,95.1557093425606,169.550173010381,1.0,,2013-12-13 20:24:30,2013-12-13 20:42:16,passed,336,"[15418951, 15418952, 15418953, 15418954]",60,15418954,java,ok,,java-maven,junit,1.0,,61,0,61,0,,1.75,,0
15421250,mikaelhg/urlbuilder,0.0,,,java,,master,1,6a45459d038e5259fa529797c3546d10e756ee0d,build_found,3e6dcb409d371c4e7b19efa214ca50155eb49a8c,15418950,2013-12-13 21:11:18,3,6a45459d038e5259fa529797c3546d10e756ee0d,1,6a45459d038e5259fa529797c3546d10e756ee0d,,6a45459d038e5259fa529797c3546d10e756ee0d,,0,,0,46,0,0,2,0,4,1,0,1,31,578,768.166089965398,102.076124567474,169.550173010381,1.0,,2013-12-13 21:11:44,2013-12-13 21:12:58,passed,337,"[15421251, 15421252, 15421253, 15421254]",61,15421251,java,ok,,java-maven,junit,1.0,,65,0,65,0,,2.32,,0
17008797,mikaelhg/urlbuilder,1.0,2014-01-15 16:06:04,27,java,merge_button,master,13,46bdf9462e9341e1405a84c2ccb243ce1743e074#bc82536c0d216e69f7a073121557e2a833159be2#62c1296a16a7ded52b45b2b6d424d8a46ff77343#37503ead9dfa0544f190151cb44b2b292b958e74#044f239a08234fda648f6d50f89914e07ba4589c#d15a435a7d0c4381f6d9be466b77b3da5084b034#9318c6e6331691cc67c4d5824457805c12f7efcc#4f45785615d69023454bc98f811b5a4750414bbf#40d2c0ae0b63ccdf04e0a46511acaf3459f01ff7#56f6a96e0e15e0f44680a1bffda614c8df23e28a#f4378e77ce77a2ab3e14fa92786a37c236e11523#54540d312d0b7cc6296164171e3fa1280736f177#55a970e871a3033407d20b1f34a1d802c6457b35,build_found,6a45459d038e5259fa529797c3546d10e756ee0d,15421250,2014-01-15 16:48:11,3,bc82536c0d216e69f7a073121557e2a833159be2#46bdf9462e9341e1405a84c2ccb243ce1743e074,2,bc82536c0d216e69f7a073121557e2a833159be2,6a45459d038e5259fa529797c3546d10e756ee0d,20ee2c06a14a3f0ceeb427b180c27d30f7d8a23f,1,0,0,157,13,0,0,4,0,0,4,0,0,56,627,719.298245614035,94.0988835725678,159.489633173844,1.0,7,2014-01-25 10:52:23,2014-01-15 17:40:45,passed,292,"[17008798, 17008799, 17008800, 17008801]",62,17008798,java,ok,,java-maven,junit,1.0,,83,0,83,0,,2.05,,0
17596867,mikaelhg/urlbuilder,0.0,,,java,,master,13,46bdf9462e9341e1405a84c2ccb243ce1743e074#bc82536c0d216e69f7a073121557e2a833159be2#62c1296a16a7ded52b45b2b6d424d8a46ff77343#37503ead9dfa0544f190151cb44b2b292b958e74#044f239a08234fda648f6d50f89914e07ba4589c#d15a435a7d0c4381f6d9be466b77b3da5084b034#9318c6e6331691cc67c4d5824457805c12f7efcc#4f45785615d69023454bc98f811b5a4750414bbf#40d2c0ae0b63ccdf04e0a46511acaf3459f01ff7#56f6a96e0e15e0f44680a1bffda614c8df23e28a#f4378e77ce77a2ab3e14fa92786a37c236e11523#54540d312d0b7cc6296164171e3fa1280736f177#55a970e871a3033407d20b1f34a1d802c6457b35,merge_found,,,2014-01-15 16:48:11,3,55a970e871a3033407d20b1f34a1d802c6457b35,1,55a970e871a3033407d20b1f34a1d802c6457b35,,55a970e871a3033407d20b1f34a1d802c6457b35,,0,,598,73,3,0,6,0,0,9,0,0,68,671,700.447093889717,86.4381520119225,156.482861400894,1.0,,2014-01-25 10:52:23,2014-01-25 10:52:57,passed,209,"[17596868, 17596869, 17596870, 17596871]",64,17596871,java,ok,,java-maven,junit,1.0,,104,0,104,4,,1.05,,0
17599090,mikaelhg/urlbuilder,0.0,,,java,,master,4,e8cd7490ecce19e9ae01cceb5b7f597a1ac74646#edac4534197631f66666314561e2cfacd2333862#21cdbacd377e48fcf6796f3bfb50201a96155ea5#cd612eca5671bc0d54311618550b1cb184740147,merge_found,,,2014-01-02 09:42:14,3,cd612eca5671bc0d54311618550b1cb184740147#21cdbacd377e48fcf6796f3bfb50201a96155ea5,2,cd612eca5671bc0d54311618550b1cb184740147,,cd612eca5671bc0d54311618550b1cb184740147,,0,,703,81,4,1,8,0,0,9,0,0,71,647,732.612055641422,92.7357032457496,163.833075734158,1.0,,2014-01-25 12:29:41,2014-01-25 12:30:19,passed,230,"[17599091, 17599092, 17599093, 17599094]",65,17599093,java,ok,,java-maven,junit,1.0,,105,0,105,4,,1.56,,0
17610393,mikaelhg/urlbuilder,0.0,,,java,,master,1,5258554d8c0eb026ea0f98549aafbeac35cd4ca7,build_found,cd612eca5671bc0d54311618550b1cb184740147,17599090,2014-01-25 17:54:21,3,5258554d8c0eb026ea0f98549aafbeac35cd4ca7,1,5258554d8c0eb026ea0f98549aafbeac35cd4ca7,,5258554d8c0eb026ea0f98549aafbeac35cd4ca7,,0,,16,0,0,0,2,0,0,2,0,0,9,649,730.354391371341,92.4499229583975,163.328197226502,1.0,,2014-01-25 17:54:40,2014-01-25 17:55:40,passed,295,"[17610394, 17610395, 17610396, 17610397]",66,17610395,java,ok,,java-maven,junit,1.0,,105,0,105,4,,3.53,,0
20059493,mikaelhg/urlbuilder,0.0,,,java,,master,1,f3c3078ff2a6fa8a89adbe8a4f0b02e400c409d2,build_found,5258554d8c0eb026ea0f98549aafbeac35cd4ca7,17610393,2014-03-04 15:04:00,3,f3c3078ff2a6fa8a89adbe8a4f0b02e400c409d2,1,f3c3078ff2a6fa8a89adbe8a4f0b02e400c409d2,,f3c3078ff2a6fa8a89adbe8a4f0b02e400c409d2,,0,,0,0,1,0,0,0,0,0,0,1,0,649,730.354391371341,92.4499229583975,163.328197226502,1.0,,2014-03-04 15:04:05,2014-03-04 15:04:46,passed,521,"[20059494, 20059495, 20059496, 20059497]",67,20059496,java,ok,,java-maven,junit,1.0,,105,0,105,4,,2.21,,0
20060150,mikaelhg/urlbuilder,0.0,,,java,,master,1,c6569e25f45cc1a83826ed1cf94e8c751eecfe2a,build_found,f3c3078ff2a6fa8a89adbe8a4f0b02e400c409d2,20059493,2014-03-04 15:14:05,3,c6569e25f45cc1a83826ed1cf94e8c751eecfe2a,1,c6569e25f45cc1a83826ed1cf94e8c751eecfe2a,,c6569e25f45cc1a83826ed1cf94e8c751eecfe2a,,0,,0,0,0,0,2,0,0,0,0,2,26,649,730.354391371341,92.4499229583975,163.328197226502,1.0,,2014-03-04 15:14:09,2014-03-04 15:14:45,failed,270,"[20060151, 20060152, 20060153, 20060154]",68,20060152,java,ok,,java-maven,junit,1.0,,61,0,61,2,,1.18,,0
20060402,mikaelhg/urlbuilder,0.0,,,java,,master,1,7d644fb017ab59c4b9c711dba2bf74d2ce57dc5d,build_found,c6569e25f45cc1a83826ed1cf94e8c751eecfe2a,20060150,2014-03-04 15:17:39,3,7d644fb017ab59c4b9c711dba2bf74d2ce57dc5d,1,7d644fb017ab59c4b9c711dba2bf74d2ce57dc5d,,7d644fb017ab59c4b9c711dba2bf74d2ce57dc5d,,0,,0,0,0,0,1,0,0,0,0,1,2,649,730.354391371341,92.4499229583975,163.328197226502,1.0,,2014-03-04 15:17:43,2014-03-04 15:19:08,passed,320,"[20060403, 20060404, 20060405, 20060406]",69,20060404,java,ok,,java-maven,junit,1.0,,90,0,90,2,,1.14,,0
20060540,mikaelhg/urlbuilder,0.0,,,java,,master,1,d38529e2b5d2989e1d8056ab01846cedaa4aecb6,build_found,7d644fb017ab59c4b9c711dba2bf74d2ce57dc5d,20060402,2014-03-04 15:19:37,3,d38529e2b5d2989e1d8056ab01846cedaa4aecb6,1,d38529e2b5d2989e1d8056ab01846cedaa4aecb6,,d38529e2b5d2989e1d8056ab01846cedaa4aecb6,,0,,0,0,0,0,1,0,0,0,0,1,3,649,730.354391371341,92.4499229583975,163.328197226502,1.0,,2014-03-04 15:19:42,2014-03-04 15:21:18,failed,287,"[20060541, 20060542, 20060543, 20060544]",70,20060542,java,ok,,java-maven,junit,1.0,,90,0,90,2,,0.93,,0
20060874,mikaelhg/urlbuilder,0.0,,,java,,master,1,b4127f786745941da23ab5aed29bb6f128708b9b,build_found,d38529e2b5d2989e1d8056ab01846cedaa4aecb6,20060540,2014-03-04 15:23:57,3,b4127f786745941da23ab5aed29bb6f128708b9b,1,b4127f786745941da23ab5aed29bb6f128708b9b,,b4127f786745941da23ab5aed29bb6f128708b9b,,0,,0,0,0,0,1,0,0,0,0,1,4,649,730.354391371341,92.4499229583975,163.328197226502,1.0,,2014-03-04 15:24:01,2014-03-04 15:24:55,failed,284,"[20060875, 20060876, 20060877, 20060878]",71,20060878,java,broken,,java-maven,junit,1.0,,52,4,56,0,expected#expected##null#String index out of range#,0.69,,0
20061229,mikaelhg/urlbuilder,0.0,,,java,,master,1,1bcbf54d0059932bbfdfaaa9e23ef00419f1df21,build_found,b4127f786745941da23ab5aed29bb6f128708b9b,20060874,2014-03-04 15:27:46,3,1bcbf54d0059932bbfdfaaa9e23ef00419f1df21,1,1bcbf54d0059932bbfdfaaa9e23ef00419f1df21,,1bcbf54d0059932bbfdfaaa9e23ef00419f1df21,,0,,0,0,0,0,1,0,0,0,0,1,5,649,730.354391371341,92.4499229583975,163.328197226502,1.0,,2014-03-04 15:27:51,2014-03-04 15:29:21,failed,322,"[20061230, 20061231, 20061232, 20061233]",72,20061233,java,ok,,java-maven,junit,1.0,,61,0,61,2,,0.49,,0
20061711,mikaelhg/urlbuilder,0.0,,,java,,master,1,87d6229902528fa075e7671b09b8217859be1c60,build_found,1bcbf54d0059932bbfdfaaa9e23ef00419f1df21,20061229,2014-03-04 15:34:06,3,87d6229902528fa075e7671b09b8217859be1c60,1,87d6229902528fa075e7671b09b8217859be1c60,,87d6229902528fa075e7671b09b8217859be1c60,,0,,0,0,0,0,1,0,0,0,0,1,6,649,730.354391371341,92.4499229583975,163.328197226502,1.0,,2014-03-04 15:34:12,2014-03-04 15:34:54,passed,293,"[20061712, 20061713, 20061714, 20061715]",73,20061712,java,ok,,java-maven,junit,1.0,,90,0,90,2,,0.31,,0
20062031,mikaelhg/urlbuilder,0.0,,,java,,master,1,db68da789a6840b6a8208aaeab512dbec893c202,build_found,87d6229902528fa075e7671b09b8217859be1c60,20061711,2014-03-04 15:37:06,3,db68da789a6840b6a8208aaeab512dbec893c202,1,db68da789a6840b6a8208aaeab512dbec893c202,,db68da789a6840b6a8208aaeab512dbec893c202,,0,,0,0,0,0,1,0,0,0,0,1,7,649,730.354391371341,92.4499229583975,163.328197226502,1.0,,2014-03-04 15:37:10,2014-03-04 15:38:10,failed,285,"[20062032, 20062033, 20062034, 20062035]",74,20062034,java,broken,,java-maven,junit,1.0,,52,4,56,0,expected#expected##null#String index out of range#,1.51,,0
20062252,mikaelhg/urlbuilder,0.0,,,java,,master,1,113ad8f45e7093e246b924c36ee49a490d308b0c,build_found,db68da789a6840b6a8208aaeab512dbec893c202,20062031,2014-03-04 15:40:15,3,113ad8f45e7093e246b924c36ee49a490d308b0c,1,113ad8f45e7093e246b924c36ee49a490d308b0c,,113ad8f45e7093e246b924c36ee49a490d308b0c,,0,,0,0,0,0,1,0,0,0,0,1,8,649,730.354391371341,92.4499229583975,163.328197226502,1.0,,2014-03-04 15:40:19,2014-03-04 16:16:32,passed,313,"[20062253, 20062254, 20062255, 20062256]",75,20062255,java,ok,,java-maven,junit,1.0,,61,0,61,2,,1.7,,0
20063003,mikaelhg/urlbuilder,0.0,,,java,,master,1,7bdc830f1bef453328bf6e3d612a192a31f17aaf,build_found,113ad8f45e7093e246b924c36ee49a490d308b0c,20062252,2014-03-04 15:51:52,3,7bdc830f1bef453328bf6e3d612a192a31f17aaf,1,7bdc830f1bef453328bf6e3d612a192a31f17aaf,,7bdc830f1bef453328bf6e3d612a192a31f17aaf,,0,,0,0,0,0,1,0,0,0,0,1,26,649,730.354391371341,92.4499229583975,163.328197226502,1.0,,2014-03-04 15:51:56,2014-03-04 15:52:31,passed,294,"[20063004, 20063005, 20063006, 20063007]",76,20063004,java,ok,,java-maven,junit,1.0,,105,0,105,4,,1.22,,0
21227580,mikaelhg/urlbuilder,0.0,,,java,,master,1,45eb223816b5f5820d978ee75ca3369faaa4a0d3,build_found,7bdc830f1bef453328bf6e3d612a192a31f17aaf,20063003,2014-03-21 03:56:23,3,45eb223816b5f5820d978ee75ca3369faaa4a0d3,1,45eb223816b5f5820d978ee75ca3369faaa4a0d3,,45eb223816b5f5820d978ee75ca3369faaa4a0d3,,0,,14,39,0,0,3,3,0,3,0,0,43,649,718.027734976888,87.8274268104777,146.379044684129,1.0,,2014-03-21 03:56:27,2014-03-21 03:57:00,passed,247,"[21227581, 21227582, 21227583, 21227584]",77,21227581,java,ok,,java-maven,junit,1.0,,106,0,106,4,,1.67,,0
28668800,mikaelhg/urlbuilder,0.0,,,java,,master,1,bfedeb50744317e1d3beaff40a3384ebf95911db,build_found,45eb223816b5f5820d978ee75ca3369faaa4a0d3,21227580,2014-06-28 16:19:07,3,bfedeb50744317e1d3beaff40a3384ebf95911db,1,bfedeb50744317e1d3beaff40a3384ebf95911db,,bfedeb50744317e1d3beaff40a3384ebf95911db,,0,,12,100,0,0,8,11,12,7,0,1,72,649,725.731895223421,89.3682588597843,146.379044684129,1.0,,2014-06-28 16:19:11,2014-06-28 16:20:02,failed,191,"[28668801, 28668802, 28668803, 28668804]",78,28668803,java,broken,,java-maven,junit,1.0,,44,1,45,0,,2.59,,0
28700451,mikaelhg/urlbuilder,0.0,,,java,,master,1,f4526b7632995855600a3bd4577ba23fa337e65f,build_found,bfedeb50744317e1d3beaff40a3384ebf95911db,28668800,2014-06-29 08:48:34,3,f4526b7632995855600a3bd4577ba23fa337e65f,1,f4526b7632995855600a3bd4577ba23fa337e65f,,f4526b7632995855600a3bd4577ba23fa337e65f,,0,,43,0,0,0,4,0,0,4,0,0,60,665,708.270676691729,87.218045112782,142.857142857143,1.0,,2014-06-29 08:48:46,2014-06-29 08:49:13,failed,157,"[28700452, 28700453, 28700454, 28700455]",79,28700452,java,broken,,java-maven,junit,1.0,,44,1,45,0,,1.15,,0
28722467,mikaelhg/urlbuilder,0.0,,,java,,master,1,63799e95e33e01da0954a5c2eac51b83374949e6,build_found,a07be33646490004492918051f71eaa8a2a52bfb,28721604,2014-06-29 18:14:49,3,63799e95e33e01da0954a5c2eac51b83374949e6,1,63799e95e33e01da0954a5c2eac51b83374949e6,,63799e95e33e01da0954a5c2eac51b83374949e6,,0,,30,0,0,0,1,0,0,1,0,0,9,687,685.589519650655,84.4250363901019,138.282387190684,1.0,,2014-06-29 18:14:54,2014-06-29 18:15:29,passed,205,"[28722468, 28722469, 28722470, 28722471]",81,28722471,java,ok,,java-maven,junit,1.0,,45,0,45,0,,2.42,,0
28724661,mikaelhg/urlbuilder,0.0,,,java,,master,1,f057f421497d8a624dce48020429fa0e2b7276bc,build_found,63799e95e33e01da0954a5c2eac51b83374949e6,28722467,2014-06-29 18:59:47,3,f057f421497d8a624dce48020429fa0e2b7276bc,1,f057f421497d8a624dce48020429fa0e2b7276bc,,f057f421497d8a624dce48020429fa0e2b7276bc,,0,,120,0,0,0,3,0,0,3,0,0,58,702,670.940170940171,82.6210826210826,135.327635327635,1.0,,2014-06-29 18:59:53,2014-06-29 19:00:37,failed,241,"[28724662, 28724664, 28724666, 28724668]",82,28724666,java,broken,,java-maven,junit,1.0,,43,2,45,0,urlExceptionTest#,3.56,,0
28725212,mikaelhg/urlbuilder,0.0,,,java,,master,1,0c3514472aaff3f04ae3345e2e1ad9ed44ac27c4,build_found,f057f421497d8a624dce48020429fa0e2b7276bc,28724661,2014-06-29 19:09:38,3,0c3514472aaff3f04ae3345e2e1ad9ed44ac27c4,1,0c3514472aaff3f04ae3345e2e1ad9ed44ac27c4,,0c3514472aaff3f04ae3345e2e1ad9ed44ac27c4,,0,,7,0,0,0,1,0,0,1,0,0,54,703,669.985775248933,82.5035561877667,135.135135135135,1.0,,2014-06-29 19:09:41,2014-06-29 19:10:12,passed,183,"[28725213, 28725214, 28725215, 28725216]",83,28725214,java,ok,,java-maven,junit,1.0,,45,0,45,0,,2.18,,0
28848054,mikaelhg/urlbuilder,0.0,,,java,,master,1,96deb2154bebc66d03f7282b998686cf196934ea,build_found,0c3514472aaff3f04ae3345e2e1ad9ed44ac27c4,28725212,2014-07-01 08:13:01,3,96deb2154bebc66d03f7282b998686cf196934ea,1,96deb2154bebc66d03f7282b998686cf196934ea,,96deb2154bebc66d03f7282b998686cf196934ea,,0,,7,0,0,0,1,0,0,1,0,0,13,703,669.985775248933,82.5035561877667,135.135135135135,1.0,,2014-07-01 08:13:06,2014-07-01 08:13:46,passed,222,"[28848055, 28848057, 28848059, 28848060]",84,28848057,java,ok,,java-maven,junit,1.0,,45,0,45,0,,2.62,,0
28897690,mikaelhg/urlbuilder,0.0,,,java,,master,1,faf3ca3e2d9d77c424858bd743846e0fa2f726ee,build_found,96deb2154bebc66d03f7282b998686cf196934ea,28848054,2014-07-01 18:36:39,3,faf3ca3e2d9d77c424858bd743846e0fa2f726ee,1,faf3ca3e2d9d77c424858bd743846e0fa2f726ee,,faf3ca3e2d9d77c424858bd743846e0fa2f726ee,,0,,10,0,0,0,1,0,0,1,0,0,2,703,669.985775248933,82.5035561877667,135.135135135135,1.0,,2014-07-01 18:36:43,2014-07-01 18:41:25,passed,308,"[28897691, 28897692, 28897693, 28897694]",85,28897691,java,ok,,java-maven,junit,1.0,,45,0,45,0,,2.1,,0
29218746,mikaelhg/urlbuilder,0.0,,,java,,master,1,115e93b01f13b556cb0e916957459c8d0ec8c1b2,build_found,faf3ca3e2d9d77c424858bd743846e0fa2f726ee,28897690,2014-07-05 21:20:46,3,115e93b01f13b556cb0e916957459c8d0ec8c1b2,1,115e93b01f13b556cb0e916957459c8d0ec8c1b2,,115e93b01f13b556cb0e916957459c8d0ec8c1b2,,0,,103,9,0,0,2,2,0,2,0,0,73,698,663.323782234957,80.2292263610315,134.670487106017,1.0,,2014-07-05 21:20:51,2014-07-05 21:21:27,passed,179,"[29218747, 29218748, 29218749, 29218750]",86,29218749,java,ok,,java-maven,junit,1.0,,44,0,44,0,,2.75,,0
29236355,mikaelhg/urlbuilder,0.0,,,java,,master,1,17aa98efb3e341c8bb2ca07bd6e09c0f6a376603,build_found,115e93b01f13b556cb0e916957459c8d0ec8c1b2,29218746,2014-07-06 07:59:06,3,17aa98efb3e341c8bb2ca07bd6e09c0f6a376603,1,17aa98efb3e341c8bb2ca07bd6e09c0f6a376603,,17aa98efb3e341c8bb2ca07bd6e09c0f6a376603,,0,,0,84,0,0,1,0,0,1,0,0,39,698,640.401146131805,80.2292263610315,134.670487106017,1.0,,2014-07-06 07:59:10,2014-07-06 07:59:37,passed,167,"[29236356, 29236357, 29236358, 29236359]",87,29236359,java,ok,,java-maven,junit,1.0,,44,0,44,0,,2.72,,0
46727395,mikaelhg/urlbuilder,1.0,2015-01-12 12:36:05,30,java,merge_button,master,2,b13a8da3749cc544c683ddbb2572355d1bfd71e3#a57e57c2c2e899f52aa7650857f09b710d2a1956,build_found,17aa98efb3e341c8bb2ca07bd6e09c0f6a376603,29236355,2015-01-12 13:31:39,2,b13a8da3749cc544c683ddbb2572355d1bfd71e3,1,b13a8da3749cc544c683ddbb2572355d1bfd71e3,17aa98efb3e341c8bb2ca07bd6e09c0f6a376603,4304a0ba3478e26f277518c961b24c87945ca1fb,0,0,0,0,0,0,0,1,0,0,0,0,1,28,698,640.401146131805,80.2292263610315,134.670487106017,1.0,23,2015-01-13 20:43:26,2015-01-12 13:36:38,passed,216,"[46727396, 46727397, 46727398, 46727399]",90,46727397,java,ok,0,java-maven,junit,1.0,,44,0,44,0,,3.05,,0
46904716,mikaelhg/urlbuilder,0.0,,,java,,master,2,b13a8da3749cc544c683ddbb2572355d1bfd71e3#a57e57c2c2e899f52aa7650857f09b710d2a1956,merge_found,,,2015-01-12 13:31:39,3,a57e57c2c2e899f52aa7650857f09b710d2a1956,1,a57e57c2c2e899f52aa7650857f09b710d2a1956,,a57e57c2c2e899f52aa7650857f09b710d2a1956,,0,,0,0,0,0,1,0,0,0,0,1,29,698,640.401146131805,80.2292263610315,134.670487106017,1.0,,2015-01-13 20:43:26,2015-01-13 20:45:18,passed,231,"[46904717, 46904718, 46904719, 46904720]",91,46904719,java,ok,0,java-maven,junit,1.0,,44,0,44,0,,3.35,,0
46963383,mikaelhg/urlbuilder,0.0,,,java,,master,1,255e5a48f0f044ff71f624358f6d297cc9e32cf0,build_found,a57e57c2c2e899f52aa7650857f09b710d2a1956,46904716,2015-01-14 09:53:01,3,255e5a48f0f044ff71f624358f6d297cc9e32cf0,1,255e5a48f0f044ff71f624358f6d297cc9e32cf0,,255e5a48f0f044ff71f624358f6d297cc9e32cf0,,0,,0,0,0,0,1,0,0,0,0,1,30,698,640.401146131805,80.2292263610315,134.670487106017,1.0,,2015-01-14 09:53:05,2015-01-14 09:53:49,passed,267,"[46963384, 46963385, 46963386, 46963387]",92,46963384,java,ok,0,java-maven,junit,1.0,,44,0,44,0,,1.57,,0
55192302,mikaelhg/urlbuilder,1.0,2015-03-20 14:47:32,34,java,commits_in_master,master,2,cb621638e1a273653a1311da1a8ffdb934f7b502#4011f8163a6233c552882c596141ed70b97c5a1d,build_found,255e5a48f0f044ff71f624358f6d297cc9e32cf0,46963383,2015-03-20 14:28:25,3,cb621638e1a273653a1311da1a8ffdb934f7b502,1,cb621638e1a273653a1311da1a8ffdb934f7b502,255e5a48f0f044ff71f624358f6d297cc9e32cf0,e40727bcdaea1ca21a1511467c6cde5dcc59a257,0,0,0,8,0,0,0,1,0,0,1,0,0,9,700,638.571428571429,80.0,134.285714285714,1.0,26,2015-05-16 19:57:21,2015-03-20 16:01:15,passed,200,"[55192303, 55192304, 55192305, 55192306]",96,55192303,java,ok,0,java-maven,junit,1.0,,44,0,44,0,,1.52,,0
55452659,mikaelhg/urlbuilder,0.0,,,java,,master,2,f205a3ee8905332f230c299b85365492ceca9194#9189ab1cb5f8e23b5f7353691a724af11e311bfa,merge_found,,,2015-03-20 14:27:08,3,9189ab1cb5f8e23b5f7353691a724af11e311bfa,1,9189ab1cb5f8e23b5f7353691a724af11e311bfa,,9189ab1cb5f8e23b5f7353691a724af11e311bfa,,0,,0,13,0,0,1,0,0,1,0,0,41,698,656.160458452722,83.0945558739255,140.401146131805,1.0,,2015-03-23 08:19:11,2015-03-23 08:20:06,failed,198,"[55452660, 55452661, 55452662, 55452663]",97,55452663,java,broken,0,java-maven,junit,1.0,,44,1,45,0,,2.45,,0
62753114,mikaelhg/urlbuilder,0.0,,,java,,master,1,1274082b2c00d004dc05311252fe8ce772a01b33,build_found,9189ab1cb5f8e23b5f7353691a724af11e311bfa,55452659,2015-05-15 19:48:30,3,1274082b2c00d004dc05311252fe8ce772a01b33,1,1274082b2c00d004dc05311252fe8ce772a01b33,,1274082b2c00d004dc05311252fe8ce772a01b33,,0,,1,0,0,0,1,0,0,1,0,0,15,698,656.160458452722,83.0945558739255,140.401146131805,1.0,,2015-05-15 19:48:32,2015-05-15 19:50:29,failed,199,"[62753116, 62753117, 62753118, 62753119]",98,62753117,java,broken,0,java-maven,junit,1.0,,44,1,45,0,,2.51,,0
62754673,mikaelhg/urlbuilder,0.0,,,java,,master,1,675a0a8c4dd7fbcf0e0c31211c1bf14b857b3bfe,build_found,1274082b2c00d004dc05311252fe8ce772a01b33,62753114,2015-05-15 20:02:30,3,675a0a8c4dd7fbcf0e0c31211c1bf14b857b3bfe,1,675a0a8c4dd7fbcf0e0c31211c1bf14b857b3bfe,,675a0a8c4dd7fbcf0e0c31211c1bf14b857b3bfe,,0,,2,0,0,0,1,0,0,1,0,0,16,698,656.160458452722,83.0945558739255,140.401146131805,1.0,,2015-05-15 20:02:35,2015-05-15 20:05:37,failed,205,"[62754674, 62754675, 62754678, 62754679]",99,62754675,java,broken,0,java-maven,junit,1.0,,44,1,45,0,,3.05,,0
62781890,mikaelhg/urlbuilder,0.0,,,java,,master,1,b9328da3e7811cbeb9af781e5c8d1db283cd7059,build_found,675a0a8c4dd7fbcf0e0c31211c1bf14b857b3bfe,62754673,2015-05-16 00:35:22,3,b9328da3e7811cbeb9af781e5c8d1db283cd7059,1,b9328da3e7811cbeb9af781e5c8d1db283cd7059,,b9328da3e7811cbeb9af781e5c8d1db283cd7059,,0,,0,0,0,0,2,0,0,0,0,2,33,698,656.160458452722,83.0945558739255,140.401146131805,1.0,,2015-05-16 00:35:24,2015-05-16 00:40:02,failed,234,"[62781891, 62781892, 62781893, 62781894]",100,62781891,java,broken,0,java-maven,junit,1.0,,44,1,45,0,,2.05,,0
62847317,mikaelhg/urlbuilder,0.0,,,java,,master,2,cb621638e1a273653a1311da1a8ffdb934f7b502#4011f8163a6233c552882c596141ed70b97c5a1d,merge_found,,,2015-03-20 14:28:25,3,4011f8163a6233c552882c596141ed70b97c5a1d,1,4011f8163a6233c552882c596141ed70b97c5a1d,,4011f8163a6233c552882c596141ed70b97c5a1d,,0,,8,0,0,0,1,0,0,1,0,0,10,700,654.285714285714,82.8571428571428,140.0,1.0,,2015-05-16 19:57:21,2015-05-16 19:59:56,passed,292,"[62847319, 62847320, 62847321, 62847322]",101,62847320,java,ok,0,java-maven,junit,1.0,,45,0,45,0,,4.1,,0
62847763,mikaelhg/urlbuilder,0.0,,,java,,master,2,ed035b4e2ffdb0a6326f2b68af928ae354676e3b#87034f92b0cbf7a63994ff50aa1f8a2eef7da3d2,build_found,4011f8163a6233c552882c596141ed70b97c5a1d,62847317,2015-05-16 20:02:13,3,87034f92b0cbf7a63994ff50aa1f8a2eef7da3d2#ed035b4e2ffdb0a6326f2b68af928ae354676e3b,2,87034f92b0cbf7a63994ff50aa1f8a2eef7da3d2,,87034f92b0cbf7a63994ff50aa1f8a2eef7da3d2,,0,,0,8,0,0,2,0,0,1,0,1,71,700,651.428571428571,82.8571428571428,140.0,1.0,,2015-05-16 20:02:51,2015-05-16 20:04:45,passed,298,"[62847764, 62847766, 62847768, 62847770]",102,62847764,java,ok,0,java-maven,junit,1.0,,45,0,45,0,,2.24,,0
62898188,mikaelhg/urlbuilder,0.0,,,java,,master,1,cb5adb3201b9e20897a1f25047fae897b1d0167a,build_found,87034f92b0cbf7a63994ff50aa1f8a2eef7da3d2,62847763,2015-05-17 12:12:37,3,cb5adb3201b9e20897a1f25047fae897b1d0167a,1,cb5adb3201b9e20897a1f25047fae897b1d0167a,,cb5adb3201b9e20897a1f25047fae897b1d0167a,,0,,10,41,0,0,2,0,3,2,0,0,16,700,682.857142857143,87.1428571428572,144.285714285714,1.0,,2015-05-17 12:12:40,2015-05-17 12:20:22,passed,343,"[62898189, 62898190, 62898191, 62898192]",103,62898191,java,ok,0,java-maven,junit,1.0,,48,0,48,0,,3.69,,0
63884919,mikaelhg/urlbuilder,0.0,,,java,,master,1,aff29179fd3dc5fbf4e41261622fdb7d5d28da89,build_found,cb5adb3201b9e20897a1f25047fae897b1d0167a,62898188,2015-05-24 21:10:09,3,aff29179fd3dc5fbf4e41261622fdb7d5d28da89,1,aff29179fd3dc5fbf4e41261622fdb7d5d28da89,,aff29179fd3dc5fbf4e41261622fdb7d5d28da89,,0,,0,0,0,0,1,0,0,0,0,1,33,700,682.857142857143,87.1428571428572,144.285714285714,1.0,,2015-05-24 21:10:12,2015-05-24 21:13:58,passed,289,"[63884920, 63884921, 63884922, 63884923]",104,63884921,java,ok,0,java-maven,junit,1.0,,48,0,48,0,,5.43,,0
64503319,mikaelhg/urlbuilder,0.0,,,java,,master,1,c04b6eccdba21e6fcfdc8f7987576d9a0d4001e9,build_found,aff29179fd3dc5fbf4e41261622fdb7d5d28da89,63884919,2015-05-29 00:02:12,3,c04b6eccdba21e6fcfdc8f7987576d9a0d4001e9,1,c04b6eccdba21e6fcfdc8f7987576d9a0d4001e9,,c04b6eccdba21e6fcfdc8f7987576d9a0d4001e9,,0,,35,0,3,0,5,0,0,3,0,5,61,690,692.753623188406,88.4057971014493,146.376811594203,1.0,,2015-05-29 00:02:15,2015-05-29 01:29:43,passed,269,"[64503320, 64503323, 64503324]",105,64503324,java,ok,0,java-maven,junit,1.0,,48,0,48,0,,5.28,,0
64504918,mikaelhg/urlbuilder,0.0,,,java,,master,1,8817f521de00cadce12783f2fc681ea6c5fd7452,build_found,c04b6eccdba21e6fcfdc8f7987576d9a0d4001e9,64503319,2015-05-29 00:23:49,3,8817f521de00cadce12783f2fc681ea6c5fd7452,1,8817f521de00cadce12783f2fc681ea6c5fd7452,,8817f521de00cadce12783f2fc681ea6c5fd7452,,0,,0,0,0,0,3,0,0,0,0,3,4,690,692.753623188406,88.4057971014493,146.376811594203,1.0,,2015-05-29 00:23:53,2015-05-29 00:39:08,passed,252,"[64504919, 64504920, 64504921]",106,64504920,java,ok,0,java-maven,junit,1.0,,48,0,48,0,,5.72,,0
64510113,mikaelhg/urlbuilder,0.0,,,java,,master,1,7b75bae7cf18cb16bccb5891829c5298fd67e308,build_found,8817f521de00cadce12783f2fc681ea6c5fd7452,64504918,2015-05-29 01:39:09,3,7b75bae7cf18cb16bccb5891829c5298fd67e308,1,7b75bae7cf18cb16bccb5891829c5298fd67e308,,7b75bae7cf18cb16bccb5891829c5298fd67e308,,0,,0,0,0,0,1,0,0,0,0,1,5,690,692.753623188406,88.4057971014493,146.376811594203,1.0,,2015-05-29 01:39:12,2015-05-29 01:47:28,passed,161,"[64510114, 64510115, 64510116]",107,64510114,java,ok,0,java-maven,junit,1.0,,48,0,48,0,,8.32,,0
69543272,mikaelhg/urlbuilder,0.0,,,java,,master,1,97c943cf0ed15f8e97b2087dba8df48e45e5393b,build_found,7b75bae7cf18cb16bccb5891829c5298fd67e308,64510113,2015-07-04 14:19:20,3,97c943cf0ed15f8e97b2087dba8df48e45e5393b,1,97c943cf0ed15f8e97b2087dba8df48e45e5393b,,97c943cf0ed15f8e97b2087dba8df48e45e5393b,,0,,0,0,0,0,2,0,0,0,0,2,39,690,692.753623188406,88.4057971014493,146.376811594203,1.0,,2015-07-04 14:19:24,2015-07-04 14:19:36,passed,208,"[69543273, 69543274, 69543275]",108,69543273,java,ok,0,java-maven,junit,1.0,,48,0,48,0,,4.9,,0
69556123,mikaelhg/urlbuilder,0.0,,,java,,master,1,051483c647acf43bccfacbfd4f7fc47cd6a1ddfb,build_found,97c943cf0ed15f8e97b2087dba8df48e45e5393b,69543272,2015-07-04 17:25:24,3,051483c647acf43bccfacbfd4f7fc47cd6a1ddfb,1,051483c647acf43bccfacbfd4f7fc47cd6a1ddfb,,051483c647acf43bccfacbfd4f7fc47cd6a1ddfb,,0,,5,0,0,0,2,0,0,1,0,1,40,691,691.751085383502,88.2778581765557,146.16497829233,1.0,,2015-07-04 17:25:29,2015-07-14 21:09:47,passed,158,"[69556124, 69556125, 69556126]",109,69556125,java,ok,1,java-maven,junit,1.0,,48,0,48,0,,2.82,,0
83712282,mikaelhg/urlbuilder,0.0,,,java,,master,1,9374b71153606b1af6b675de24089b5c16f248ba,build_found,051483c647acf43bccfacbfd4f7fc47cd6a1ddfb,69556123,2015-10-05 15:18:12,3,9374b71153606b1af6b675de24089b5c16f248ba,1,9374b71153606b1af6b675de24089b5c16f248ba,,9374b71153606b1af6b675de24089b5c16f248ba,,0,,3,0,0,0,2,0,0,1,0,1,48,692,690.751445086705,88.150289017341,145.953757225434,1.0,,2015-10-05 15:18:17,2015-10-05 15:18:43,passed,355,"[83712283, 83712284, 83712285]",110,83712283,java,ok,0,java-maven,junit,1.0,,48,0,48,0,,6.78,,0
84912947,mikaelhg/urlbuilder,0.0,,,java,,master,1,23cd4ef3ea6c2ebbd07040a494a8e1497d470ffd,build_found,9374b71153606b1af6b675de24089b5c16f248ba,83712282,2015-10-12 13:04:11,3,23cd4ef3ea6c2ebbd07040a494a8e1497d470ffd,1,23cd4ef3ea6c2ebbd07040a494a8e1497d470ffd,,23cd4ef3ea6c2ebbd07040a494a8e1497d470ffd,,0,,0,0,0,0,1,0,0,0,0,1,38,692,690.751445086705,88.150289017341,145.953757225434,1.0,,2015-10-12 13:04:17,2015-10-12 13:04:51,passed,171,"[84912948, 84912950, 84912951]",111,84912950,java,ok,0,java-maven,junit,1.0,,48,0,48,0,,3.21,,0
88903788,mikaelhg/urlbuilder,0.0,,,java,,master,1,d38a3867eb477e6a5db2c8fb44fed6dfdac46a2e,build_found,23cd4ef3ea6c2ebbd07040a494a8e1497d470ffd,84912947,2015-11-02 23:17:35,3,d38a3867eb477e6a5db2c8fb44fed6dfdac46a2e,1,d38a3867eb477e6a5db2c8fb44fed6dfdac46a2e,,d38a3867eb477e6a5db2c8fb44fed6dfdac46a2e,,0,,56,17,0,0,4,0,59,15,0,3,55,692,690.751445086705,88.150289017341,145.953757225434,1.0,,2015-11-02 23:17:40,2015-11-02 23:17:55,passed,161,"[88903789, 88903790, 88903791]",112,88903790,java,ok,0,java-maven,junit,1.0,,48,0,48,0,,5.01,,0
88904247,mikaelhg/urlbuilder,0.0,,,java,,master,1,20ef4126a3e74151788e551aeb817e48fefb7f00,build_found,d38a3867eb477e6a5db2c8fb44fed6dfdac46a2e,88903788,2015-11-02 23:19:07,3,20ef4126a3e74151788e551aeb817e48fefb7f00,1,20ef4126a3e74151788e551aeb817e48fefb7f00,,20ef4126a3e74151788e551aeb817e48fefb7f00,,0,,28,6,0,0,3,0,0,9,0,0,1,690,692.753623188406,88.4057971014493,146.376811594203,1.0,,2015-11-02 23:19:11,2015-11-02 23:19:29,passed,183,"[88904248, 88904249, 88904250]",113,88904248,java,ok,0,java-maven,junit,1.0,,48,0,48,0,,8.53,,0
88904375,mikaelhg/urlbuilder,0.0,,,java,,master,1,3d1466890419a349e6dade3a5afa456d01cd9c98,build_found,20ef4126a3e74151788e551aeb817e48fefb7f00,88904247,2015-11-02 23:20:07,3,3d1466890419a349e6dade3a5afa456d01cd9c98,1,3d1466890419a349e6dade3a5afa456d01cd9c98,,3d1466890419a349e6dade3a5afa456d01cd9c98,,0,,0,0,0,0,1,0,0,0,0,1,3,690,692.753623188406,88.4057971014493,146.376811594203,1.0,,2015-11-02 23:20:10,2015-11-02 23:20:30,passed,174,"[88904376, 88904377, 88904378]",114,88904376,java,ok,0,java-maven,junit,1.0,,48,0,48,0,,8.05,,0
88907463,mikaelhg/urlbuilder,0.0,,,java,,master,1,8ce5fa6766cd1047268d9de11267935ec7024920,build_found,3d1466890419a349e6dade3a5afa456d01cd9c98,88905870,2015-11-02 23:36:30,3,8ce5fa6766cd1047268d9de11267935ec7024920,1,8ce5fa6766cd1047268d9de11267935ec7024920,,8ce5fa6766cd1047268d9de11267935ec7024920,,0,,0,0,0,0,2,0,0,0,0,2,43,690,692.753623188406,88.4057971014493,146.376811594203,1.0,,2015-11-02 23:36:37,2015-11-02 23:36:50,passed,186,"[88907464, 88907465, 88907466]",117,88907465,java,ok,0,java-maven,junit,1.0,,48,0,48,0,,3.37,,0
88910174,mikaelhg/urlbuilder,0.0,,,java,,master,1,43dd4837be0eb9994fa037e1335190ad7f8712e1,build_found,8ce5fa6766cd1047268d9de11267935ec7024920,88907999,2015-11-02 23:57:16,3,43dd4837be0eb9994fa037e1335190ad7f8712e1,1,43dd4837be0eb9994fa037e1335190ad7f8712e1,,43dd4837be0eb9994fa037e1335190ad7f8712e1,,0,,4,0,0,0,2,0,0,1,0,1,56,690,692.753623188406,88.4057971014493,146.376811594203,1.0,,2015-11-02 23:57:20,2015-11-02 23:57:39,passed,199,"[88910175, 88910176, 88910177]",119,88910176,java,ok,0,java-maven,junit,1.0,,48,0,48,0,,3.35,,0
88911077,mikaelhg/urlbuilder,0.0,,,java,,master,1,c56491d40c84948958f41d4c54ee4fba161138db,build_found,43dd4837be0eb9994fa037e1335190ad7f8712e1,88910330,2015-11-03 00:03:55,3,c56491d40c84948958f41d4c54ee4fba161138db,1,c56491d40c84948958f41d4c54ee4fba161138db,,c56491d40c84948958f41d4c54ee4fba161138db,,0,,0,0,0,0,1,0,0,0,0,1,42,690,692.753623188406,88.4057971014493,146.376811594203,1.0,,2015-11-03 00:04:01,2015-11-03 00:04:17,passed,162,"[88911078, 88911079, 88911080]",121,88911079,java,ok,0,java-maven,junit,1.0,,48,0,48,0,,4.01,,0
88911355,mikaelhg/urlbuilder,0.0,,,java,,master,1,90074af4cabc9f7593ade14d1e90ce856ac33299,build_found,c56491d40c84948958f41d4c54ee4fba161138db,88911138,2015-11-03 00:06:20,3,90074af4cabc9f7593ade14d1e90ce856ac33299,1,90074af4cabc9f7593ade14d1e90ce856ac33299,,90074af4cabc9f7593ade14d1e90ce856ac33299,,0,,0,0,0,0,1,0,0,0,0,1,43,690,692.753623188406,88.4057971014493,146.376811594203,1.0,,2015-11-03 00:06:26,2015-11-03 00:06:37,passed,171,"[88911356, 88911357, 88911358]",123,88911357,java,ok,0,java-maven,junit,1.0,,48,0,48,0,,3.14,,0
88914242,mikaelhg/urlbuilder,0.0,,,java,,master,1,3fef0d0921608aec4e0a41e6f4e50ca002fba0fd,build_found,90074af4cabc9f7593ade14d1e90ce856ac33299,88912972,2015-11-03 00:26:50,3,3fef0d0921608aec4e0a41e6f4e50ca002fba0fd,1,3fef0d0921608aec4e0a41e6f4e50ca002fba0fd,,3fef0d0921608aec4e0a41e6f4e50ca002fba0fd,,0,,0,0,0,0,1,0,0,0,0,1,44,690,692.753623188406,88.4057971014493,146.376811594203,1.0,,2015-11-03 00:26:55,2015-11-03 00:27:08,passed,190,"[88914243, 88914244, 88914245]",126,88914244,java,ok,0,java-maven,junit,1.0,,48,0,48,0,,3.15,,0
88914326,mikaelhg/urlbuilder,0.0,,,java,,master,1,aa2104e39f7fe5fa664279e1b13624b59f4842cf,build_found,3fef0d0921608aec4e0a41e6f4e50ca002fba0fd,88914242,2015-11-03 00:27:35,3,aa2104e39f7fe5fa664279e1b13624b59f4842cf,1,aa2104e39f7fe5fa664279e1b13624b59f4842cf,,aa2104e39f7fe5fa664279e1b13624b59f4842cf,,0,,0,0,0,0,1,0,0,0,0,1,45,690,692.753623188406,88.4057971014493,146.376811594203,1.0,,2015-11-03 00:27:37,2015-11-03 00:28:00,passed,170,"[88914327, 88914328, 88914329]",127,88914328,java,ok,0,java-maven,junit,1.0,,48,0,48,0,,3.87,,0
88914344,mikaelhg/urlbuilder,0.0,,,java,,master,1,a5b4ef38129827777340d1eb6717e3b6864fad10,build_found,aa2104e39f7fe5fa664279e1b13624b59f4842cf,88914336,2015-11-03 00:27:40,3,a5b4ef38129827777340d1eb6717e3b6864fad10,1,a5b4ef38129827777340d1eb6717e3b6864fad10,,a5b4ef38129827777340d1eb6717e3b6864fad10,,0,,0,0,0,0,1,0,0,0,0,1,46,690,692.753623188406,88.4057971014493,146.376811594203,1.0,,2015-11-03 00:27:43,2015-11-03 00:30:11,passed,197,"[88914345, 88914346, 88914347]",129,88914346,java,ok,0,java-maven,junit,1.0,,48,0,48,0,,3.84,,0
88915166,mikaelhg/urlbuilder,0.0,,,java,,master,1,85845cf4b3b118235460dc8590e812c436d5ffb5,build_found,a5b4ef38129827777340d1eb6717e3b6864fad10,88914344,2015-11-03 00:35:22,3,85845cf4b3b118235460dc8590e812c436d5ffb5,1,85845cf4b3b118235460dc8590e812c436d5ffb5,,85845cf4b3b118235460dc8590e812c436d5ffb5,,0,,4,0,0,0,1,0,0,1,0,0,19,690,692.753623188406,88.4057971014493,146.376811594203,1.0,,2015-11-03 00:35:28,2015-11-03 00:35:47,passed,184,"[88915167, 88915168, 88915169]",130,88915168,java,ok,0,java-maven,junit,1.0,,48,0,48,0,,3.09,,0
88967900,mikaelhg/urlbuilder,0.0,,,java,,master,1,be29724fe8847200f7cd4216116d19a5b3a0f187,build_found,85845cf4b3b118235460dc8590e812c436d5ffb5,88915166,2015-11-03 09:26:51,3,be29724fe8847200f7cd4216116d19a5b3a0f187,1,be29724fe8847200f7cd4216116d19a5b3a0f187,,be29724fe8847200f7cd4216116d19a5b3a0f187,,0,,29,0,0,0,1,0,0,1,0,0,20,690,692.753623188406,88.4057971014493,146.376811594203,1.0,,2015-11-03 09:26:56,2015-11-03 09:27:57,passed,217,"[88967901, 88967902, 88967903]",131,88967903,java,ok,0,java-maven,junit,1.0,,48,0,48,0,,2.71,,0
90581433,mikaelhg/urlbuilder,0.0,,,java,,master,1,23fa1f9cefeb2e9b723d2ce200f4df95fa12017e,build_found,292dc13acfd64940f56da7559bb8da39740e9ae5,90574520,2015-11-11 18:59:51,3,23fa1f9cefeb2e9b723d2ce200f4df95fa12017e,1,23fa1f9cefeb2e9b723d2ce200f4df95fa12017e,,23fa1f9cefeb2e9b723d2ce200f4df95fa12017e,,0,,0,0,0,0,1,0,0,0,0,1,48,690,692.753623188406,88.4057971014493,146.376811594203,1.0,,2015-11-11 18:59:56,2015-11-11 19:00:13,passed,189,"[90581434, 90581435, 90581436]",133,90581435,java,ok,0,java-maven,junit,1.0,,48,0,48,0,,3.28,,0
90642433,mikaelhg/urlbuilder,0.0,,,java,,master,1,494cbc000013de4573737a2141f4aded8529490e,build_found,23fa1f9cefeb2e9b723d2ce200f4df95fa12017e,90581433,2015-11-12 01:07:22,3,494cbc000013de4573737a2141f4aded8529490e,1,494cbc000013de4573737a2141f4aded8529490e,,494cbc000013de4573737a2141f4aded8529490e,,0,,0,0,0,0,1,0,0,0,0,1,49,690,692.753623188406,88.4057971014493,146.376811594203,1.0,,2015-11-12 01:07:27,2015-11-12 01:07:39,passed,161,"[90642434, 90642435, 90642436]",134,90642436,java,ok,1,java-maven,junit,1.0,,48,0,48,0,,2.66,,0
114259471,mikaelhg/urlbuilder,0.0,,,java,,master,2,19d41c55c3bfdcc7647dd746480c2c7a96e37170#4180ead92f44ad4d1b57b80ec0c9bee4be36c721,build_found,494cbc000013de4573737a2141f4aded8529490e,90642433,2016-03-07 15:00:19,3,4180ead92f44ad4d1b57b80ec0c9bee4be36c721#19d41c55c3bfdcc7647dd746480c2c7a96e37170,2,4180ead92f44ad4d1b57b80ec0c9bee4be36c721,,4180ead92f44ad4d1b57b80ec0c9bee4be36c721,,0,,10,0,0,0,3,0,0,2,0,1,51,690,692.753623188406,88.4057971014493,146.376811594203,1.0,,2016-03-07 15:02:07,2016-03-07 15:02:29,passed,405,"[114259472, 114259473, 114259474]",135,114259472,java,ok,1,java-maven,junit,1.0,,48,0,48,0,,6.23,,0
114259486,mikaelhg/urlbuilder,0.0,,,java,,master,1,03f9ed57cb61f6790f4e2e46e1f205f8ff84df84,build_found,4180ead92f44ad4d1b57b80ec0c9bee4be36c721,114259477,2016-03-07 15:02:09,3,03f9ed57cb61f6790f4e2e46e1f205f8ff84df84,1,03f9ed57cb61f6790f4e2e46e1f205f8ff84df84,,03f9ed57cb61f6790f4e2e46e1f205f8ff84df84,,0,,0,0,0,0,1,0,0,0,0,1,52,690,692.753623188406,88.4057971014493,146.376811594203,1.0,,2016-03-07 15:02:12,2016-03-07 15:06:02,passed,296,"[114259487, 114259488, 114259489]",137,114259488,java,ok,1,java-maven,junit,1.0,,48,0,48,0,,2.67,,0
114265644,mikaelhg/urlbuilder,0.0,,,java,,master,1,43e6673308429bb63bb7b43ee640ecb40ec3438f,build_found,03f9ed57cb61f6790f4e2e46e1f205f8ff84df84,114259486,2016-03-07 15:26:36,3,43e6673308429bb63bb7b43ee640ecb40ec3438f,1,43e6673308429bb63bb7b43ee640ecb40ec3438f,,43e6673308429bb63bb7b43ee640ecb40ec3438f,,0,,0,0,0,0,1,0,0,0,0,1,53,690,692.753623188406,88.4057971014493,146.376811594203,1.0,,2016-03-07 15:26:38,2016-03-07 15:27:25,passed,237,"[114265645, 114265646, 114265647]",138,114265647,java,ok,0,java-maven,junit,1.0,,48,0,48,0,,3.09,,0
114265682,mikaelhg/urlbuilder,0.0,,,java,,master,1,a9e3c1a8830993f4ec0042257aee0fd3858ae937,build_found,43e6673308429bb63bb7b43ee640ecb40ec3438f,114265662,2016-03-07 15:26:40,3,a9e3c1a8830993f4ec0042257aee0fd3858ae937,1,a9e3c1a8830993f4ec0042257aee0fd3858ae937,,a9e3c1a8830993f4ec0042257aee0fd3858ae937,,0,,0,0,0,0,1,0,0,0,0,1,54,690,692.753623188406,88.4057971014493,146.376811594203,1.0,,2016-03-07 15:26:43,2016-03-07 15:30:18,passed,248,"[114265683, 114265684, 114265685]",140,114265683,java,ok,3,java-maven,junit,1.0,,48,0,48,0,,12.77,,0
114278026,mikaelhg/urlbuilder,0.0,,,java,,master,1,fee7be2c35c0909f3dbbaa0a9d24042b4cb4662f,build_found,a9e3c1a8830993f4ec0042257aee0fd3858ae937,114265682,2016-03-07 16:09:18,3,fee7be2c35c0909f3dbbaa0a9d24042b4cb4662f,1,fee7be2c35c0909f3dbbaa0a9d24042b4cb4662f,,fee7be2c35c0909f3dbbaa0a9d24042b4cb4662f,,0,,27,0,1,0,1,0,0,2,0,0,21,690,692.753623188406,88.4057971014493,146.376811594203,1.0,,2016-03-07 16:09:28,2016-03-07 16:10:09,passed,265,"[114278027, 114278028, 114278029]",141,114278028,java,ok,0,java-maven,junit,1.0,,48,0,48,0,,3.4,,0
114308472,mikaelhg/urlbuilder,0.0,,,java,,master,1,f54057835724a290b44408ba4c1374cec1b8dff7,build_found,fee7be2c35c0909f3dbbaa0a9d24042b4cb4662f,114278026,2016-03-07 18:12:18,3,f54057835724a290b44408ba4c1374cec1b8dff7,1,f54057835724a290b44408ba4c1374cec1b8dff7,,f54057835724a290b44408ba4c1374cec1b8dff7,,0,,0,0,0,0,1,0,0,0,0,1,4,690,692.753623188406,88.4057971014493,146.376811594203,1.0,,2016-03-07 18:12:25,2016-03-07 18:12:48,passed,279,"[114308473, 114308474, 114308475]",142,114308473,java,ok,0,java-maven,junit,1.0,,48,0,48,0,,8.13,,0
126638237,mikaelhg/urlbuilder,0.0,,,java,,master,,,build_found,f54057835724a290b44408ba4c1374cec1b8dff7,114308472,,3,048062021abc8e45661a3b3305144440616ceb3a#ae8f448fbac76eb1db554db6b1dc6c0e0febf62f#67274dd987261098b21e344d7880397137b44e9d,3,048062021abc8e45661a3b3305144440616ceb3a,,048062021abc8e45661a3b3305144440616ceb3a,,0,,11,6,0,0,4,0,0,3,0,1,73,690,700.0,88.4057971014493,147.826086956522,1.0,,,2016-04-29 12:16:41,passed,318,"[126638239, 126638241, 126638242]",143,126638239,java,ok,0,java-maven,junit,1.0,,48,0,48,0,,10.84,,0
126642356,mikaelhg/urlbuilder,0.0,,,java,,master,,,build_found,048062021abc8e45661a3b3305144440616ceb3a,126638237,,3,cf6c4c2d24ccfb41a2a64138b382ad550558b1f1,1,cf6c4c2d24ccfb41a2a64138b382ad550558b1f1,,cf6c4c2d24ccfb41a2a64138b382ad550558b1f1,,0,,12,12,0,0,3,0,0,3,0,0,3,693,701.298701298701,88.023088023088,150.07215007215,1.0,,,2016-04-29 12:35:43,passed,274,"[126642357, 126642358, 126642359]",144,126642359,java,ok,1,java-maven,junit,1.0,,48,0,48,0,,2.57,,0
