tr_build_id,gh_project_name,gh_is_pr,gh_pr_created_at,gh_pull_req_num,gh_lang,git_merged_with,git_branch,gh_num_commits_in_push,gh_commits_in_push,git_prev_commit_resolution_status,git_prev_built_commit,tr_prev_build,gh_first_commit_created_at,gh_team_size,git_all_built_commits,git_num_all_built_commits,git_trigger_commit,tr_virtual_merged_into,tr_original_commit,gh_num_issue_comments,gh_num_commit_comments,gh_num_pr_comments,git_diff_src_churn,git_diff_test_churn,gh_diff_files_added,gh_diff_files_deleted,gh_diff_files_modified,gh_diff_tests_added,gh_diff_tests_deleted,gh_diff_src_files,gh_diff_doc_files,gh_diff_other_files,gh_num_commits_on_files_touched,gh_sloc,gh_test_lines_per_kloc,gh_test_cases_per_kloc,gh_asserts_cases_per_kloc,gh_by_core_team_member,gh_description_complexity,gh_pushed_at,gh_build_started_at,tr_status,tr_duration,tr_jobs,tr_build_number,tr_job_id,tr_log_lan,tr_log_status,tr_log_setup_time,tr_log_analyzer,tr_log_frameworks,tr_log_bool_tests_ran,tr_log_bool_tests_failed,tr_log_num_tests_ok,tr_log_num_tests_failed,tr_log_num_tests_run,tr_log_num_tests_skipped,tr_log_tests_failed,tr_log_testduration,tr_log_buildduration,build_successful
15635400,Shopify/verdict,0.0,,,ruby,,master,,,merge_found,,,,4,e12051cc1cc570103b8265e494231684ca93233f#3a190b1726183c68b3d228349d1bddaee6e75fe6#49bd1849eeae92d9257479ae173614d0f38cb43d#56120b8d97eacec9f12ce703d5282e625512f859#c5cbf4c933e12e587a7faed6038b5655927e73c9#f1e71fa0e4e9cbf633ab2bcb806f62e9056a9cb8#2d0f59fcd879fd2aa909f0b968a7eeca2e878ff0#fecd1575a9f1655883d1a6687325c4da9a6b5dc1#ec32d42d46fc75267a43936b8a9a3c0284de19cc,9,e12051cc1cc570103b8265e494231684ca93233f,,e12051cc1cc570103b8265e494231684ca93233f,,0,,328,313,3,3,19,0,0,35,0,0,81,533,1221.38836772983,112.570356472795,367.729831144465,1.0,,,2013-12-18 09:41:03,passed,559,"[15635401, 15635402, 15635403, 15635404, 15635405]",1,15635402,ruby,ok,,ruby,,0.0,,,,,,,,,0
15647843,Shopify/verdict,0.0,,,ruby,,master,2,59e6bfd0e188b5c774a745c00e0af92093a0f383#5cff11ba8ba57b96453c91cd9734006a5f397ebc,build_found,e12051cc1cc570103b8265e494231684ca93233f,15635400,2013-12-17 14:37:15,4,5cff11ba8ba57b96453c91cd9734006a5f397ebc#59e6bfd0e188b5c774a745c00e0af92093a0f383,2,5cff11ba8ba57b96453c91cd9734006a5f397ebc,,5cff11ba8ba57b96453c91cd9734006a5f397ebc,,0,,14,0,0,0,1,0,0,1,0,0,12,533,1221.38836772983,112.570356472795,367.729831144465,1.0,,2013-12-18 14:06:09,2013-12-18 14:09:12,passed,454,"[15647844, 15647845, 15647846, 15647847, 15647848]",2,15647847,ruby,ok,,ruby,,0.0,,,,,,,,,0
17152131,Shopify/verdict,1.0,2014-01-17 19:40:21,3,ruby,merge_button,master,3,7d861da8b7a49d2a0de44a25ae473db8d4f919e9#3a40bb0c7b867352836def9ac1a3ea89bdd6b482#167fe990a48b933220a98f668aea1869730d68c8,build_found,5cff11ba8ba57b96453c91cd9734006a5f397ebc,15647843,2014-01-17 20:38:30,4,7d861da8b7a49d2a0de44a25ae473db8d4f919e9,1,7d861da8b7a49d2a0de44a25ae473db8d4f919e9,5cff11ba8ba57b96453c91cd9734006a5f397ebc,58aa1485001ce46ebed5e0a1eaa9374bb6a18ca9,2,0,0,26,14,0,0,2,0,0,2,0,0,48,544,1216.91176470588,112.132352941176,365.808823529412,1.0,62,2014-01-17 21:01:17,2014-01-17 20:41:11,passed,373,"[17152132, 17152133, 17152134, 17152135, 17152136]",4,17152136,ruby,ok,,ruby,,0.0,,,,,,,,,0
17152921,Shopify/verdict,1.0,2014-01-17 19:40:21,3,ruby,merge_button,master,1,3a40bb0c7b867352836def9ac1a3ea89bdd6b482,build_found,7d861da8b7a49d2a0de44a25ae473db8d4f919e9,17152131,2014-01-17 20:56:50,4,3a40bb0c7b867352836def9ac1a3ea89bdd6b482,1,3a40bb0c7b867352836def9ac1a3ea89bdd6b482,5cff11ba8ba57b96453c91cd9734006a5f397ebc,5ee2cab77916c5630372d65cf1d90ce96e609e15,0,0,0,2,0,0,0,1,0,0,1,0,0,2,545,1214.67889908257,111.926605504587,365.137614678899,1.0,62,2014-01-17 20:56:54,2014-01-17 20:59:45,passed,374,"[17152922, 17152923, 17152924, 17152925, 17152926]",6,17152924,ruby,ok,,ruby,,0.0,,,,,,,,,0
17153241,Shopify/verdict,0.0,,,ruby,,master,3,7d861da8b7a49d2a0de44a25ae473db8d4f919e9#3a40bb0c7b867352836def9ac1a3ea89bdd6b482#167fe990a48b933220a98f668aea1869730d68c8,merge_found,,,2014-01-17 20:38:30,4,167fe990a48b933220a98f668aea1869730d68c8,1,167fe990a48b933220a98f668aea1869730d68c8,,167fe990a48b933220a98f668aea1869730d68c8,,0,,26,14,0,0,2,0,0,2,0,0,50,545,1214.67889908257,111.926605504587,365.137614678899,1.0,,2014-01-17 21:01:17,2014-01-17 21:02:10,passed,382,"[17153242, 17153243, 17153244, 17153245, 17153246]",7,17153244,ruby,ok,,ruby,,0.0,,,,,,,,,0
17153338,Shopify/verdict,0.0,,,ruby,,master,2,7111e3fc641c0b275293148a10e6afbe468d2e7f#78ad026e87ed7eb0d9626540a113b9879e8ed255,merge_found,,,2014-01-17 21:01:54,4,78ad026e87ed7eb0d9626540a113b9879e8ed255,1,78ad026e87ed7eb0d9626540a113b9879e8ed255,,78ad026e87ed7eb0d9626540a113b9879e8ed255,,0,,0,0,0,0,0,0,0,0,0,0,0,545,1214.67889908257,111.926605504587,365.137614678899,1.0,,2014-01-17 21:03:04,2014-01-17 21:08:40,passed,371,"[17153339, 17153340, 17153341, 17153342, 17153343]",10,17153339,ruby,ok,,ruby,,0.0,,,,,,,,,0
17345487,Shopify/verdict,1.0,2014-01-21 13:56:53,4,ruby,merge_button,master,1,ea076512164c53aeee058e86b853b9bc5ac498a1,build_found,d2273ad8ca40b1f0896974fc0fc06ca21a877ffb,17341791,2014-01-21 14:30:26,4,ea076512164c53aeee058e86b853b9bc5ac498a1,1,ea076512164c53aeee058e86b853b9bc5ac498a1,78ad026e87ed7eb0d9626540a113b9879e8ed255,22b0d5e2a1244ac36b3c2f234301b84c055ea54c,4,0,0,60,31,2,0,3,0,0,5,0,0,9,630,1136.50793650794,106.349206349206,339.68253968254,1.0,411,2014-01-21 14:30:30,2014-01-21 15:03:10,passed,407,"[17345488, 17345489, 17345491, 17345492, 17345494]",14,17345491,ruby,ok,,ruby,,0.0,,,,,,,,,0
17369247,Shopify/verdict,0.0,,,ruby,,master,9,9bd5b8473fc147d3f41bde501b152f8e45727444#c0efbed9d923a32f88ad3d9bbc0b2d2e5249fad1#f6f0baa02e453ece894851aea8a494f5b1cbb83e#2fbe4744d09bbf652a85ebaec3f473ddd7598b68#08220c414e4a643e5c501c0e17b8c5ff3fd91dac#33f965da542f23fbf51f314bb1db8f3177106068#d2273ad8ca40b1f0896974fc0fc06ca21a877ffb#ea076512164c53aeee058e86b853b9bc5ac498a1#efb39dbdf9395ec767ce6023d3ae5862838ce310,merge_found,,,2014-01-21 11:09:44,4,efb39dbdf9395ec767ce6023d3ae5862838ce310,1,efb39dbdf9395ec767ce6023d3ae5862838ce310,,efb39dbdf9395ec767ce6023d3ae5862838ce310,,0,,321,100,5,0,4,0,0,10,0,0,59,630,1136.50793650794,106.349206349206,339.68253968254,1.0,,2014-01-21 21:35:05,2014-01-21 21:36:01,passed,425,"[17369248, 17369249, 17369250, 17369251, 17369252]",15,17369252,ruby,ok,,ruby,,0.0,,,,,,,,,0
17369289,Shopify/verdict,0.0,,,ruby,,master,1,4858b6ecbef91d53cdd6478015d3304090c38335,build_found,efb39dbdf9395ec767ce6023d3ae5862838ce310,17369247,2014-01-21 21:35:38,4,4858b6ecbef91d53cdd6478015d3304090c38335,1,4858b6ecbef91d53cdd6478015d3304090c38335,,4858b6ecbef91d53cdd6478015d3304090c38335,,0,,2,0,0,0,1,0,0,1,0,0,2,630,1136.50793650794,106.349206349206,339.68253968254,1.0,,2014-01-21 21:35:46,2014-01-21 21:37:49,passed,416,"[17369290, 17369291, 17369292, 17369293, 17369294]",16,17369293,ruby,ok,,ruby,,0.0,,,,,,,,,0
18041372,Shopify/verdict,1.0,2014-02-01 16:21:09,6,ruby,merge_button,master,2,f9321b7104f17505d9d5401802757a73dbf9f027#4894b7790754aaadb3656302397aa55fbad76f1d,build_found,4858b6ecbef91d53cdd6478015d3304090c38335,17369317,2014-02-01 17:16:19,5,f9321b7104f17505d9d5401802757a73dbf9f027,1,f9321b7104f17505d9d5401802757a73dbf9f027,4858b6ecbef91d53cdd6478015d3304090c38335,2570f164dcec2f02fec86ed79872165b9f88a110,0,0,0,14,9,0,0,2,0,0,2,0,0,57,636,1136.79245283019,106.918238993711,338.050314465409,1.0,113,2014-02-02 21:30:35,2014-02-01 17:21:41,passed,400,"[18041373, 18041374, 18041375, 18041376, 18041377]",32,18041375,ruby,ok,,ruby,,0.0,,,,,,,,,0
18095546,Shopify/verdict,0.0,,,ruby,,master,2,f9321b7104f17505d9d5401802757a73dbf9f027#4894b7790754aaadb3656302397aa55fbad76f1d,merge_found,,,2014-02-01 17:16:19,5,4894b7790754aaadb3656302397aa55fbad76f1d,1,4894b7790754aaadb3656302397aa55fbad76f1d,,4894b7790754aaadb3656302397aa55fbad76f1d,,0,,14,9,0,0,2,0,0,2,0,0,58,636,1136.79245283019,106.918238993711,338.050314465409,1.0,,2014-02-02 21:30:35,2014-02-02 21:31:19,passed,336,"[18095547, 18095548, 18095549, 18095550, 18095551]",35,18095551,ruby,ok,,ruby,,0.0,,,,,,,,,0
18100551,Shopify/verdict,1.0,2014-02-01 15:12:33,5,ruby,commits_in_master,master,11,86496542a69d2f3ed51bca2306bcb3aacc3a193a#68044a2be588900dec85a132be7550130345cecf#e5da0db22dddbcd3e95c612c0b43940276bd8356#cd2df6e92ecdbd8e4f686ca1e8c73728eb2295cc#16dfb8602e5b6537e28d430a846a78b0abae34d7#d4c2fff9a5dfd39f68183c966e6308d3a9410887#99428b2c8d0e5fa78d7d6ab0ca4ea190c4f3cd99#e8fb5ddf7dedb583632b8151accd24246138ff48#a0817c80634880cf24c57e72e58998dd98be1a77#bc3d14451201fa57dc2224a6f9cdfa214c88cd9a#6d5a12fd61e9b34bd548f7bd18298d65a4e55409,build_found,4894b7790754aaadb3656302397aa55fbad76f1d,18095546,2014-01-31 23:59:22,5,6d5a12fd61e9b34bd548f7bd18298d65a4e55409#bc3d14451201fa57dc2224a6f9cdfa214c88cd9a#a0817c80634880cf24c57e72e58998dd98be1a77#e8fb5ddf7dedb583632b8151accd24246138ff48#99428b2c8d0e5fa78d7d6ab0ca4ea190c4f3cd99#d4c2fff9a5dfd39f68183c966e6308d3a9410887#16dfb8602e5b6537e28d430a846a78b0abae34d7#cd2df6e92ecdbd8e4f686ca1e8c73728eb2295cc#e5da0db22dddbcd3e95c612c0b43940276bd8356#68044a2be588900dec85a132be7550130345cecf#86496542a69d2f3ed51bca2306bcb3aacc3a193a,11,6d5a12fd61e9b34bd548f7bd18298d65a4e55409,4894b7790754aaadb3656302397aa55fbad76f1d,8223a5d0029036cdd2feb2e6e8c443bbbdc2be53,0,0,0,878,78,8,4,22,0,0,44,0,1,82,665,1097.74436090226,102.255639097744,323.308270676692,0.0,49,2014-02-02 23:18:06,2014-02-02 23:20:16,passed,381,"[18100552, 18100553, 18100554, 18100555, 18100556, 18100557]",36,18100555,ruby,ok,,ruby,testunit,1.0,,68,0,68,0,,0.0,,0
18107775,Shopify/verdict,1.0,2014-02-01 15:12:33,5,ruby,commits_in_master,master,1,c6dfdd60c4149d306b8890ea42f881fddfe2f230,build_found,6d5a12fd61e9b34bd548f7bd18298d65a4e55409,18100544,2014-02-03 03:17:28,5,c6dfdd60c4149d306b8890ea42f881fddfe2f230,1,c6dfdd60c4149d306b8890ea42f881fddfe2f230,4894b7790754aaadb3656302397aa55fbad76f1d,b189e022f724d3b390468a73679c6c9518bc59f1,1,0,1,9,0,0,0,1,0,0,1,0,0,16,665,1097.74436090226,102.255639097744,323.308270676692,0.0,49,2014-02-03 03:17:32,2014-02-03 03:19:21,passed,347,"[18107776, 18107777, 18107778, 18107779, 18107780, 18107781]",38,18107781,ruby,ok,,ruby,testunit,1.0,,68,0,68,0,,0.0,,0
18200526,Shopify/verdict,1.0,2014-02-01 15:12:33,5,ruby,commits_in_master,master,1,2e020dee18ec38ab8e40bedd9f61a42bf58b4880,build_found,c6dfdd60c4149d306b8890ea42f881fddfe2f230,18107775,2014-02-04 14:01:04,5,2e020dee18ec38ab8e40bedd9f61a42bf58b4880,1,2e020dee18ec38ab8e40bedd9f61a42bf58b4880,4894b7790754aaadb3656302397aa55fbad76f1d,d0bf1fb9fb78a2c24f96883d6a4c85b56b7fca34,4,0,4,4,0,0,0,1,0,0,1,0,0,17,665,1097.74436090226,102.255639097744,323.308270676692,0.0,49,2014-02-04 14:01:05,2014-02-04 14:04:41,passed,466,"[18200527, 18200528, 18200529, 18200530, 18200531, 18200532]",40,18200529,ruby,ok,,ruby,testunit,1.0,,68,0,68,0,,0.0,,0
18271895,Shopify/verdict,0.0,,,ruby,,master,14,86496542a69d2f3ed51bca2306bcb3aacc3a193a#68044a2be588900dec85a132be7550130345cecf#e5da0db22dddbcd3e95c612c0b43940276bd8356#cd2df6e92ecdbd8e4f686ca1e8c73728eb2295cc#16dfb8602e5b6537e28d430a846a78b0abae34d7#d4c2fff9a5dfd39f68183c966e6308d3a9410887#99428b2c8d0e5fa78d7d6ab0ca4ea190c4f3cd99#e8fb5ddf7dedb583632b8151accd24246138ff48#a0817c80634880cf24c57e72e58998dd98be1a77#bc3d14451201fa57dc2224a6f9cdfa214c88cd9a#6d5a12fd61e9b34bd548f7bd18298d65a4e55409#c6dfdd60c4149d306b8890ea42f881fddfe2f230#2e020dee18ec38ab8e40bedd9f61a42bf58b4880#22488a69a9ce34f8eaac60bcfbdab7fa72f5c046,merge_found,,,2014-01-31 23:59:22,5,22488a69a9ce34f8eaac60bcfbdab7fa72f5c046,1,22488a69a9ce34f8eaac60bcfbdab7fa72f5c046,,22488a69a9ce34f8eaac60bcfbdab7fa72f5c046,,0,,855,70,8,4,16,0,0,32,0,1,91,665,1097.74436090226,102.255639097744,323.308270676692,1.0,,2014-02-05 13:54:53,2014-02-05 13:55:36,passed,385,"[18271896, 18271897, 18271898, 18271899, 18271900, 18271901]",41,18271898,ruby,ok,,ruby,testunit,1.0,,68,0,68,0,,0.0,,0
18736211,Shopify/verdict,0.0,,,ruby,,master,,,build_found,22488a69a9ce34f8eaac60bcfbdab7fa72f5c046,18271895,,5,874afbf28c82f72130df009a44b5fd5b8358bfb1,1,874afbf28c82f72130df009a44b5fd5b8358bfb1,,874afbf28c82f72130df009a44b5fd5b8358bfb1,,0,,2,0,0,0,1,0,0,1,0,0,3,665,1097.74436090226,102.255639097744,323.308270676692,1.0,,,2014-02-12 15:33:16,passed,468,"[18736212, 18736213, 18736214, 18736215, 18736216, 18736217]",42,18736212,ruby,ok,,ruby,testunit,1.0,,68,0,68,0,,0.0,,0
19217956,Shopify/verdict,1.0,2014-02-19 21:05:21,7,ruby,commits_in_master,master,2,b82752013f760fbc0bfadf09e89a0a044eed6b6c#4b9de7b4f7a78b18cfcd5924f587218b1969e3fe,build_found,874afbf28c82f72130df009a44b5fd5b8358bfb1,18736220,2014-02-19 22:02:13,5,b82752013f760fbc0bfadf09e89a0a044eed6b6c,1,b82752013f760fbc0bfadf09e89a0a044eed6b6c,874afbf28c82f72130df009a44b5fd5b8358bfb1,c05082e21b085b44796f3b50b17defd2a639a20c,2,0,0,8,0,0,0,2,0,0,2,0,0,15,665,1097.74436090226,102.255639097744,323.308270676692,1.0,52,2014-02-20 14:37:24,2014-02-19 22:11:49,passed,438,"[19217957, 19217958, 19217959, 19217960, 19217961, 19217962]",46,19217961,ruby,ok,,ruby,,1.0,,,0,,,,,,0
19261497,Shopify/verdict,0.0,,,ruby,,master,2,b82752013f760fbc0bfadf09e89a0a044eed6b6c#4b9de7b4f7a78b18cfcd5924f587218b1969e3fe,merge_found,,,2014-02-19 22:02:13,6,4b9de7b4f7a78b18cfcd5924f587218b1969e3fe,1,4b9de7b4f7a78b18cfcd5924f587218b1969e3fe,,4b9de7b4f7a78b18cfcd5924f587218b1969e3fe,,0,,8,0,0,0,2,0,0,2,0,0,16,665,1097.74436090226,102.255639097744,323.308270676692,1.0,,2014-02-20 14:37:24,2014-02-20 14:38:05,passed,465,"[19261498, 19261499, 19261500, 19261501, 19261502, 19261503]",49,19261503,ruby,ok,,ruby,testunit,1.0,,68,0,68,0,,0.0,,0
21553129,Shopify/verdict,1.0,2014-03-25 22:46:36,9,ruby,commits_in_master,master,2,8d4ae9b0c131ab46ffd3f44c91b54e9061158671#cae41dd44b38196f680ae44843d6e996cbe3139c,build_found,4b9de7b4f7a78b18cfcd5924f587218b1969e3fe,19261497,2014-03-25 23:42:22,6,8d4ae9b0c131ab46ffd3f44c91b54e9061158671,1,8d4ae9b0c131ab46ffd3f44c91b54e9061158671,4b9de7b4f7a78b18cfcd5924f587218b1969e3fe,6c050b9a677997a28df595cd674636ecb4ec9908,0,0,0,2,0,0,0,1,0,0,1,0,0,3,665,1097.74436090226,102.255639097744,323.308270676692,1.0,50,2014-03-26 10:10:32,2014-03-25 23:52:46,passed,488,"[21553130, 21553131, 21553132, 21553133, 21553134, 21553135]",50,21553133,ruby,ok,,ruby,testunit,1.0,,68,0,68,0,,0.0,,0
21578355,Shopify/verdict,0.0,,,ruby,,master,2,8d4ae9b0c131ab46ffd3f44c91b54e9061158671#cae41dd44b38196f680ae44843d6e996cbe3139c,merge_found,,,2014-03-25 23:42:22,6,cae41dd44b38196f680ae44843d6e996cbe3139c,1,cae41dd44b38196f680ae44843d6e996cbe3139c,,cae41dd44b38196f680ae44843d6e996cbe3139c,,0,,2,0,0,0,1,0,0,1,0,0,4,665,1097.74436090226,102.255639097744,323.308270676692,1.0,,2014-03-26 10:10:32,2014-03-26 10:11:06,passed,522,"[21578356, 21578357, 21578358, 21578359, 21578360, 21578361]",51,21578356,ruby,ok,,ruby,testunit,1.0,,68,0,68,0,,0.0,,0
21674807,Shopify/verdict,1.0,2014-02-19 21:27:14,8,ruby,commits_in_master,master,10,b82752013f760fbc0bfadf09e89a0a044eed6b6c#4b9de7b4f7a78b18cfcd5924f587218b1969e3fe#8d4ae9b0c131ab46ffd3f44c91b54e9061158671#cae41dd44b38196f680ae44843d6e996cbe3139c#7390cd77437f1f70ee77c9ec2e8b30d5afe04cec#4fe525fd8c5710b6f04c6531ca4d29c2349ac19a#431ac5fff2d872178b933b01b42f912fbcd62dd0#da8de71c45ecd0b6fce651737cec00b61f7334bb#ff77ea750ff14ce68461207078036959b5945e1f#3755760f1f34eaa37c77b3e690c528a0e06f697a,build_found,cae41dd44b38196f680ae44843d6e996cbe3139c,21578355,2014-02-19 22:02:13,6,3755760f1f34eaa37c77b3e690c528a0e06f697a#ff77ea750ff14ce68461207078036959b5945e1f#da8de71c45ecd0b6fce651737cec00b61f7334bb#431ac5fff2d872178b933b01b42f912fbcd62dd0#4fe525fd8c5710b6f04c6531ca4d29c2349ac19a#7390cd77437f1f70ee77c9ec2e8b30d5afe04cec,6,3755760f1f34eaa37c77b3e690c528a0e06f697a,cae41dd44b38196f680ae44843d6e996cbe3139c,4081948078e4eb6b5f5a9d915a39caad4c7e3a26,2,0,0,122,155,1,0,5,0,0,6,0,0,66,679,1207.65832106038,117.820324005891,338.733431516937,1.0,62,2014-03-27 13:08:17,2014-03-27 13:11:58,passed,506,"[21674808, 21674809, 21674810, 21674811, 21674812, 21674813]",53,21674813,ruby,ok,,ruby,testunit,1.0,,80,0,80,0,,0.0,,0
21675416,Shopify/verdict,1.0,2014-02-19 21:27:14,8,ruby,commits_in_master,master,1,6acdfbf0650c2dc6211b92777ec11c258e40586a,build_found,3755760f1f34eaa37c77b3e690c528a0e06f697a,21674807,2014-03-27 13:17:48,6,6acdfbf0650c2dc6211b92777ec11c258e40586a,1,6acdfbf0650c2dc6211b92777ec11c258e40586a,cae41dd44b38196f680ae44843d6e996cbe3139c,10b8c143472993f8d7b4910af1f7cd9c35a72a11,0,0,0,0,3,0,0,1,0,0,1,0,0,1,679,1212.0765832106,117.820324005891,338.733431516937,1.0,62,2014-03-27 13:17:56,2014-03-27 13:20:31,failed,448,"[21675417, 21675418, 21675419, 21675420, 21675421, 21675422]",55,21675418,ruby,ok,,ruby,testunit,1.0,,80,0,80,0,,0.0,,0
21693219,Shopify/verdict,1.0,2014-02-19 21:27:14,8,ruby,commits_in_master,master,1,51a0b82ae1e0c576b604d912dc9de16a97aa9333,build_found,6acdfbf0650c2dc6211b92777ec11c258e40586a,21675416,2014-03-27 16:53:56,6,51a0b82ae1e0c576b604d912dc9de16a97aa9333,1,51a0b82ae1e0c576b604d912dc9de16a97aa9333,cae41dd44b38196f680ae44843d6e996cbe3139c,6469b2ed5e69e56cf431a089584334459d79d690,1,0,1,47,35,0,0,2,0,0,2,0,0,8,679,1201.76730486009,113.40206185567,340.20618556701,1.0,62,2014-03-27 16:54:09,2014-03-27 18:58:37,passed,477,"[21693220, 21693221, 21693223, 21693225, 21693226, 21693228]",57,21693225,ruby,ok,,ruby,testunit,1.0,,77,0,77,0,,0.0,,0
21713961,Shopify/verdict,0.0,,,ruby,,master,1,df56f68f3c217439ae96c02d41ce02c876a7e731,merge_found,,,2014-03-27 21:21:45,6,df56f68f3c217439ae96c02d41ce02c876a7e731#18d3389b46256ac7ea289cef915c0566dd1f5bfc,2,df56f68f3c217439ae96c02d41ce02c876a7e731,,df56f68f3c217439ae96c02d41ce02c876a7e731,,0,,129,137,1,0,6,0,0,7,0,0,78,679,1201.76730486009,113.40206185567,340.20618556701,1.0,,2014-03-27 21:21:50,2014-03-27 22:01:54,passed,560,"[21713962, 21713963, 21713964, 21713965, 21713966, 21713967]",61,21713963,ruby,ok,,ruby,testunit,1.0,,77,0,77,0,,0.0,,0
21783006,Shopify/verdict,1.0,2014-03-28 17:37:30,11,ruby,commits_in_master,master,3,33b6d542c6867d1a570deb2dfbd3c0d8a851f6be#1e05e7add487f926df3844fb07b7490ace4c3feb#0083d641203396538ce71d187c1ffae3c6bf1970,build_found,df56f68f3c217439ae96c02d41ce02c876a7e731,21713968,2014-03-28 18:34:29,6,33b6d542c6867d1a570deb2dfbd3c0d8a851f6be,1,33b6d542c6867d1a570deb2dfbd3c0d8a851f6be,df56f68f3c217439ae96c02d41ce02c876a7e731,dee57bb9cdd97c00457c964a07929af7213cec3c,2,0,0,6,21,0,0,2,0,0,2,0,0,3,682,1218.47507331378,114.369501466276,344.574780058651,1.0,48,2014-03-29 16:31:39,2014-03-28 22:21:55,passed,474,"[21783007, 21783008, 21783009, 21783010, 21783011, 21783012]",66,21783011,ruby,ok,,ruby,,1.0,,,0,,,,,,0
21784401,Shopify/verdict,1.0,2014-03-28 17:37:30,11,ruby,commits_in_master,master,1,1e05e7add487f926df3844fb07b7490ace4c3feb,build_found,33b6d542c6867d1a570deb2dfbd3c0d8a851f6be,21783006,2014-03-28 19:01:10,6,1e05e7add487f926df3844fb07b7490ace4c3feb,1,1e05e7add487f926df3844fb07b7490ace4c3feb,df56f68f3c217439ae96c02d41ce02c876a7e731,842d81f7196d87565894fc221ab19414d8bff49a,0,0,0,4,0,0,0,1,0,0,1,0,0,3,682,1218.47507331378,114.369501466276,344.574780058651,1.0,48,2014-03-28 19:01:14,2014-03-28 23:27:56,passed,483,"[21784402, 21784403, 21784404, 21784405, 21784406, 21784407]",68,21784403,ruby,ok,,ruby,testunit,1.0,,78,0,78,0,,0.0,,0
21797345,Shopify/verdict,0.0,,,ruby,,master,2,7875325d095a266fe0679b2fe68662b034d5701d#e8d0c4f5b2c999fcbc5b00b70b9440808bb48529,merge_found,,,2014-03-28 18:04:16,6,e8d0c4f5b2c999fcbc5b00b70b9440808bb48529,1,e8d0c4f5b2c999fcbc5b00b70b9440808bb48529,,e8d0c4f5b2c999fcbc5b00b70b9440808bb48529,,0,,19,37,2,0,1,0,0,3,0,0,4,695,1215.8273381295,113.669064748201,338.129496402878,1.0,,2014-03-28 22:13:42,2014-03-29 00:09:14,passed,459,"[21797346, 21797347, 21797348, 21797349, 21797350, 21797351]",69,21797350,ruby,ok,,ruby,,1.0,,,0,,,,,,0
21832483,Shopify/verdict,0.0,,,ruby,,master,3,33b6d542c6867d1a570deb2dfbd3c0d8a851f6be#1e05e7add487f926df3844fb07b7490ace4c3feb#0083d641203396538ce71d187c1ffae3c6bf1970,merge_found,,,2014-03-28 18:34:29,6,0083d641203396538ce71d187c1ffae3c6bf1970,1,0083d641203396538ce71d187c1ffae3c6bf1970,,0083d641203396538ce71d187c1ffae3c6bf1970,,0,,6,21,0,0,2,0,0,2,0,0,5,698,1232.09169054441,114.613180515759,342.406876790831,1.0,,2014-03-29 16:31:39,2014-03-29 16:32:11,passed,398,"[21832484, 21832485, 21832486, 21832487, 21832488, 21832489]",70,21832486,ruby,ok,,ruby,testunit,1.0,,80,0,80,0,,0.0,,0
21832498,Shopify/verdict,0.0,,,ruby,,master,1,a386920a57e53c94953f26b613f5e4a243794ae3,build_found,0083d641203396538ce71d187c1ffae3c6bf1970,21832483,2014-03-29 16:32:01,6,a386920a57e53c94953f26b613f5e4a243794ae3,1,a386920a57e53c94953f26b613f5e4a243794ae3,,a386920a57e53c94953f26b613f5e4a243794ae3,,0,,2,0,0,0,1,0,0,1,0,0,5,698,1232.09169054441,114.613180515759,342.406876790831,1.0,,2014-03-29 16:32:05,2014-03-29 16:33:40,passed,404,"[21832499, 21832500, 21832501, 21832502, 21832503, 21832504]",71,21832504,ruby,ok,,ruby,testunit,1.0,,80,0,80,0,,0.0,,0
22354474,Shopify/verdict,0.0,,,ruby,,master,1,545eb24eed26dc9004f65edda620552135347d21,build_found,a386920a57e53c94953f26b613f5e4a243794ae3,21836594,2014-04-05 20:03:51,6,545eb24eed26dc9004f65edda620552135347d21,1,545eb24eed26dc9004f65edda620552135347d21,,545eb24eed26dc9004f65edda620552135347d21,,0,,2,0,0,0,1,0,0,1,0,0,19,698,1232.09169054441,114.613180515759,342.406876790831,0.0,,2014-04-05 20:03:52,2014-04-05 20:04:16,passed,402,"[22354475, 22354476, 22354477, 22354478, 22354479, 22354480]",73,22354480,ruby,ok,,ruby,testunit,1.0,,80,0,80,0,,0.0,,0
25615615,Shopify/verdict,0.0,,,ruby,,master,6,469436fd320243029ecc4517d3d7bb8d64088efb#83a7e5bed9624d7b0ba663efc22e7c0dfb7effaa#b52a9e2ea23641c35c921d7331b52f95a1e897a8#abc84002ad5fbf6b51495736f7a3995cb5612c90#1908effdadc6ce5c08fc4e417f49706ddc553d4a#45729f9d5db8236b181be11ca435412627523d3d,merge_found,,,2014-05-14 20:18:17,5,45729f9d5db8236b181be11ca435412627523d3d,1,45729f9d5db8236b181be11ca435412627523d3d,,45729f9d5db8236b181be11ca435412627523d3d,,0,,280,129,4,0,9,0,0,15,0,0,96,745,1224.1610738255,112.751677852349,336.912751677852,1.0,,2014-05-20 15:55:35,2014-05-20 15:58:58,passed,504,"[25615616, 25615617, 25615618, 25615619, 25615620, 25615621]",87,25615621,ruby,ok,,ruby,testunit,1.0,,84,0,84,0,,0.0,,0
26148537,Shopify/verdict,0.0,,,ruby,,master,1,23ce4cfc46ccc4e91c228a45c5d5b836085f59bc,build_found,45729f9d5db8236b181be11ca435412627523d3d,25615615,2014-05-27 17:19:43,6,23ce4cfc46ccc4e91c228a45c5d5b836085f59bc,1,23ce4cfc46ccc4e91c228a45c5d5b836085f59bc,,23ce4cfc46ccc4e91c228a45c5d5b836085f59bc,,0,,0,0,1,1,0,0,0,0,0,2,1,745,1224.1610738255,112.751677852349,336.912751677852,1.0,,2014-05-27 17:19:47,2014-05-27 17:23:03,passed,696,"[26148538, 26148539, 26148540, 26148541, 26148542, 26148543]",88,26148540,ruby,ok,,ruby,testunit,1.0,,84,0,84,0,,0.0,,0
35457575,Shopify/verdict,0.0,,,ruby,,master,1,5d2c6d95be1e8ae6e6f429bcc7e33b67c3f3c93b,build_found,7dc2998b6d8bb058e6fd2abd6fe6430c08b84a27,35456443,2014-09-16 17:31:04,5,5d2c6d95be1e8ae6e6f429bcc7e33b67c3f3c93b,1,5d2c6d95be1e8ae6e6f429bcc7e33b67c3f3c93b,,5d2c6d95be1e8ae6e6f429bcc7e33b67c3f3c93b,,0,,0,0,0,0,1,0,0,0,0,1,7,745,1224.1610738255,112.751677852349,336.912751677852,1.0,,2014-09-16 17:31:08,2014-09-16 17:37:24,passed,350,"[35457576, 35457577, 35457578, 35457579, 35457580, 35457581]",92,35457581,ruby,ok,,ruby,testunit,1.0,,84,0,84,0,,0.0,,0
35458960,Shopify/verdict,1.0,2014-09-16 15:27:41,14,ruby,merge_button,master,2,5d2c6d95be1e8ae6e6f429bcc7e33b67c3f3c93b#42f0612436a336ce5ae6c84acf4d6b7add17e8cf,build_found,5d2c6d95be1e8ae6e6f429bcc7e33b67c3f3c93b,35457575,2014-09-16 17:26:50,5,42f0612436a336ce5ae6c84acf4d6b7add17e8cf,1,42f0612436a336ce5ae6c84acf4d6b7add17e8cf,5d2c6d95be1e8ae6e6f429bcc7e33b67c3f3c93b,55b5187e32d1be3d26291200fa0cc555d4d19b7f,0,0,0,4,0,0,0,1,0,0,1,0,0,22,749,1217.62349799733,112.14953271028,335.113484646195,1.0,16,2014-09-16 17:48:40,2014-09-16 17:50:34,passed,359,"[35458961, 35458962, 35458963, 35458964, 35458965, 35458966]",94,35458966,ruby,ok,,ruby,testunit,1.0,,84,0,84,0,,0.0,,0
35516776,Shopify/verdict,1.0,2014-09-16 15:27:41,14,ruby,merge_button,master,1,f28b52b1952677bf9c2970431e03f37a935980e8,build_found,42f0612436a336ce5ae6c84acf4d6b7add17e8cf,35458960,2014-09-17 09:08:46,5,f28b52b1952677bf9c2970431e03f37a935980e8,1,f28b52b1952677bf9c2970431e03f37a935980e8,5d2c6d95be1e8ae6e6f429bcc7e33b67c3f3c93b,22bc279431783a8fbe0a6956739c4dd6a8170b27,2,0,0,7,0,0,0,1,0,0,1,0,0,3,755,1207.94701986755,111.258278145695,332.450331125828,0.0,16,2014-09-17 09:08:49,2014-09-17 09:10:50,passed,301,"[35516778, 35516780, 35516781, 35516783, 35516784, 35516785]",95,35516783,ruby,ok,,ruby,testunit,1.0,,84,0,84,0,,0.0,,0
35532921,Shopify/verdict,0.0,,,ruby,,master,3,42f0612436a336ce5ae6c84acf4d6b7add17e8cf#f28b52b1952677bf9c2970431e03f37a935980e8#f526996211992410baa69894ca7db551807a9298,merge_found,,,2014-09-16 17:26:50,5,f526996211992410baa69894ca7db551807a9298,1,f526996211992410baa69894ca7db551807a9298,,f526996211992410baa69894ca7db551807a9298,,0,,11,0,0,0,2,0,0,2,0,0,25,755,1207.94701986755,111.258278145695,332.450331125828,1.0,,2014-09-17 12:59:19,2014-09-17 13:00:02,passed,309,"[35532922, 35532923, 35532924, 35532925, 35532926, 35532927]",96,35532922,ruby,ok,,ruby,testunit,1.0,,84,0,84,0,,0.0,,0
35533121,Shopify/verdict,0.0,,,ruby,,master,1,ec5b4acff74d3eb1355543a955450ec664aa33bc,build_found,f526996211992410baa69894ca7db551807a9298,35532921,2014-09-17 13:00:42,5,ec5b4acff74d3eb1355543a955450ec664aa33bc,1,ec5b4acff74d3eb1355543a955450ec664aa33bc,,ec5b4acff74d3eb1355543a955450ec664aa33bc,,0,,2,0,0,0,1,0,0,1,0,0,10,755,1207.94701986755,111.258278145695,332.450331125828,1.0,,2014-09-17 13:01:42,2014-09-17 13:02:19,passed,311,"[35533122, 35533123, 35533124, 35533125, 35533126, 35533127]",97,35533122,ruby,ok,,ruby,testunit,1.0,,84,0,84,0,,0.0,,0
106302851,Shopify/verdict,0.0,,,ruby,,master,2,d6fa58feec7fe17e9663e71032b407078cdc67bf#3da15d32a29963329d837d0daf6f3b70b5e3e545,merge_found,,,2016-02-01 19:29:41,5,3da15d32a29963329d837d0daf6f3b70b5e3e545,1,3da15d32a29963329d837d0daf6f3b70b5e3e545,,3da15d32a29963329d837d0daf6f3b70b5e3e545,,0,,0,0,0,0,1,0,0,0,0,1,9,759,1234.51910408432,115.942028985507,333.333333333333,0.0,,2016-02-01 19:49:45,2016-02-01 19:53:20,passed,844,"[106302852, 106302853, 106302854, 106302855, 106302856, 106302857]",116,106302852,ruby,ok,4,ruby,testunit,1.0,,88,0,88,0,,0.0,,0
106303215,Shopify/verdict,1.0,2016-02-01 19:43:00,18,ruby,commits_in_master,master,3,d6fa58feec7fe17e9663e71032b407078cdc67bf#3da15d32a29963329d837d0daf6f3b70b5e3e545#1f0e68d72afc78d493dff1abc5e2a7e9448068c4,build_found,3da15d32a29963329d837d0daf6f3b70b5e3e545,106302851,2016-02-01 19:15:29,5,1f0e68d72afc78d493dff1abc5e2a7e9448068c4,1,1f0e68d72afc78d493dff1abc5e2a7e9448068c4,3da15d32a29963329d837d0daf6f3b70b5e3e545,de07c68c5c24e9765d5181cf5f624f966457068f,0,0,0,2,0,0,0,1,0,0,1,0,0,11,759,1234.51910408432,115.942028985507,333.333333333333,1.0,29,2016-02-01 19:51:20,2016-02-01 20:00:17,passed,832,"[106303216, 106303217, 106303218, 106303219, 106303220, 106303221]",118,106303219,ruby,ok,2,ruby,testunit,1.0,,88,0,88,0,,0.0,,0
106308876,Shopify/verdict,0.0,,,ruby,,master,2,1f0e68d72afc78d493dff1abc5e2a7e9448068c4#5198e45a0b5d7a11160ea76b42218ce145fcbde6,merge_found,,,2016-02-01 19:15:29,5,5198e45a0b5d7a11160ea76b42218ce145fcbde6,1,5198e45a0b5d7a11160ea76b42218ce145fcbde6,,5198e45a0b5d7a11160ea76b42218ce145fcbde6,,0,,2,0,0,0,1,0,0,1,0,0,12,759,1234.51910408432,115.942028985507,333.333333333333,1.0,,2016-02-01 20:13:16,2016-02-01 20:17:57,passed,824,"[106308877, 106308878, 106308879, 106308880, 106308881, 106308882]",119,106308878,ruby,ok,7,ruby,testunit,1.0,,88,0,88,0,,0.0,,0
