tr_build_id,gh_project_name,gh_is_pr,gh_pr_created_at,gh_pull_req_num,gh_lang,git_merged_with,git_branch,gh_num_commits_in_push,gh_commits_in_push,git_prev_commit_resolution_status,git_prev_built_commit,tr_prev_build,gh_first_commit_created_at,gh_team_size,git_all_built_commits,git_num_all_built_commits,git_trigger_commit,tr_virtual_merged_into,tr_original_commit,gh_num_issue_comments,gh_num_commit_comments,gh_num_pr_comments,git_diff_src_churn,git_diff_test_churn,gh_diff_files_added,gh_diff_files_deleted,gh_diff_files_modified,gh_diff_tests_added,gh_diff_tests_deleted,gh_diff_src_files,gh_diff_doc_files,gh_diff_other_files,gh_num_commits_on_files_touched,gh_sloc,gh_test_lines_per_kloc,gh_test_cases_per_kloc,gh_asserts_cases_per_kloc,gh_by_core_team_member,gh_description_complexity,gh_pushed_at,gh_build_started_at,tr_status,tr_duration,tr_jobs,tr_build_number,tr_job_id,tr_log_lan,tr_log_status,tr_log_setup_time,tr_log_analyzer,tr_log_frameworks,tr_log_bool_tests_ran,tr_log_bool_tests_failed,tr_log_num_tests_ok,tr_log_num_tests_failed,tr_log_num_tests_run,tr_log_num_tests_skipped,tr_log_tests_failed,tr_log_testduration,tr_log_buildduration,build_successful
122715365,code4craft/webmagic,1.0,2016-04-13 07:28:38,290,java,commits_in_master,master,,,merge_found,,,,2,89c6e52863ccf8c32b5e8cca940241a32c8d2ca4#047cb8ff8f009b14ff9c7d36ab6dc04c39a472f2#b9544424f240d127ee71ce088caa8d5332b67749#b05d605c4b26a87fd221a0223e95201898e62993#c0b8e8f8ae9d564fd29a7b0d6b9bc510d1868817#ce89ebb2b49d0053d3ec0523f80100fefa09a777#b9ac76aa8b2e1dd47fec25cf2c77f026fbf35eb5#a0c74a6a26a4342a74568ecb754b52da4c41690f#cb61820d3169b3f6583337ad021df10aa5ec2c84#a8e6de4b900f1237426e441f279303a51aec311f,10,89c6e52863ccf8c32b5e8cca940241a32c8d2ca4,047cb8ff8f009b14ff9c7d36ab6dc04c39a472f2,8606504a7b69db0c7383b2da73c3a9bcc2605678,0,0,0,1035,0,25,93,16,0,0,8,0,112,318,8047,562.569901826768,9.81732322604697,12.7998011681372,0.0,,,2016-04-13 07:29:43,passed,96,[122715366],700,122715366,java,ok,2,java-maven,junit,1.0,,1,0,1,0,,21.55,37.32,0
128605016,code4craft/webmagic,0.0,,,java,,master,,,merge_found,,,,3,ca072c5575d7e6a4caa6324b128c20cf50efc364#047cb8ff8f009b14ff9c7d36ab6dc04c39a472f2#b9544424f240d127ee71ce088caa8d5332b67749#b05d605c4b26a87fd221a0223e95201898e62993#c0b8e8f8ae9d564fd29a7b0d6b9bc510d1868817#ce89ebb2b49d0053d3ec0523f80100fefa09a777#b9ac76aa8b2e1dd47fec25cf2c77f026fbf35eb5#a0c74a6a26a4342a74568ecb754b52da4c41690f#cb61820d3169b3f6583337ad021df10aa5ec2c84#a8e6de4b900f1237426e441f279303a51aec311f,10,ca072c5575d7e6a4caa6324b128c20cf50efc364,,ca072c5575d7e6a4caa6324b128c20cf50efc364,,0,,1015,0,25,93,15,0,0,7,0,112,285,8028,563.90134529148,9.84055804683607,12.8300946686597,0.0,,,2016-05-08 04:10:31,passed,112,[128605017],701,128605017,java,ok,4,java-maven,junit,1.0,,1,0,1,0,,23.2,39.81,0
128623440,code4craft/webmagic,0.0,,,java,,master,,,merge_found,,,,3,b5413368de4ef00bc652b27f0630f23fae96225d#a8c90053812635878949c2d18c913daab75497f9,2,b5413368de4ef00bc652b27f0630f23fae96225d,,b5413368de4ef00bc652b27f0630f23fae96225d,,0,,105,18,0,0,8,0,0,8,0,0,104,8066,561.368708157699,9.79419786759236,12.7696503843293,1.0,,,2016-05-08 08:24:22,passed,109,[128623441],703,128623441,java,ok,4,java-maven,junit,1.0,,1,0,1,0,,23.15,39.65,0
128631954,code4craft/webmagic,0.0,,,java,,master,,,merge_found,,,,3,25821c3c06b5ee6e0cdc0262bca73435a4376620,1,25821c3c06b5ee6e0cdc0262bca73435a4376620,,25821c3c06b5ee6e0cdc0262bca73435a4376620,,0,,634,2,1,0,4,0,0,5,0,0,51,8070,561.090458488228,9.78934324659232,12.7633209417596,1.0,,,2016-05-08 09:54:35,passed,103,[128631955],705,128631955,java,ok,2,java-maven,junit,1.0,,1,0,1,0,,22.5,38.83,0
128642244,code4craft/webmagic,0.0,,,java,,master,,,build_found,25821c3c06b5ee6e0cdc0262bca73435a4376620,128631958,,3,d8f978fd20c6711309ae2b5a7f54f1deea543dd6,1,d8f978fd20c6711309ae2b5a7f54f1deea543dd6,,d8f978fd20c6711309ae2b5a7f54f1deea543dd6,,0,,0,7,0,0,1,0,0,1,0,0,5,8070,561.957868649318,9.78934324659232,12.8872366790582,1.0,,,2016-05-08 11:32:49,passed,108,[128642245],707,128642245,java,ok,2,java-maven,junit,1.0,,1,0,1,0,,22.99,41.22,0
128649057,code4craft/webmagic,0.0,,,java,,master,,,merge_found,,,,3,2400ff7e1af7e9f95a29b33b0b3194302f50d587#9de64ea0f25d33b71e4778332d31b051a708299a,2,2400ff7e1af7e9f95a29b33b0b3194302f50d587,,2400ff7e1af7e9f95a29b33b0b3194302f50d587,,0,,36,0,0,0,2,0,0,2,0,0,53,8086,560.845906505071,9.76997279248083,12.8617363344051,1.0,,,2016-05-08 12:32:35,passed,113,[128649058],709,128649058,java,ok,2,java-maven,junit,1.0,,1,0,1,0,,25.01,46.38,0
128649678,code4craft/webmagic,0.0,,,java,,master,,,merge_found,,,,3,37cb43b667b1896d01c3e5c3d6ab6929aa6fe61a,1,37cb43b667b1896d01c3e5c3d6ab6929aa6fe61a,,37cb43b667b1896d01c3e5c3d6ab6929aa6fe61a,,0,,182,0,4,0,0,0,0,4,0,0,2,8198,553.183703342279,9.63649670651379,12.686020980727,1.0,,,2016-05-08 12:37:17,passed,120,[128649679],711,128649679,java,ok,1,java-maven,junit,1.0,,1,0,1,0,,23.54,40.71,0
128651820,code4craft/webmagic,0.0,,,java,,master,,,merge_found,,,,3,3a6e24635094443542d62163e39700b9a6371718,1,3a6e24635094443542d62163e39700b9a6371718,,3a6e24635094443542d62163e39700b9a6371718,,0,,12,0,0,0,2,0,0,2,0,0,145,8196,553.3186920449,9.63884821864324,12.6891166422645,1.0,,,2016-05-08 12:55:48,passed,123,[128651821],713,128651821,java,ok,2,java-maven,junit,1.0,,1,0,1,0,,23.07,40.19,0
132464830,code4craft/webmagic,0.0,,,java,,master,,,build_found,3a6e24635094443542d62163e39700b9a6371718,128651824,,3,3e33959b7a99dbeccdc6fa8636768a99380a3b6b,1,3e33959b7a99dbeccdc6fa8636768a99380a3b6b,,3e33959b7a99dbeccdc6fa8636768a99380a3b6b,,0,,8,0,0,0,1,0,0,1,0,0,49,8196,553.3186920449,9.63884821864324,12.6891166422645,1.0,,,2016-05-24 05:18:41,passed,103,[132464831],715,132464831,java,ok,1,java-maven,junit,1.0,,1,0,1,0,,23.43,39.92,0
132466549,code4craft/webmagic,0.0,,,java,,master,,,build_found,3e33959b7a99dbeccdc6fa8636768a99380a3b6b,132464834,,3,448e528140851a246564140560e291be722f7809,1,448e528140851a246564140560e291be722f7809,,448e528140851a246564140560e291be722f7809,,0,,2,0,0,0,1,0,0,1,0,0,70,8196,553.3186920449,9.63884821864324,12.6891166422645,1.0,,,2016-05-24 05:34:25,passed,103,[132466550],717,132466550,java,ok,2,java-maven,junit,1.0,,1,0,1,0,,24.58,42.39,0
153174174,code4craft/webmagic,0.0,,,java,,master,,,merge_found,,,,1,e22d6426fc5d7aa523945b1bcabf8ad8c4a46054,1,e22d6426fc5d7aa523945b1bcabf8ad8c4a46054,,e22d6426fc5d7aa523945b1bcabf8ad8c4a46054,,0,,160,70,2,0,1,0,0,3,0,0,21,8326,550.804708143166,9.72856113379774,13.2116262310834,1.0,,,2016-08-18 05:29:12,passed,96,[153174175],730,153174175,java,ok,2,java-maven,junit,1.0,,1,0,1,0,,22.63,39.66,0
