tr_build_id,gh_project_name,gh_is_pr,gh_pr_created_at,gh_pull_req_num,gh_lang,git_merged_with,git_branch,gh_num_commits_in_push,gh_commits_in_push,git_prev_commit_resolution_status,git_prev_built_commit,tr_prev_build,gh_first_commit_created_at,gh_team_size,git_all_built_commits,git_num_all_built_commits,git_trigger_commit,tr_virtual_merged_into,tr_original_commit,gh_num_issue_comments,gh_num_commit_comments,gh_num_pr_comments,git_diff_src_churn,git_diff_test_churn,gh_diff_files_added,gh_diff_files_deleted,gh_diff_files_modified,gh_diff_tests_added,gh_diff_tests_deleted,gh_diff_src_files,gh_diff_doc_files,gh_diff_other_files,gh_num_commits_on_files_touched,gh_sloc,gh_test_lines_per_kloc,gh_test_cases_per_kloc,gh_asserts_cases_per_kloc,gh_by_core_team_member,gh_description_complexity,gh_pushed_at,gh_build_started_at,tr_status,tr_duration,tr_jobs,tr_build_number,tr_job_id,tr_log_lan,tr_log_status,tr_log_setup_time,tr_log_analyzer,tr_log_frameworks,tr_log_bool_tests_ran,tr_log_bool_tests_failed,tr_log_num_tests_ok,tr_log_num_tests_failed,tr_log_num_tests_run,tr_log_num_tests_skipped,tr_log_tests_failed,tr_log_testduration,tr_log_buildduration,build_successful
10854600,grosser/wwtd,0.0,,,ruby,,master,6,f098c23c37bef9503ca8b78c96f5eef7a46db563#f0ef6665d10ebb44e0b6abffa54f7d8137968473#bce666a86f2bacb2a41b8fc1f46d0df9d9fb9ab4#511cdcf96eb99abd60d16ef32c06afbf6fe3e4c7#be1d00afaaa8edc9ad012742957bf0a872d0193f#4e8fc80158cf32a6c81ed354f22a9ebff94d1d2f,no_previous_build,d64dd727fe7498384f77b5532aab18e35f3a4b8f,,2013-08-31 15:04:50,2,4e8fc80158cf32a6c81ed354f22a9ebff94d1d2f#be1d00afaaa8edc9ad012742957bf0a872d0193f#511cdcf96eb99abd60d16ef32c06afbf6fe3e4c7#bce666a86f2bacb2a41b8fc1f46d0df9d9fb9ab4#f0ef6665d10ebb44e0b6abffa54f7d8137968473#f098c23c37bef9503ca8b78c96f5eef7a46db563#3866f2c47eb06f6c50114c962732b4e772cb9f3c#ba0813be22142cb529a1616a5a7423136a20d472#4272e7ac490a50a335b8248c63c7857816959e1a#5e35fa651a8f571d7af44683a0526fa2ccdfdb9a#c6528c22962b100b1a517d7b64733e67d39a31e8#a0ddd93412ac2787105d624418fd1c540536f4a5#1360ef3b8f1d1359f06aa290eb6008bc6321da71#5e27c553b68ba3aaf75566b54136e13f637061b6#d64dd727fe7498384f77b5532aab18e35f3a4b8f,15,4e8fc80158cf32a6c81ed354f22a9ebff94d1d2f,,4e8fc80158cf32a6c81ed354f22a9ebff94d1d2f,,0,,367,316,13,0,6,0,0,9,0,4,0,134,1552.23880597015,194.029850746269,194.029850746269,1.0,,2013-09-01 08:52:44,2013-09-01 08:53:24,failed,147,"[10854603, 10854602, 10854601]",1,10854603,ruby,ok,,ruby,rspec,1.0,,26,0,26,0,,38.25,,0
10855423,grosser/wwtd,0.0,,,ruby,,master,2,4975caada802d94911d8dde22ed24c98b2b91612#79471e753ffe1f7f52f0220f8da4c4b3d042e9d3,build_found,4e8fc80158cf32a6c81ed354f22a9ebff94d1d2f,10854600,2013-09-01 09:14:00,2,79471e753ffe1f7f52f0220f8da4c4b3d042e9d3#4975caada802d94911d8dde22ed24c98b2b91612,2,79471e753ffe1f7f52f0220f8da4c4b3d042e9d3,,79471e753ffe1f7f52f0220f8da4c4b3d042e9d3,,0,,34,50,0,0,6,0,0,6,0,0,15,137,1766.42335766423,226.277372262774,233.576642335766,1.0,,2013-09-01 09:46:04,2013-09-01 09:46:40,failed,170,"[10855425, 10855426, 10855424]",2,10855425,ruby,broken,,ruby,rspec,1.0,,30,1,31,0,,48.22,,0
10864710,grosser/wwtd,0.0,,,ruby,,master,6,e2b8d266f1389640f9ddbd0676586561687ae936#37dcc6d6e4b655191fa5f1578d3d1994657787b7#e71f92f6a06c925c978946f873c645b5c4b5c5ed#1ba61d924a35f1680f96d5ff721cd9ba1d6cdbf6#dfbaa2510fa36da0ad2972342f2f8e2b463f4c25#d5a01bb8b0cbc64477502cf8c7be622267fd0642,build_found,79471e753ffe1f7f52f0220f8da4c4b3d042e9d3,10855423,2013-09-01 12:57:02,2,d5a01bb8b0cbc64477502cf8c7be622267fd0642#dfbaa2510fa36da0ad2972342f2f8e2b463f4c25#1ba61d924a35f1680f96d5ff721cd9ba1d6cdbf6#e71f92f6a06c925c978946f873c645b5c4b5c5ed#37dcc6d6e4b655191fa5f1578d3d1994657787b7#e2b8d266f1389640f9ddbd0676586561687ae936,6,d5a01bb8b0cbc64477502cf8c7be622267fd0642,,d5a01bb8b0cbc64477502cf8c7be622267fd0642,,0,,65,42,0,0,5,0,0,5,0,0,17,152,1671.05263157895,210.526315789474,236.842105263158,1.0,,2013-09-01 16:35:12,2013-09-01 16:35:42,failed,222,"[10864713, 10864712, 10864711]",3,10864713,ruby,ok,,ruby,rspec,1.0,,32,0,32,0,,20.83,,0
10866306,grosser/wwtd,0.0,,,ruby,,master,2,c1938b6c2e2bb2f2e27664bc4b9b2a324ed56e39#c8b071f853066403fde80e4529db180ebe76e89f,build_found,d5a01bb8b0cbc64477502cf8c7be622267fd0642,10864710,2013-09-01 17:07:20,2,c8b071f853066403fde80e4529db180ebe76e89f#c1938b6c2e2bb2f2e27664bc4b9b2a324ed56e39,2,c8b071f853066403fde80e4529db180ebe76e89f,,c8b071f853066403fde80e4529db180ebe76e89f,,0,,11,4,0,0,5,0,0,4,0,1,22,153,1660.13071895425,209.150326797386,235.294117647059,1.0,,2013-09-01 17:17:57,2013-09-01 17:19:09,passed,267,"[10866309, 10866307, 10866308]",4,10866309,ruby,ok,,ruby,rspec,1.0,,32,0,32,0,,3.89,,0
10874440,grosser/wwtd,0.0,,,ruby,,master,2,d1904a8a1646b1d38b0e13d81a2c160870a16cea#01a6e3702be1aab5c96b04dd421a5d845dca5ca0,build_found,c8b071f853066403fde80e4529db180ebe76e89f,10866306,2013-09-01 22:21:42,2,01a6e3702be1aab5c96b04dd421a5d845dca5ca0#d1904a8a1646b1d38b0e13d81a2c160870a16cea,2,01a6e3702be1aab5c96b04dd421a5d845dca5ca0,,01a6e3702be1aab5c96b04dd421a5d845dca5ca0,,0,,38,24,0,0,4,0,0,4,0,0,24,168,1625.0,202.380952380952,232.142857142857,1.0,,2013-09-01 22:21:49,2013-09-01 22:22:49,passed,402,"[10874442, 10874443, 10874441]",5,10874442,ruby,ok,,ruby,rspec,1.0,,34,0,34,0,,53.6,,0
10901948,grosser/wwtd,0.0,,,ruby,,master,4,03a39a5dfb154830a011f1f1d99282dd72fcd0c1#e2076d2ddcc90e9cf58e2bdde15a3cd74b6f6aef#a4f5e1df33018f786b6cf0a64c845743ea178626#5b6645ece2918e1ba6b210f0d1384d4d10f9edba,build_found,01a6e3702be1aab5c96b04dd421a5d845dca5ca0,10874440,2013-09-02 07:28:41,2,5b6645ece2918e1ba6b210f0d1384d4d10f9edba#a4f5e1df33018f786b6cf0a64c845743ea178626#e2076d2ddcc90e9cf58e2bdde15a3cd74b6f6aef#03a39a5dfb154830a011f1f1d99282dd72fcd0c1,4,5b6645ece2918e1ba6b210f0d1384d4d10f9edba,,5b6645ece2918e1ba6b210f0d1384d4d10f9edba,,0,,52,34,0,0,5,0,0,5,0,0,27,176,1619.31818181818,198.863636363636,232.954545454545,1.0,,2013-09-02 16:58:38,2013-09-02 16:59:36,failed,291,"[10901951, 10901950, 10901949]",6,10901951,ruby,broken,,ruby,rspec,1.0,,34,1,35,0,,13.77,,0
10902624,grosser/wwtd,0.0,,,ruby,,master,1,e262d5fb8f2e1b6afd2d5f4a57028e4dd726d455,build_found,5b6645ece2918e1ba6b210f0d1384d4d10f9edba,10901948,2013-09-02 17:22:40,2,e262d5fb8f2e1b6afd2d5f4a57028e4dd726d455,1,e262d5fb8f2e1b6afd2d5f4a57028e4dd726d455,,e262d5fb8f2e1b6afd2d5f4a57028e4dd726d455,,0,,0,2,0,0,1,0,0,1,0,0,18,176,1619.31818181818,198.863636363636,232.954545454545,1.0,,2013-09-02 17:22:48,2013-09-04 15:56:20,passed,315,"[10902627, 10902626, 10902625]",7,10902627,ruby,ok,,ruby,rspec,1.0,,35,0,35,0,,11.84,,0
11149491,grosser/wwtd,1.0,2013-09-09 10:46:10,4,ruby,commits_in_master,master,5,65be0b004ad656a126cd67d62c04488a71135893#7376458a65a7ef7784347b5b48a222260faf2f76#2527f03ef97840b96afda672d5401e70cba1b58d#0b6a44fdf0f9d5c5d73aa27d8b43a83705fddf1e#6fff6c43fc679fc95ce1b4b26e89c714ea200c90,build_found,e262d5fb8f2e1b6afd2d5f4a57028e4dd726d455,10902624,2013-09-09 12:45:29,2,65be0b004ad656a126cd67d62c04488a71135893,1,65be0b004ad656a126cd67d62c04488a71135893,e262d5fb8f2e1b6afd2d5f4a57028e4dd726d455,a89fbb916113d572836f87050ac0ea6f4d802836,0,0,0,0,1,0,0,1,0,0,1,0,0,2,176,1625.0,198.863636363636,232.954545454545,0.0,8,2013-09-11 16:11:17,2013-09-09 12:46:46,passed,256,"[11149492, 11149494, 11149493]",10,11149493,ruby,ok,,ruby,rspec,1.0,,35,0,35,0,,2.76,,0
11151983,grosser/wwtd,1.0,2013-09-09 11:57:07,6,ruby,merge_button,master,5,65be0b004ad656a126cd67d62c04488a71135893#7376458a65a7ef7784347b5b48a222260faf2f76#2527f03ef97840b96afda672d5401e70cba1b58d#0b6a44fdf0f9d5c5d73aa27d8b43a83705fddf1e#6fff6c43fc679fc95ce1b4b26e89c714ea200c90,build_found,65be0b004ad656a126cd67d62c04488a71135893,11149491,2013-09-09 12:45:29,2,7376458a65a7ef7784347b5b48a222260faf2f76,1,7376458a65a7ef7784347b5b48a222260faf2f76,e262d5fb8f2e1b6afd2d5f4a57028e4dd726d455,597cb2cc8202b00a02e013463d049f00fc2934e7,0,0,0,10,8,0,0,2,0,0,2,0,0,25,182,1609.89010989011,197.802197802198,230.769230769231,0.0,64,2013-09-11 16:11:17,2013-09-09 14:02:41,failed,353,"[11151986, 11151984, 11151985]",12,11151985,ruby,broken,,ruby,rspec,1.0,,35,1,36,0,,31.48,,0
11213303,grosser/wwtd,0.0,,,ruby,,master,1,58e4cb9d32cf68f80562aecd667951562a4e4500,build_found,e262d5fb8f2e1b6afd2d5f4a57028e4dd726d455,10902624,2013-09-10 21:08:03,2,58e4cb9d32cf68f80562aecd667951562a4e4500,1,58e4cb9d32cf68f80562aecd667951562a4e4500,,58e4cb9d32cf68f80562aecd667951562a4e4500,,0,,0,1,0,0,1,0,0,1,0,0,2,176,1625.0,198.863636363636,232.954545454545,1.0,,2013-09-10 21:08:10,2013-09-10 21:08:50,passed,390,"[11213304, 11213305, 11213306]",13,11213305,ruby,ok,,ruby,rspec,1.0,,35,0,35,0,,36.8,,0
11239214,grosser/wwtd,1.0,2013-09-09 11:57:07,6,ruby,merge_button,master,5,65be0b004ad656a126cd67d62c04488a71135893#7376458a65a7ef7784347b5b48a222260faf2f76#2527f03ef97840b96afda672d5401e70cba1b58d#0b6a44fdf0f9d5c5d73aa27d8b43a83705fddf1e#6fff6c43fc679fc95ce1b4b26e89c714ea200c90,build_found,7376458a65a7ef7784347b5b48a222260faf2f76,11151983,2013-09-09 12:45:29,2,0b6a44fdf0f9d5c5d73aa27d8b43a83705fddf1e#2527f03ef97840b96afda672d5401e70cba1b58d,2,0b6a44fdf0f9d5c5d73aa27d8b43a83705fddf1e,58e4cb9d32cf68f80562aecd667951562a4e4500,9d8b5a4a091de8b4cd336c3224a95f0173e0aec5,2,0,4,0,10,0,0,2,0,0,2,0,0,21,182,1598.9010989011,197.802197802198,230.769230769231,0.0,64,2013-09-11 16:11:17,2013-09-11 14:32:19,failed,381,"[11239215, 11239216, 11239217]",14,11239217,ruby,broken,,ruby,rspec,1.0,,34,2,36,0,,30.4,,0
11243863,grosser/wwtd,0.0,,,ruby,,master,5,65be0b004ad656a126cd67d62c04488a71135893#7376458a65a7ef7784347b5b48a222260faf2f76#2527f03ef97840b96afda672d5401e70cba1b58d#0b6a44fdf0f9d5c5d73aa27d8b43a83705fddf1e#6fff6c43fc679fc95ce1b4b26e89c714ea200c90,merge_found,,,2013-09-09 12:45:29,2,6fff6c43fc679fc95ce1b4b26e89c714ea200c90,1,6fff6c43fc679fc95ce1b4b26e89c714ea200c90,,6fff6c43fc679fc95ce1b4b26e89c714ea200c90,,0,,10,6,0,0,2,0,0,2,0,0,27,182,1598.9010989011,197.802197802198,230.769230769231,1.0,,2013-09-11 16:11:17,2013-09-11 16:16:50,failed,437,"[11243864, 11243865, 11243866]",15,11243866,ruby,broken,,ruby,rspec,1.0,,35,1,36,0,,14.3,,0
11243883,grosser/wwtd,0.0,,,ruby,,master,1,6ca91f96b9b44203bd2644e710301551ccf03ae0,build_found,6fff6c43fc679fc95ce1b4b26e89c714ea200c90,11243863,2013-09-11 16:12:05,2,6ca91f96b9b44203bd2644e710301551ccf03ae0,1,6ca91f96b9b44203bd2644e710301551ccf03ae0,,6ca91f96b9b44203bd2644e710301551ccf03ae0,,0,,0,2,0,0,1,0,0,1,0,0,22,182,1598.9010989011,197.802197802198,230.769230769231,1.0,,2013-09-11 16:12:09,2013-09-11 16:17:51,failed,348,"[11243884, 11243885, 11243886]",16,11243885,ruby,broken,,ruby,rspec,1.0,,35,1,36,0,,14.79,,0
11243983,grosser/wwtd,0.0,,,ruby,,master,1,1bfbd5c6dea77f2e2b59028abd518c5cf02ea219,build_found,6ca91f96b9b44203bd2644e710301551ccf03ae0,11243883,2013-09-11 16:15:40,2,1bfbd5c6dea77f2e2b59028abd518c5cf02ea219,1,1bfbd5c6dea77f2e2b59028abd518c5cf02ea219,,1bfbd5c6dea77f2e2b59028abd518c5cf02ea219,,0,,2,0,0,0,1,0,0,1,0,0,26,182,1598.9010989011,197.802197802198,230.769230769231,1.0,,2013-09-11 16:15:44,2013-09-11 16:25:06,passed,527,"[11243984, 11243985, 11243986]",17,11243984,ruby,ok,,ruby,rspec,1.0,,36,0,36,0,,41.77,,0
11244189,grosser/wwtd,0.0,,,ruby,,master,3,e1a9dcaed3e1177a1f0c9af9c41779f2ccf8a435#06cb04daf10796f704f65c77d30d596465cc4f13#aa9bc58696f922059393eb9c1084f59bdcf8a739,build_found,1bfbd5c6dea77f2e2b59028abd518c5cf02ea219,11243983,2013-09-11 16:16:44,2,aa9bc58696f922059393eb9c1084f59bdcf8a739#06cb04daf10796f704f65c77d30d596465cc4f13#e1a9dcaed3e1177a1f0c9af9c41779f2ccf8a435,3,aa9bc58696f922059393eb9c1084f59bdcf8a739,,aa9bc58696f922059393eb9c1084f59bdcf8a739,,0,,12,2,0,0,4,0,0,4,0,0,31,182,1598.9010989011,197.802197802198,230.769230769231,1.0,,2013-09-11 16:21:55,2013-09-11 16:26:50,passed,535,"[11244190, 11244191, 11244192]",18,11244192,ruby,ok,,ruby,rspec,1.0,,36,0,36,0,,58.7,,0
11665281,grosser/wwtd,0.0,,,ruby,,master,2,8cfcce4992c45255620ea5402e901769893b1cf1#ea53bdc47dafaa62289737b0feca3bc3ab049701,build_found,aa9bc58696f922059393eb9c1084f59bdcf8a739,11244189,2013-09-22 14:28:42,2,ea53bdc47dafaa62289737b0feca3bc3ab049701#8cfcce4992c45255620ea5402e901769893b1cf1,2,ea53bdc47dafaa62289737b0feca3bc3ab049701,,ea53bdc47dafaa62289737b0feca3bc3ab049701,,0,,26,8,0,0,4,0,0,4,0,0,38,176,1653.40909090909,204.545454545455,238.636363636364,1.0,,2013-09-22 20:30:12,2013-09-22 20:30:46,passed,273,"[11665282, 11665283, 11665284]",25,11665284,ruby,ok,,ruby,rspec,1.0,,36,0,36,0,,4.54,,0
13771546,grosser/wwtd,0.0,,,ruby,,master,2,5f791b186e7fb83fcd31a11202270f5574395448#613c23c58fb38361c23c0494841de2db83725ce8,build_found,ea53bdc47dafaa62289737b0feca3bc3ab049701,11665281,2013-11-10 18:24:01,2,613c23c58fb38361c23c0494841de2db83725ce8#5f791b186e7fb83fcd31a11202270f5574395448,2,613c23c58fb38361c23c0494841de2db83725ce8,,613c23c58fb38361c23c0494841de2db83725ce8,,0,,17,0,1,0,3,0,0,4,0,0,19,180,1616.66666666667,200.0,233.333333333333,1.0,,2013-11-10 18:24:13,2013-11-10 18:25:34,passed,433,"[13771547, 13771548, 13771549]",26,13771549,ruby,ok,,ruby,rspec,1.0,,36,0,36,0,,5.43,,0
13783409,grosser/wwtd,0.0,,,ruby,,master,2,7b4a3dbb8db084d413e6dd50dfe16117a09e4e5c#34b5fc8119948864a5e85d1df01a947d1fd5392f,build_found,613c23c58fb38361c23c0494841de2db83725ce8,13771550,2013-11-11 00:14:10,2,34b5fc8119948864a5e85d1df01a947d1fd5392f#7b4a3dbb8db084d413e6dd50dfe16117a09e4e5c,2,34b5fc8119948864a5e85d1df01a947d1fd5392f,,34b5fc8119948864a5e85d1df01a947d1fd5392f,,0,,11,0,0,0,3,0,0,3,0,0,12,185,1572.97297297297,194.594594594595,227.027027027027,1.0,,2013-11-11 00:14:47,2013-11-11 00:17:32,passed,241,"[13783410, 13783411, 13783412]",28,13783410,ruby,ok,,ruby,rspec,1.0,,36,0,36,0,,51.41,,0
13929060,grosser/wwtd,0.0,,,ruby,,master,1,38cd105fa4600912af280155f1390b0ff75fc497,build_found,34b5fc8119948864a5e85d1df01a947d1fd5392f,13783413,2013-11-13 18:45:27,2,38cd105fa4600912af280155f1390b0ff75fc497,1,38cd105fa4600912af280155f1390b0ff75fc497,,38cd105fa4600912af280155f1390b0ff75fc497,,0,,55,0,0,0,2,0,0,2,0,0,31,223,1304.93273542601,161.434977578475,188.340807174888,1.0,,2013-11-13 18:58:30,2013-11-13 18:59:16,failed,392,"[13929061, 13929062, 13929063]",30,13929063,ruby,ok,,ruby,rspec,1.0,,36,0,36,0,,29.5,,0
13934178,grosser/wwtd,0.0,,,ruby,,master,2,72068a46c163a84fbdf5a57e39756f86c0adfa24#a1c824400b49740aa3279bd0bc9822ac55013bdc,build_found,38cd105fa4600912af280155f1390b0ff75fc497,13929060,2013-11-13 19:12:58,2,a1c824400b49740aa3279bd0bc9822ac55013bdc#72068a46c163a84fbdf5a57e39756f86c0adfa24,2,a1c824400b49740aa3279bd0bc9822ac55013bdc,,a1c824400b49740aa3279bd0bc9822ac55013bdc,,0,,55,6,0,0,2,0,0,2,0,0,33,253,1169.9604743083,146.245059288538,166.00790513834,1.0,,2013-11-13 20:45:56,2013-11-13 20:46:41,failed,334,"[13934179, 13934180, 13934181]",31,13934180,ruby,ok,,ruby,rspec,1.0,,37,0,37,0,,10.55,,0
13934335,grosser/wwtd,0.0,,,ruby,,master,1,52251f617cc991f035a47b3e82cac30d11c3dbaf,build_found,a1c824400b49740aa3279bd0bc9822ac55013bdc,13934178,2013-11-13 20:50:27,2,52251f617cc991f035a47b3e82cac30d11c3dbaf,1,52251f617cc991f035a47b3e82cac30d11c3dbaf,,52251f617cc991f035a47b3e82cac30d11c3dbaf,,0,,4,0,0,0,2,0,0,2,0,0,12,253,1169.9604743083,146.245059288538,166.00790513834,1.0,,2013-11-13 20:50:31,2013-11-13 20:51:30,passed,270,"[13934336, 13934337, 13934338]",32,13934337,ruby,ok,,ruby,rspec,1.0,,37,0,37,0,,10.24,,0
13938891,grosser/wwtd,0.0,,,ruby,,master,5,64f6372c330d4705df4b2ac964f7bc61e7782da3#80dc51bb3696ec482dd1eab1a42edf4b77ab33cb#8192b49650d14d34ae78f5220317808d0488945e#59783a24e33bceb04d854c3da2c07ca91c1ce357#3495891b37cc6aa5b4036cc9f9365c354487f242,build_found,52251f617cc991f035a47b3e82cac30d11c3dbaf,13934339,2013-11-13 21:43:04,2,3495891b37cc6aa5b4036cc9f9365c354487f242#59783a24e33bceb04d854c3da2c07ca91c1ce357#8192b49650d14d34ae78f5220317808d0488945e#80dc51bb3696ec482dd1eab1a42edf4b77ab33cb#64f6372c330d4705df4b2ac964f7bc61e7782da3,5,3495891b37cc6aa5b4036cc9f9365c354487f242,,3495891b37cc6aa5b4036cc9f9365c354487f242,,0,,92,5,0,0,5,0,0,5,0,0,48,247,1214.57489878542,153.846153846154,174.089068825911,1.0,,2013-11-13 22:10:40,2013-11-13 22:12:25,failed,311,"[13938892, 13938893, 13938894]",34,13938894,ruby,ok,,ruby,rspec,1.0,,38,0,38,0,,15.6,,0
13939279,grosser/wwtd,0.0,,,ruby,,master,2,1a6b1688321f24a847cfc8be238783eecc13a8f2#16bf6a1d831ce549ba4f4758f7c6adfbb2f2cd95,build_found,3495891b37cc6aa5b4036cc9f9365c354487f242,13938895,2013-11-13 22:18:54,2,16bf6a1d831ce549ba4f4758f7c6adfbb2f2cd95#1a6b1688321f24a847cfc8be238783eecc13a8f2,2,16bf6a1d831ce549ba4f4758f7c6adfbb2f2cd95,,16bf6a1d831ce549ba4f4758f7c6adfbb2f2cd95,,0,,13,0,0,0,3,0,0,3,0,0,17,253,1185.77075098814,150.197628458498,169.9604743083,1.0,,2013-11-13 22:19:11,2013-11-13 22:20:37,failed,380,"[13939280, 13939281, 13939282]",36,13939281,ruby,broken,,ruby,rspec,1.0,,37,1,38,0,,33.08,,0
13939831,grosser/wwtd,0.0,,,ruby,,master,1,8b0220364ebcadc7f9898b303ab5014b2b19756b,build_found,16bf6a1d831ce549ba4f4758f7c6adfbb2f2cd95,13939283,2013-11-13 22:32:26,2,8b0220364ebcadc7f9898b303ab5014b2b19756b,1,8b0220364ebcadc7f9898b303ab5014b2b19756b,,8b0220364ebcadc7f9898b303ab5014b2b19756b,,0,,0,2,0,0,1,0,0,1,0,0,27,253,1185.77075098814,150.197628458498,169.9604743083,1.0,,2013-11-13 22:32:29,2013-11-13 22:33:08,passed,363,"[13939832, 13939833, 13939834]",38,13939833,ruby,ok,,ruby,rspec,1.0,,38,0,38,0,,33.4,,0
14238895,grosser/wwtd,0.0,,,ruby,,master,3,bd07a28eace41760d7761e5ff47f13d42975b4b0#b7ca00745263ebe450409ee0d7a398e7fd3d9c22#b65ad723430ca5b501f0172f18b13a704efd1771,build_found,8b0220364ebcadc7f9898b303ab5014b2b19756b,13939831,2013-11-20 06:21:28,2,b65ad723430ca5b501f0172f18b13a704efd1771#b7ca00745263ebe450409ee0d7a398e7fd3d9c22#bd07a28eace41760d7761e5ff47f13d42975b4b0,3,b65ad723430ca5b501f0172f18b13a704efd1771,,b65ad723430ca5b501f0172f18b13a704efd1771,,0,,402,7,3,0,5,0,0,7,0,1,53,294,1023.80952380952,129.251700680272,149.659863945578,1.0,,2013-11-20 07:31:27,2013-11-20 07:32:04,passed,244,"[14238896, 14238897, 14238898]",39,14238898,ruby,ok,,ruby,rspec,1.0,,38,0,38,0,,6.36,,0
14257223,grosser/wwtd,0.0,,,ruby,,master,1,faf08acde52c0339c9eb534d14c572b9196cbf3d,build_found,b65ad723430ca5b501f0172f18b13a704efd1771,14238899,2013-11-20 15:19:01,2,faf08acde52c0339c9eb534d14c572b9196cbf3d,1,faf08acde52c0339c9eb534d14c572b9196cbf3d,,faf08acde52c0339c9eb534d14c572b9196cbf3d,,0,,75,0,0,1,2,0,0,3,0,0,37,279,1078.85304659498,136.200716845878,157.706093189964,1.0,,2013-11-20 15:30:01,2013-11-20 15:30:51,failed,332,"[14257224, 14257225, 14257226]",41,14257226,ruby,broken,,ruby,rspec,1.0,,37,1,38,0,,24.87,,0
14282093,grosser/wwtd,0.0,,,ruby,,master,2,9b913d5b7088322c7d3ca64d80ce8814692c6960#799453fedfe6a371606fbe8c768a6900ffa283db,build_found,faf08acde52c0339c9eb534d14c572b9196cbf3d,14257223,2013-11-20 23:22:45,2,799453fedfe6a371606fbe8c768a6900ffa283db#9b913d5b7088322c7d3ca64d80ce8814692c6960,2,799453fedfe6a371606fbe8c768a6900ffa283db,,799453fedfe6a371606fbe8c768a6900ffa283db,,0,,6,0,0,0,3,0,0,3,0,0,20,279,1078.85304659498,136.200716845878,157.706093189964,1.0,,2013-11-20 23:22:59,2013-11-20 23:23:47,passed,314,"[14282094, 14282095, 14282096]",42,14282096,ruby,ok,,ruby,rspec,1.0,,38,0,38,0,,12.09,,0
14282536,grosser/wwtd,0.0,,,ruby,,master,1,486ba21782a8c031e948303d1beaaec59d984f83,build_found,799453fedfe6a371606fbe8c768a6900ffa283db,14282097,2013-11-20 23:34:06,2,486ba21782a8c031e948303d1beaaec59d984f83,1,486ba21782a8c031e948303d1beaaec59d984f83,,486ba21782a8c031e948303d1beaaec59d984f83,,0,,0,22,0,0,1,0,0,1,0,0,30,279,1146.95340501792,143.36917562724,164.874551971326,1.0,,2013-11-20 23:34:10,2013-11-20 23:34:44,failed,293,"[14282537, 14282538, 14282539]",44,14282538,ruby,broken,,ruby,rspec,1.0,,39,1,40,0,,16.98,,0
14332651,grosser/wwtd,0.0,,,ruby,,master,2,9626789fb975cc9764b52bb838da2e295f27a66d#0777f6e4d1a95a92f894f25a1a3b72ad5d036716,merge_found,,,2013-11-21 19:44:10,2,0777f6e4d1a95a92f894f25a1a3b72ad5d036716,1,0777f6e4d1a95a92f894f25a1a3b72ad5d036716,,0777f6e4d1a95a92f894f25a1a3b72ad5d036716,,0,,4,6,0,0,2,0,0,2,0,0,45,282,1152.48226950355,145.390070921986,166.666666666667,1.0,,2013-11-21 20:39:44,2013-11-21 20:57:27,failed,650,"[14332652, 14332653, 14332654]",49,14332653,ruby,broken,,ruby,rspec,1.0,,40,1,41,0,,45.06,,0
14332696,grosser/wwtd,0.0,,,ruby,,master,1,e3dcde91973d61cf7ff58c2fb691236e9753c23f,build_found,0777f6e4d1a95a92f894f25a1a3b72ad5d036716,14332651,2013-11-21 20:40:37,2,e3dcde91973d61cf7ff58c2fb691236e9753c23f,1,e3dcde91973d61cf7ff58c2fb691236e9753c23f,,e3dcde91973d61cf7ff58c2fb691236e9753c23f,,0,,4,0,0,0,2,0,0,2,0,0,17,282,1152.48226950355,145.390070921986,166.666666666667,1.0,,2013-11-21 20:40:42,2013-11-21 21:07:32,failed,342,"[14332697, 14332698, 14332699]",50,14332699,ruby,ok,,ruby,rspec,1.0,,41,0,41,0,,19.28,,0
14401225,grosser/wwtd,0.0,,,ruby,,master,2,cb3e8eb8e8f1d28bd77dcf860ce9f6e2931b9980#c4d86d6cd671e0a26ad32c006a8c8ce0872b9698,build_found,e3dcde91973d61cf7ff58c2fb691236e9753c23f,14332700,2013-11-23 02:11:53,2,c4d86d6cd671e0a26ad32c006a8c8ce0872b9698#cb3e8eb8e8f1d28bd77dcf860ce9f6e2931b9980,2,c4d86d6cd671e0a26ad32c006a8c8ce0872b9698,,c4d86d6cd671e0a26ad32c006a8c8ce0872b9698,,1,,6,0,0,0,3,0,0,3,0,0,19,282,1152.48226950355,145.390070921986,166.666666666667,1.0,,2013-11-23 02:12:10,2013-11-23 02:13:05,failed,324,"[14401226, 14401227, 14401228]",52,14401226,ruby,ok,,ruby,rspec,1.0,,41,0,41,0,,13.32,,0
14405880,grosser/wwtd,0.0,,,ruby,,master,8,27cb0e37ed9043c66a623ac99769b3b5d87d9130#8b2431d75c80e12241751fab140cfe8e8a75a0c6#1aaf57cf9c52300c42d54fdf7a377ac2c04ac414#e3cd155417d74897543d2dd192dc96421aac5ea7#c7955bf345fd0d321e97ec3cc993e0081b53b743#7ac8ff24c4b29b8afacb639c7ae25c000cec5f25#fd3beca08ae03b270856e5a4599de5c780b9b207#98d6aacf62f2dbc2889483c1f21a787f7cb01eaf,build_found,c4d86d6cd671e0a26ad32c006a8c8ce0872b9698,14401229,2013-11-23 04:36:03,2,98d6aacf62f2dbc2889483c1f21a787f7cb01eaf#fd3beca08ae03b270856e5a4599de5c780b9b207#7ac8ff24c4b29b8afacb639c7ae25c000cec5f25#c7955bf345fd0d321e97ec3cc993e0081b53b743#e3cd155417d74897543d2dd192dc96421aac5ea7#1aaf57cf9c52300c42d54fdf7a377ac2c04ac414#8b2431d75c80e12241751fab140cfe8e8a75a0c6#27cb0e37ed9043c66a623ac99769b3b5d87d9130,8,98d6aacf62f2dbc2889483c1f21a787f7cb01eaf,,98d6aacf62f2dbc2889483c1f21a787f7cb01eaf,,0,,301,10,1,0,9,0,0,8,0,1,64,324,1003.08641975309,126.543209876543,145.061728395062,1.0,,2013-11-23 06:29:33,2013-11-23 06:30:06,failed,174,"[14405881, 14405882]",54,14405882,ruby,broken,,ruby,rspec,1.0,,40,1,41,0,,2.51,,0
14405898,grosser/wwtd,0.0,,,ruby,,master,1,cff802e63cf6f240c60a088971b0ba22ed0876d8,build_found,98d6aacf62f2dbc2889483c1f21a787f7cb01eaf,14405883,2013-11-23 06:29:56,2,cff802e63cf6f240c60a088971b0ba22ed0876d8,1,cff802e63cf6f240c60a088971b0ba22ed0876d8,,cff802e63cf6f240c60a088971b0ba22ed0876d8,,0,,1,0,0,0,1,0,0,1,0,0,13,324,1003.08641975309,126.543209876543,145.061728395062,1.0,,2013-11-23 06:30:03,2013-11-23 06:30:39,failed,190,"[14405899, 14405900]",56,14405900,ruby,broken,,ruby,rspec,1.0,,40,1,41,0,,14.13,,0
14406042,grosser/wwtd,0.0,,,ruby,,master,1,74bf26719e373a3d4909984b00252f7e6693c28a,build_found,cff802e63cf6f240c60a088971b0ba22ed0876d8,14405898,2013-11-23 06:35:38,2,74bf26719e373a3d4909984b00252f7e6693c28a,1,74bf26719e373a3d4909984b00252f7e6693c28a,,74bf26719e373a3d4909984b00252f7e6693c28a,,0,,6,0,0,0,1,0,0,1,0,0,45,322,1009.31677018634,127.329192546584,145.962732919255,1.0,,2013-11-23 06:36:43,2013-11-23 06:37:18,failed,175,"[14406043, 14406044]",57,14406044,ruby,broken,,ruby,rspec,1.0,,40,1,41,0,,1.44,,0
14406247,grosser/wwtd,0.0,,,ruby,,master,1,3d47d0f02ea58da5bd9185f2ad8e3fc9fcd3e82d,build_found,74bf26719e373a3d4909984b00252f7e6693c28a,14406042,2013-11-23 06:43:50,2,3d47d0f02ea58da5bd9185f2ad8e3fc9fcd3e82d,1,3d47d0f02ea58da5bd9185f2ad8e3fc9fcd3e82d,,3d47d0f02ea58da5bd9185f2ad8e3fc9fcd3e82d,,0,,0,16,0,0,1,0,0,1,0,0,36,322,1037.26708074534,127.329192546584,145.962732919255,1.0,,2013-11-23 06:43:53,2013-11-23 06:44:28,passed,188,"[14406248, 14406249]",58,14406248,ruby,ok,,ruby,rspec,1.0,,41,0,41,1,,7.27,,0
14417357,grosser/wwtd,0.0,,,ruby,,master,2,9222a6155ccbbf1240e326e17bfcaeef8cae4175#4cd9efd04c4b119a88f4186b83eda63039496600,build_found,3d47d0f02ea58da5bd9185f2ad8e3fc9fcd3e82d,14406247,2013-11-23 15:32:29,2,4cd9efd04c4b119a88f4186b83eda63039496600#9222a6155ccbbf1240e326e17bfcaeef8cae4175,2,4cd9efd04c4b119a88f4186b83eda63039496600,,4cd9efd04c4b119a88f4186b83eda63039496600,,0,,18,0,0,0,3,0,0,3,0,0,64,321,1040.4984423676,127.725856697819,146.417445482866,1.0,,2013-11-23 15:42:29,2013-11-23 15:43:18,failed,208,"[14417358, 14417361]",59,14417361,ruby,ok,,ruby,rspec,1.0,,41,0,41,1,,19.51,,0
14445600,grosser/wwtd,1.0,2013-11-24 11:13:24,9,ruby,merge_button,master,2,074d512453946b1cb4a0c93f9b3bd88995a78743#1ab8de55b187534c0bb487b633d308a95de62c9e,build_found,4cd9efd04c4b119a88f4186b83eda63039496600,14417363,2013-11-24 11:44:09,2,074d512453946b1cb4a0c93f9b3bd88995a78743,1,074d512453946b1cb4a0c93f9b3bd88995a78743,4cd9efd04c4b119a88f4186b83eda63039496600,46af31ea75e097b1d79e6ae6617a58956d64fa86,0,0,0,2,0,0,0,1,0,0,1,0,0,3,321,1040.4984423676,127.725856697819,146.417445482866,0.0,73,2013-11-24 23:22:14,2013-11-24 12:13:53,passed,180,"[14445601, 14445602]",61,14445601,ruby,ok,,ruby,rspec,1.0,,41,0,41,1,,0.75,,0
14466000,grosser/wwtd,0.0,,,ruby,,master,2,074d512453946b1cb4a0c93f9b3bd88995a78743#1ab8de55b187534c0bb487b633d308a95de62c9e,merge_found,,,2013-11-24 11:44:09,2,1ab8de55b187534c0bb487b633d308a95de62c9e,1,1ab8de55b187534c0bb487b633d308a95de62c9e,,1ab8de55b187534c0bb487b633d308a95de62c9e,,0,,2,0,0,0,1,0,0,1,0,0,4,321,1040.4984423676,127.725856697819,146.417445482866,1.0,,2013-11-24 23:22:14,2013-11-24 23:22:48,failed,194,"[14466001, 14466002]",62,14466002,ruby,broken,,ruby,rspec,1.0,,40,1,41,1,,14.35,,0
14466012,grosser/wwtd,0.0,,,ruby,,master,1,9dfb9930cb8bcba78f7292ee1f2b7538b1adb277,build_found,1ab8de55b187534c0bb487b633d308a95de62c9e,14466000,2013-11-24 23:22:32,2,9dfb9930cb8bcba78f7292ee1f2b7538b1adb277,1,9dfb9930cb8bcba78f7292ee1f2b7538b1adb277,,9dfb9930cb8bcba78f7292ee1f2b7538b1adb277,,0,,4,0,0,0,2,0,0,2,0,0,22,321,1040.4984423676,127.725856697819,146.417445482866,1.0,,2013-11-24 23:22:38,2013-11-24 23:24:55,passed,266,"[14466013, 14466014]",63,14466014,ruby,ok,,ruby,rspec,1.0,,41,0,41,1,,0.2,,0
14518162,grosser/wwtd,0.0,,,ruby,,master,2,265f12df4d36d8ba90913508fd5fa18c02b2d5af#5566c568b641cb45e82da14b8a6323f9a9c97d75,merge_found,,,2013-11-25 20:25:43,2,5566c568b641cb45e82da14b8a6323f9a9c97d75,1,5566c568b641cb45e82da14b8a6323f9a9c97d75,,5566c568b641cb45e82da14b8a6323f9a9c97d75,,0,,2,7,0,0,2,0,0,2,0,0,40,321,1059.19003115265,130.841121495327,149.532710280374,1.0,,2013-11-25 23:04:44,2013-11-25 23:08:59,passed,197,"[14518163, 14518164]",70,14518164,ruby,ok,,ruby,rspec,1.0,,42,0,42,1,,14.23,,0
14518169,grosser/wwtd,0.0,,,ruby,,master,1,d9a8e22668ff8d858c3f9f4791a86dbd002b030b,build_found,5566c568b641cb45e82da14b8a6323f9a9c97d75,14518162,2013-11-25 23:05:00,2,d9a8e22668ff8d858c3f9f4791a86dbd002b030b,1,d9a8e22668ff8d858c3f9f4791a86dbd002b030b,,d9a8e22668ff8d858c3f9f4791a86dbd002b030b,,0,,4,0,0,0,2,0,0,2,0,0,23,321,1059.19003115265,130.841121495327,149.532710280374,1.0,,2013-11-25 23:05:05,2013-11-25 23:08:50,failed,234,"[14518170, 14518172]",71,14518170,ruby,ok,,ruby,rspec,1.0,,42,0,42,1,,20.97,,0
14518198,grosser/wwtd,0.0,,,ruby,,master,1,e705c276c1a03ec998e3fe4900bfb3a9fb6d6605,build_found,d9a8e22668ff8d858c3f9f4791a86dbd002b030b,14518174,2013-11-25 23:05:31,2,e705c276c1a03ec998e3fe4900bfb3a9fb6d6605,1,e705c276c1a03ec998e3fe4900bfb3a9fb6d6605,,e705c276c1a03ec998e3fe4900bfb3a9fb6d6605,,0,,1,0,0,0,1,0,0,1,0,0,14,321,1059.19003115265,130.841121495327,149.532710280374,1.0,,2013-11-25 23:05:35,2013-11-25 23:14:48,failed,259,"[14518199, 14518200]",73,14518199,ruby,ok,,ruby,rspec,1.0,,42,0,42,1,,0.0,,0
14554777,grosser/wwtd,1.0,2013-11-25 23:49:41,13,ruby,merge_button,master,1,a8e4849b4e37967a66cdb0272625db93b5c594bc,build_found,e705c276c1a03ec998e3fe4900bfb3a9fb6d6605,14518198,2013-11-26 00:48:00,2,a8e4849b4e37967a66cdb0272625db93b5c594bc,1,a8e4849b4e37967a66cdb0272625db93b5c594bc,e705c276c1a03ec998e3fe4900bfb3a9fb6d6605,07879a01814697cee7d64f451dfafd56f345e34d,6,0,0,4,0,0,0,1,0,0,1,0,0,5,323,1052.63157894737,130.030959752322,148.606811145511,0.0,18,2013-11-26 16:52:11,2013-11-26 17:39:20,passed,211,"[14554778, 14554779]",78,14554779,ruby,ok,,ruby,rspec,1.0,,42,0,42,1,,12.16,,0
14557340,grosser/wwtd,0.0,,,ruby,,master,2,a8e4849b4e37967a66cdb0272625db93b5c594bc#c4159e5717684a38eeb4c9bea23958b406cc9764,merge_found,,,2013-11-26 00:48:00,2,c4159e5717684a38eeb4c9bea23958b406cc9764,1,c4159e5717684a38eeb4c9bea23958b406cc9764,,c4159e5717684a38eeb4c9bea23958b406cc9764,,0,,4,0,0,0,1,0,0,1,0,0,6,323,1052.63157894737,130.030959752322,148.606811145511,1.0,,2013-11-26 17:44:14,2013-11-26 17:44:55,failed,230,"[14557342, 14557345]",79,14557345,ruby,broken,,ruby,rspec,1.0,,41,1,42,1,,28.94,,0
14557416,grosser/wwtd,0.0,,,ruby,,master,1,6d625bead1210faa6a43f0131d17619fbe78cfb4,build_found,c4159e5717684a38eeb4c9bea23958b406cc9764,14557340,2013-11-26 17:45:45,2,6d625bead1210faa6a43f0131d17619fbe78cfb4,1,6d625bead1210faa6a43f0131d17619fbe78cfb4,,6d625bead1210faa6a43f0131d17619fbe78cfb4,,0,,4,0,0,0,2,0,0,2,0,0,24,323,1052.63157894737,130.030959752322,148.606811145511,1.0,,2013-11-26 17:45:51,2013-11-26 17:46:24,passed,206,"[14557417, 14557418]",80,14557417,ruby,ok,,ruby,rspec,1.0,,42,0,42,1,,18.07,,0
17502231,grosser/wwtd,0.0,,,ruby,,master,2,a9bed45c249b70eea8066bd9ba2016fbda506b9a#ed6d8a55034f2068db09952f15de9a24c6ac1c50,build_found,6d625bead1210faa6a43f0131d17619fbe78cfb4,14557421,2014-01-23 20:05:12,2,ed6d8a55034f2068db09952f15de9a24c6ac1c50#a9bed45c249b70eea8066bd9ba2016fbda506b9a,2,ed6d8a55034f2068db09952f15de9a24c6ac1c50,,ed6d8a55034f2068db09952f15de9a24c6ac1c50,,0,,13,8,0,0,4,0,0,4,0,0,67,324,1070.98765432099,132.716049382716,151.234567901235,1.0,,2014-01-23 20:05:22,2014-01-23 20:06:02,failed,205,"[17502232, 17502233]",82,17502232,ruby,broken,,ruby,rspec,1.0,,39,4,43,0,,13.5,,0
19162625,grosser/wwtd,1.0,2014-02-19 03:56:31,15,ruby,commits_in_master,master,2,343d0db9304d6ae9a705d60005b9309e4f0b613f#5535742d377799ee64e02c394577d48ac1cf839f,build_found,ed6d8a55034f2068db09952f15de9a24c6ac1c50,17502234,2014-02-19 04:55:34,2,343d0db9304d6ae9a705d60005b9309e4f0b613f,1,343d0db9304d6ae9a705d60005b9309e4f0b613f,ed6d8a55034f2068db09952f15de9a24c6ac1c50,b1c13aff7c262d2c6c3b19fbe7a0f8fe1911a3d0,0,0,0,8,8,0,0,2,0,0,2,0,0,58,328,1070.12195121951,131.09756097561,149.390243902439,0.0,27,2014-02-19 06:54:30,2014-02-19 04:57:15,failed,197,"[19162626, 19162627]",84,19162626,ruby,broken,,ruby,rspec,1.0,,41,2,43,0,,11.41,,0
19165848,grosser/wwtd,0.0,,,ruby,,master,2,343d0db9304d6ae9a705d60005b9309e4f0b613f#5535742d377799ee64e02c394577d48ac1cf839f,merge_found,,,2014-02-19 04:55:34,2,5535742d377799ee64e02c394577d48ac1cf839f,1,5535742d377799ee64e02c394577d48ac1cf839f,,5535742d377799ee64e02c394577d48ac1cf839f,,0,,8,8,0,0,2,0,0,2,0,0,59,328,1070.12195121951,131.09756097561,149.390243902439,1.0,,2014-02-19 06:54:30,2014-02-19 06:55:01,failed,193,"[19165849, 19165850]",85,19165849,ruby,broken,,ruby,rspec,1.0,,41,2,43,0,,10.95,,0
19166209,grosser/wwtd,0.0,,,ruby,,master,5,c607e6491c66600fb56c99730ef1d23ec4176f4e#8d3b2b554f439c0401784ab4a58002fd7b1cbf90#24d26726148654604d9f953db608a6465a41fdc5#c8359fe412d6c3181d09300c948b6898d8d6b03e#1d95b0722a6f88f04710cbb0d02fb6cd9ee4804f,build_found,5535742d377799ee64e02c394577d48ac1cf839f,19165848,2014-02-19 06:57:22,2,1d95b0722a6f88f04710cbb0d02fb6cd9ee4804f#c8359fe412d6c3181d09300c948b6898d8d6b03e#24d26726148654604d9f953db608a6465a41fdc5#8d3b2b554f439c0401784ab4a58002fd7b1cbf90#c607e6491c66600fb56c99730ef1d23ec4176f4e,5,1d95b0722a6f88f04710cbb0d02fb6cd9ee4804f,,1d95b0722a6f88f04710cbb0d02fb6cd9ee4804f,,0,,18,24,0,0,6,0,0,5,0,1,88,329,1033.43465045593,130.699088145897,148.936170212766,1.0,,2014-02-19 07:10:03,2014-02-19 07:10:35,passed,206,"[19166210, 19166211]",86,19166211,ruby,ok,,ruby,rspec,1.0,,43,0,43,0,,17.06,,0
20665361,grosser/wwtd,0.0,,,ruby,,master,2,413c89ea421d428027916c3beda72a60dab2b646#57a1a705ef261a66dac66ac13238603b58eb7c28,build_found,1d95b0722a6f88f04710cbb0d02fb6cd9ee4804f,19166216,2014-03-13 05:21:57,2,57a1a705ef261a66dac66ac13238603b58eb7c28#413c89ea421d428027916c3beda72a60dab2b646,2,57a1a705ef261a66dac66ac13238603b58eb7c28,,57a1a705ef261a66dac66ac13238603b58eb7c28,,0,,24,13,0,0,4,0,0,4,0,0,68,342,1026.31578947368,128.654970760234,146.198830409357,1.0,,2014-03-13 05:22:14,2014-03-13 05:22:48,passed,284,"[20665362, 20665363]",88,20665363,ruby,ok,,ruby,rspec,1.0,,44,0,44,0,,35.24,,0
24535348,grosser/wwtd,1.0,2014-05-06 11:38:35,18,ruby,merge_button,master,,,build_found,57a1a705ef261a66dac66ac13238603b58eb7c28,20665364,,2,af6b181a87e52603cb1abe69fdeb3d00a60e4502#eb2a669589b5a2f57cb64e8914a772b88204ba7c,2,af6b181a87e52603cb1abe69fdeb3d00a60e4502,57a1a705ef261a66dac66ac13238603b58eb7c28,470189649bca42b0aacacfa89305400255a4dc0e,1,0,0,1,6,0,0,2,0,0,2,0,0,46,343,1037.90087463557,131.195335276968,148.68804664723,0.0,10,,2014-05-06 13:39:55,failed,389,"[24535349, 24535350]",90,24535349,ruby,ok,,ruby,rspec,1.0,,45,0,45,0,,11.1,,0
24547177,grosser/wwtd,0.0,,,ruby,,master,,,merge_found,,,,2,20c62ff52bf2635b23333ed24293a5badb4d810d,1,20c62ff52bf2635b23333ed24293a5badb4d810d,,20c62ff52bf2635b23333ed24293a5badb4d810d,,0,,1,6,0,0,2,0,0,2,0,0,48,343,1037.90087463557,131.195335276968,148.68804664723,1.0,,,2014-05-06 15:59:48,failed,316,"[24547178, 24547179]",91,24547179,ruby,broken,,ruby,rspec,1.0,,44,1,45,0,,39.44,,0
24550165,grosser/wwtd,0.0,,,ruby,,master,3,094e15d3f2916388bc26041e0fea61afadd826ca#d96cee591bdbe8958de38bd9ac59fef6b8e7d5d8#2602c739c33f96130e9c10f9963000cc0a84c6c3,build_found,20c62ff52bf2635b23333ed24293a5badb4d810d,24547177,2014-05-06 16:12:02,2,2602c739c33f96130e9c10f9963000cc0a84c6c3#d96cee591bdbe8958de38bd9ac59fef6b8e7d5d8#094e15d3f2916388bc26041e0fea61afadd826ca,3,2602c739c33f96130e9c10f9963000cc0a84c6c3,,2602c739c33f96130e9c10f9963000cc0a84c6c3,,0,,5,18,0,0,4,0,0,4,0,0,79,343,1064.13994169096,134.110787172012,154.518950437318,1.0,,2014-05-06 16:18:34,2014-05-06 16:27:17,failed,299,"[24550166, 24550168]",92,24550166,ruby,ok,,ruby,rspec,1.0,,46,0,46,0,,18.42,,0
24553573,grosser/wwtd,0.0,,,ruby,,master,1,cd39bb50ceb681203768600bfb887c3e983aafda,build_found,2602c739c33f96130e9c10f9963000cc0a84c6c3,24550167,2014-05-06 17:00:13,2,cd39bb50ceb681203768600bfb887c3e983aafda,1,cd39bb50ceb681203768600bfb887c3e983aafda,,cd39bb50ceb681203768600bfb887c3e983aafda,,0,,12,0,0,0,2,0,0,1,0,1,30,343,1064.13994169096,134.110787172012,154.518950437318,1.0,,2014-05-06 17:00:18,2014-05-06 17:06:33,passed,461,"[24553574, 24553575, 24553576]",93,24553574,ruby,ok,,ruby,rspec,1.0,,46,0,46,0,,29.25,,0
27455856,grosser/wwtd,0.0,,,ruby,,master,2,7bf11a1ec42f6006dbdb67327bebc7a610b14588#2659d428e53eb77460310dd50105d291cad6ee76,build_found,cd39bb50ceb681203768600bfb887c3e983aafda,24553573,2014-06-13 01:01:16,2,2659d428e53eb77460310dd50105d291cad6ee76#7bf11a1ec42f6006dbdb67327bebc7a610b14588,2,2659d428e53eb77460310dd50105d291cad6ee76,,2659d428e53eb77460310dd50105d291cad6ee76,,0,,28,6,0,0,7,0,0,7,0,0,103,352,1051.13636363636,133.522727272727,153.409090909091,1.0,,2014-06-13 01:20:21,2014-06-13 01:21:02,passed,252,"[27455857, 27455858, 27455859]",94,27455859,ruby,ok,,ruby,rspec,1.0,,47,0,47,0,,11.58,,0
27506913,grosser/wwtd,0.0,,,ruby,,master,2,c1b22db1a8cb8f825e54f841af17ec376530e872#b3656c38aacf9437787cc78e754140122eaf2301,build_found,2659d428e53eb77460310dd50105d291cad6ee76,27455863,2014-06-13 16:14:54,2,b3656c38aacf9437787cc78e754140122eaf2301#c1b22db1a8cb8f825e54f841af17ec376530e872,2,b3656c38aacf9437787cc78e754140122eaf2301,,b3656c38aacf9437787cc78e754140122eaf2301,,0,,22,26,0,0,4,0,0,4,0,0,95,362,1088.39779005525,132.596685082873,160.220994475138,1.0,,2014-06-13 16:22:26,2014-06-13 16:30:14,failed,518,"[27506914, 27506915, 27506916]",96,27506915,ruby,broken,,ruby,rspec,1.0,,47,1,48,0,,0.0,,0
28244440,grosser/wwtd,0.0,,,ruby,,master,2,b525f31b4c83d42ad175d9a3c2227f27ee9ad1ad#ca971cb8886721ec376d07707c5a2baceba355b3,build_found,b3656c38aacf9437787cc78e754140122eaf2301,27506917,2014-06-23 17:39:26,2,ca971cb8886721ec376d07707c5a2baceba355b3#b525f31b4c83d42ad175d9a3c2227f27ee9ad1ad,2,ca971cb8886721ec376d07707c5a2baceba355b3,,ca971cb8886721ec376d07707c5a2baceba355b3,,0,,6,0,0,0,3,0,0,3,0,0,36,360,1094.44444444444,133.333333333333,161.111111111111,1.0,,2014-06-23 17:39:44,2014-06-23 17:44:42,passed,319,"[28244441, 28244442, 28244443]",98,28244442,ruby,ok,,ruby,rspec,1.0,,48,0,48,0,,0.0,,0
28551631,grosser/wwtd,0.0,,,ruby,,master,1,e6c294a774757feecbbee2e5a91b247fa36a193d,build_found,ca971cb8886721ec376d07707c5a2baceba355b3,28244444,2014-06-27 00:27:21,2,e6c294a774757feecbbee2e5a91b247fa36a193d,1,e6c294a774757feecbbee2e5a91b247fa36a193d,,e6c294a774757feecbbee2e5a91b247fa36a193d,,0,,15,52,0,0,3,0,0,3,0,0,60,363,1096.41873278237,129.476584022039,159.779614325069,1.0,,2014-06-27 00:27:28,2014-06-27 00:28:09,passed,388,"[28551632, 28551633, 28551634]",100,28551634,ruby,ok,,ruby,rspec,1.0,,49,0,49,0,,25.5,,0
28561737,grosser/wwtd,0.0,,,ruby,,master,1,0315824dda409cb3963012bc381ca3cccfbf0ae4,build_found,e6c294a774757feecbbee2e5a91b247fa36a193d,28551631,2014-06-27 04:48:01,2,0315824dda409cb3963012bc381ca3cccfbf0ae4,1,0315824dda409cb3963012bc381ca3cccfbf0ae4,,0315824dda409cb3963012bc381ca3cccfbf0ae4,,0,,4,0,0,0,2,0,0,2,0,0,33,363,1096.41873278237,129.476584022039,159.779614325069,1.0,,2014-06-27 04:48:14,2014-06-27 04:48:47,passed,269,"[28561738, 28561739, 28561740]",101,28561739,ruby,ok,,ruby,rspec,1.0,,49,0,49,0,,15.75,,0
29344301,grosser/wwtd,1.0,2014-07-07 16:16:40,19,ruby,commits_in_master,master,2,d7571cf57ea489a33ebea9ee93fb21525b650bb1#d6c1a74ac497bc0ed8d824e8d80606a5cc3aafda,build_found,0315824dda409cb3963012bc381ca3cccfbf0ae4,28561744,2014-07-07 18:14:38,2,d7571cf57ea489a33ebea9ee93fb21525b650bb1,1,d7571cf57ea489a33ebea9ee93fb21525b650bb1,0315824dda409cb3963012bc381ca3cccfbf0ae4,d251ac7fdf0cc9d78aaa36d7432d25f67ea7945b,0,3,0,54,0,0,0,3,0,0,3,0,0,60,376,1058.51063829787,125.0,154.255319148936,1.0,14,2014-07-08 03:59:06,2014-07-07 18:17:17,failed,301,"[29344302, 29344303, 29344304]",103,29344304,ruby,ok,,ruby,rspec,1.0,,49,0,49,0,,16.93,,0
29381744,grosser/wwtd,0.0,,,ruby,,master,2,d7571cf57ea489a33ebea9ee93fb21525b650bb1#d6c1a74ac497bc0ed8d824e8d80606a5cc3aafda,merge_found,,,2014-07-07 18:14:38,2,d6c1a74ac497bc0ed8d824e8d80606a5cc3aafda,1,d6c1a74ac497bc0ed8d824e8d80606a5cc3aafda,,d6c1a74ac497bc0ed8d824e8d80606a5cc3aafda,,0,,54,0,0,0,3,0,0,3,0,0,61,376,1058.51063829787,125.0,154.255319148936,1.0,,2014-07-08 03:59:06,2014-07-08 03:59:38,failed,255,"[29381745, 29381746, 29381747]",104,29381745,ruby,broken,,ruby,rspec,1.0,,41,8,49,0,,49.1,,0
29382790,grosser/wwtd,0.0,,,ruby,,master,1,714a96eb97acd259c7459625c9cd829f8169add7,build_found,d6c1a74ac497bc0ed8d824e8d80606a5cc3aafda,29381744,2014-07-08 04:06:56,2,714a96eb97acd259c7459625c9cd829f8169add7,1,714a96eb97acd259c7459625c9cd829f8169add7,,714a96eb97acd259c7459625c9cd829f8169add7,,0,,47,20,0,0,4,0,0,4,0,0,62,390,1061.53846153846,128.205128205128,156.410256410256,1.0,,2014-07-08 04:30:53,2014-07-08 04:31:32,failed,220,"[29382791, 29382792, 29382793]",105,29382791,ruby,broken,,ruby,rspec,1.0,,42,10,52,0,,44.15,,0
29383405,grosser/wwtd,0.0,,,ruby,,master,1,daddb2b4bc977062f9d69e2ce00c2c73b89182bf,build_found,714a96eb97acd259c7459625c9cd829f8169add7,29382790,2014-07-08 04:32:09,2,daddb2b4bc977062f9d69e2ce00c2c73b89182bf,1,daddb2b4bc977062f9d69e2ce00c2c73b89182bf,,daddb2b4bc977062f9d69e2ce00c2c73b89182bf,,0,,4,4,0,0,3,0,0,3,0,0,74,390,1061.53846153846,128.205128205128,156.410256410256,1.0,,2014-07-08 04:45:36,2014-07-08 04:46:14,failed,228,"[29383406, 29383407, 29383408]",107,29383406,ruby,broken,,ruby,rspec,1.0,,42,10,52,0,,50.69,,0
29383425,grosser/wwtd,0.0,,,ruby,,master,1,45db23a235f65dadf7f201bb0261db6924d6b8b5,build_found,daddb2b4bc977062f9d69e2ce00c2c73b89182bf,29383405,2014-07-08 04:45:40,2,45db23a235f65dadf7f201bb0261db6924d6b8b5,1,45db23a235f65dadf7f201bb0261db6924d6b8b5,,45db23a235f65dadf7f201bb0261db6924d6b8b5,,0,,4,0,0,0,2,0,0,2,0,0,34,390,1061.53846153846,128.205128205128,156.410256410256,1.0,,2014-07-08 04:45:53,2014-07-08 04:46:24,failed,229,"[29383426, 29383427, 29383428]",108,29383428,ruby,broken,,ruby,rspec,1.0,,51,1,52,0,,5.91,,0
29383514,grosser/wwtd,0.0,,,ruby,,master,1,432af6b253003f0247adaa460e80f645ab9b76d8,build_found,45db23a235f65dadf7f201bb0261db6924d6b8b5,29383429,2014-07-08 04:47:12,2,432af6b253003f0247adaa460e80f645ab9b76d8,1,432af6b253003f0247adaa460e80f645ab9b76d8,,432af6b253003f0247adaa460e80f645ab9b76d8,,0,,1,0,0,0,1,0,0,1,0,0,19,390,1061.53846153846,128.205128205128,156.410256410256,1.0,,2014-07-08 04:47:16,2014-07-08 04:48:40,failed,231,"[29383515, 29383516, 29383517]",110,29383516,ruby,broken,,ruby,rspec,1.0,,51,1,52,0,,9.43,,0
29384556,grosser/wwtd,0.0,,,ruby,,master,1,62f6e07d734408c8d9f26cafb566dc6f833a0285,build_found,432af6b253003f0247adaa460e80f645ab9b76d8,29383514,2014-07-08 05:10:02,2,62f6e07d734408c8d9f26cafb566dc6f833a0285,1,62f6e07d734408c8d9f26cafb566dc6f833a0285,,62f6e07d734408c8d9f26cafb566dc6f833a0285,,0,,25,0,0,0,2,0,0,2,0,0,59,394,1050.7614213198,126.903553299492,154.822335025381,1.0,,2014-07-08 05:10:05,2014-07-08 05:10:51,failed,330,"[29384557, 29384558, 29384559]",111,29384559,ruby,broken,,ruby,rspec,1.0,,51,1,52,0,,54.9,,0
29384681,grosser/wwtd,0.0,,,ruby,,master,1,7b2c013c8793e0ef2b3148a6ec02f71026a1e13c,build_found,62f6e07d734408c8d9f26cafb566dc6f833a0285,29384556,2014-07-08 05:13:11,2,7b2c013c8793e0ef2b3148a6ec02f71026a1e13c,1,7b2c013c8793e0ef2b3148a6ec02f71026a1e13c,,7b2c013c8793e0ef2b3148a6ec02f71026a1e13c,,0,,4,0,0,0,2,0,0,2,0,0,35,394,1050.7614213198,126.903553299492,154.822335025381,1.0,,2014-07-08 05:13:15,2014-07-08 05:13:51,failed,260,"[29384682, 29384683, 29384684]",112,29384684,ruby,broken,,ruby,rspec,1.0,,51,1,52,0,,12.4,,0
29385362,grosser/wwtd,0.0,,,ruby,,master,1,99eac01f3f107fae0b9c09880f863d6ffad865cc,build_found,7b2c013c8793e0ef2b3148a6ec02f71026a1e13c,29384685,2014-07-08 05:25:40,2,99eac01f3f107fae0b9c09880f863d6ffad865cc,1,99eac01f3f107fae0b9c09880f863d6ffad865cc,,99eac01f3f107fae0b9c09880f863d6ffad865cc,,0,,0,2,0,0,1,0,0,1,0,0,52,394,1050.7614213198,126.903553299492,154.822335025381,1.0,,2014-07-08 05:25:42,2014-07-08 05:26:24,failed,278,"[29385363, 29385364, 29385365]",114,29385363,ruby,broken,,ruby,rspec,1.0,,51,1,52,0,,8.74,,0
29793814,grosser/wwtd,0.0,,,ruby,,master,1,511e63358fb944d151c24107c5d4f9e7f79dc738,build_found,99eac01f3f107fae0b9c09880f863d6ffad865cc,29385362,2014-07-12 21:48:03,2,511e63358fb944d151c24107c5d4f9e7f79dc738,1,511e63358fb944d151c24107c5d4f9e7f79dc738,,511e63358fb944d151c24107c5d4f9e7f79dc738,,0,,26,5,0,0,3,0,0,3,0,0,39,394,1060.91370558376,126.903553299492,157.360406091371,1.0,,2014-07-12 21:48:05,2014-07-12 21:48:35,passed,238,"[29793815, 29793816, 29793817]",115,29793817,ruby,ok,,ruby,rspec,1.0,,52,0,52,1,,10.13,,0
29795999,grosser/wwtd,0.0,,,ruby,,master,1,874967302d1abcef6b8dffb12489516899370bdf,build_found,511e63358fb944d151c24107c5d4f9e7f79dc738,29793814,2014-07-12 22:37:17,2,874967302d1abcef6b8dffb12489516899370bdf,1,874967302d1abcef6b8dffb12489516899370bdf,,874967302d1abcef6b8dffb12489516899370bdf,,0,,0,5,0,0,1,0,0,1,0,0,53,394,1060.91370558376,126.903553299492,157.360406091371,1.0,,2014-07-12 22:37:45,2014-07-12 22:38:13,passed,267,"[29796000, 29796001, 29796002]",116,29796002,ruby,ok,,ruby,rspec,1.0,,52,0,52,1,,26.7,,0
44769939,grosser/wwtd,0.0,,,ruby,,master,2,13e20b592411c933af0b846e20ce7acee30f1241#da06e537bfd7f33fc1d1362fb166c5c6d3735205,build_found,874967302d1abcef6b8dffb12489516899370bdf,29795999,2014-12-21 22:18:25,2,da06e537bfd7f33fc1d1362fb166c5c6d3735205#13e20b592411c933af0b846e20ce7acee30f1241,2,da06e537bfd7f33fc1d1362fb166c5c6d3735205,,da06e537bfd7f33fc1d1362fb166c5c6d3735205,,0,,34,31,0,0,5,0,0,5,0,0,112,381,1110.23622047244,131.233595800525,173.228346456693,1.0,,2014-12-21 22:25:58,2014-12-21 22:26:35,failed,299,"[44769940, 44769941, 44769942]",117,44769941,ruby,broken,0,ruby,rspec,1.0,,51,1,52,1,,14.93,,0
44981628,grosser/wwtd,0.0,,,ruby,,master,2,aa16fb6588117f6be5f67e6a4182ea0957ac5e05#761742cc168a26ed88c8731173150f89c86237ce,build_found,da06e537bfd7f33fc1d1362fb166c5c6d3735205,44769943,2014-12-23 21:39:22,2,761742cc168a26ed88c8731173150f89c86237ce#aa16fb6588117f6be5f67e6a4182ea0957ac5e05,2,761742cc168a26ed88c8731173150f89c86237ce,,761742cc168a26ed88c8731173150f89c86237ce,,0,,34,23,0,0,5,0,0,5,0,0,114,394,1121.82741116751,131.979695431472,172.58883248731,1.0,,2014-12-23 21:41:07,2014-12-23 21:42:02,passed,317,"[44981629, 44981630, 44981631]",119,44981629,ruby,ok,1,ruby,rspec,1.0,,54,0,54,1,,29.15,,0
45183399,grosser/wwtd,0.0,,,ruby,,master,1,6b46ee5bcdb2e097754783f71fc43b99145374cb,build_found,761742cc168a26ed88c8731173150f89c86237ce,44981632,2014-12-26 23:16:53,2,6b46ee5bcdb2e097754783f71fc43b99145374cb,1,6b46ee5bcdb2e097754783f71fc43b99145374cb,,6b46ee5bcdb2e097754783f71fc43b99145374cb,,0,,0,2,0,0,1,0,0,1,0,0,56,394,1121.82741116751,131.979695431472,172.58883248731,1.0,,2014-12-26 23:16:56,2014-12-26 23:17:25,passed,273,"[45183400, 45183401, 45183402]",121,45183400,ruby,ok,0,ruby,rspec,1.0,,54,0,54,1,,0.92,,0
55941681,grosser/wwtd,0.0,,,ruby,,master,1,de198ab7b168b0d8f9602409aad0f8872449a829,build_found,6b46ee5bcdb2e097754783f71fc43b99145374cb,45183399,2015-03-26 12:29:09,2,de198ab7b168b0d8f9602409aad0f8872449a829,1,de198ab7b168b0d8f9602409aad0f8872449a829,,de198ab7b168b0d8f9602409aad0f8872449a829,,0,,8,0,0,1,1,0,0,1,0,1,5,394,1121.82741116751,131.979695431472,172.58883248731,1.0,,2015-03-26 12:29:23,2015-03-26 12:30:50,failed,378,"[55941682, 55941683, 55941684]",122,55941682,ruby,ok,0,ruby,rspec,1.0,,54,0,54,1,,10.33,,0
56087075,grosser/wwtd,0.0,,,ruby,,master,3,1bda922f9b3e7c3c9a216a72ca755d0bc2244619#e1e3ef046a1cd22bf134ecea92b0f7ab1af4be83#89c33991a613d514f799e79401c0fa04142e8479,merge_found,,,2015-03-27 10:22:01,2,89c33991a613d514f799e79401c0fa04142e8479,1,89c33991a613d514f799e79401c0fa04142e8479,,89c33991a613d514f799e79401c0fa04142e8479,,0,,11,25,0,0,4,0,0,4,0,0,87,395,1126.58227848101,131.645569620253,172.151898734177,1.0,,2015-03-27 12:37:06,2015-03-27 12:38:32,passed,287,"[56087077, 56087081, 56087084]",125,56087081,ruby,ok,0,ruby,rspec,1.0,,54,0,54,1,,9.92,,0
56087127,grosser/wwtd,0.0,,,ruby,,master,1,cf85555c6bdc8009d34e17f6e01a9876872756f2,build_found,89c33991a613d514f799e79401c0fa04142e8479,56087075,2015-03-27 12:37:42,2,cf85555c6bdc8009d34e17f6e01a9876872756f2,1,cf85555c6bdc8009d34e17f6e01a9876872756f2,,cf85555c6bdc8009d34e17f6e01a9876872756f2,,0,,4,0,0,0,2,0,0,2,0,0,39,395,1126.58227848101,131.645569620253,172.151898734177,1.0,,2015-03-27 12:37:47,2015-03-27 12:39:16,passed,492,"[56087128, 56087129, 56087130]",126,56087128,ruby,ok,128,ruby,rspec,1.0,,54,0,54,1,,12.03,,0
56323683,grosser/wwtd,0.0,,,ruby,,master,2,6ad17377c741f5f55ab397dd85a058773a0c2477#9de83cb9f1f1ef4ed96479d76438d474e02655d2,merge_found,,,2015-03-28 21:32:16,2,9de83cb9f1f1ef4ed96479d76438d474e02655d2,1,9de83cb9f1f1ef4ed96479d76438d474e02655d2,,9de83cb9f1f1ef4ed96479d76438d474e02655d2,,0,,8,3,0,0,2,0,0,2,0,0,67,401,1109.72568578554,129.675810473815,169.576059850374,1.0,,2015-03-29 19:18:48,2015-03-29 19:19:41,passed,334,"[56323684, 56323685, 56323686]",132,56323684,ruby,ok,0,ruby,rspec,1.0,,54,0,54,1,,16.09,,0
56323725,grosser/wwtd,0.0,,,ruby,,master,1,a2af38bbbf7f4ad8574bfa750c2ec47f225bdb7e,build_found,9de83cb9f1f1ef4ed96479d76438d474e02655d2,56323683,2015-03-29 19:19:17,2,a2af38bbbf7f4ad8574bfa750c2ec47f225bdb7e,1,a2af38bbbf7f4ad8574bfa750c2ec47f225bdb7e,,a2af38bbbf7f4ad8574bfa750c2ec47f225bdb7e,,0,,4,0,0,0,2,0,0,2,0,0,40,401,1109.72568578554,129.675810473815,169.576059850374,1.0,,2015-03-29 19:19:22,2015-03-29 19:20:23,passed,330,"[56323726, 56323727, 56323728]",133,56323726,ruby,ok,0,ruby,rspec,1.0,,54,0,54,1,,9.39,,0
56324488,grosser/wwtd,0.0,,,ruby,,master,1,8ad7f12c5d5168801fe79e2a70c23e5f80ae9159,build_found,a2af38bbbf7f4ad8574bfa750c2ec47f225bdb7e,56323731,2015-03-29 19:25:59,2,8ad7f12c5d5168801fe79e2a70c23e5f80ae9159,1,8ad7f12c5d5168801fe79e2a70c23e5f80ae9159,,8ad7f12c5d5168801fe79e2a70c23e5f80ae9159,,0,,1,0,0,0,1,0,0,1,0,0,20,401,1109.72568578554,129.675810473815,169.576059850374,1.0,,2015-03-29 19:26:04,2015-03-29 19:26:59,passed,275,"[56324491, 56324494, 56324496]",135,56324494,ruby,ok,0,ruby,rspec,1.0,,54,0,54,1,,6.83,,0
56328037,grosser/wwtd,0.0,,,ruby,,master,1,2022f656e467e6f8dfdec0c2e74cbeeff0e62029,build_found,8ad7f12c5d5168801fe79e2a70c23e5f80ae9159,56324488,2015-03-29 19:55:05,2,2022f656e467e6f8dfdec0c2e74cbeeff0e62029,1,2022f656e467e6f8dfdec0c2e74cbeeff0e62029,,2022f656e467e6f8dfdec0c2e74cbeeff0e62029,,2,,0,26,0,0,2,0,0,1,0,1,64,401,1104.73815461347,129.675810473815,169.576059850374,1.0,,2015-03-29 19:55:10,2015-03-29 19:56:10,passed,280,"[56328038, 56328039, 56328040]",136,56328039,ruby,ok,0,ruby,rspec,1.0,,54,0,54,1,,12.95,,0
58194406,grosser/wwtd,1.0,2015-04-12 18:50:06,23,ruby,commits_in_master,master,2,493d042f0d43d54549808b5f338703682e77b383#6bc2d664e353d41628d8594d19a61e3fb441de83,build_found,2022f656e467e6f8dfdec0c2e74cbeeff0e62029,56328037,2015-04-12 20:47:11,2,493d042f0d43d54549808b5f338703682e77b383,1,493d042f0d43d54549808b5f338703682e77b383,2022f656e467e6f8dfdec0c2e74cbeeff0e62029,037feaebf9971aa8dd9b9404661004c707e2043c,0,0,0,4,22,0,0,2,0,0,2,0,0,68,401,1152.11970074813,132.16957605985,179.551122194514,0.0,37,2015-04-13 01:43:30,2015-04-12 20:51:09,passed,295,"[58194407, 58194408, 58194410]",137,58194410,ruby,ok,0,ruby,rspec,1.0,,55,0,55,1,,11.94,,0
58213225,grosser/wwtd,0.0,,,ruby,,master,2,493d042f0d43d54549808b5f338703682e77b383#6bc2d664e353d41628d8594d19a61e3fb441de83,merge_found,,,2015-04-12 20:47:11,2,6bc2d664e353d41628d8594d19a61e3fb441de83,1,6bc2d664e353d41628d8594d19a61e3fb441de83,,6bc2d664e353d41628d8594d19a61e3fb441de83,,0,,4,22,0,0,2,0,0,2,0,0,69,401,1152.11970074813,132.16957605985,179.551122194514,1.0,,2015-04-13 01:43:30,2015-04-13 01:44:22,passed,263,"[58213227, 58213229, 58213231]",138,58213231,ruby,ok,0,ruby,rspec,1.0,,55,0,55,1,,8.73,,0
58214470,grosser/wwtd,0.0,,,ruby,,master,1,751f7a0ebdaece352c9038c049d70841b593bb4a,build_found,6bc2d664e353d41628d8594d19a61e3fb441de83,58213225,2015-04-13 02:09:36,2,751f7a0ebdaece352c9038c049d70841b593bb4a,1,751f7a0ebdaece352c9038c049d70841b593bb4a,,751f7a0ebdaece352c9038c049d70841b593bb4a,,0,,0,20,0,0,1,0,0,1,0,0,65,401,1159.60099750623,132.16957605985,179.551122194514,1.0,,2015-04-13 02:10:22,2015-04-13 02:11:11,passed,261,"[58214471, 58214472, 58214473]",139,58214471,ruby,ok,0,ruby,rspec,1.0,,55,0,55,1,,11.91,,0
58214513,grosser/wwtd,0.0,,,ruby,,master,1,96d9a959728756be62b2b227c7173198879347e8,build_found,751f7a0ebdaece352c9038c049d70841b593bb4a,58214470,2015-04-13 02:10:28,2,96d9a959728756be62b2b227c7173198879347e8,1,96d9a959728756be62b2b227c7173198879347e8,,96d9a959728756be62b2b227c7173198879347e8,,0,,4,0,0,0,2,0,0,2,0,0,41,401,1159.60099750623,132.16957605985,179.551122194514,1.0,,2015-04-13 02:10:52,2015-04-13 02:11:47,passed,283,"[58214514, 58214515, 58214516]",140,58214516,ruby,ok,0,ruby,rspec,1.0,,55,0,55,1,,18.63,,0
58691253,grosser/wwtd,0.0,,,ruby,,master,3,089684d37326958bcb2b3459d0b99a26dffc53b9#cdc5e694a79ca1d011ac5faa70cfa96cb4df3bc8#5b6d3df49429a55be59457b289c34b99cf5d9a1b,merge_found,,,2015-04-13 02:09:57,2,5b6d3df49429a55be59457b289c34b99cf5d9a1b,1,5b6d3df49429a55be59457b289c34b99cf5d9a1b,,5b6d3df49429a55be59457b289c34b99cf5d9a1b,,0,,0,16,0,0,2,0,0,1,0,1,70,401,1159.60099750623,132.16957605985,179.551122194514,1.0,,2015-04-16 01:58:22,2015-04-16 01:59:47,failed,1901,"[58691254, 58691255, 58691256, 58691257]",145,58691254,ruby,broken,0,ruby,rspec,1.0,,53,2,55,1,,0.48,,0
58691410,grosser/wwtd,0.0,,,ruby,,master,2,e0c348f1c63ce2f79372c9f50a35ad4c386d7f82#db0e1d50f5372a094f50eb718a58d2e8fd346b60,build_found,5b6d3df49429a55be59457b289c34b99cf5d9a1b,58691253,2015-04-16 01:58:50,2,db0e1d50f5372a094f50eb718a58d2e8fd346b60#e0c348f1c63ce2f79372c9f50a35ad4c386d7f82,2,db0e1d50f5372a094f50eb718a58d2e8fd346b60,,db0e1d50f5372a094f50eb718a58d2e8fd346b60,,0,,0,2,0,0,2,0,0,1,0,1,71,401,1159.60099750623,132.16957605985,179.551122194514,1.0,,2015-04-16 02:00:51,2015-04-16 02:02:58,failed,1835,"[58691411, 58691412, 58691413, 58691414]",146,58691413,ruby,broken,0,ruby,rspec,1.0,,53,2,55,1,,0.42,,0
58692291,grosser/wwtd,0.0,,,ruby,,master,1,fba5ce93a739461d2c924068dbfeacfea8320067,build_found,db0e1d50f5372a094f50eb718a58d2e8fd346b60,58691410,2015-04-16 02:14:21,2,fba5ce93a739461d2c924068dbfeacfea8320067,1,fba5ce93a739461d2c924068dbfeacfea8320067,,fba5ce93a739461d2c924068dbfeacfea8320067,,0,,0,3,0,0,1,0,0,1,0,0,69,401,1162.09476309227,132.16957605985,179.551122194514,1.0,,2015-04-16 02:14:48,2015-04-16 02:16:30,passed,1892,"[58692292, 58692293, 58692294, 58692295]",147,58692295,ruby,ok,24,ruby,rspec,1.0,,55,0,55,2,,0.47,,0
71346057,grosser/wwtd,0.0,,,ruby,,master,1,fcb03f137adf40a57160388a89f0e3582b41b165,build_found,fba5ce93a739461d2c924068dbfeacfea8320067,58692291,2015-07-17 00:11:21,2,fcb03f137adf40a57160388a89f0e3582b41b165,1,fcb03f137adf40a57160388a89f0e3582b41b165,,fcb03f137adf40a57160388a89f0e3582b41b165,,0,,2,0,0,0,1,0,0,1,0,0,11,401,1162.09476309227,132.16957605985,179.551122194514,1.0,,2015-07-17 00:11:27,2015-07-17 00:12:19,passed,1753,"[71346059, 71346061, 71346063, 71346064]",151,71346059,ruby,ok,22,ruby,rspec,1.0,,55,0,55,2,,0.45,,0
76894303,grosser/wwtd,0.0,,,ruby,,master,2,af319df7a0eae3341e9ca85804802ffff0c4dfdc#80f25d943103f6e05e346c1baf4f1f1a62cbe53d,merge_found,,,2015-08-23 17:14:09,2,80f25d943103f6e05e346c1baf4f1f1a62cbe53d,1,80f25d943103f6e05e346c1baf4f1f1a62cbe53d,,80f25d943103f6e05e346c1baf4f1f1a62cbe53d,,0,,6,14,0,0,2,0,0,2,0,0,93,405,1182.71604938272,133.333333333333,180.246913580247,1.0,,2015-08-23 21:03:55,2015-08-23 21:04:46,passed,1646,"[76894304, 76894305, 76894306, 76894307]",153,76894305,ruby,ok,21,ruby,rspec,1.0,,56,0,56,2,,0.4,,0
76895509,grosser/wwtd,0.0,,,ruby,,master,1,218f92c9f32b0194fad502dacb938a1662cf04e9,build_found,80f25d943103f6e05e346c1baf4f1f1a62cbe53d,76894303,2015-08-23 21:04:35,2,218f92c9f32b0194fad502dacb938a1662cf04e9,1,218f92c9f32b0194fad502dacb938a1662cf04e9,,218f92c9f32b0194fad502dacb938a1662cf04e9,,0,,7,0,0,0,2,0,0,2,0,0,42,405,1182.71604938272,133.333333333333,180.246913580247,1.0,,2015-08-23 21:18:13,2015-08-23 21:19:05,passed,1848,"[76895510, 76895511, 76895512, 76895513]",154,76895513,ruby,ok,23,ruby,rspec,1.0,,56,0,56,2,,0.45,,0
78806086,grosser/wwtd,0.0,,,ruby,,master,2,8247649c377dca6b7366160a57c39d59e84553a1#befdf971ed8b541074154c92b726a085296ed6cf,build_found,218f92c9f32b0194fad502dacb938a1662cf04e9,76895514,2015-09-04 18:33:40,2,befdf971ed8b541074154c92b726a085296ed6cf#8247649c377dca6b7366160a57c39d59e84553a1,2,befdf971ed8b541074154c92b726a085296ed6cf,,befdf971ed8b541074154c92b726a085296ed6cf,,0,,20,10,0,0,7,0,0,7,0,0,147,413,1179.17675544794,135.593220338983,181.598062953995,1.0,,2015-09-04 18:36:51,2015-09-04 18:47:51,failed,1923,"[78806087, 78806088, 78806091, 78806092]",156,78806088,ruby,broken,27,ruby,rspec,1.0,,56,2,58,2,,0.53,,0
79574896,grosser/wwtd,0.0,,,ruby,,master,2,62349ae05bac2a1f923eb6e2b90da07c508442be#23b6e9e830ac9239c887f29392f9341548395413,build_found,befdf971ed8b541074154c92b726a085296ed6cf,78806093,2015-09-10 00:10:24,2,23b6e9e830ac9239c887f29392f9341548395413#62349ae05bac2a1f923eb6e2b90da07c508442be,2,23b6e9e830ac9239c887f29392f9341548395413,,23b6e9e830ac9239c887f29392f9341548395413,,0,,12,2,0,0,4,0,0,4,0,0,136,413,1179.17675544794,135.593220338983,181.598062953995,1.0,,2015-09-10 00:10:45,2015-09-10 00:11:43,failed,1881,"[79574897, 79574898, 79574899, 79574900]",158,79574900,ruby,broken,26,ruby,rspec,1.0,,56,2,58,2,,0.51,,0
79586993,grosser/wwtd,0.0,,,ruby,,master,1,dcf9b6346037784d74f611f89ffcee0690f4f2f9,build_found,23b6e9e830ac9239c887f29392f9341548395413,79574902,2015-09-10 00:24:04,2,dcf9b6346037784d74f611f89ffcee0690f4f2f9,1,dcf9b6346037784d74f611f89ffcee0690f4f2f9,,dcf9b6346037784d74f611f89ffcee0690f4f2f9,,0,,0,19,0,0,3,0,0,2,0,1,82,413,1205.81113801453,135.593220338983,181.598062953995,1.0,,2015-09-10 02:30:07,2015-09-10 02:30:16,passed,1235,"[79586994, 79586995, 79586996, 79586997]",164,79586995,ruby,ok,15,ruby,rspec,1.0,,58,0,58,2,,0.42,,0
93802087,grosser/wwtd,1.0,2015-11-29 18:08:34,34,ruby,merge_button,master,,,build_found,dcf9b6346037784d74f611f89ffcee0690f4f2f9,79586993,,2,660ddebdaa074cb0f6cbace04d084e058b008daa,1,660ddebdaa074cb0f6cbace04d084e058b008daa,dcf9b6346037784d74f611f89ffcee0690f4f2f9,0d213242eac7c683bca7f3d62c4c0192e5165740,0,0,0,6,0,0,0,1,0,0,1,0,0,22,413,1205.81113801453,135.593220338983,181.598062953995,0.0,6,,2015-11-29 18:08:51,passed,1500,"[93802088, 93802089, 93802090, 93802092]",168,93802089,ruby,ok,15,ruby,rspec,1.0,,58,0,58,2,,36.6,,0
93807180,grosser/wwtd,0.0,,,ruby,,master,,,merge_found,,,,2,3c48ac38c9449dc128f0890ae32268cf3a2c6f99,1,3c48ac38c9449dc128f0890ae32268cf3a2c6f99,,3c48ac38c9449dc128f0890ae32268cf3a2c6f99,,0,,6,0,0,0,1,0,0,1,0,0,23,413,1205.81113801453,135.593220338983,181.598062953995,1.0,,,2015-11-29 18:47:29,passed,1852,"[93807181, 93807182, 93807183, 93807184]",169,93807181,ruby,ok,22,ruby,rspec,1.0,,58,0,58,2,,0.77,,0
93808407,grosser/wwtd,0.0,,,ruby,,master,,,build_found,3c48ac38c9449dc128f0890ae32268cf3a2c6f99,93807180,,2,eed782667e766c585c160e1fd40be451bf797266,1,eed782667e766c585c160e1fd40be451bf797266,,eed782667e766c585c160e1fd40be451bf797266,,0,,11,0,0,0,1,0,0,1,0,0,24,413,1205.81113801453,135.593220338983,181.598062953995,1.0,,,2015-11-29 18:59:35,passed,1668,"[93808408, 93808409, 93808410, 93808411]",170,93808410,ruby,ok,0,ruby,rspec,1.0,,58,0,58,2,,0.65,,0
95865467,grosser/wwtd,1.0,2015-12-09 18:25:20,35,ruby,commits_in_master,master,1,19686fcf8591e1baf80f5dc840cf1bd8beafb83d,build_found,eed782667e766c585c160e1fd40be451bf797266,93808407,2015-12-09 18:25:12,2,19686fcf8591e1baf80f5dc840cf1bd8beafb83d#0122efc05a938a8ad5949811b37b4ca8eac72930,2,19686fcf8591e1baf80f5dc840cf1bd8beafb83d,eed782667e766c585c160e1fd40be451bf797266,997890b21322f7b3ec31e11c683eff2a01448874,0,0,0,9,2,0,0,5,0,0,5,0,0,130,413,1205.81113801453,135.593220338983,181.598062953995,1.0,1,2015-12-09 18:37:33,2015-12-09 18:38:19,passed,1455,"[95865468, 95865469, 95865470, 95865471]",174,95865471,ruby,ok,15,ruby,rspec,1.0,,58,0,58,2,,34.3,,0
95865508,grosser/wwtd,1.0,2015-12-09 18:25:20,35,ruby,commits_in_master,master,1,07296946f4c338e435168193fb0f0ca5e739e5c7,build_found,19686fcf8591e1baf80f5dc840cf1bd8beafb83d,95865467,2015-12-09 18:37:48,2,07296946f4c338e435168193fb0f0ca5e739e5c7,1,07296946f4c338e435168193fb0f0ca5e739e5c7,eed782667e766c585c160e1fd40be451bf797266,b348cd9e71eea7a86e07fbdbbd94d3ce4fe57add,0,0,0,0,0,0,0,1,0,0,0,0,1,8,413,1205.81113801453,135.593220338983,181.598062953995,1.0,1,2015-12-09 18:37:52,2015-12-09 18:44:41,passed,1388,"[95865509, 95865510, 95865511, 95865512]",175,95865510,ruby,ok,16,ruby,rspec,1.0,,58,0,58,2,,36.8,,0
95867844,grosser/wwtd,0.0,,,ruby,,master,4,0122efc05a938a8ad5949811b37b4ca8eac72930#19686fcf8591e1baf80f5dc840cf1bd8beafb83d#07296946f4c338e435168193fb0f0ca5e739e5c7#77ba8c5b3ca0b62e1eba0ecbbe39ac0ca7b202bc,merge_found,,,2015-12-09 18:23:09,2,77ba8c5b3ca0b62e1eba0ecbbe39ac0ca7b202bc,1,77ba8c5b3ca0b62e1eba0ecbbe39ac0ca7b202bc,,77ba8c5b3ca0b62e1eba0ecbbe39ac0ca7b202bc,,0,,9,2,0,0,6,0,0,5,0,1,136,413,1205.81113801453,135.593220338983,181.598062953995,1.0,,2015-12-09 18:51:43,2015-12-09 18:52:03,passed,1433,"[95867845, 95867846, 95867847, 95867848]",176,95867847,ruby,ok,0,ruby,rspec,1.0,,58,0,58,2,,0.68,,0
95867878,grosser/wwtd,0.0,,,ruby,,master,1,fe2aacf6480b0a66caf3c3bc0921f0089584b08b,build_found,77ba8c5b3ca0b62e1eba0ecbbe39ac0ca7b202bc,95867844,2015-12-09 18:51:53,2,fe2aacf6480b0a66caf3c3bc0921f0089584b08b,1,fe2aacf6480b0a66caf3c3bc0921f0089584b08b,,fe2aacf6480b0a66caf3c3bc0921f0089584b08b,,0,,7,0,0,0,2,0,0,2,0,0,49,413,1205.81113801453,135.593220338983,181.598062953995,1.0,,2015-12-09 18:52:05,2015-12-09 18:55:30,passed,1379,"[95867879, 95867880, 95867881, 95867882]",177,95867882,ruby,ok,15,ruby,rspec,1.0,,58,0,58,2,,0.43,,0
97871400,grosser/wwtd,0.0,,,ruby,,master,4,dc923a6522f679534427a864aa91231042b9ec1e#bb9015ab9475cb29bb0e2777db95b66d25f68b5d#378eb0e28d81e83d7edc4bb9dc02d79c907f97c9#7b94dcdfc0590b04ac6bb6612601537fc39cfdf2,merge_found,,,2015-12-19 12:45:24,3,7b94dcdfc0590b04ac6bb6612601537fc39cfdf2,1,7b94dcdfc0590b04ac6bb6612601537fc39cfdf2,,7b94dcdfc0590b04ac6bb6612601537fc39cfdf2,,0,,33,21,1,0,6,0,0,6,0,1,152,422,1208.5308056872,135.071090047393,180.094786729858,1.0,,2015-12-19 18:53:09,2015-12-19 18:53:18,passed,1829,"[97871401, 97871402, 97871403, 97871404]",182,97871402,ruby,ok,97,ruby,rspec,1.0,,59,0,59,2,,0.4,,0
97873878,grosser/wwtd,0.0,,,ruby,,master,2,6fc1b24afcaabe83388d08d6aacacc7887ff2902#6218894a8c8aa5630d8d65e8001d429f307b4d36,build_found,7b94dcdfc0590b04ac6bb6612601537fc39cfdf2,97871400,2015-12-19 18:57:33,3,6218894a8c8aa5630d8d65e8001d429f307b4d36#6fc1b24afcaabe83388d08d6aacacc7887ff2902,2,6218894a8c8aa5630d8d65e8001d429f307b4d36,,6218894a8c8aa5630d8d65e8001d429f307b4d36,,0,,12,2,0,0,2,0,0,2,0,0,3,422,1208.5308056872,135.071090047393,180.094786729858,1.0,,2015-12-19 19:14:41,2015-12-19 19:14:50,passed,1841,"[97873879, 97873880, 97873881, 97873882]",183,97873882,ruby,ok,104,ruby,rspec,1.0,,59,0,59,2,,0.57,,0
97910002,grosser/wwtd,0.0,,,ruby,,master,6,6cc74f99850fe97046e0fdcf47c2f35231883d2f#4ffb6a35326a006b5d4db86c5b1452c3a4f9f316#6845c01e85a0429aecd5e59ee10808dd93ba6936#d7d77e1edc58ee7b1bf1d564358774ef4a3420b5#3b0ec048e5cd709970f4d1b4970715b05f36d387#e81ff57338fc03463ce48e3dc3f07bd09613f244,merge_found,,,2015-12-19 17:34:02,3,e81ff57338fc03463ce48e3dc3f07bd09613f244,1,e81ff57338fc03463ce48e3dc3f07bd09613f244,,e81ff57338fc03463ce48e3dc3f07bd09613f244,,0,,90,24,2,0,6,0,0,7,0,1,129,435,1216.09195402299,140.229885057471,183.908045977011,1.0,,2015-12-20 01:21:14,2015-12-20 01:21:20,passed,2009,"[97910003, 97910004, 97910005, 97910006]",188,97910004,ruby,ok,111,ruby,rspec,1.0,,63,0,63,2,,0.49,,0
97912134,grosser/wwtd,0.0,,,ruby,,master,4,6c03961eee9a9752c3a1231d50aa63f553e6b7ea#b1dfd007bbf203d8d8fd0b8eb06df6c2365551fe#8ff70859212b8727519d99d446133f545b6775d4#384522d6e6d75e58d71b51051804147cf67d5935,build_found,e81ff57338fc03463ce48e3dc3f07bd09613f244,97910002,2015-12-20 01:22:05,3,384522d6e6d75e58d71b51051804147cf67d5935#8ff70859212b8727519d99d446133f545b6775d4#b1dfd007bbf203d8d8fd0b8eb06df6c2365551fe#6c03961eee9a9752c3a1231d50aa63f553e6b7ea,4,384522d6e6d75e58d71b51051804147cf67d5935,,384522d6e6d75e58d71b51051804147cf67d5935,,3,,87,18,0,2,3,0,0,4,0,1,105,433,1254.0415704388,147.806004618938,189.376443418014,1.0,,2015-12-20 01:46:15,2015-12-20 01:46:23,passed,1743,"[97912135, 97912136, 97912139, 97912140]",189,97912135,ruby,ok,90,ruby,rspec,1.0,,66,0,66,2,,0.42,,0
97912160,grosser/wwtd,0.0,,,ruby,,master,1,54e6090a371319ecbb538b860c6f47e318bebc99,build_found,384522d6e6d75e58d71b51051804147cf67d5935,97912134,2015-12-20 01:46:52,3,54e6090a371319ecbb538b860c6f47e318bebc99,1,54e6090a371319ecbb538b860c6f47e318bebc99,,54e6090a371319ecbb538b860c6f47e318bebc99,,0,,2,0,0,0,1,0,0,1,0,0,28,433,1254.0415704388,147.806004618938,189.376443418014,1.0,,2015-12-20 01:46:56,2015-12-20 01:47:06,failed,1891,"[97912161, 97912162, 97912163, 97912164]",190,97912162,ruby,broken,110,ruby,rspec,1.0,,65,1,66,2,,0.57,,0
97918540,grosser/wwtd,0.0,,,ruby,,master,2,7e5416e48dbc7d1ce3b660a41cba919cf0a5bc52#5fca8ed839375fc34e1848750dd1ad47bfaa06ab,build_found,54e6090a371319ecbb538b860c6f47e318bebc99,97912160,2015-12-20 01:46:58,3,5fca8ed839375fc34e1848750dd1ad47bfaa06ab#7e5416e48dbc7d1ce3b660a41cba919cf0a5bc52,2,5fca8ed839375fc34e1848750dd1ad47bfaa06ab,,5fca8ed839375fc34e1848750dd1ad47bfaa06ab,,0,,7,0,0,0,2,0,0,2,0,0,52,433,1254.0415704388,147.806004618938,189.376443418014,1.0,,2015-12-20 03:24:59,2015-12-20 03:25:02,failed,1721,"[97918541, 97918542, 97918543, 97918544]",191,97918544,ruby,ok,102,ruby,rspec,1.0,,66,0,66,2,,37.5,,0
98025150,grosser/wwtd,0.0,,,ruby,,master,1,533f21e02fcce9fbaf841753df43abb1a619b009,build_found,5fca8ed839375fc34e1848750dd1ad47bfaa06ab,97918540,2015-12-20 22:52:14,3,533f21e02fcce9fbaf841753df43abb1a619b009,1,533f21e02fcce9fbaf841753df43abb1a619b009,,533f21e02fcce9fbaf841753df43abb1a619b009,,0,,68,0,2,0,2,0,0,3,0,1,81,433,1254.0415704388,147.806004618938,189.376443418014,1.0,,2015-12-20 22:58:38,2015-12-20 22:58:45,failed,1919,"[98025151, 98025152, 98025153, 98025154]",193,98025154,ruby,broken,106,ruby,rspec,1.0,,65,1,66,2,,0.46,,0
107535293,grosser/wwtd,1.0,2016-02-07 03:37:46,40,ruby,commits_in_master,master,2,ea0e988eeb8a5bc94e59dfb55377e95055c76635#5216e62c6d91e9eb65addf0c317519b5c8245df4,build_found,533f21e02fcce9fbaf841753df43abb1a619b009,98025150,2016-02-07 03:37:37,3,ea0e988eeb8a5bc94e59dfb55377e95055c76635,1,ea0e988eeb8a5bc94e59dfb55377e95055c76635,533f21e02fcce9fbaf841753df43abb1a619b009,28fe612f91bbbec1613cd7feb06135873bc9bbf4,0,0,0,0,0,0,0,1,0,0,0,0,1,12,433,1254.0415704388,147.806004618938,189.376443418014,1.0,2,2016-02-07 05:00:35,2016-02-07 04:47:01,passed,1906,"[107535294, 107535295, 107535296, 107535297]",194,107535297,ruby,ok,110,ruby,rspec,1.0,,66,0,66,2,,57.6,,0
107543006,grosser/wwtd,0.0,,,ruby,,master,2,ea0e988eeb8a5bc94e59dfb55377e95055c76635#5216e62c6d91e9eb65addf0c317519b5c8245df4,merge_found,,,2016-02-07 03:37:37,3,5216e62c6d91e9eb65addf0c317519b5c8245df4,1,5216e62c6d91e9eb65addf0c317519b5c8245df4,,5216e62c6d91e9eb65addf0c317519b5c8245df4,,0,,0,0,0,0,1,0,0,0,0,1,13,433,1254.0415704388,147.806004618938,189.376443418014,1.0,,2016-02-07 05:00:35,2016-02-07 05:00:46,passed,1871,"[107543007, 107543008, 107543009, 107543010]",195,107543007,ruby,ok,113,ruby,rspec,1.0,,66,0,66,2,,0.6,,0
143122067,grosser/wwtd,1.0,2016-07-07 16:50:18,44,ruby,merge_button,master,,,build_found,5216e62c6d91e9eb65addf0c317519b5c8245df4,107543006,,2,bcbf5ae1a54fe28625612f91e9d9fd6ab57674fb,1,bcbf5ae1a54fe28625612f91e9d9fd6ab57674fb,5216e62c6d91e9eb65addf0c317519b5c8245df4,238a102e54dcc37a2eb9224a7294cd2b2f5a5bfd,1,0,0,0,17,0,0,2,0,0,1,0,1,16,433,1267.89838337182,147.806004618938,189.376443418014,1.0,,,2016-07-07 18:13:13,failed,2541,"[143122068, 143122069, 143122070, 143122071, 143122072]",202,143122072,ruby,ok,0,ruby,rspec,1.0,,66,0,66,2,,0.51,,0
143127600,grosser/wwtd,0.0,,,ruby,,master,,,merge_found,,,,2,5729e4d7cd631f28d923e62cef3e77045c8f5b4c,1,5729e4d7cd631f28d923e62cef3e77045c8f5b4c,,5729e4d7cd631f28d923e62cef3e77045c8f5b4c,,0,,0,17,0,0,2,0,0,1,0,1,17,433,1267.89838337182,147.806004618938,189.376443418014,1.0,,,2016-07-07 18:29:56,failed,2569,"[143127601, 143127602, 143127603, 143127604, 143127605]",204,143127602,ruby,ok,90,ruby,rspec,1.0,,66,0,66,2,,0.61,,0
